seed,iteration,reduced_objective,relative_residual,residual_norm,alpha,beta
0,1,-5.93812007218729,0.22939987820259103,177.59668322284128,0.0006327169147478368,0.05262430411936359
0,2,-6.056297974104074,0.037971520870499736,29.39677307749974,0.0015082524995529464,0.02739867863997578
0,3,-6.063062681435744,0.04045003932137908,31.315591254874935,0.0033522488359687733,1.1348067535659678
0,4,-6.093227766371024,0.029975768374448267,23.206625400457707,0.013418523077860135,0.5491648757959818
0,5,-6.095603744355052,0.004159142093984175,3.2199225506639757,0.0019560937404735058,0.019251601677937415
0,6,-6.097804871580029,0.016008837088490803,12.393713507815898,0.09434511551415281,14.815354725376965
0,7,-6.098617992562226,0.0004747711331850199,0.3675580789504404,0.0023559813527051147,0.000879526725171481
0,8,-6.098648231401293,1.1807936682417058e-09,9.141462527938272e-07,0.09965885091162653,6.1855656515621235e-12
0,9,-6.098648231401293,1.1807936682417058e-09,9.141462527938272e-07,0.0,0.0
0,10,-6.098648231401293,1.1807936682417058e-09,9.141462527938272e-07,0.0,0.0
0,11,-6.098648231401293,1.1807936682417058e-09,9.141462527938272e-07,0.0,0.0
0,12,-6.098648231401293,1.1807936682417058e-09,9.141462527938272e-07,0.0,0.0
0,13,-6.098648231401293,1.1807936682417058e-09,9.141462527938272e-07,0.0,0.0
0,14,-6.098648231401293,1.1807936682417058e-09,9.141462527938272e-07,0.0,0.0
0,15,-6.098648231401293,1.1807936682417058e-09,9.141462527938272e-07,0.0,0.0
0,16,-6.098648231401293,1.1807936682417058e-09,9.141462527938272e-07,0.0,0.0
0,17,-6.098648231401293,1.1807936682417058e-09,9.141462527938272e-07,0.0,0.0
0,18,-6.098648231401293,1.1807936682417058e-09,9.141462527938272e-07,0.0,0.0
0,19,-6.098648231401293,1.1807936682417058e-09,9.141462527938272e-07,0.0,0.0
0,20,-6.098648231401293,1.1807936682417058e-09,9.141462527938272e-07,0.0,0.0
0,21,-6.098648231401293,1.1807936682417058e-09,9.141462527938272e-07,0.0,0.0
0,22,-6.098648231401293,1.1807936682417058e-09,9.141462527938272e-07,0.0,0.0
0,23,-6.098648231401293,1.1807936682417058e-09,9.141462527938272e-07,0.0,0.0
0,24,-6.098648231401293,1.1807936682417058e-09,9.141462527938272e-07,0.0,0.0
0,25,-6.098648231401293,1.1807936682417058e-09,9.141462527938272e-07,0.0,0.0
0,26,-6.098648231401293,1.1807936682417058e-09,9.141462527938272e-07,0.0,0.0
0,27,-6.098648231401293,1.1807936682417058e-09,9.141462527938272e-07,0.0,0.0
0,28,-6.098648231401293,1.1807936682417058e-09,9.141462527938272e-07,0.0,0.0
0,29,-6.098648231401293,1.1807936682417058e-09,9.141462527938272e-07,0.0,0.0
0,30,-6.098648231401293,1.1807936682417058e-09,9.141462527938272e-07,0.0,0.0
0,31,-6.098648231401293,1.1807936682417058e-09,9.141462527938272e-07,0.0,0.0
0,32,-6.098648231401293,1.1807936682417058e-09,9.141462527938272e-07,0.0,0.0
0,33,-6.098648231401293,1.1807936682417058e-09,9.141462527938272e-07,0.0,0.0
0,34,-6.098648231401293,1.1807936682417058e-09,9.141462527938272e-07,0.0,0.0
0,35,-6.098648231401293,1.1807936682417058e-09,9.141462527938272e-07,0.0,0.0
0,36,-6.098648231401293,1.1807936682417058e-09,9.141462527938272e-07,0.0,0.0
0,37,-6.098648231401293,1.1807936682417058e-09,9.141462527938272e-07,0.0,0.0
0,38,-6.098648231401293,1.1807936682417058e-09,9.141462527938272e-07,0.0,0.0
0,39,-6.098648231401293,1.1807936682417058e-09,9.141462527938272e-07,0.0,0.0
0,40,-6.098648231401293,1.1807936682417058e-09,9.141462527938272e-07,0.0,0.0
0,41,-6.098648231401293,1.1807936682417058e-09,9.141462527938272e-07,0.0,0.0
0,42,-6.098648231401293,1.1807936682417058e-09,9.141462527938272e-07,0.0,0.0
0,43,-6.098648231401293,1.1807936682417058e-09,9.141462527938272e-07,0.0,0.0
0,44,-6.098648231401293,1.1807936682417058e-09,9.141462527938272e-07,0.0,0.0
0,45,-6.098648231401293,1.1807936682417058e-09,9.141462527938272e-07,0.0,0.0
0,46,-6.098648231401293,1.1807936682417058e-09,9.141462527938272e-07,0.0,0.0
0,47,-6.098648231401293,1.1807936682417058e-09,9.141462527938272e-07,0.0,0.0
0,48,-6.098648231401293,1.1807936682417058e-09,9.141462527938272e-07,0.0,0.0
0,49,-6.098648231401293,1.1807936682417058e-09,9.141462527938272e-07,0.0,0.0
0,50,-6.098648231401293,1.1807936682417058e-09,9.141462527938272e-07,0.0,0.0
0,51,-6.098648231401293,1.1807936682417058e-09,9.141462527938272e-07,0.0,0.0
0,52,-6.098648231401293,1.1807936682417058e-09,9.141462527938272e-07,0.0,0.0
0,53,-6.098648231401293,1.1807936682417058e-09,9.141462527938272e-07,0.0,0.0
0,54,-6.098648231401293,1.1807936682417058e-09,9.141462527938272e-07,0.0,0.0
0,55,-6.098648231401293,1.1807936682417058e-09,9.141462527938272e-07,0.0,0.0
0,56,-6.098648231401293,1.1807936682417058e-09,9.141462527938272e-07,0.0,0.0
0,57,-6.098648231401293,1.1807936682417058e-09,9.141462527938272e-07,0.0,0.0
0,58,-6.098648231401293,1.1807936682417058e-09,9.141462527938272e-07,0.0,0.0
0,59,-6.098648231401293,1.1807936682417058e-09,9.141462527938272e-07,0.0,0.0
0,60,-6.098648231401293,1.1807936682417058e-09,9.141462527938272e-07,0.0,0.0
0,61,-6.098648231401293,1.1807936682417058e-09,9.141462527938272e-07,0.0,0.0
0,62,-6.098648231401293,1.1807936682417058e-09,9.141462527938272e-07,0.0,0.0
0,63,-6.098648231401293,1.1807936682417058e-09,9.141462527938272e-07,0.0,0.0
0,64,-6.098648231401293,1.1807936682417058e-09,9.141462527938272e-07,0.0,0.0
0,65,-6.098648231401293,1.1807936682417058e-09,9.141462527938272e-07,0.0,0.0
0,66,-6.098648231401293,1.1807936682417058e-09,9.141462527938272e-07,0.0,0.0
0,67,-6.098648231401293,1.1807936682417058e-09,9.141462527938272e-07,0.0,0.0
0,68,-6.098648231401293,1.1807936682417058e-09,9.141462527938272e-07,0.0,0.0
0,69,-6.098648231401293,1.1807936682417058e-09,9.141462527938272e-07,0.0,0.0
0,70,-6.098648231401293,1.1807936682417058e-09,9.141462527938272e-07,0.0,0.0
0,71,-6.098648231401293,1.1807936682417058e-09,9.141462527938272e-07,0.0,0.0
0,72,-6.098648231401293,1.1807936682417058e-09,9.141462527938272e-07,0.0,0.0
0,73,-6.098648231401293,1.1807936682417058e-09,9.141462527938272e-07,0.0,0.0
0,74,-6.098648231401293,1.1807936682417058e-09,9.141462527938272e-07,0.0,0.0
0,75,-6.098648231401293,1.1807936682417058e-09,9.141462527938272e-07,0.0,0.0
0,76,-6.098648231401293,1.1807936682417058e-09,9.141462527938272e-07,0.0,0.0
0,77,-6.098648231401293,1.1807936682417058e-09,9.141462527938272e-07,0.0,0.0
0,78,-6.098648231401293,1.1807936682417058e-09,9.141462527938272e-07,0.0,0.0
0,79,-6.098648231401293,1.1807936682417058e-09,9.141462527938272e-07,0.0,0.0
0,80,-6.098648231401293,1.1807936682417058e-09,9.141462527938272e-07,0.0,0.0
0,81,-6.098648231401293,1.1807936682417058e-09,9.141462527938272e-07,0.0,0.0
0,82,-6.098648231401293,1.1807936682417058e-09,9.141462527938272e-07,0.0,0.0
0,83,-6.098648231401293,1.1807936682417058e-09,9.141462527938272e-07,0.0,0.0
0,84,-6.098648231401293,1.1807936682417058e-09,9.141462527938272e-07,0.0,0.0
0,85,-6.098648231401293,1.1807936682417058e-09,9.141462527938272e-07,0.0,0.0
0,86,-6.098648231401293,1.1807936682417058e-09,9.141462527938272e-07,0.0,0.0
0,87,-6.098648231401293,1.1807936682417058e-09,9.141462527938272e-07,0.0,0.0
0,88,-6.098648231401293,1.1807936682417058e-09,9.141462527938272e-07,0.0,0.0
0,89,-6.098648231401293,1.1807936682417058e-09,9.141462527938272e-07,0.0,0.0
0,90,-6.098648231401293,1.1807936682417058e-09,9.141462527938272e-07,0.0,0.0
0,91,-6.098648231401293,1.1807936682417058e-09,9.141462527938272e-07,0.0,0.0
0,92,-6.098648231401293,1.1807936682417058e-09,9.141462527938272e-07,0.0,0.0
0,93,-6.098648231401293,1.1807936682417058e-09,9.141462527938272e-07,0.0,0.0
0,94,-6.098648231401293,1.1807936682417058e-09,9.141462527938272e-07,0.0,0.0
0,95,-6.098648231401293,1.1807936682417058e-09,9.141462527938272e-07,0.0,0.0
0,96,-6.098648231401293,1.1807936682417058e-09,9.141462527938272e-07,0.0,0.0
0,97,-6.098648231401293,1.1807936682417058e-09,9.141462527938272e-07,0.0,0.0
0,98,-6.098648231401293,1.1807936682417058e-09,9.141462527938272e-07,0.0,0.0
0,99,-6.098648231401293,1.1807936682417058e-09,9.141462527938272e-07,0.0,0.0
0,100,-6.098648231401293,1.1807936682417058e-09,9.141462527938272e-07,0.0,0.0
0,101,-6.098648231401293,1.1807936682417058e-09,9.141462527938272e-07,0.0,0.0
0,102,-6.098648231401293,1.1807936682417058e-09,9.141462527938272e-07,0.0,0.0
0,103,-6.098648231401293,1.1807936682417058e-09,9.141462527938272e-07,0.0,0.0
0,104,-6.098648231401293,1.1807936682417058e-09,9.141462527938272e-07,0.0,0.0
0,105,-6.098648231401293,1.1807936682417058e-09,9.141462527938272e-07,0.0,0.0
0,106,-6.098648231401293,1.1807936682417058e-09,9.141462527938272e-07,0.0,0.0
0,107,-6.098648231401293,1.1807936682417058e-09,9.141462527938272e-07,0.0,0.0
0,108,-6.098648231401293,1.1807936682417058e-09,9.141462527938272e-07,0.0,0.0
0,109,-6.098648231401293,1.1807936682417058e-09,9.141462527938272e-07,0.0,0.0
0,110,-6.098648231401293,1.1807936682417058e-09,9.141462527938272e-07,0.0,0.0
0,111,-6.098648231401293,1.1807936682417058e-09,9.141462527938272e-07,0.0,0.0
0,112,-6.098648231401293,1.1807936682417058e-09,9.141462527938272e-07,0.0,0.0
0,113,-6.098648231401293,1.1807936682417058e-09,9.141462527938272e-07,0.0,0.0
0,114,-6.098648231401293,1.1807936682417058e-09,9.141462527938272e-07,0.0,0.0
0,115,-6.098648231401293,1.1807936682417058e-09,9.141462527938272e-07,0.0,0.0
0,116,-6.098648231401293,1.1807936682417058e-09,9.141462527938272e-07,0.0,0.0
0,117,-6.098648231401293,1.1807936682417058e-09,9.141462527938272e-07,0.0,0.0
0,118,-6.098648231401293,1.1807936682417058e-09,9.141462527938272e-07,0.0,0.0
0,119,-6.098648231401293,1.1807936682417058e-09,9.141462527938272e-07,0.0,0.0
0,120,-6.098648231401293,1.1807936682417058e-09,9.141462527938272e-07,0.0,0.0
0,121,-6.098648231401293,1.1807936682417058e-09,9.141462527938272e-07,0.0,0.0
0,122,-6.098648231401293,1.1807936682417058e-09,9.141462527938272e-07,0.0,0.0
0,123,-6.098648231401293,1.1807936682417058e-09,9.141462527938272e-07,0.0,0.0
0,124,-6.098648231401293,1.1807936682417058e-09,9.141462527938272e-07,0.0,0.0
0,125,-6.098648231401293,1.1807936682417058e-09,9.141462527938272e-07,0.0,0.0
0,126,-6.098648231401293,1.1807936682417058e-09,9.141462527938272e-07,0.0,0.0
0,127,-6.098648231401293,1.1807936682417058e-09,9.141462527938272e-07,0.0,0.0
0,128,-6.098648231401293,1.1807936682417058e-09,9.141462527938272e-07,0.0,0.0
0,129,-6.098648231401293,1.1807936682417058e-09,9.141462527938272e-07,0.0,0.0
0,130,-6.098648231401293,1.1807936682417058e-09,9.141462527938272e-07,0.0,0.0
0,131,-6.098648231401293,1.1807936682417058e-09,9.141462527938272e-07,0.0,0.0
0,132,-6.098648231401293,1.1807936682417058e-09,9.141462527938272e-07,0.0,0.0
0,133,-6.098648231401293,1.1807936682417058e-09,9.141462527938272e-07,0.0,0.0
0,134,-6.098648231401293,1.1807936682417058e-09,9.141462527938272e-07,0.0,0.0
0,135,-6.098648231401293,1.1807936682417058e-09,9.141462527938272e-07,0.0,0.0
0,136,-6.098648231401293,1.1807936682417058e-09,9.141462527938272e-07,0.0,0.0
0,137,-6.098648231401293,1.1807936682417058e-09,9.141462527938272e-07,0.0,0.0
0,138,-6.098648231401293,1.1807936682417058e-09,9.141462527938272e-07,0.0,0.0
0,139,-6.098648231401293,1.1807936682417058e-09,9.141462527938272e-07,0.0,0.0
0,140,-6.098648231401293,1.1807936682417058e-09,9.141462527938272e-07,0.0,0.0
0,141,-6.098648231401293,1.1807936682417058e-09,9.141462527938272e-07,0.0,0.0
0,142,-6.098648231401293,1.1807936682417058e-09,9.141462527938272e-07,0.0,0.0
0,143,-6.098648231401293,1.1807936682417058e-09,9.141462527938272e-07,0.0,0.0
0,144,-6.098648231401293,1.1807936682417058e-09,9.141462527938272e-07,0.0,0.0
0,145,-6.098648231401293,1.1807936682417058e-09,9.141462527938272e-07,0.0,0.0
0,146,-6.098648231401293,1.1807936682417058e-09,9.141462527938272e-07,0.0,0.0
0,147,-6.098648231401293,1.1807936682417058e-09,9.141462527938272e-07,0.0,0.0
0,148,-6.098648231401293,1.1807936682417058e-09,9.141462527938272e-07,0.0,0.0
0,149,-6.098648231401293,1.1807936682417058e-09,9.141462527938272e-07,0.0,0.0
0,150,-6.098648231401293,1.1807936682417058e-09,9.141462527938272e-07,0.0,0.0
0,151,-6.098648231401293,1.1807936682417058e-09,9.141462527938272e-07,0.0,0.0
0,152,-6.098648231401293,1.1807936682417058e-09,9.141462527938272e-07,0.0,0.0
0,153,-6.098648231401293,1.1807936682417058e-09,9.141462527938272e-07,0.0,0.0
0,154,-6.098648231401293,1.1807936682417058e-09,9.141462527938272e-07,0.0,0.0
0,155,-6.098648231401293,1.1807936682417058e-09,9.141462527938272e-07,0.0,0.0
0,156,-6.098648231401293,1.1807936682417058e-09,9.141462527938272e-07,0.0,0.0
0,157,-6.098648231401293,1.1807936682417058e-09,9.141462527938272e-07,0.0,0.0
0,158,-6.098648231401293,1.1807936682417058e-09,9.141462527938272e-07,0.0,0.0
0,159,-6.098648231401293,1.1807936682417058e-09,9.141462527938272e-07,0.0,0.0
0,160,-6.098648231401293,1.1807936682417058e-09,9.141462527938272e-07,0.0,0.0
0,161,-6.098648231401293,1.1807936682417058e-09,9.141462527938272e-07,0.0,0.0
0,162,-6.098648231401293,1.1807936682417058e-09,9.141462527938272e-07,0.0,0.0
0,163,-6.098648231401293,1.1807936682417058e-09,9.141462527938272e-07,0.0,0.0
0,164,-6.098648231401293,1.1807936682417058e-09,9.141462527938272e-07,0.0,0.0
0,165,-6.098648231401293,1.1807936682417058e-09,9.141462527938272e-07,0.0,0.0
0,166,-6.098648231401293,1.1807936682417058e-09,9.141462527938272e-07,0.0,0.0
0,167,-6.098648231401293,1.1807936682417058e-09,9.141462527938272e-07,0.0,0.0
0,168,-6.098648231401293,1.1807936682417058e-09,9.141462527938272e-07,0.0,0.0
0,169,-6.098648231401293,1.1807936682417058e-09,9.141462527938272e-07,0.0,0.0
0,170,-6.098648231401293,1.1807936682417058e-09,9.141462527938272e-07,0.0,0.0
0,171,-6.098648231401293,1.1807936682417058e-09,9.141462527938272e-07,0.0,0.0
0,172,-6.098648231401293,1.1807936682417058e-09,9.141462527938272e-07,0.0,0.0
0,173,-6.098648231401293,1.1807936682417058e-09,9.141462527938272e-07,0.0,0.0
0,174,-6.098648231401293,1.1807936682417058e-09,9.141462527938272e-07,0.0,0.0
0,175,-6.098648231401293,1.1807936682417058e-09,9.141462527938272e-07,0.0,0.0
0,176,-6.098648231401293,1.1807936682417058e-09,9.141462527938272e-07,0.0,0.0
0,177,-6.098648231401293,1.1807936682417058e-09,9.141462527938272e-07,0.0,0.0
0,178,-6.098648231401293,1.1807936682417058e-09,9.141462527938272e-07,0.0,0.0
0,179,-6.098648231401293,1.1807936682417058e-09,9.141462527938272e-07,0.0,0.0
0,180,-6.098648231401293,1.1807936682417058e-09,9.141462527938272e-07,0.0,0.0
0,181,-6.098648231401293,1.1807936682417058e-09,9.141462527938272e-07,0.0,0.0
0,182,-6.098648231401293,1.1807936682417058e-09,9.141462527938272e-07,0.0,0.0
0,183,-6.098648231401293,1.1807936682417058e-09,9.141462527938272e-07,0.0,0.0
0,184,-6.098648231401293,1.1807936682417058e-09,9.141462527938272e-07,0.0,0.0
0,185,-6.098648231401293,1.1807936682417058e-09,9.141462527938272e-07,0.0,0.0
0,186,-6.098648231401293,1.1807936682417058e-09,9.141462527938272e-07,0.0,0.0
0,187,-6.098648231401293,1.1807936682417058e-09,9.141462527938272e-07,0.0,0.0
0,188,-6.098648231401293,1.1807936682417058e-09,9.141462527938272e-07,0.0,0.0
0,189,-6.098648231401293,1.1807936682417058e-09,9.141462527938272e-07,0.0,0.0
0,190,-6.098648231401293,1.1807936682417058e-09,9.141462527938272e-07,0.0,0.0
0,191,-6.098648231401293,1.1807936682417058e-09,9.141462527938272e-07,0.0,0.0
0,192,-6.098648231401293,1.1807936682417058e-09,9.141462527938272e-07,0.0,0.0
0,193,-6.098648231401293,1.1807936682417058e-09,9.141462527938272e-07,0.0,0.0
0,194,-6.098648231401293,1.1807936682417058e-09,9.141462527938272e-07,0.0,0.0
0,195,-6.098648231401293,1.1807936682417058e-09,9.141462527938272e-07,0.0,0.0
0,196,-6.098648231401293,1.1807936682417058e-09,9.141462527938272e-07,0.0,0.0
0,197,-6.098648231401293,1.1807936682417058e-09,9.141462527938272e-07,0.0,0.0
0,198,-6.098648231401293,1.1807936682417058e-09,9.141462527938272e-07,0.0,0.0
0,199,-6.098648231401293,1.1807936682417058e-09,9.141462527938272e-07,0.0,0.0
0,200,-6.098648231401293,1.1807936682417058e-09,9.141462527938272e-07,0.0,0.0
0,201,-6.098648231401293,1.1807936682417058e-09,9.141462527938272e-07,0.0,0.0
0,202,-6.098648231401293,1.1807936682417058e-09,9.141462527938272e-07,0.0,0.0
0,203,-6.098648231401293,1.1807936682417058e-09,9.141462527938272e-07,0.0,0.0
0,204,-6.098648231401293,1.1807936682417058e-09,9.141462527938272e-07,0.0,0.0
0,205,-6.098648231401293,1.1807936682417058e-09,9.141462527938272e-07,0.0,0.0
0,206,-6.098648231401293,1.1807936682417058e-09,9.141462527938272e-07,0.0,0.0
0,207,-6.098648231401293,1.1807936682417058e-09,9.141462527938272e-07,0.0,0.0
0,208,-6.098648231401293,1.1807936682417058e-09,9.141462527938272e-07,0.0,0.0
0,209,-6.098648231401293,1.1807936682417058e-09,9.141462527938272e-07,0.0,0.0
0,210,-6.098648231401293,1.1807936682417058e-09,9.141462527938272e-07,0.0,0.0
0,211,-6.098648231401293,1.1807936682417058e-09,9.141462527938272e-07,0.0,0.0
0,212,-6.098648231401293,1.1807936682417058e-09,9.141462527938272e-07,0.0,0.0
0,213,-6.098648231401293,1.1807936682417058e-09,9.141462527938272e-07,0.0,0.0
0,214,-6.098648231401293,1.1807936682417058e-09,9.141462527938272e-07,0.0,0.0
0,215,-6.098648231401293,1.1807936682417058e-09,9.141462527938272e-07,0.0,0.0
0,216,-6.098648231401293,1.1807936682417058e-09,9.141462527938272e-07,0.0,0.0
0,217,-6.098648231401293,1.1807936682417058e-09,9.141462527938272e-07,0.0,0.0
0,218,-6.098648231401293,1.1807936682417058e-09,9.141462527938272e-07,0.0,0.0
0,219,-6.098648231401293,1.1807936682417058e-09,9.141462527938272e-07,0.0,0.0
0,220,-6.098648231401293,1.1807936682417058e-09,9.141462527938272e-07,0.0,0.0
0,221,-6.098648231401293,1.1807936682417058e-09,9.141462527938272e-07,0.0,0.0
0,222,-6.098648231401293,1.1807936682417058e-09,9.141462527938272e-07,0.0,0.0
0,223,-6.098648231401293,1.1807936682417058e-09,9.141462527938272e-07,0.0,0.0
0,224,-6.098648231401293,1.1807936682417058e-09,9.141462527938272e-07,0.0,0.0
0,225,-6.098648231401293,1.1807936682417058e-09,9.141462527938272e-07,0.0,0.0
0,226,-6.098648231401293,1.1807936682417058e-09,9.141462527938272e-07,0.0,0.0
0,227,-6.098648231401293,1.1807936682417058e-09,9.141462527938272e-07,0.0,0.0
0,228,-6.098648231401293,1.1807936682417058e-09,9.141462527938272e-07,0.0,0.0
0,229,-6.098648231401293,1.1807936682417058e-09,9.141462527938272e-07,0.0,0.0
0,230,-6.098648231401293,1.1807936682417058e-09,9.141462527938272e-07,0.0,0.0
0,231,-6.098648231401293,1.1807936682417058e-09,9.141462527938272e-07,0.0,0.0
0,232,-6.098648231401293,1.1807936682417058e-09,9.141462527938272e-07,0.0,0.0
0,233,-6.098648231401293,1.1807936682417058e-09,9.141462527938272e-07,0.0,0.0
0,234,-6.098648231401293,1.1807936682417058e-09,9.141462527938272e-07,0.0,0.0
0,235,-6.098648231401293,1.1807936682417058e-09,9.141462527938272e-07,0.0,0.0
0,236,-6.098648231401293,1.1807936682417058e-09,9.141462527938272e-07,0.0,0.0
0,237,-6.098648231401293,1.1807936682417058e-09,9.141462527938272e-07,0.0,0.0
0,238,-6.098648231401293,1.1807936682417058e-09,9.141462527938272e-07,0.0,0.0
0,239,-6.098648231401293,1.1807936682417058e-09,9.141462527938272e-07,0.0,0.0
0,240,-6.098648231401293,1.1807936682417058e-09,9.141462527938272e-07,0.0,0.0
0,241,-6.098648231401293,1.1807936682417058e-09,9.141462527938272e-07,0.0,0.0
0,242,-6.098648231401293,1.1807936682417058e-09,9.141462527938272e-07,0.0,0.0
0,243,-6.098648231401293,1.1807936682417058e-09,9.141462527938272e-07,0.0,0.0
0,244,-6.098648231401293,1.1807936682417058e-09,9.141462527938272e-07,0.0,0.0
0,245,-6.098648231401293,1.1807936682417058e-09,9.141462527938272e-07,0.0,0.0
0,246,-6.098648231401293,1.1807936682417058e-09,9.141462527938272e-07,0.0,0.0
0,247,-6.098648231401293,1.1807936682417058e-09,9.141462527938272e-07,0.0,0.0
0,248,-6.098648231401293,1.1807936682417058e-09,9.141462527938272e-07,0.0,0.0
0,249,-6.098648231401293,1.1807936682417058e-09,9.141462527938272e-07,0.0,0.0
0,250,-6.098648231401293,1.1807936682417058e-09,9.141462527938272e-07,0.0,0.0
0,251,-6.098648231401293,1.1807936682417058e-09,9.141462527938272e-07,0.0,0.0
0,252,-6.098648231401293,1.1807936682417058e-09,9.141462527938272e-07,0.0,0.0
0,253,-6.098648231401293,1.1807936682417058e-09,9.141462527938272e-07,0.0,0.0
0,254,-6.098648231401293,1.1807936682417058e-09,9.141462527938272e-07,0.0,0.0
0,255,-6.098648231401293,1.1807936682417058e-09,9.141462527938272e-07,0.0,0.0
0,256,-6.098648231401293,1.1807936682417058e-09,9.141462527938272e-07,0.0,0.0
0,257,-6.098648231401293,1.1807936682417058e-09,9.141462527938272e-07,0.0,0.0
0,258,-6.098648231401293,1.1807936682417058e-09,9.141462527938272e-07,0.0,0.0
0,259,-6.098648231401293,1.1807936682417058e-09,9.141462527938272e-07,0.0,0.0
0,260,-6.098648231401293,1.1807936682417058e-09,9.141462527938272e-07,0.0,0.0
0,261,-6.098648231401293,1.1807936682417058e-09,9.141462527938272e-07,0.0,0.0
0,262,-6.098648231401293,1.1807936682417058e-09,9.141462527938272e-07,0.0,0.0
0,263,-6.098648231401293,1.1807936682417058e-09,9.141462527938272e-07,0.0,0.0
0,264,-6.098648231401293,1.1807936682417058e-09,9.141462527938272e-07,0.0,0.0
0,265,-6.098648231401293,1.1807936682417058e-09,9.141462527938272e-07,0.0,0.0
0,266,-6.098648231401293,1.1807936682417058e-09,9.141462527938272e-07,0.0,0.0
0,267,-6.098648231401293,1.1807936682417058e-09,9.141462527938272e-07,0.0,0.0
0,268,-6.098648231401293,1.1807936682417058e-09,9.141462527938272e-07,0.0,0.0
0,269,-6.098648231401293,1.1807936682417058e-09,9.141462527938272e-07,0.0,0.0
0,270,-6.098648231401293,1.1807936682417058e-09,9.141462527938272e-07,0.0,0.0
0,271,-6.098648231401293,1.1807936682417058e-09,9.141462527938272e-07,0.0,0.0
0,272,-6.098648231401293,1.1807936682417058e-09,9.141462527938272e-07,0.0,0.0
0,273,-6.098648231401293,1.1807936682417058e-09,9.141462527938272e-07,0.0,0.0
0,274,-6.098648231401293,1.1807936682417058e-09,9.141462527938272e-07,0.0,0.0
0,275,-6.098648231401293,1.1807936682417058e-09,9.141462527938272e-07,0.0,0.0
0,276,-6.098648231401293,1.1807936682417058e-09,9.141462527938272e-07,0.0,0.0
0,277,-6.098648231401293,1.1807936682417058e-09,9.141462527938272e-07,0.0,0.0
0,278,-6.098648231401293,1.1807936682417058e-09,9.141462527938272e-07,0.0,0.0
0,279,-6.098648231401293,1.1807936682417058e-09,9.141462527938272e-07,0.0,0.0
0,280,-6.098648231401293,1.1807936682417058e-09,9.141462527938272e-07,0.0,0.0
0,281,-6.098648231401293,1.1807936682417058e-09,9.141462527938272e-07,0.0,0.0
0,282,-6.098648231401293,1.1807936682417058e-09,9.141462527938272e-07,0.0,0.0
0,283,-6.098648231401293,1.1807936682417058e-09,9.141462527938272e-07,0.0,0.0
0,284,-6.098648231401293,1.1807936682417058e-09,9.141462527938272e-07,0.0,0.0
0,285,-6.098648231401293,1.1807936682417058e-09,9.141462527938272e-07,0.0,0.0
0,286,-6.098648231401293,1.1807936682417058e-09,9.141462527938272e-07,0.0,0.0
0,287,-6.098648231401293,1.1807936682417058e-09,9.141462527938272e-07,0.0,0.0
0,288,-6.098648231401293,1.1807936682417058e-09,9.141462527938272e-07,0.0,0.0
0,289,-6.098648231401293,1.1807936682417058e-09,9.141462527938272e-07,0.0,0.0
0,290,-6.098648231401293,1.1807936682417058e-09,9.141462527938272e-07,0.0,0.0
0,291,-6.098648231401293,1.1807936682417058e-09,9.141462527938272e-07,0.0,0.0
0,292,-6.098648231401293,1.1807936682417058e-09,9.141462527938272e-07,0.0,0.0
0,293,-6.098648231401293,1.1807936682417058e-09,9.141462527938272e-07,0.0,0.0
0,294,-6.098648231401293,1.1807936682417058e-09,9.141462527938272e-07,0.0,0.0
0,295,-6.098648231401293,1.1807936682417058e-09,9.141462527938272e-07,0.0,0.0
0,296,-6.098648231401293,1.1807936682417058e-09,9.141462527938272e-07,0.0,0.0
0,297,-6.098648231401293,1.1807936682417058e-09,9.141462527938272e-07,0.0,0.0
0,298,-6.098648231401293,1.1807936682417058e-09,9.141462527938272e-07,0.0,0.0
0,299,-6.098648231401293,1.1807936682417058e-09,9.141462527938272e-07,0.0,0.0
0,300,-6.098648231401293,1.1807936682417058e-09,9.141462527938272e-07,0.0,0.0
1,1,-5.917617853830598,0.22942751794317384,175.1647941504022,0.0006373619711802994,0.05263698598956536
1,2,-6.03350419346639,0.03841836151089953,29.33189726316644,0.0014877664764119927,0.028040558809251718
1,3,-6.040391236749947,0.04005970152904928,30.585038076384976,0.0033509383712320333,1.0872708399735487
1,4,-6.069859661948911,0.03431655584745173,26.20022434474718,0.013429571643838201,0.7338240975176067
1,5,-6.0730464514859115,0.002867650280113918,2.189412044007352,0.002011602218448292,0.006983047327850438
1,6,-6.073596264489895,0.01262456889399578,9.638686899372162,0.04979319110102721,19.38120344342767
1,7,-6.074803512033406,0.0004252218684258398,0.3246511217085577,0.005646146001657563,0.0011344832013196523
1,8,-6.0748337222467965,3.7423031245326785e-09,2.8571976122739433e-06,0.12461782911150322,7.745451547920915e-11
1,9,-6.074833722246796,1.0200985089854816e-14,7.788313579011567e-12,0.0005859946729193771,7.430299183981447e-12
1,10,-6.074833722246796,1.0200985089854816e-14,7.788313579011567e-12,0.0,0.0
1,11,-6.074833722246796,1.0200985089854816e-14,7.788313579011567e-12,0.0,0.0
1,12,-6.074833722246796,1.0200985089854816e-14,7.788313579011567e-12,0.0,0.0
1,13,-6.074833722246796,1.0200985089854816e-14,7.788313579011567e-12,0.0,0.0
1,14,-6.074833722246796,1.0200985089854816e-14,7.788313579011567e-12,0.0,0.0
1,15,-6.074833722246796,1.0200985089854816e-14,7.788313579011567e-12,0.0,0.0
1,16,-6.074833722246796,1.0200985089854816e-14,7.788313579011567e-12,0.0,0.0
1,17,-6.074833722246796,1.0200985089854816e-14,7.788313579011567e-12,0.0,0.0
1,18,-6.074833722246796,1.0200985089854816e-14,7.788313579011567e-12,0.0,0.0
1,19,-6.074833722246796,1.0200985089854816e-14,7.788313579011567e-12,0.0,0.0
1,20,-6.074833722246796,1.0200985089854816e-14,7.788313579011567e-12,0.0,0.0
1,21,-6.074833722246796,1.0200985089854816e-14,7.788313579011567e-12,0.0,0.0
1,22,-6.074833722246796,1.0200985089854816e-14,7.788313579011567e-12,0.0,0.0
1,23,-6.074833722246796,1.0200985089854816e-14,7.788313579011567e-12,0.0,0.0
1,24,-6.074833722246796,1.0200985089854816e-14,7.788313579011567e-12,0.0,0.0
1,25,-6.074833722246796,1.0200985089854816e-14,7.788313579011567e-12,0.0,0.0
1,26,-6.074833722246796,1.0200985089854816e-14,7.788313579011567e-12,0.0,0.0
1,27,-6.074833722246796,1.0200985089854816e-14,7.788313579011567e-12,0.0,0.0
1,28,-6.074833722246796,1.0200985089854816e-14,7.788313579011567e-12,0.0,0.0
1,29,-6.074833722246796,1.0200985089854816e-14,7.788313579011567e-12,0.0,0.0
1,30,-6.074833722246796,1.0200985089854816e-14,7.788313579011567e-12,0.0,0.0
1,31,-6.074833722246796,1.0200985089854816e-14,7.788313579011567e-12,0.0,0.0
1,32,-6.074833722246796,1.0200985089854816e-14,7.788313579011567e-12,0.0,0.0
1,33,-6.074833722246796,1.0200985089854816e-14,7.788313579011567e-12,0.0,0.0
1,34,-6.074833722246796,1.0200985089854816e-14,7.788313579011567e-12,0.0,0.0
1,35,-6.074833722246796,1.0200985089854816e-14,7.788313579011567e-12,0.0,0.0
1,36,-6.074833722246796,1.0200985089854816e-14,7.788313579011567e-12,0.0,0.0
1,37,-6.074833722246796,1.0200985089854816e-14,7.788313579011567e-12,0.0,0.0
1,38,-6.074833722246796,1.0200985089854816e-14,7.788313579011567e-12,0.0,0.0
1,39,-6.074833722246796,1.0200985089854816e-14,7.788313579011567e-12,0.0,0.0
1,40,-6.074833722246796,1.0200985089854816e-14,7.788313579011567e-12,0.0,0.0
1,41,-6.074833722246796,1.0200985089854816e-14,7.788313579011567e-12,0.0,0.0
1,42,-6.074833722246796,1.0200985089854816e-14,7.788313579011567e-12,0.0,0.0
1,43,-6.074833722246796,1.0200985089854816e-14,7.788313579011567e-12,0.0,0.0
1,44,-6.074833722246796,1.0200985089854816e-14,7.788313579011567e-12,0.0,0.0
1,45,-6.074833722246796,1.0200985089854816e-14,7.788313579011567e-12,0.0,0.0
1,46,-6.074833722246796,1.0200985089854816e-14,7.788313579011567e-12,0.0,0.0
1,47,-6.074833722246796,1.0200985089854816e-14,7.788313579011567e-12,0.0,0.0
1,48,-6.074833722246796,1.0200985089854816e-14,7.788313579011567e-12,0.0,0.0
1,49,-6.074833722246796,1.0200985089854816e-14,7.788313579011567e-12,0.0,0.0
1,50,-6.074833722246796,1.0200985089854816e-14,7.788313579011567e-12,0.0,0.0
1,51,-6.074833722246796,1.0200985089854816e-14,7.788313579011567e-12,0.0,0.0
1,52,-6.074833722246796,1.0200985089854816e-14,7.788313579011567e-12,0.0,0.0
1,53,-6.074833722246796,1.0200985089854816e-14,7.788313579011567e-12,0.0,0.0
1,54,-6.074833722246796,1.0200985089854816e-14,7.788313579011567e-12,0.0,0.0
1,55,-6.074833722246796,1.0200985089854816e-14,7.788313579011567e-12,0.0,0.0
1,56,-6.074833722246796,1.0200985089854816e-14,7.788313579011567e-12,0.0,0.0
1,57,-6.074833722246796,1.0200985089854816e-14,7.788313579011567e-12,0.0,0.0
1,58,-6.074833722246796,1.0200985089854816e-14,7.788313579011567e-12,0.0,0.0
1,59,-6.074833722246796,1.0200985089854816e-14,7.788313579011567e-12,0.0,0.0
1,60,-6.074833722246796,1.0200985089854816e-14,7.788313579011567e-12,0.0,0.0
1,61,-6.074833722246796,1.0200985089854816e-14,7.788313579011567e-12,0.0,0.0
1,62,-6.074833722246796,1.0200985089854816e-14,7.788313579011567e-12,0.0,0.0
1,63,-6.074833722246796,1.0200985089854816e-14,7.788313579011567e-12,0.0,0.0
1,64,-6.074833722246796,1.0200985089854816e-14,7.788313579011567e-12,0.0,0.0
1,65,-6.074833722246796,1.0200985089854816e-14,7.788313579011567e-12,0.0,0.0
1,66,-6.074833722246796,1.0200985089854816e-14,7.788313579011567e-12,0.0,0.0
1,67,-6.074833722246796,1.0200985089854816e-14,7.788313579011567e-12,0.0,0.0
1,68,-6.074833722246796,1.0200985089854816e-14,7.788313579011567e-12,0.0,0.0
1,69,-6.074833722246796,1.0200985089854816e-14,7.788313579011567e-12,0.0,0.0
1,70,-6.074833722246796,1.0200985089854816e-14,7.788313579011567e-12,0.0,0.0
1,71,-6.074833722246796,1.0200985089854816e-14,7.788313579011567e-12,0.0,0.0
1,72,-6.074833722246796,1.0200985089854816e-14,7.788313579011567e-12,0.0,0.0
1,73,-6.074833722246796,1.0200985089854816e-14,7.788313579011567e-12,0.0,0.0
1,74,-6.074833722246796,1.0200985089854816e-14,7.788313579011567e-12,0.0,0.0
1,75,-6.074833722246796,1.0200985089854816e-14,7.788313579011567e-12,0.0,0.0
1,76,-6.074833722246796,1.0200985089854816e-14,7.788313579011567e-12,0.0,0.0
1,77,-6.074833722246796,1.0200985089854816e-14,7.788313579011567e-12,0.0,0.0
1,78,-6.074833722246796,1.0200985089854816e-14,7.788313579011567e-12,0.0,0.0
1,79,-6.074833722246796,1.0200985089854816e-14,7.788313579011567e-12,0.0,0.0
1,80,-6.074833722246796,1.0200985089854816e-14,7.788313579011567e-12,0.0,0.0
1,81,-6.074833722246796,1.0200985089854816e-14,7.788313579011567e-12,0.0,0.0
1,82,-6.074833722246796,1.0200985089854816e-14,7.788313579011567e-12,0.0,0.0
1,83,-6.074833722246796,1.0200985089854816e-14,7.788313579011567e-12,0.0,0.0
1,84,-6.074833722246796,1.0200985089854816e-14,7.788313579011567e-12,0.0,0.0
1,85,-6.074833722246796,1.0200985089854816e-14,7.788313579011567e-12,0.0,0.0
1,86,-6.074833722246796,1.0200985089854816e-14,7.788313579011567e-12,0.0,0.0
1,87,-6.074833722246796,1.0200985089854816e-14,7.788313579011567e-12,0.0,0.0
1,88,-6.074833722246796,1.0200985089854816e-14,7.788313579011567e-12,0.0,0.0
1,89,-6.074833722246796,1.0200985089854816e-14,7.788313579011567e-12,0.0,0.0
1,90,-6.074833722246796,1.0200985089854816e-14,7.788313579011567e-12,0.0,0.0
1,91,-6.074833722246796,1.0200985089854816e-14,7.788313579011567e-12,0.0,0.0
1,92,-6.074833722246796,1.0200985089854816e-14,7.788313579011567e-12,0.0,0.0
1,93,-6.074833722246796,1.0200985089854816e-14,7.788313579011567e-12,0.0,0.0
1,94,-6.074833722246796,1.0200985089854816e-14,7.788313579011567e-12,0.0,0.0
1,95,-6.074833722246796,1.0200985089854816e-14,7.788313579011567e-12,0.0,0.0
1,96,-6.074833722246796,1.0200985089854816e-14,7.788313579011567e-12,0.0,0.0
1,97,-6.074833722246796,1.0200985089854816e-14,7.788313579011567e-12,0.0,0.0
1,98,-6.074833722246796,1.0200985089854816e-14,7.788313579011567e-12,0.0,0.0
1,99,-6.074833722246796,1.0200985089854816e-14,7.788313579011567e-12,0.0,0.0
1,100,-6.074833722246796,1.0200985089854816e-14,7.788313579011567e-12,0.0,0.0
1,101,-6.074833722246796,1.0200985089854816e-14,7.788313579011567e-12,0.0,0.0
1,102,-6.074833722246796,1.0200985089854816e-14,7.788313579011567e-12,0.0,0.0
1,103,-6.074833722246796,1.0200985089854816e-14,7.788313579011567e-12,0.0,0.0
1,104,-6.074833722246796,1.0200985089854816e-14,7.788313579011567e-12,0.0,0.0
1,105,-6.074833722246796,1.0200985089854816e-14,7.788313579011567e-12,0.0,0.0
1,106,-6.074833722246796,1.0200985089854816e-14,7.788313579011567e-12,0.0,0.0
1,107,-6.074833722246796,1.0200985089854816e-14,7.788313579011567e-12,0.0,0.0
1,108,-6.074833722246796,1.0200985089854816e-14,7.788313579011567e-12,0.0,0.0
1,109,-6.074833722246796,1.0200985089854816e-14,7.788313579011567e-12,0.0,0.0
1,110,-6.074833722246796,1.0200985089854816e-14,7.788313579011567e-12,0.0,0.0
1,111,-6.074833722246796,1.0200985089854816e-14,7.788313579011567e-12,0.0,0.0
1,112,-6.074833722246796,1.0200985089854816e-14,7.788313579011567e-12,0.0,0.0
1,113,-6.074833722246796,1.0200985089854816e-14,7.788313579011567e-12,0.0,0.0
1,114,-6.074833722246796,1.0200985089854816e-14,7.788313579011567e-12,0.0,0.0
1,115,-6.074833722246796,1.0200985089854816e-14,7.788313579011567e-12,0.0,0.0
1,116,-6.074833722246796,1.0200985089854816e-14,7.788313579011567e-12,0.0,0.0
1,117,-6.074833722246796,1.0200985089854816e-14,7.788313579011567e-12,0.0,0.0
1,118,-6.074833722246796,1.0200985089854816e-14,7.788313579011567e-12,0.0,0.0
1,119,-6.074833722246796,1.0200985089854816e-14,7.788313579011567e-12,0.0,0.0
1,120,-6.074833722246796,1.0200985089854816e-14,7.788313579011567e-12,0.0,0.0
1,121,-6.074833722246796,1.0200985089854816e-14,7.788313579011567e-12,0.0,0.0
1,122,-6.074833722246796,1.0200985089854816e-14,7.788313579011567e-12,0.0,0.0
1,123,-6.074833722246796,1.0200985089854816e-14,7.788313579011567e-12,0.0,0.0
1,124,-6.074833722246796,1.0200985089854816e-14,7.788313579011567e-12,0.0,0.0
1,125,-6.074833722246796,1.0200985089854816e-14,7.788313579011567e-12,0.0,0.0
1,126,-6.074833722246796,1.0200985089854816e-14,7.788313579011567e-12,0.0,0.0
1,127,-6.074833722246796,1.0200985089854816e-14,7.788313579011567e-12,0.0,0.0
1,128,-6.074833722246796,1.0200985089854816e-14,7.788313579011567e-12,0.0,0.0
1,129,-6.074833722246796,1.0200985089854816e-14,7.788313579011567e-12,0.0,0.0
1,130,-6.074833722246796,1.0200985089854816e-14,7.788313579011567e-12,0.0,0.0
1,131,-6.074833722246796,1.0200985089854816e-14,7.788313579011567e-12,0.0,0.0
1,132,-6.074833722246796,1.0200985089854816e-14,7.788313579011567e-12,0.0,0.0
1,133,-6.074833722246796,1.0200985089854816e-14,7.788313579011567e-12,0.0,0.0
1,134,-6.074833722246796,1.0200985089854816e-14,7.788313579011567e-12,0.0,0.0
1,135,-6.074833722246796,1.0200985089854816e-14,7.788313579011567e-12,0.0,0.0
1,136,-6.074833722246796,1.0200985089854816e-14,7.788313579011567e-12,0.0,0.0
1,137,-6.074833722246796,1.0200985089854816e-14,7.788313579011567e-12,0.0,0.0
1,138,-6.074833722246796,1.0200985089854816e-14,7.788313579011567e-12,0.0,0.0
1,139,-6.074833722246796,1.0200985089854816e-14,7.788313579011567e-12,0.0,0.0
1,140,-6.074833722246796,1.0200985089854816e-14,7.788313579011567e-12,0.0,0.0
1,141,-6.074833722246796,1.0200985089854816e-14,7.788313579011567e-12,0.0,0.0
1,142,-6.074833722246796,1.0200985089854816e-14,7.788313579011567e-12,0.0,0.0
1,143,-6.074833722246796,1.0200985089854816e-14,7.788313579011567e-12,0.0,0.0
1,144,-6.074833722246796,1.0200985089854816e-14,7.788313579011567e-12,0.0,0.0
1,145,-6.074833722246796,1.0200985089854816e-14,7.788313579011567e-12,0.0,0.0
1,146,-6.074833722246796,1.0200985089854816e-14,7.788313579011567e-12,0.0,0.0
1,147,-6.074833722246796,1.0200985089854816e-14,7.788313579011567e-12,0.0,0.0
1,148,-6.074833722246796,1.0200985089854816e-14,7.788313579011567e-12,0.0,0.0
1,149,-6.074833722246796,1.0200985089854816e-14,7.788313579011567e-12,0.0,0.0
1,150,-6.074833722246796,1.0200985089854816e-14,7.788313579011567e-12,0.0,0.0
1,151,-6.074833722246796,1.0200985089854816e-14,7.788313579011567e-12,0.0,0.0
1,152,-6.074833722246796,1.0200985089854816e-14,7.788313579011567e-12,0.0,0.0
1,153,-6.074833722246796,1.0200985089854816e-14,7.788313579011567e-12,0.0,0.0
1,154,-6.074833722246796,1.0200985089854816e-14,7.788313579011567e-12,0.0,0.0
1,155,-6.074833722246796,1.0200985089854816e-14,7.788313579011567e-12,0.0,0.0
1,156,-6.074833722246796,1.0200985089854816e-14,7.788313579011567e-12,0.0,0.0
1,157,-6.074833722246796,1.0200985089854816e-14,7.788313579011567e-12,0.0,0.0
1,158,-6.074833722246796,1.0200985089854816e-14,7.788313579011567e-12,0.0,0.0
1,159,-6.074833722246796,1.0200985089854816e-14,7.788313579011567e-12,0.0,0.0
1,160,-6.074833722246796,1.0200985089854816e-14,7.788313579011567e-12,0.0,0.0
1,161,-6.074833722246796,1.0200985089854816e-14,7.788313579011567e-12,0.0,0.0
1,162,-6.074833722246796,1.0200985089854816e-14,7.788313579011567e-12,0.0,0.0
1,163,-6.074833722246796,1.0200985089854816e-14,7.788313579011567e-12,0.0,0.0
1,164,-6.074833722246796,1.0200985089854816e-14,7.788313579011567e-12,0.0,0.0
1,165,-6.074833722246796,1.0200985089854816e-14,7.788313579011567e-12,0.0,0.0
1,166,-6.074833722246796,1.0200985089854816e-14,7.788313579011567e-12,0.0,0.0
1,167,-6.074833722246796,1.0200985089854816e-14,7.788313579011567e-12,0.0,0.0
1,168,-6.074833722246796,1.0200985089854816e-14,7.788313579011567e-12,0.0,0.0
1,169,-6.074833722246796,1.0200985089854816e-14,7.788313579011567e-12,0.0,0.0
1,170,-6.074833722246796,1.0200985089854816e-14,7.788313579011567e-12,0.0,0.0
1,171,-6.074833722246796,1.0200985089854816e-14,7.788313579011567e-12,0.0,0.0
1,172,-6.074833722246796,1.0200985089854816e-14,7.788313579011567e-12,0.0,0.0
1,173,-6.074833722246796,1.0200985089854816e-14,7.788313579011567e-12,0.0,0.0
1,174,-6.074833722246796,1.0200985089854816e-14,7.788313579011567e-12,0.0,0.0
1,175,-6.074833722246796,1.0200985089854816e-14,7.788313579011567e-12,0.0,0.0
1,176,-6.074833722246796,1.0200985089854816e-14,7.788313579011567e-12,0.0,0.0
1,177,-6.074833722246796,1.0200985089854816e-14,7.788313579011567e-12,0.0,0.0
1,178,-6.074833722246796,1.0200985089854816e-14,7.788313579011567e-12,0.0,0.0
1,179,-6.074833722246796,1.0200985089854816e-14,7.788313579011567e-12,0.0,0.0
1,180,-6.074833722246796,1.0200985089854816e-14,7.788313579011567e-12,0.0,0.0
1,181,-6.074833722246796,1.0200985089854816e-14,7.788313579011567e-12,0.0,0.0
1,182,-6.074833722246796,1.0200985089854816e-14,7.788313579011567e-12,0.0,0.0
1,183,-6.074833722246796,1.0200985089854816e-14,7.788313579011567e-12,0.0,0.0
1,184,-6.074833722246796,1.0200985089854816e-14,7.788313579011567e-12,0.0,0.0
1,185,-6.074833722246796,1.0200985089854816e-14,7.788313579011567e-12,0.0,0.0
1,186,-6.074833722246796,1.0200985089854816e-14,7.788313579011567e-12,0.0,0.0
1,187,-6.074833722246796,1.0200985089854816e-14,7.788313579011567e-12,0.0,0.0
1,188,-6.074833722246796,1.0200985089854816e-14,7.788313579011567e-12,0.0,0.0
1,189,-6.074833722246796,1.0200985089854816e-14,7.788313579011567e-12,0.0,0.0
1,190,-6.074833722246796,1.0200985089854816e-14,7.788313579011567e-12,0.0,0.0
1,191,-6.074833722246796,1.0200985089854816e-14,7.788313579011567e-12,0.0,0.0
1,192,-6.074833722246796,1.0200985089854816e-14,7.788313579011567e-12,0.0,0.0
1,193,-6.074833722246796,1.0200985089854816e-14,7.788313579011567e-12,0.0,0.0
1,194,-6.074833722246796,1.0200985089854816e-14,7.788313579011567e-12,0.0,0.0
1,195,-6.074833722246796,1.0200985089854816e-14,7.788313579011567e-12,0.0,0.0
1,196,-6.074833722246796,1.0200985089854816e-14,7.788313579011567e-12,0.0,0.0
1,197,-6.074833722246796,1.0200985089854816e-14,7.788313579011567e-12,0.0,0.0
1,198,-6.074833722246796,1.0200985089854816e-14,7.788313579011567e-12,0.0,0.0
1,199,-6.074833722246796,1.0200985089854816e-14,7.788313579011567e-12,0.0,0.0
1,200,-6.074833722246796,1.0200985089854816e-14,7.788313579011567e-12,0.0,0.0
1,201,-6.074833722246796,1.0200985089854816e-14,7.788313579011567e-12,0.0,0.0
1,202,-6.074833722246796,1.0200985089854816e-14,7.788313579011567e-12,0.0,0.0
1,203,-6.074833722246796,1.0200985089854816e-14,7.788313579011567e-12,0.0,0.0
1,204,-6.074833722246796,1.0200985089854816e-14,7.788313579011567e-12,0.0,0.0
1,205,-6.074833722246796,1.0200985089854816e-14,7.788313579011567e-12,0.0,0.0
1,206,-6.074833722246796,1.0200985089854816e-14,7.788313579011567e-12,0.0,0.0
1,207,-6.074833722246796,1.0200985089854816e-14,7.788313579011567e-12,0.0,0.0
1,208,-6.074833722246796,1.0200985089854816e-14,7.788313579011567e-12,0.0,0.0
1,209,-6.074833722246796,1.0200985089854816e-14,7.788313579011567e-12,0.0,0.0
1,210,-6.074833722246796,1.0200985089854816e-14,7.788313579011567e-12,0.0,0.0
1,211,-6.074833722246796,1.0200985089854816e-14,7.788313579011567e-12,0.0,0.0
1,212,-6.074833722246796,1.0200985089854816e-14,7.788313579011567e-12,0.0,0.0
1,213,-6.074833722246796,1.0200985089854816e-14,7.788313579011567e-12,0.0,0.0
1,214,-6.074833722246796,1.0200985089854816e-14,7.788313579011567e-12,0.0,0.0
1,215,-6.074833722246796,1.0200985089854816e-14,7.788313579011567e-12,0.0,0.0
1,216,-6.074833722246796,1.0200985089854816e-14,7.788313579011567e-12,0.0,0.0
1,217,-6.074833722246796,1.0200985089854816e-14,7.788313579011567e-12,0.0,0.0
1,218,-6.074833722246796,1.0200985089854816e-14,7.788313579011567e-12,0.0,0.0
1,219,-6.074833722246796,1.0200985089854816e-14,7.788313579011567e-12,0.0,0.0
1,220,-6.074833722246796,1.0200985089854816e-14,7.788313579011567e-12,0.0,0.0
1,221,-6.074833722246796,1.0200985089854816e-14,7.788313579011567e-12,0.0,0.0
1,222,-6.074833722246796,1.0200985089854816e-14,7.788313579011567e-12,0.0,0.0
1,223,-6.074833722246796,1.0200985089854816e-14,7.788313579011567e-12,0.0,0.0
1,224,-6.074833722246796,1.0200985089854816e-14,7.788313579011567e-12,0.0,0.0
1,225,-6.074833722246796,1.0200985089854816e-14,7.788313579011567e-12,0.0,0.0
1,226,-6.074833722246796,1.0200985089854816e-14,7.788313579011567e-12,0.0,0.0
1,227,-6.074833722246796,1.0200985089854816e-14,7.788313579011567e-12,0.0,0.0
1,228,-6.074833722246796,1.0200985089854816e-14,7.788313579011567e-12,0.0,0.0
1,229,-6.074833722246796,1.0200985089854816e-14,7.788313579011567e-12,0.0,0.0
1,230,-6.074833722246796,1.0200985089854816e-14,7.788313579011567e-12,0.0,0.0
1,231,-6.074833722246796,1.0200985089854816e-14,7.788313579011567e-12,0.0,0.0
1,232,-6.074833722246796,1.0200985089854816e-14,7.788313579011567e-12,0.0,0.0
1,233,-6.074833722246796,1.0200985089854816e-14,7.788313579011567e-12,0.0,0.0
1,234,-6.074833722246796,1.0200985089854816e-14,7.788313579011567e-12,0.0,0.0
1,235,-6.074833722246796,1.0200985089854816e-14,7.788313579011567e-12,0.0,0.0
1,236,-6.074833722246796,1.0200985089854816e-14,7.788313579011567e-12,0.0,0.0
1,237,-6.074833722246796,1.0200985089854816e-14,7.788313579011567e-12,0.0,0.0
1,238,-6.074833722246796,1.0200985089854816e-14,7.788313579011567e-12,0.0,0.0
1,239,-6.074833722246796,1.0200985089854816e-14,7.788313579011567e-12,0.0,0.0
1,240,-6.074833722246796,1.0200985089854816e-14,7.788313579011567e-12,0.0,0.0
1,241,-6.074833722246796,1.0200985089854816e-14,7.788313579011567e-12,0.0,0.0
1,242,-6.074833722246796,1.0200985089854816e-14,7.788313579011567e-12,0.0,0.0
1,243,-6.074833722246796,1.0200985089854816e-14,7.788313579011567e-12,0.0,0.0
1,244,-6.074833722246796,1.0200985089854816e-14,7.788313579011567e-12,0.0,0.0
1,245,-6.074833722246796,1.0200985089854816e-14,7.788313579011567e-12,0.0,0.0
1,246,-6.074833722246796,1.0200985089854816e-14,7.788313579011567e-12,0.0,0.0
1,247,-6.074833722246796,1.0200985089854816e-14,7.788313579011567e-12,0.0,0.0
1,248,-6.074833722246796,1.0200985089854816e-14,7.788313579011567e-12,0.0,0.0
1,249,-6.074833722246796,1.0200985089854816e-14,7.788313579011567e-12,0.0,0.0
1,250,-6.074833722246796,1.0200985089854816e-14,7.788313579011567e-12,0.0,0.0
1,251,-6.074833722246796,1.0200985089854816e-14,7.788313579011567e-12,0.0,0.0
1,252,-6.074833722246796,1.0200985089854816e-14,7.788313579011567e-12,0.0,0.0
1,253,-6.074833722246796,1.0200985089854816e-14,7.788313579011567e-12,0.0,0.0
1,254,-6.074833722246796,1.0200985089854816e-14,7.788313579011567e-12,0.0,0.0
1,255,-6.074833722246796,1.0200985089854816e-14,7.788313579011567e-12,0.0,0.0
1,256,-6.074833722246796,1.0200985089854816e-14,7.788313579011567e-12,0.0,0.0
1,257,-6.074833722246796,1.0200985089854816e-14,7.788313579011567e-12,0.0,0.0
1,258,-6.074833722246796,1.0200985089854816e-14,7.788313579011567e-12,0.0,0.0
1,259,-6.074833722246796,1.0200985089854816e-14,7.788313579011567e-12,0.0,0.0
1,260,-6.074833722246796,1.0200985089854816e-14,7.788313579011567e-12,0.0,0.0
1,261,-6.074833722246796,1.0200985089854816e-14,7.788313579011567e-12,0.0,0.0
1,262,-6.074833722246796,1.0200985089854816e-14,7.788313579011567e-12,0.0,0.0
1,263,-6.074833722246796,1.0200985089854816e-14,7.788313579011567e-12,0.0,0.0
1,264,-6.074833722246796,1.0200985089854816e-14,7.788313579011567e-12,0.0,0.0
1,265,-6.074833722246796,1.0200985089854816e-14,7.788313579011567e-12,0.0,0.0
1,266,-6.074833722246796,1.0200985089854816e-14,7.788313579011567e-12,0.0,0.0
1,267,-6.074833722246796,1.0200985089854816e-14,7.788313579011567e-12,0.0,0.0
1,268,-6.074833722246796,1.0200985089854816e-14,7.788313579011567e-12,0.0,0.0
1,269,-6.074833722246796,1.0200985089854816e-14,7.788313579011567e-12,0.0,0.0
1,270,-6.074833722246796,1.0200985089854816e-14,7.788313579011567e-12,0.0,0.0
1,271,-6.074833722246796,1.0200985089854816e-14,7.788313579011567e-12,0.0,0.0
1,272,-6.074833722246796,1.0200985089854816e-14,7.788313579011567e-12,0.0,0.0
1,273,-6.074833722246796,1.0200985089854816e-14,7.788313579011567e-12,0.0,0.0
1,274,-6.074833722246796,1.0200985089854816e-14,7.788313579011567e-12,0.0,0.0
1,275,-6.074833722246796,1.0200985089854816e-14,7.788313579011567e-12,0.0,0.0
1,276,-6.074833722246796,1.0200985089854816e-14,7.788313579011567e-12,0.0,0.0
1,277,-6.074833722246796,1.0200985089854816e-14,7.788313579011567e-12,0.0,0.0
1,278,-6.074833722246796,1.0200985089854816e-14,7.788313579011567e-12,0.0,0.0
1,279,-6.074833722246796,1.0200985089854816e-14,7.788313579011567e-12,0.0,0.0
1,280,-6.074833722246796,1.0200985089854816e-14,7.788313579011567e-12,0.0,0.0
1,281,-6.074833722246796,1.0200985089854816e-14,7.788313579011567e-12,0.0,0.0
1,282,-6.074833722246796,1.0200985089854816e-14,7.788313579011567e-12,0.0,0.0
1,283,-6.074833722246796,1.0200985089854816e-14,7.788313579011567e-12,0.0,0.0
1,284,-6.074833722246796,1.0200985089854816e-14,7.788313579011567e-12,0.0,0.0
1,285,-6.074833722246796,1.0200985089854816e-14,7.788313579011567e-12,0.0,0.0
1,286,-6.074833722246796,1.0200985089854816e-14,7.788313579011567e-12,0.0,0.0
1,287,-6.074833722246796,1.0200985089854816e-14,7.788313579011567e-12,0.0,0.0
1,288,-6.074833722246796,1.0200985089854816e-14,7.788313579011567e-12,0.0,0.0
1,289,-6.074833722246796,1.0200985089854816e-14,7.788313579011567e-12,0.0,0.0
1,290,-6.074833722246796,1.0200985089854816e-14,7.788313579011567e-12,0.0,0.0
1,291,-6.074833722246796,1.0200985089854816e-14,7.788313579011567e-12,0.0,0.0
1,292,-6.074833722246796,1.0200985089854816e-14,7.788313579011567e-12,0.0,0.0
1,293,-6.074833722246796,1.0200985089854816e-14,7.788313579011567e-12,0.0,0.0
1,294,-6.074833722246796,1.0200985089854816e-14,7.788313579011567e-12,0.0,0.0
1,295,-6.074833722246796,1.0200985089854816e-14,7.788313579011567e-12,0.0,0.0
1,296,-6.074833722246796,1.0200985089854816e-14,7.788313579011567e-12,0.0,0.0
1,297,-6.074833722246796,1.0200985089854816e-14,7.788313579011567e-12,0.0,0.0
1,298,-6.074833722246796,1.0200985089854816e-14,7.788313579011567e-12,0.0,0.0
1,299,-6.074833722246796,1.0200985089854816e-14,7.788313579011567e-12,0.0,0.0
1,300,-6.074833722246796,1.0200985089854816e-14,7.788313579011567e-12,0.0,0.0
2,1,-5.920253465903172,0.2240016365225694,171.80008793217843,0.0006332701691622105,0.05017673316478931
2,2,-6.033076030636906,0.03661534134424062,28.082468325955567,0.0015073428253893628,0.02671922098539606
2,3,-6.0481339652084305,0.05818084868179356,44.62232988415601,0.0080223272012334,2.524840393618126
2,4,-6.076816621053121,0.03228272610816434,24.759529752427763,0.0061862765459724895,0.3078791642823276
2,5,-6.079511452447368,0.0040216865388380055,3.0844689875219418,0.0019176089443913116,0.015519439490612508
2,6,-6.08029753533729,0.015804209955273048,12.121182247438409,0.03610576163937337,15.442910202655334
2,7,-6.082294162550614,0.0005385341137269154,0.41303362568710483,0.005946758829543996,0.0011611300297010246
2,8,-6.082326931173064,1.35680316532169e-09,1.0406125005494697e-06,0.08413976079663363,6.34756647821058e-12
2,9,-6.082326931173065,3.0642702602270073e-15,2.350169884146883e-12,0.000584951897846592,5.100590248726795e-12
2,10,-6.082326931173065,3.0642702602270073e-15,2.350169884146883e-12,0.0,0.0
2,11,-6.082326931173065,3.0642702602270073e-15,2.350169884146883e-12,0.0,0.0
2,12,-6.082326931173065,3.0642702602270073e-15,2.350169884146883e-12,0.0,0.0
2,13,-6.082326931173065,3.0642702602270073e-15,2.350169884146883e-12,0.0,0.0
2,14,-6.082326931173065,3.0642702602270073e-15,2.350169884146883e-12,0.0,0.0
2,15,-6.082326931173065,3.0642702602270073e-15,2.350169884146883e-12,0.0,0.0
2,16,-6.082326931173065,3.0642702602270073e-15,2.350169884146883e-12,0.0,0.0
2,17,-6.082326931173065,3.0642702602270073e-15,2.350169884146883e-12,0.0,0.0
2,18,-6.082326931173065,3.0642702602270073e-15,2.350169884146883e-12,0.0,0.0
2,19,-6.082326931173065,3.0642702602270073e-15,2.350169884146883e-12,0.0,0.0
2,20,-6.082326931173065,3.0642702602270073e-15,2.350169884146883e-12,0.0,0.0
2,21,-6.082326931173065,3.0642702602270073e-15,2.350169884146883e-12,0.0,0.0
2,22,-6.082326931173065,3.0642702602270073e-15,2.350169884146883e-12,0.0,0.0
2,23,-6.082326931173065,3.0642702602270073e-15,2.350169884146883e-12,0.0,0.0
2,24,-6.082326931173065,3.0642702602270073e-15,2.350169884146883e-12,0.0,0.0
2,25,-6.082326931173065,3.0642702602270073e-15,2.350169884146883e-12,0.0,0.0
2,26,-6.082326931173065,3.0642702602270073e-15,2.350169884146883e-12,0.0,0.0
2,27,-6.082326931173065,3.0642702602270073e-15,2.350169884146883e-12,0.0,0.0
2,28,-6.082326931173065,3.0642702602270073e-15,2.350169884146883e-12,0.0,0.0
2,29,-6.082326931173065,3.0642702602270073e-15,2.350169884146883e-12,0.0,0.0
2,30,-6.082326931173065,3.0642702602270073e-15,2.350169884146883e-12,0.0,0.0
2,31,-6.082326931173065,3.0642702602270073e-15,2.350169884146883e-12,0.0,0.0
2,32,-6.082326931173065,3.0642702602270073e-15,2.350169884146883e-12,0.0,0.0
2,33,-6.082326931173065,3.0642702602270073e-15,2.350169884146883e-12,0.0,0.0
2,34,-6.082326931173065,3.0642702602270073e-15,2.350169884146883e-12,0.0,0.0
2,35,-6.082326931173065,3.0642702602270073e-15,2.350169884146883e-12,0.0,0.0
2,36,-6.082326931173065,3.0642702602270073e-15,2.350169884146883e-12,0.0,0.0
2,37,-6.082326931173065,3.0642702602270073e-15,2.350169884146883e-12,0.0,0.0
2,38,-6.082326931173065,3.0642702602270073e-15,2.350169884146883e-12,0.0,0.0
2,39,-6.082326931173065,3.0642702602270073e-15,2.350169884146883e-12,0.0,0.0
2,40,-6.082326931173065,3.0642702602270073e-15,2.350169884146883e-12,0.0,0.0
2,41,-6.082326931173065,3.0642702602270073e-15,2.350169884146883e-12,0.0,0.0
2,42,-6.082326931173065,3.0642702602270073e-15,2.350169884146883e-12,0.0,0.0
2,43,-6.082326931173065,3.0642702602270073e-15,2.350169884146883e-12,0.0,0.0
2,44,-6.082326931173065,3.0642702602270073e-15,2.350169884146883e-12,0.0,0.0
2,45,-6.082326931173065,3.0642702602270073e-15,2.350169884146883e-12,0.0,0.0
2,46,-6.082326931173065,3.0642702602270073e-15,2.350169884146883e-12,0.0,0.0
2,47,-6.082326931173065,3.0642702602270073e-15,2.350169884146883e-12,0.0,0.0
2,48,-6.082326931173065,3.0642702602270073e-15,2.350169884146883e-12,0.0,0.0
2,49,-6.082326931173065,3.0642702602270073e-15,2.350169884146883e-12,0.0,0.0
2,50,-6.082326931173065,3.0642702602270073e-15,2.350169884146883e-12,0.0,0.0
2,51,-6.082326931173065,3.0642702602270073e-15,2.350169884146883e-12,0.0,0.0
2,52,-6.082326931173065,3.0642702602270073e-15,2.350169884146883e-12,0.0,0.0
2,53,-6.082326931173065,3.0642702602270073e-15,2.350169884146883e-12,0.0,0.0
2,54,-6.082326931173065,3.0642702602270073e-15,2.350169884146883e-12,0.0,0.0
2,55,-6.082326931173065,3.0642702602270073e-15,2.350169884146883e-12,0.0,0.0
2,56,-6.082326931173065,3.0642702602270073e-15,2.350169884146883e-12,0.0,0.0
2,57,-6.082326931173065,3.0642702602270073e-15,2.350169884146883e-12,0.0,0.0
2,58,-6.082326931173065,3.0642702602270073e-15,2.350169884146883e-12,0.0,0.0
2,59,-6.082326931173065,3.0642702602270073e-15,2.350169884146883e-12,0.0,0.0
2,60,-6.082326931173065,3.0642702602270073e-15,2.350169884146883e-12,0.0,0.0
2,61,-6.082326931173065,3.0642702602270073e-15,2.350169884146883e-12,0.0,0.0
2,62,-6.082326931173065,3.0642702602270073e-15,2.350169884146883e-12,0.0,0.0
2,63,-6.082326931173065,3.0642702602270073e-15,2.350169884146883e-12,0.0,0.0
2,64,-6.082326931173065,3.0642702602270073e-15,2.350169884146883e-12,0.0,0.0
2,65,-6.082326931173065,3.0642702602270073e-15,2.350169884146883e-12,0.0,0.0
2,66,-6.082326931173065,3.0642702602270073e-15,2.350169884146883e-12,0.0,0.0
2,67,-6.082326931173065,3.0642702602270073e-15,2.350169884146883e-12,0.0,0.0
2,68,-6.082326931173065,3.0642702602270073e-15,2.350169884146883e-12,0.0,0.0
2,69,-6.082326931173065,3.0642702602270073e-15,2.350169884146883e-12,0.0,0.0
2,70,-6.082326931173065,3.0642702602270073e-15,2.350169884146883e-12,0.0,0.0
2,71,-6.082326931173065,3.0642702602270073e-15,2.350169884146883e-12,0.0,0.0
2,72,-6.082326931173065,3.0642702602270073e-15,2.350169884146883e-12,0.0,0.0
2,73,-6.082326931173065,3.0642702602270073e-15,2.350169884146883e-12,0.0,0.0
2,74,-6.082326931173065,3.0642702602270073e-15,2.350169884146883e-12,0.0,0.0
2,75,-6.082326931173065,3.0642702602270073e-15,2.350169884146883e-12,0.0,0.0
2,76,-6.082326931173065,3.0642702602270073e-15,2.350169884146883e-12,0.0,0.0
2,77,-6.082326931173065,3.0642702602270073e-15,2.350169884146883e-12,0.0,0.0
2,78,-6.082326931173065,3.0642702602270073e-15,2.350169884146883e-12,0.0,0.0
2,79,-6.082326931173065,3.0642702602270073e-15,2.350169884146883e-12,0.0,0.0
2,80,-6.082326931173065,3.0642702602270073e-15,2.350169884146883e-12,0.0,0.0
2,81,-6.082326931173065,3.0642702602270073e-15,2.350169884146883e-12,0.0,0.0
2,82,-6.082326931173065,3.0642702602270073e-15,2.350169884146883e-12,0.0,0.0
2,83,-6.082326931173065,3.0642702602270073e-15,2.350169884146883e-12,0.0,0.0
2,84,-6.082326931173065,3.0642702602270073e-15,2.350169884146883e-12,0.0,0.0
2,85,-6.082326931173065,3.0642702602270073e-15,2.350169884146883e-12,0.0,0.0
2,86,-6.082326931173065,3.0642702602270073e-15,2.350169884146883e-12,0.0,0.0
2,87,-6.082326931173065,3.0642702602270073e-15,2.350169884146883e-12,0.0,0.0
2,88,-6.082326931173065,3.0642702602270073e-15,2.350169884146883e-12,0.0,0.0
2,89,-6.082326931173065,3.0642702602270073e-15,2.350169884146883e-12,0.0,0.0
2,90,-6.082326931173065,3.0642702602270073e-15,2.350169884146883e-12,0.0,0.0
2,91,-6.082326931173065,3.0642702602270073e-15,2.350169884146883e-12,0.0,0.0
2,92,-6.082326931173065,3.0642702602270073e-15,2.350169884146883e-12,0.0,0.0
2,93,-6.082326931173065,3.0642702602270073e-15,2.350169884146883e-12,0.0,0.0
2,94,-6.082326931173065,3.0642702602270073e-15,2.350169884146883e-12,0.0,0.0
2,95,-6.082326931173065,3.0642702602270073e-15,2.350169884146883e-12,0.0,0.0
2,96,-6.082326931173065,3.0642702602270073e-15,2.350169884146883e-12,0.0,0.0
2,97,-6.082326931173065,3.0642702602270073e-15,2.350169884146883e-12,0.0,0.0
2,98,-6.082326931173065,3.0642702602270073e-15,2.350169884146883e-12,0.0,0.0
2,99,-6.082326931173065,3.0642702602270073e-15,2.350169884146883e-12,0.0,0.0
2,100,-6.082326931173065,3.0642702602270073e-15,2.350169884146883e-12,0.0,0.0
2,101,-6.082326931173065,3.0642702602270073e-15,2.350169884146883e-12,0.0,0.0
2,102,-6.082326931173065,3.0642702602270073e-15,2.350169884146883e-12,0.0,0.0
2,103,-6.082326931173065,3.0642702602270073e-15,2.350169884146883e-12,0.0,0.0
2,104,-6.082326931173065,3.0642702602270073e-15,2.350169884146883e-12,0.0,0.0
2,105,-6.082326931173065,3.0642702602270073e-15,2.350169884146883e-12,0.0,0.0
2,106,-6.082326931173065,3.0642702602270073e-15,2.350169884146883e-12,0.0,0.0
2,107,-6.082326931173065,3.0642702602270073e-15,2.350169884146883e-12,0.0,0.0
2,108,-6.082326931173065,3.0642702602270073e-15,2.350169884146883e-12,0.0,0.0
2,109,-6.082326931173065,3.0642702602270073e-15,2.350169884146883e-12,0.0,0.0
2,110,-6.082326931173065,3.0642702602270073e-15,2.350169884146883e-12,0.0,0.0
2,111,-6.082326931173065,3.0642702602270073e-15,2.350169884146883e-12,0.0,0.0
2,112,-6.082326931173065,3.0642702602270073e-15,2.350169884146883e-12,0.0,0.0
2,113,-6.082326931173065,3.0642702602270073e-15,2.350169884146883e-12,0.0,0.0
2,114,-6.082326931173065,3.0642702602270073e-15,2.350169884146883e-12,0.0,0.0
2,115,-6.082326931173065,3.0642702602270073e-15,2.350169884146883e-12,0.0,0.0
2,116,-6.082326931173065,3.0642702602270073e-15,2.350169884146883e-12,0.0,0.0
2,117,-6.082326931173065,3.0642702602270073e-15,2.350169884146883e-12,0.0,0.0
2,118,-6.082326931173065,3.0642702602270073e-15,2.350169884146883e-12,0.0,0.0
2,119,-6.082326931173065,3.0642702602270073e-15,2.350169884146883e-12,0.0,0.0
2,120,-6.082326931173065,3.0642702602270073e-15,2.350169884146883e-12,0.0,0.0
2,121,-6.082326931173065,3.0642702602270073e-15,2.350169884146883e-12,0.0,0.0
2,122,-6.082326931173065,3.0642702602270073e-15,2.350169884146883e-12,0.0,0.0
2,123,-6.082326931173065,3.0642702602270073e-15,2.350169884146883e-12,0.0,0.0
2,124,-6.082326931173065,3.0642702602270073e-15,2.350169884146883e-12,0.0,0.0
2,125,-6.082326931173065,3.0642702602270073e-15,2.350169884146883e-12,0.0,0.0
2,126,-6.082326931173065,3.0642702602270073e-15,2.350169884146883e-12,0.0,0.0
2,127,-6.082326931173065,3.0642702602270073e-15,2.350169884146883e-12,0.0,0.0
2,128,-6.082326931173065,3.0642702602270073e-15,2.350169884146883e-12,0.0,0.0
2,129,-6.082326931173065,3.0642702602270073e-15,2.350169884146883e-12,0.0,0.0
2,130,-6.082326931173065,3.0642702602270073e-15,2.350169884146883e-12,0.0,0.0
2,131,-6.082326931173065,3.0642702602270073e-15,2.350169884146883e-12,0.0,0.0
2,132,-6.082326931173065,3.0642702602270073e-15,2.350169884146883e-12,0.0,0.0
2,133,-6.082326931173065,3.0642702602270073e-15,2.350169884146883e-12,0.0,0.0
2,134,-6.082326931173065,3.0642702602270073e-15,2.350169884146883e-12,0.0,0.0
2,135,-6.082326931173065,3.0642702602270073e-15,2.350169884146883e-12,0.0,0.0
2,136,-6.082326931173065,3.0642702602270073e-15,2.350169884146883e-12,0.0,0.0
2,137,-6.082326931173065,3.0642702602270073e-15,2.350169884146883e-12,0.0,0.0
2,138,-6.082326931173065,3.0642702602270073e-15,2.350169884146883e-12,0.0,0.0
2,139,-6.082326931173065,3.0642702602270073e-15,2.350169884146883e-12,0.0,0.0
2,140,-6.082326931173065,3.0642702602270073e-15,2.350169884146883e-12,0.0,0.0
2,141,-6.082326931173065,3.0642702602270073e-15,2.350169884146883e-12,0.0,0.0
2,142,-6.082326931173065,3.0642702602270073e-15,2.350169884146883e-12,0.0,0.0
2,143,-6.082326931173065,3.0642702602270073e-15,2.350169884146883e-12,0.0,0.0
2,144,-6.082326931173065,3.0642702602270073e-15,2.350169884146883e-12,0.0,0.0
2,145,-6.082326931173065,3.0642702602270073e-15,2.350169884146883e-12,0.0,0.0
2,146,-6.082326931173065,3.0642702602270073e-15,2.350169884146883e-12,0.0,0.0
2,147,-6.082326931173065,3.0642702602270073e-15,2.350169884146883e-12,0.0,0.0
2,148,-6.082326931173065,3.0642702602270073e-15,2.350169884146883e-12,0.0,0.0
2,149,-6.082326931173065,3.0642702602270073e-15,2.350169884146883e-12,0.0,0.0
2,150,-6.082326931173065,3.0642702602270073e-15,2.350169884146883e-12,0.0,0.0
2,151,-6.082326931173065,3.0642702602270073e-15,2.350169884146883e-12,0.0,0.0
2,152,-6.082326931173065,3.0642702602270073e-15,2.350169884146883e-12,0.0,0.0
2,153,-6.082326931173065,3.0642702602270073e-15,2.350169884146883e-12,0.0,0.0
2,154,-6.082326931173065,3.0642702602270073e-15,2.350169884146883e-12,0.0,0.0
2,155,-6.082326931173065,3.0642702602270073e-15,2.350169884146883e-12,0.0,0.0
2,156,-6.082326931173065,3.0642702602270073e-15,2.350169884146883e-12,0.0,0.0
2,157,-6.082326931173065,3.0642702602270073e-15,2.350169884146883e-12,0.0,0.0
2,158,-6.082326931173065,3.0642702602270073e-15,2.350169884146883e-12,0.0,0.0
2,159,-6.082326931173065,3.0642702602270073e-15,2.350169884146883e-12,0.0,0.0
2,160,-6.082326931173065,3.0642702602270073e-15,2.350169884146883e-12,0.0,0.0
2,161,-6.082326931173065,3.0642702602270073e-15,2.350169884146883e-12,0.0,0.0
2,162,-6.082326931173065,3.0642702602270073e-15,2.350169884146883e-12,0.0,0.0
2,163,-6.082326931173065,3.0642702602270073e-15,2.350169884146883e-12,0.0,0.0
2,164,-6.082326931173065,3.0642702602270073e-15,2.350169884146883e-12,0.0,0.0
2,165,-6.082326931173065,3.0642702602270073e-15,2.350169884146883e-12,0.0,0.0
2,166,-6.082326931173065,3.0642702602270073e-15,2.350169884146883e-12,0.0,0.0
2,167,-6.082326931173065,3.0642702602270073e-15,2.350169884146883e-12,0.0,0.0
2,168,-6.082326931173065,3.0642702602270073e-15,2.350169884146883e-12,0.0,0.0
2,169,-6.082326931173065,3.0642702602270073e-15,2.350169884146883e-12,0.0,0.0
2,170,-6.082326931173065,3.0642702602270073e-15,2.350169884146883e-12,0.0,0.0
2,171,-6.082326931173065,3.0642702602270073e-15,2.350169884146883e-12,0.0,0.0
2,172,-6.082326931173065,3.0642702602270073e-15,2.350169884146883e-12,0.0,0.0
2,173,-6.082326931173065,3.0642702602270073e-15,2.350169884146883e-12,0.0,0.0
2,174,-6.082326931173065,3.0642702602270073e-15,2.350169884146883e-12,0.0,0.0
2,175,-6.082326931173065,3.0642702602270073e-15,2.350169884146883e-12,0.0,0.0
2,176,-6.082326931173065,3.0642702602270073e-15,2.350169884146883e-12,0.0,0.0
2,177,-6.082326931173065,3.0642702602270073e-15,2.350169884146883e-12,0.0,0.0
2,178,-6.082326931173065,3.0642702602270073e-15,2.350169884146883e-12,0.0,0.0
2,179,-6.082326931173065,3.0642702602270073e-15,2.350169884146883e-12,0.0,0.0
2,180,-6.082326931173065,3.0642702602270073e-15,2.350169884146883e-12,0.0,0.0
2,181,-6.082326931173065,3.0642702602270073e-15,2.350169884146883e-12,0.0,0.0
2,182,-6.082326931173065,3.0642702602270073e-15,2.350169884146883e-12,0.0,0.0
2,183,-6.082326931173065,3.0642702602270073e-15,2.350169884146883e-12,0.0,0.0
2,184,-6.082326931173065,3.0642702602270073e-15,2.350169884146883e-12,0.0,0.0
2,185,-6.082326931173065,3.0642702602270073e-15,2.350169884146883e-12,0.0,0.0
2,186,-6.082326931173065,3.0642702602270073e-15,2.350169884146883e-12,0.0,0.0
2,187,-6.082326931173065,3.0642702602270073e-15,2.350169884146883e-12,0.0,0.0
2,188,-6.082326931173065,3.0642702602270073e-15,2.350169884146883e-12,0.0,0.0
2,189,-6.082326931173065,3.0642702602270073e-15,2.350169884146883e-12,0.0,0.0
2,190,-6.082326931173065,3.0642702602270073e-15,2.350169884146883e-12,0.0,0.0
2,191,-6.082326931173065,3.0642702602270073e-15,2.350169884146883e-12,0.0,0.0
2,192,-6.082326931173065,3.0642702602270073e-15,2.350169884146883e-12,0.0,0.0
2,193,-6.082326931173065,3.0642702602270073e-15,2.350169884146883e-12,0.0,0.0
2,194,-6.082326931173065,3.0642702602270073e-15,2.350169884146883e-12,0.0,0.0
2,195,-6.082326931173065,3.0642702602270073e-15,2.350169884146883e-12,0.0,0.0
2,196,-6.082326931173065,3.0642702602270073e-15,2.350169884146883e-12,0.0,0.0
2,197,-6.082326931173065,3.0642702602270073e-15,2.350169884146883e-12,0.0,0.0
2,198,-6.082326931173065,3.0642702602270073e-15,2.350169884146883e-12,0.0,0.0
2,199,-6.082326931173065,3.0642702602270073e-15,2.350169884146883e-12,0.0,0.0
2,200,-6.082326931173065,3.0642702602270073e-15,2.350169884146883e-12,0.0,0.0
2,201,-6.082326931173065,3.0642702602270073e-15,2.350169884146883e-12,0.0,0.0
2,202,-6.082326931173065,3.0642702602270073e-15,2.350169884146883e-12,0.0,0.0
2,203,-6.082326931173065,3.0642702602270073e-15,2.350169884146883e-12,0.0,0.0
2,204,-6.082326931173065,3.0642702602270073e-15,2.350169884146883e-12,0.0,0.0
2,205,-6.082326931173065,3.0642702602270073e-15,2.350169884146883e-12,0.0,0.0
2,206,-6.082326931173065,3.0642702602270073e-15,2.350169884146883e-12,0.0,0.0
2,207,-6.082326931173065,3.0642702602270073e-15,2.350169884146883e-12,0.0,0.0
2,208,-6.082326931173065,3.0642702602270073e-15,2.350169884146883e-12,0.0,0.0
2,209,-6.082326931173065,3.0642702602270073e-15,2.350169884146883e-12,0.0,0.0
2,210,-6.082326931173065,3.0642702602270073e-15,2.350169884146883e-12,0.0,0.0
2,211,-6.082326931173065,3.0642702602270073e-15,2.350169884146883e-12,0.0,0.0
2,212,-6.082326931173065,3.0642702602270073e-15,2.350169884146883e-12,0.0,0.0
2,213,-6.082326931173065,3.0642702602270073e-15,2.350169884146883e-12,0.0,0.0
2,214,-6.082326931173065,3.0642702602270073e-15,2.350169884146883e-12,0.0,0.0
2,215,-6.082326931173065,3.0642702602270073e-15,2.350169884146883e-12,0.0,0.0
2,216,-6.082326931173065,3.0642702602270073e-15,2.350169884146883e-12,0.0,0.0
2,217,-6.082326931173065,3.0642702602270073e-15,2.350169884146883e-12,0.0,0.0
2,218,-6.082326931173065,3.0642702602270073e-15,2.350169884146883e-12,0.0,0.0
2,219,-6.082326931173065,3.0642702602270073e-15,2.350169884146883e-12,0.0,0.0
2,220,-6.082326931173065,3.0642702602270073e-15,2.350169884146883e-12,0.0,0.0
2,221,-6.082326931173065,3.0642702602270073e-15,2.350169884146883e-12,0.0,0.0
2,222,-6.082326931173065,3.0642702602270073e-15,2.350169884146883e-12,0.0,0.0
2,223,-6.082326931173065,3.0642702602270073e-15,2.350169884146883e-12,0.0,0.0
2,224,-6.082326931173065,3.0642702602270073e-15,2.350169884146883e-12,0.0,0.0
2,225,-6.082326931173065,3.0642702602270073e-15,2.350169884146883e-12,0.0,0.0
2,226,-6.082326931173065,3.0642702602270073e-15,2.350169884146883e-12,0.0,0.0
2,227,-6.082326931173065,3.0642702602270073e-15,2.350169884146883e-12,0.0,0.0
2,228,-6.082326931173065,3.0642702602270073e-15,2.350169884146883e-12,0.0,0.0
2,229,-6.082326931173065,3.0642702602270073e-15,2.350169884146883e-12,0.0,0.0
2,230,-6.082326931173065,3.0642702602270073e-15,2.350169884146883e-12,0.0,0.0
2,231,-6.082326931173065,3.0642702602270073e-15,2.350169884146883e-12,0.0,0.0
2,232,-6.082326931173065,3.0642702602270073e-15,2.350169884146883e-12,0.0,0.0
2,233,-6.082326931173065,3.0642702602270073e-15,2.350169884146883e-12,0.0,0.0
2,234,-6.082326931173065,3.0642702602270073e-15,2.350169884146883e-12,0.0,0.0
2,235,-6.082326931173065,3.0642702602270073e-15,2.350169884146883e-12,0.0,0.0
2,236,-6.082326931173065,3.0642702602270073e-15,2.350169884146883e-12,0.0,0.0
2,237,-6.082326931173065,3.0642702602270073e-15,2.350169884146883e-12,0.0,0.0
2,238,-6.082326931173065,3.0642702602270073e-15,2.350169884146883e-12,0.0,0.0
2,239,-6.082326931173065,3.0642702602270073e-15,2.350169884146883e-12,0.0,0.0
2,240,-6.082326931173065,3.0642702602270073e-15,2.350169884146883e-12,0.0,0.0
2,241,-6.082326931173065,3.0642702602270073e-15,2.350169884146883e-12,0.0,0.0
2,242,-6.082326931173065,3.0642702602270073e-15,2.350169884146883e-12,0.0,0.0
2,243,-6.082326931173065,3.0642702602270073e-15,2.350169884146883e-12,0.0,0.0
2,244,-6.082326931173065,3.0642702602270073e-15,2.350169884146883e-12,0.0,0.0
2,245,-6.082326931173065,3.0642702602270073e-15,2.350169884146883e-12,0.0,0.0
2,246,-6.082326931173065,3.0642702602270073e-15,2.350169884146883e-12,0.0,0.0
2,247,-6.082326931173065,3.0642702602270073e-15,2.350169884146883e-12,0.0,0.0
2,248,-6.082326931173065,3.0642702602270073e-15,2.350169884146883e-12,0.0,0.0
2,249,-6.082326931173065,3.0642702602270073e-15,2.350169884146883e-12,0.0,0.0
2,250,-6.082326931173065,3.0642702602270073e-15,2.350169884146883e-12,0.0,0.0
2,251,-6.082326931173065,3.0642702602270073e-15,2.350169884146883e-12,0.0,0.0
2,252,-6.082326931173065,3.0642702602270073e-15,2.350169884146883e-12,0.0,0.0
2,253,-6.082326931173065,3.0642702602270073e-15,2.350169884146883e-12,0.0,0.0
2,254,-6.082326931173065,3.0642702602270073e-15,2.350169884146883e-12,0.0,0.0
2,255,-6.082326931173065,3.0642702602270073e-15,2.350169884146883e-12,0.0,0.0
2,256,-6.082326931173065,3.0642702602270073e-15,2.350169884146883e-12,0.0,0.0
2,257,-6.082326931173065,3.0642702602270073e-15,2.350169884146883e-12,0.0,0.0
2,258,-6.082326931173065,3.0642702602270073e-15,2.350169884146883e-12,0.0,0.0
2,259,-6.082326931173065,3.0642702602270073e-15,2.350169884146883e-12,0.0,0.0
2,260,-6.082326931173065,3.0642702602270073e-15,2.350169884146883e-12,0.0,0.0
2,261,-6.082326931173065,3.0642702602270073e-15,2.350169884146883e-12,0.0,0.0
2,262,-6.082326931173065,3.0642702602270073e-15,2.350169884146883e-12,0.0,0.0
2,263,-6.082326931173065,3.0642702602270073e-15,2.350169884146883e-12,0.0,0.0
2,264,-6.082326931173065,3.0642702602270073e-15,2.350169884146883e-12,0.0,0.0
2,265,-6.082326931173065,3.0642702602270073e-15,2.350169884146883e-12,0.0,0.0
2,266,-6.082326931173065,3.0642702602270073e-15,2.350169884146883e-12,0.0,0.0
2,267,-6.082326931173065,3.0642702602270073e-15,2.350169884146883e-12,0.0,0.0
2,268,-6.082326931173065,3.0642702602270073e-15,2.350169884146883e-12,0.0,0.0
2,269,-6.082326931173065,3.0642702602270073e-15,2.350169884146883e-12,0.0,0.0
2,270,-6.082326931173065,3.0642702602270073e-15,2.350169884146883e-12,0.0,0.0
2,271,-6.082326931173065,3.0642702602270073e-15,2.350169884146883e-12,0.0,0.0
2,272,-6.082326931173065,3.0642702602270073e-15,2.350169884146883e-12,0.0,0.0
2,273,-6.082326931173065,3.0642702602270073e-15,2.350169884146883e-12,0.0,0.0
2,274,-6.082326931173065,3.0642702602270073e-15,2.350169884146883e-12,0.0,0.0
2,275,-6.082326931173065,3.0642702602270073e-15,2.350169884146883e-12,0.0,0.0
2,276,-6.082326931173065,3.0642702602270073e-15,2.350169884146883e-12,0.0,0.0
2,277,-6.082326931173065,3.0642702602270073e-15,2.350169884146883e-12,0.0,0.0
2,278,-6.082326931173065,3.0642702602270073e-15,2.350169884146883e-12,0.0,0.0
2,279,-6.082326931173065,3.0642702602270073e-15,2.350169884146883e-12,0.0,0.0
2,280,-6.082326931173065,3.0642702602270073e-15,2.350169884146883e-12,0.0,0.0
2,281,-6.082326931173065,3.0642702602270073e-15,2.350169884146883e-12,0.0,0.0
2,282,-6.082326931173065,3.0642702602270073e-15,2.350169884146883e-12,0.0,0.0
2,283,-6.082326931173065,3.0642702602270073e-15,2.350169884146883e-12,0.0,0.0
2,284,-6.082326931173065,3.0642702602270073e-15,2.350169884146883e-12,0.0,0.0
2,285,-6.082326931173065,3.0642702602270073e-15,2.350169884146883e-12,0.0,0.0
2,286,-6.082326931173065,3.0642702602270073e-15,2.350169884146883e-12,0.0,0.0
2,287,-6.082326931173065,3.0642702602270073e-15,2.350169884146883e-12,0.0,0.0
2,288,-6.082326931173065,3.0642702602270073e-15,2.350169884146883e-12,0.0,0.0
2,289,-6.082326931173065,3.0642702602270073e-15,2.350169884146883e-12,0.0,0.0
2,290,-6.082326931173065,3.0642702602270073e-15,2.350169884146883e-12,0.0,0.0
2,291,-6.082326931173065,3.0642702602270073e-15,2.350169884146883e-12,0.0,0.0
2,292,-6.082326931173065,3.0642702602270073e-15,2.350169884146883e-12,0.0,0.0
2,293,-6.082326931173065,3.0642702602270073e-15,2.350169884146883e-12,0.0,0.0
2,294,-6.082326931173065,3.0642702602270073e-15,2.350169884146883e-12,0.0,0.0
2,295,-6.082326931173065,3.0642702602270073e-15,2.350169884146883e-12,0.0,0.0
2,296,-6.082326931173065,3.0642702602270073e-15,2.350169884146883e-12,0.0,0.0
2,297,-6.082326931173065,3.0642702602270073e-15,2.350169884146883e-12,0.0,0.0
2,298,-6.082326931173065,3.0642702602270073e-15,2.350169884146883e-12,0.0,0.0
2,299,-6.082326931173065,3.0642702602270073e-15,2.350169884146883e-12,0.0,0.0
2,300,-6.082326931173065,3.0642702602270073e-15,2.350169884146883e-12,0.0,0.0
3,1,-5.905869194225519,0.23344700417532724,176.85406745716674,0.0006397833103889915,0.05449750375843524
3,2,-6.023885842719489,0.03754163987813571,28.440680722867825,0.0014705458453587257,0.025861271205866624
3,3,-6.0359606545215145,0.055770790534663585,42.25066492585708,0.006205337800469468,2.2069227028574243
3,4,-6.066867828881948,0.03515408180991229,26.63192178356542,0.007353689774350668,0.39731770395962485
3,5,-6.070538089851805,0.004150530564201582,3.144346250993434,0.0022361265772396404,0.0139397734131887
3,6,-6.070612949751784,0.004226939821564266,3.202232142498914,0.003277977475725374,1.0371579415592111
3,7,-6.072183339895831,8.045252569512909e-05,0.060948978362985476,0.06635546430359109,0.0003622657162919218
3,8,-6.072184173634454,2.020327271619373e-09,1.5305533555366533e-06,0.09732243346562301,6.306146954588397e-10
3,9,-6.072184173634454,6.818755368490123e-15,5.165731837822929e-12,0.0005862337510020662,1.1391128924291729e-11
3,10,-6.072184173634454,6.818755368490123e-15,5.165731837822929e-12,0.0,0.0
3,11,-6.072184173634454,6.818755368490123e-15,5.165731837822929e-12,0.0,0.0
3,12,-6.072184173634454,6.818755368490123e-15,5.165731837822929e-12,0.0,0.0
3,13,-6.072184173634454,6.818755368490123e-15,5.165731837822929e-12,0.0,0.0
3,14,-6.072184173634454,6.818755368490123e-15,5.165731837822929e-12,0.0,0.0
3,15,-6.072184173634454,6.818755368490123e-15,5.165731837822929e-12,0.0,0.0
3,16,-6.072184173634454,6.818755368490123e-15,5.165731837822929e-12,0.0,0.0
3,17,-6.072184173634454,6.818755368490123e-15,5.165731837822929e-12,0.0,0.0
3,18,-6.072184173634454,6.818755368490123e-15,5.165731837822929e-12,0.0,0.0
3,19,-6.072184173634454,6.818755368490123e-15,5.165731837822929e-12,0.0,0.0
3,20,-6.072184173634454,6.818755368490123e-15,5.165731837822929e-12,0.0,0.0
3,21,-6.072184173634454,6.818755368490123e-15,5.165731837822929e-12,0.0,0.0
3,22,-6.072184173634454,6.818755368490123e-15,5.165731837822929e-12,0.0,0.0
3,23,-6.072184173634454,6.818755368490123e-15,5.165731837822929e-12,0.0,0.0
3,24,-6.072184173634454,6.818755368490123e-15,5.165731837822929e-12,0.0,0.0
3,25,-6.072184173634454,6.818755368490123e-15,5.165731837822929e-12,0.0,0.0
3,26,-6.072184173634454,6.818755368490123e-15,5.165731837822929e-12,0.0,0.0
3,27,-6.072184173634454,6.818755368490123e-15,5.165731837822929e-12,0.0,0.0
3,28,-6.072184173634454,6.818755368490123e-15,5.165731837822929e-12,0.0,0.0
3,29,-6.072184173634454,6.818755368490123e-15,5.165731837822929e-12,0.0,0.0
3,30,-6.072184173634454,6.818755368490123e-15,5.165731837822929e-12,0.0,0.0
3,31,-6.072184173634454,6.818755368490123e-15,5.165731837822929e-12,0.0,0.0
3,32,-6.072184173634454,6.818755368490123e-15,5.165731837822929e-12,0.0,0.0
3,33,-6.072184173634454,6.818755368490123e-15,5.165731837822929e-12,0.0,0.0
3,34,-6.072184173634454,6.818755368490123e-15,5.165731837822929e-12,0.0,0.0
3,35,-6.072184173634454,6.818755368490123e-15,5.165731837822929e-12,0.0,0.0
3,36,-6.072184173634454,6.818755368490123e-15,5.165731837822929e-12,0.0,0.0
3,37,-6.072184173634454,6.818755368490123e-15,5.165731837822929e-12,0.0,0.0
3,38,-6.072184173634454,6.818755368490123e-15,5.165731837822929e-12,0.0,0.0
3,39,-6.072184173634454,6.818755368490123e-15,5.165731837822929e-12,0.0,0.0
3,40,-6.072184173634454,6.818755368490123e-15,5.165731837822929e-12,0.0,0.0
3,41,-6.072184173634454,6.818755368490123e-15,5.165731837822929e-12,0.0,0.0
3,42,-6.072184173634454,6.818755368490123e-15,5.165731837822929e-12,0.0,0.0
3,43,-6.072184173634454,6.818755368490123e-15,5.165731837822929e-12,0.0,0.0
3,44,-6.072184173634454,6.818755368490123e-15,5.165731837822929e-12,0.0,0.0
3,45,-6.072184173634454,6.818755368490123e-15,5.165731837822929e-12,0.0,0.0
3,46,-6.072184173634454,6.818755368490123e-15,5.165731837822929e-12,0.0,0.0
3,47,-6.072184173634454,6.818755368490123e-15,5.165731837822929e-12,0.0,0.0
3,48,-6.072184173634454,6.818755368490123e-15,5.165731837822929e-12,0.0,0.0
3,49,-6.072184173634454,6.818755368490123e-15,5.165731837822929e-12,0.0,0.0
3,50,-6.072184173634454,6.818755368490123e-15,5.165731837822929e-12,0.0,0.0
3,51,-6.072184173634454,6.818755368490123e-15,5.165731837822929e-12,0.0,0.0
3,52,-6.072184173634454,6.818755368490123e-15,5.165731837822929e-12,0.0,0.0
3,53,-6.072184173634454,6.818755368490123e-15,5.165731837822929e-12,0.0,0.0
3,54,-6.072184173634454,6.818755368490123e-15,5.165731837822929e-12,0.0,0.0
3,55,-6.072184173634454,6.818755368490123e-15,5.165731837822929e-12,0.0,0.0
3,56,-6.072184173634454,6.818755368490123e-15,5.165731837822929e-12,0.0,0.0
3,57,-6.072184173634454,6.818755368490123e-15,5.165731837822929e-12,0.0,0.0
3,58,-6.072184173634454,6.818755368490123e-15,5.165731837822929e-12,0.0,0.0
3,59,-6.072184173634454,6.818755368490123e-15,5.165731837822929e-12,0.0,0.0
3,60,-6.072184173634454,6.818755368490123e-15,5.165731837822929e-12,0.0,0.0
3,61,-6.072184173634454,6.818755368490123e-15,5.165731837822929e-12,0.0,0.0
3,62,-6.072184173634454,6.818755368490123e-15,5.165731837822929e-12,0.0,0.0
3,63,-6.072184173634454,6.818755368490123e-15,5.165731837822929e-12,0.0,0.0
3,64,-6.072184173634454,6.818755368490123e-15,5.165731837822929e-12,0.0,0.0
3,65,-6.072184173634454,6.818755368490123e-15,5.165731837822929e-12,0.0,0.0
3,66,-6.072184173634454,6.818755368490123e-15,5.165731837822929e-12,0.0,0.0
3,67,-6.072184173634454,6.818755368490123e-15,5.165731837822929e-12,0.0,0.0
3,68,-6.072184173634454,6.818755368490123e-15,5.165731837822929e-12,0.0,0.0
3,69,-6.072184173634454,6.818755368490123e-15,5.165731837822929e-12,0.0,0.0
3,70,-6.072184173634454,6.818755368490123e-15,5.165731837822929e-12,0.0,0.0
3,71,-6.072184173634454,6.818755368490123e-15,5.165731837822929e-12,0.0,0.0
3,72,-6.072184173634454,6.818755368490123e-15,5.165731837822929e-12,0.0,0.0
3,73,-6.072184173634454,6.818755368490123e-15,5.165731837822929e-12,0.0,0.0
3,74,-6.072184173634454,6.818755368490123e-15,5.165731837822929e-12,0.0,0.0
3,75,-6.072184173634454,6.818755368490123e-15,5.165731837822929e-12,0.0,0.0
3,76,-6.072184173634454,6.818755368490123e-15,5.165731837822929e-12,0.0,0.0
3,77,-6.072184173634454,6.818755368490123e-15,5.165731837822929e-12,0.0,0.0
3,78,-6.072184173634454,6.818755368490123e-15,5.165731837822929e-12,0.0,0.0
3,79,-6.072184173634454,6.818755368490123e-15,5.165731837822929e-12,0.0,0.0
3,80,-6.072184173634454,6.818755368490123e-15,5.165731837822929e-12,0.0,0.0
3,81,-6.072184173634454,6.818755368490123e-15,5.165731837822929e-12,0.0,0.0
3,82,-6.072184173634454,6.818755368490123e-15,5.165731837822929e-12,0.0,0.0
3,83,-6.072184173634454,6.818755368490123e-15,5.165731837822929e-12,0.0,0.0
3,84,-6.072184173634454,6.818755368490123e-15,5.165731837822929e-12,0.0,0.0
3,85,-6.072184173634454,6.818755368490123e-15,5.165731837822929e-12,0.0,0.0
3,86,-6.072184173634454,6.818755368490123e-15,5.165731837822929e-12,0.0,0.0
3,87,-6.072184173634454,6.818755368490123e-15,5.165731837822929e-12,0.0,0.0
3,88,-6.072184173634454,6.818755368490123e-15,5.165731837822929e-12,0.0,0.0
3,89,-6.072184173634454,6.818755368490123e-15,5.165731837822929e-12,0.0,0.0
3,90,-6.072184173634454,6.818755368490123e-15,5.165731837822929e-12,0.0,0.0
3,91,-6.072184173634454,6.818755368490123e-15,5.165731837822929e-12,0.0,0.0
3,92,-6.072184173634454,6.818755368490123e-15,5.165731837822929e-12,0.0,0.0
3,93,-6.072184173634454,6.818755368490123e-15,5.165731837822929e-12,0.0,0.0
3,94,-6.072184173634454,6.818755368490123e-15,5.165731837822929e-12,0.0,0.0
3,95,-6.072184173634454,6.818755368490123e-15,5.165731837822929e-12,0.0,0.0
3,96,-6.072184173634454,6.818755368490123e-15,5.165731837822929e-12,0.0,0.0
3,97,-6.072184173634454,6.818755368490123e-15,5.165731837822929e-12,0.0,0.0
3,98,-6.072184173634454,6.818755368490123e-15,5.165731837822929e-12,0.0,0.0
3,99,-6.072184173634454,6.818755368490123e-15,5.165731837822929e-12,0.0,0.0
3,100,-6.072184173634454,6.818755368490123e-15,5.165731837822929e-12,0.0,0.0
3,101,-6.072184173634454,6.818755368490123e-15,5.165731837822929e-12,0.0,0.0
3,102,-6.072184173634454,6.818755368490123e-15,5.165731837822929e-12,0.0,0.0
3,103,-6.072184173634454,6.818755368490123e-15,5.165731837822929e-12,0.0,0.0
3,104,-6.072184173634454,6.818755368490123e-15,5.165731837822929e-12,0.0,0.0
3,105,-6.072184173634454,6.818755368490123e-15,5.165731837822929e-12,0.0,0.0
3,106,-6.072184173634454,6.818755368490123e-15,5.165731837822929e-12,0.0,0.0
3,107,-6.072184173634454,6.818755368490123e-15,5.165731837822929e-12,0.0,0.0
3,108,-6.072184173634454,6.818755368490123e-15,5.165731837822929e-12,0.0,0.0
3,109,-6.072184173634454,6.818755368490123e-15,5.165731837822929e-12,0.0,0.0
3,110,-6.072184173634454,6.818755368490123e-15,5.165731837822929e-12,0.0,0.0
3,111,-6.072184173634454,6.818755368490123e-15,5.165731837822929e-12,0.0,0.0
3,112,-6.072184173634454,6.818755368490123e-15,5.165731837822929e-12,0.0,0.0
3,113,-6.072184173634454,6.818755368490123e-15,5.165731837822929e-12,0.0,0.0
3,114,-6.072184173634454,6.818755368490123e-15,5.165731837822929e-12,0.0,0.0
3,115,-6.072184173634454,6.818755368490123e-15,5.165731837822929e-12,0.0,0.0
3,116,-6.072184173634454,6.818755368490123e-15,5.165731837822929e-12,0.0,0.0
3,117,-6.072184173634454,6.818755368490123e-15,5.165731837822929e-12,0.0,0.0
3,118,-6.072184173634454,6.818755368490123e-15,5.165731837822929e-12,0.0,0.0
3,119,-6.072184173634454,6.818755368490123e-15,5.165731837822929e-12,0.0,0.0
3,120,-6.072184173634454,6.818755368490123e-15,5.165731837822929e-12,0.0,0.0
3,121,-6.072184173634454,6.818755368490123e-15,5.165731837822929e-12,0.0,0.0
3,122,-6.072184173634454,6.818755368490123e-15,5.165731837822929e-12,0.0,0.0
3,123,-6.072184173634454,6.818755368490123e-15,5.165731837822929e-12,0.0,0.0
3,124,-6.072184173634454,6.818755368490123e-15,5.165731837822929e-12,0.0,0.0
3,125,-6.072184173634454,6.818755368490123e-15,5.165731837822929e-12,0.0,0.0
3,126,-6.072184173634454,6.818755368490123e-15,5.165731837822929e-12,0.0,0.0
3,127,-6.072184173634454,6.818755368490123e-15,5.165731837822929e-12,0.0,0.0
3,128,-6.072184173634454,6.818755368490123e-15,5.165731837822929e-12,0.0,0.0
3,129,-6.072184173634454,6.818755368490123e-15,5.165731837822929e-12,0.0,0.0
3,130,-6.072184173634454,6.818755368490123e-15,5.165731837822929e-12,0.0,0.0
3,131,-6.072184173634454,6.818755368490123e-15,5.165731837822929e-12,0.0,0.0
3,132,-6.072184173634454,6.818755368490123e-15,5.165731837822929e-12,0.0,0.0
3,133,-6.072184173634454,6.818755368490123e-15,5.165731837822929e-12,0.0,0.0
3,134,-6.072184173634454,6.818755368490123e-15,5.165731837822929e-12,0.0,0.0
3,135,-6.072184173634454,6.818755368490123e-15,5.165731837822929e-12,0.0,0.0
3,136,-6.072184173634454,6.818755368490123e-15,5.165731837822929e-12,0.0,0.0
3,137,-6.072184173634454,6.818755368490123e-15,5.165731837822929e-12,0.0,0.0
3,138,-6.072184173634454,6.818755368490123e-15,5.165731837822929e-12,0.0,0.0
3,139,-6.072184173634454,6.818755368490123e-15,5.165731837822929e-12,0.0,0.0
3,140,-6.072184173634454,6.818755368490123e-15,5.165731837822929e-12,0.0,0.0
3,141,-6.072184173634454,6.818755368490123e-15,5.165731837822929e-12,0.0,0.0
3,142,-6.072184173634454,6.818755368490123e-15,5.165731837822929e-12,0.0,0.0
3,143,-6.072184173634454,6.818755368490123e-15,5.165731837822929e-12,0.0,0.0
3,144,-6.072184173634454,6.818755368490123e-15,5.165731837822929e-12,0.0,0.0
3,145,-6.072184173634454,6.818755368490123e-15,5.165731837822929e-12,0.0,0.0
3,146,-6.072184173634454,6.818755368490123e-15,5.165731837822929e-12,0.0,0.0
3,147,-6.072184173634454,6.818755368490123e-15,5.165731837822929e-12,0.0,0.0
3,148,-6.072184173634454,6.818755368490123e-15,5.165731837822929e-12,0.0,0.0
3,149,-6.072184173634454,6.818755368490123e-15,5.165731837822929e-12,0.0,0.0
3,150,-6.072184173634454,6.818755368490123e-15,5.165731837822929e-12,0.0,0.0
3,151,-6.072184173634454,6.818755368490123e-15,5.165731837822929e-12,0.0,0.0
3,152,-6.072184173634454,6.818755368490123e-15,5.165731837822929e-12,0.0,0.0
3,153,-6.072184173634454,6.818755368490123e-15,5.165731837822929e-12,0.0,0.0
3,154,-6.072184173634454,6.818755368490123e-15,5.165731837822929e-12,0.0,0.0
3,155,-6.072184173634454,6.818755368490123e-15,5.165731837822929e-12,0.0,0.0
3,156,-6.072184173634454,6.818755368490123e-15,5.165731837822929e-12,0.0,0.0
3,157,-6.072184173634454,6.818755368490123e-15,5.165731837822929e-12,0.0,0.0
3,158,-6.072184173634454,6.818755368490123e-15,5.165731837822929e-12,0.0,0.0
3,159,-6.072184173634454,6.818755368490123e-15,5.165731837822929e-12,0.0,0.0
3,160,-6.072184173634454,6.818755368490123e-15,5.165731837822929e-12,0.0,0.0
3,161,-6.072184173634454,6.818755368490123e-15,5.165731837822929e-12,0.0,0.0
3,162,-6.072184173634454,6.818755368490123e-15,5.165731837822929e-12,0.0,0.0
3,163,-6.072184173634454,6.818755368490123e-15,5.165731837822929e-12,0.0,0.0
3,164,-6.072184173634454,6.818755368490123e-15,5.165731837822929e-12,0.0,0.0
3,165,-6.072184173634454,6.818755368490123e-15,5.165731837822929e-12,0.0,0.0
3,166,-6.072184173634454,6.818755368490123e-15,5.165731837822929e-12,0.0,0.0
3,167,-6.072184173634454,6.818755368490123e-15,5.165731837822929e-12,0.0,0.0
3,168,-6.072184173634454,6.818755368490123e-15,5.165731837822929e-12,0.0,0.0
3,169,-6.072184173634454,6.818755368490123e-15,5.165731837822929e-12,0.0,0.0
3,170,-6.072184173634454,6.818755368490123e-15,5.165731837822929e-12,0.0,0.0
3,171,-6.072184173634454,6.818755368490123e-15,5.165731837822929e-12,0.0,0.0
3,172,-6.072184173634454,6.818755368490123e-15,5.165731837822929e-12,0.0,0.0
3,173,-6.072184173634454,6.818755368490123e-15,5.165731837822929e-12,0.0,0.0
3,174,-6.072184173634454,6.818755368490123e-15,5.165731837822929e-12,0.0,0.0
3,175,-6.072184173634454,6.818755368490123e-15,5.165731837822929e-12,0.0,0.0
3,176,-6.072184173634454,6.818755368490123e-15,5.165731837822929e-12,0.0,0.0
3,177,-6.072184173634454,6.818755368490123e-15,5.165731837822929e-12,0.0,0.0
3,178,-6.072184173634454,6.818755368490123e-15,5.165731837822929e-12,0.0,0.0
3,179,-6.072184173634454,6.818755368490123e-15,5.165731837822929e-12,0.0,0.0
3,180,-6.072184173634454,6.818755368490123e-15,5.165731837822929e-12,0.0,0.0
3,181,-6.072184173634454,6.818755368490123e-15,5.165731837822929e-12,0.0,0.0
3,182,-6.072184173634454,6.818755368490123e-15,5.165731837822929e-12,0.0,0.0
3,183,-6.072184173634454,6.818755368490123e-15,5.165731837822929e-12,0.0,0.0
3,184,-6.072184173634454,6.818755368490123e-15,5.165731837822929e-12,0.0,0.0
3,185,-6.072184173634454,6.818755368490123e-15,5.165731837822929e-12,0.0,0.0
3,186,-6.072184173634454,6.818755368490123e-15,5.165731837822929e-12,0.0,0.0
3,187,-6.072184173634454,6.818755368490123e-15,5.165731837822929e-12,0.0,0.0
3,188,-6.072184173634454,6.818755368490123e-15,5.165731837822929e-12,0.0,0.0
3,189,-6.072184173634454,6.818755368490123e-15,5.165731837822929e-12,0.0,0.0
3,190,-6.072184173634454,6.818755368490123e-15,5.165731837822929e-12,0.0,0.0
3,191,-6.072184173634454,6.818755368490123e-15,5.165731837822929e-12,0.0,0.0
3,192,-6.072184173634454,6.818755368490123e-15,5.165731837822929e-12,0.0,0.0
3,193,-6.072184173634454,6.818755368490123e-15,5.165731837822929e-12,0.0,0.0
3,194,-6.072184173634454,6.818755368490123e-15,5.165731837822929e-12,0.0,0.0
3,195,-6.072184173634454,6.818755368490123e-15,5.165731837822929e-12,0.0,0.0
3,196,-6.072184173634454,6.818755368490123e-15,5.165731837822929e-12,0.0,0.0
3,197,-6.072184173634454,6.818755368490123e-15,5.165731837822929e-12,0.0,0.0
3,198,-6.072184173634454,6.818755368490123e-15,5.165731837822929e-12,0.0,0.0
3,199,-6.072184173634454,6.818755368490123e-15,5.165731837822929e-12,0.0,0.0
3,200,-6.072184173634454,6.818755368490123e-15,5.165731837822929e-12,0.0,0.0
3,201,-6.072184173634454,6.818755368490123e-15,5.165731837822929e-12,0.0,0.0
3,202,-6.072184173634454,6.818755368490123e-15,5.165731837822929e-12,0.0,0.0
3,203,-6.072184173634454,6.818755368490123e-15,5.165731837822929e-12,0.0,0.0
3,204,-6.072184173634454,6.818755368490123e-15,5.165731837822929e-12,0.0,0.0
3,205,-6.072184173634454,6.818755368490123e-15,5.165731837822929e-12,0.0,0.0
3,206,-6.072184173634454,6.818755368490123e-15,5.165731837822929e-12,0.0,0.0
3,207,-6.072184173634454,6.818755368490123e-15,5.165731837822929e-12,0.0,0.0
3,208,-6.072184173634454,6.818755368490123e-15,5.165731837822929e-12,0.0,0.0
3,209,-6.072184173634454,6.818755368490123e-15,5.165731837822929e-12,0.0,0.0
3,210,-6.072184173634454,6.818755368490123e-15,5.165731837822929e-12,0.0,0.0
3,211,-6.072184173634454,6.818755368490123e-15,5.165731837822929e-12,0.0,0.0
3,212,-6.072184173634454,6.818755368490123e-15,5.165731837822929e-12,0.0,0.0
3,213,-6.072184173634454,6.818755368490123e-15,5.165731837822929e-12,0.0,0.0
3,214,-6.072184173634454,6.818755368490123e-15,5.165731837822929e-12,0.0,0.0
3,215,-6.072184173634454,6.818755368490123e-15,5.165731837822929e-12,0.0,0.0
3,216,-6.072184173634454,6.818755368490123e-15,5.165731837822929e-12,0.0,0.0
3,217,-6.072184173634454,6.818755368490123e-15,5.165731837822929e-12,0.0,0.0
3,218,-6.072184173634454,6.818755368490123e-15,5.165731837822929e-12,0.0,0.0
3,219,-6.072184173634454,6.818755368490123e-15,5.165731837822929e-12,0.0,0.0
3,220,-6.072184173634454,6.818755368490123e-15,5.165731837822929e-12,0.0,0.0
3,221,-6.072184173634454,6.818755368490123e-15,5.165731837822929e-12,0.0,0.0
3,222,-6.072184173634454,6.818755368490123e-15,5.165731837822929e-12,0.0,0.0
3,223,-6.072184173634454,6.818755368490123e-15,5.165731837822929e-12,0.0,0.0
3,224,-6.072184173634454,6.818755368490123e-15,5.165731837822929e-12,0.0,0.0
3,225,-6.072184173634454,6.818755368490123e-15,5.165731837822929e-12,0.0,0.0
3,226,-6.072184173634454,6.818755368490123e-15,5.165731837822929e-12,0.0,0.0
3,227,-6.072184173634454,6.818755368490123e-15,5.165731837822929e-12,0.0,0.0
3,228,-6.072184173634454,6.818755368490123e-15,5.165731837822929e-12,0.0,0.0
3,229,-6.072184173634454,6.818755368490123e-15,5.165731837822929e-12,0.0,0.0
3,230,-6.072184173634454,6.818755368490123e-15,5.165731837822929e-12,0.0,0.0
3,231,-6.072184173634454,6.818755368490123e-15,5.165731837822929e-12,0.0,0.0
3,232,-6.072184173634454,6.818755368490123e-15,5.165731837822929e-12,0.0,0.0
3,233,-6.072184173634454,6.818755368490123e-15,5.165731837822929e-12,0.0,0.0
3,234,-6.072184173634454,6.818755368490123e-15,5.165731837822929e-12,0.0,0.0
3,235,-6.072184173634454,6.818755368490123e-15,5.165731837822929e-12,0.0,0.0
3,236,-6.072184173634454,6.818755368490123e-15,5.165731837822929e-12,0.0,0.0
3,237,-6.072184173634454,6.818755368490123e-15,5.165731837822929e-12,0.0,0.0
3,238,-6.072184173634454,6.818755368490123e-15,5.165731837822929e-12,0.0,0.0
3,239,-6.072184173634454,6.818755368490123e-15,5.165731837822929e-12,0.0,0.0
3,240,-6.072184173634454,6.818755368490123e-15,5.165731837822929e-12,0.0,0.0
3,241,-6.072184173634454,6.818755368490123e-15,5.165731837822929e-12,0.0,0.0
3,242,-6.072184173634454,6.818755368490123e-15,5.165731837822929e-12,0.0,0.0
3,243,-6.072184173634454,6.818755368490123e-15,5.165731837822929e-12,0.0,0.0
3,244,-6.072184173634454,6.818755368490123e-15,5.165731837822929e-12,0.0,0.0
3,245,-6.072184173634454,6.818755368490123e-15,5.165731837822929e-12,0.0,0.0
3,246,-6.072184173634454,6.818755368490123e-15,5.165731837822929e-12,0.0,0.0
3,247,-6.072184173634454,6.818755368490123e-15,5.165731837822929e-12,0.0,0.0
3,248,-6.072184173634454,6.818755368490123e-15,5.165731837822929e-12,0.0,0.0
3,249,-6.072184173634454,6.818755368490123e-15,5.165731837822929e-12,0.0,0.0
3,250,-6.072184173634454,6.818755368490123e-15,5.165731837822929e-12,0.0,0.0
3,251,-6.072184173634454,6.818755368490123e-15,5.165731837822929e-12,0.0,0.0
3,252,-6.072184173634454,6.818755368490123e-15,5.165731837822929e-12,0.0,0.0
3,253,-6.072184173634454,6.818755368490123e-15,5.165731837822929e-12,0.0,0.0
3,254,-6.072184173634454,6.818755368490123e-15,5.165731837822929e-12,0.0,0.0
3,255,-6.072184173634454,6.818755368490123e-15,5.165731837822929e-12,0.0,0.0
3,256,-6.072184173634454,6.818755368490123e-15,5.165731837822929e-12,0.0,0.0
3,257,-6.072184173634454,6.818755368490123e-15,5.165731837822929e-12,0.0,0.0
3,258,-6.072184173634454,6.818755368490123e-15,5.165731837822929e-12,0.0,0.0
3,259,-6.072184173634454,6.818755368490123e-15,5.165731837822929e-12,0.0,0.0
3,260,-6.072184173634454,6.818755368490123e-15,5.165731837822929e-12,0.0,0.0
3,261,-6.072184173634454,6.818755368490123e-15,5.165731837822929e-12,0.0,0.0
3,262,-6.072184173634454,6.818755368490123e-15,5.165731837822929e-12,0.0,0.0
3,263,-6.072184173634454,6.818755368490123e-15,5.165731837822929e-12,0.0,0.0
3,264,-6.072184173634454,6.818755368490123e-15,5.165731837822929e-12,0.0,0.0
3,265,-6.072184173634454,6.818755368490123e-15,5.165731837822929e-12,0.0,0.0
3,266,-6.072184173634454,6.818755368490123e-15,5.165731837822929e-12,0.0,0.0
3,267,-6.072184173634454,6.818755368490123e-15,5.165731837822929e-12,0.0,0.0
3,268,-6.072184173634454,6.818755368490123e-15,5.165731837822929e-12,0.0,0.0
3,269,-6.072184173634454,6.818755368490123e-15,5.165731837822929e-12,0.0,0.0
3,270,-6.072184173634454,6.818755368490123e-15,5.165731837822929e-12,0.0,0.0
3,271,-6.072184173634454,6.818755368490123e-15,5.165731837822929e-12,0.0,0.0
3,272,-6.072184173634454,6.818755368490123e-15,5.165731837822929e-12,0.0,0.0
3,273,-6.072184173634454,6.818755368490123e-15,5.165731837822929e-12,0.0,0.0
3,274,-6.072184173634454,6.818755368490123e-15,5.165731837822929e-12,0.0,0.0
3,275,-6.072184173634454,6.818755368490123e-15,5.165731837822929e-12,0.0,0.0
3,276,-6.072184173634454,6.818755368490123e-15,5.165731837822929e-12,0.0,0.0
3,277,-6.072184173634454,6.818755368490123e-15,5.165731837822929e-12,0.0,0.0
3,278,-6.072184173634454,6.818755368490123e-15,5.165731837822929e-12,0.0,0.0
3,279,-6.072184173634454,6.818755368490123e-15,5.165731837822929e-12,0.0,0.0
3,280,-6.072184173634454,6.818755368490123e-15,5.165731837822929e-12,0.0,0.0
3,281,-6.072184173634454,6.818755368490123e-15,5.165731837822929e-12,0.0,0.0
3,282,-6.072184173634454,6.818755368490123e-15,5.165731837822929e-12,0.0,0.0
3,283,-6.072184173634454,6.818755368490123e-15,5.165731837822929e-12,0.0,0.0
3,284,-6.072184173634454,6.818755368490123e-15,5.165731837822929e-12,0.0,0.0
3,285,-6.072184173634454,6.818755368490123e-15,5.165731837822929e-12,0.0,0.0
3,286,-6.072184173634454,6.818755368490123e-15,5.165731837822929e-12,0.0,0.0
3,287,-6.072184173634454,6.818755368490123e-15,5.165731837822929e-12,0.0,0.0
3,288,-6.072184173634454,6.818755368490123e-15,5.165731837822929e-12,0.0,0.0
3,289,-6.072184173634454,6.818755368490123e-15,5.165731837822929e-12,0.0,0.0
3,290,-6.072184173634454,6.818755368490123e-15,5.165731837822929e-12,0.0,0.0
3,291,-6.072184173634454,6.818755368490123e-15,5.165731837822929e-12,0.0,0.0
3,292,-6.072184173634454,6.818755368490123e-15,5.165731837822929e-12,0.0,0.0
3,293,-6.072184173634454,6.818755368490123e-15,5.165731837822929e-12,0.0,0.0
3,294,-6.072184173634454,6.818755368490123e-15,5.165731837822929e-12,0.0,0.0
3,295,-6.072184173634454,6.818755368490123e-15,5.165731837822929e-12,0.0,0.0
3,296,-6.072184173634454,6.818755368490123e-15,5.165731837822929e-12,0.0,0.0
3,297,-6.072184173634454,6.818755368490123e-15,5.165731837822929e-12,0.0,0.0
3,298,-6.072184173634454,6.818755368490123e-15,5.165731837822929e-12,0.0,0.0
3,299,-6.072184173634454,6.818755368490123e-15,5.165731837822929e-12,0.0,0.0
3,300,-6.072184173634454,6.818755368490123e-15,5.165731837822929e-12,0.0,0.0
4,1,-5.891584398061443,0.2434123401831843,182.68742377501474,0.000642614431056714,0.059249567353454234
4,2,-6.0234503049944665,0.04398934807921286,33.015173627129705,0.0015287861747870577,0.03265952530742547
4,3,-6.035524134598746,0.050102127911160865,37.602977182044114,0.004602497247886435,1.297230918452913
4,4,-6.066691336111433,0.05158788807458032,38.718079630828655,0.00935908999344827,1.0601886611085094
4,5,-6.073476214618703,0.0038798148400264625,2.9119040444502127,0.0019584801735458026,0.005656222718997706
4,6,-6.073677967767776,0.008726638926250226,6.549574201750147,0.01033206714217593,5.05908544206884
4,7,-6.076863145553481,0.00021901037911264544,0.16437310413255105,0.032297150489650754,0.0006298474566762412
4,8,-6.076869770735693,2.200479488296463e-09,1.6515182775208163e-06,0.10682819333540997,1.0094975177298982e-10
4,9,-6.076869770735694,7.589199411507997e-15,5.695895647524917e-12,0.00058581232841657,1.1894803704253089e-11
4,10,-6.076869770735694,7.589199411507997e-15,5.695895647524917e-12,0.0,0.0
4,11,-6.076869770735694,7.589199411507997e-15,5.695895647524917e-12,0.0,0.0
4,12,-6.076869770735694,7.589199411507997e-15,5.695895647524917e-12,0.0,0.0
4,13,-6.076869770735694,7.589199411507997e-15,5.695895647524917e-12,0.0,0.0
4,14,-6.076869770735694,7.589199411507997e-15,5.695895647524917e-12,0.0,0.0
4,15,-6.076869770735694,7.589199411507997e-15,5.695895647524917e-12,0.0,0.0
4,16,-6.076869770735694,7.589199411507997e-15,5.695895647524917e-12,0.0,0.0
4,17,-6.076869770735694,7.589199411507997e-15,5.695895647524917e-12,0.0,0.0
4,18,-6.076869770735694,7.589199411507997e-15,5.695895647524917e-12,0.0,0.0
4,19,-6.076869770735694,7.589199411507997e-15,5.695895647524917e-12,0.0,0.0
4,20,-6.076869770735694,7.589199411507997e-15,5.695895647524917e-12,0.0,0.0
4,21,-6.076869770735694,7.589199411507997e-15,5.695895647524917e-12,0.0,0.0
4,22,-6.076869770735694,7.589199411507997e-15,5.695895647524917e-12,0.0,0.0
4,23,-6.076869770735694,7.589199411507997e-15,5.695895647524917e-12,0.0,0.0
4,24,-6.076869770735694,7.589199411507997e-15,5.695895647524917e-12,0.0,0.0
4,25,-6.076869770735694,7.589199411507997e-15,5.695895647524917e-12,0.0,0.0
4,26,-6.076869770735694,7.589199411507997e-15,5.695895647524917e-12,0.0,0.0
4,27,-6.076869770735694,7.589199411507997e-15,5.695895647524917e-12,0.0,0.0
4,28,-6.076869770735694,7.589199411507997e-15,5.695895647524917e-12,0.0,0.0
4,29,-6.076869770735694,7.589199411507997e-15,5.695895647524917e-12,0.0,0.0
4,30,-6.076869770735694,7.589199411507997e-15,5.695895647524917e-12,0.0,0.0
4,31,-6.076869770735694,7.589199411507997e-15,5.695895647524917e-12,0.0,0.0
4,32,-6.076869770735694,7.589199411507997e-15,5.695895647524917e-12,0.0,0.0
4,33,-6.076869770735694,7.589199411507997e-15,5.695895647524917e-12,0.0,0.0
4,34,-6.076869770735694,7.589199411507997e-15,5.695895647524917e-12,0.0,0.0
4,35,-6.076869770735694,7.589199411507997e-15,5.695895647524917e-12,0.0,0.0
4,36,-6.076869770735694,7.589199411507997e-15,5.695895647524917e-12,0.0,0.0
4,37,-6.076869770735694,7.589199411507997e-15,5.695895647524917e-12,0.0,0.0
4,38,-6.076869770735694,7.589199411507997e-15,5.695895647524917e-12,0.0,0.0
4,39,-6.076869770735694,7.589199411507997e-15,5.695895647524917e-12,0.0,0.0
4,40,-6.076869770735694,7.589199411507997e-15,5.695895647524917e-12,0.0,0.0
4,41,-6.076869770735694,7.589199411507997e-15,5.695895647524917e-12,0.0,0.0
4,42,-6.076869770735694,7.589199411507997e-15,5.695895647524917e-12,0.0,0.0
4,43,-6.076869770735694,7.589199411507997e-15,5.695895647524917e-12,0.0,0.0
4,44,-6.076869770735694,7.589199411507997e-15,5.695895647524917e-12,0.0,0.0
4,45,-6.076869770735694,7.589199411507997e-15,5.695895647524917e-12,0.0,0.0
4,46,-6.076869770735694,7.589199411507997e-15,5.695895647524917e-12,0.0,0.0
4,47,-6.076869770735694,7.589199411507997e-15,5.695895647524917e-12,0.0,0.0
4,48,-6.076869770735694,7.589199411507997e-15,5.695895647524917e-12,0.0,0.0
4,49,-6.076869770735694,7.589199411507997e-15,5.695895647524917e-12,0.0,0.0
4,50,-6.076869770735694,7.589199411507997e-15,5.695895647524917e-12,0.0,0.0
4,51,-6.076869770735694,7.589199411507997e-15,5.695895647524917e-12,0.0,0.0
4,52,-6.076869770735694,7.589199411507997e-15,5.695895647524917e-12,0.0,0.0
4,53,-6.076869770735694,7.589199411507997e-15,5.695895647524917e-12,0.0,0.0
4,54,-6.076869770735694,7.589199411507997e-15,5.695895647524917e-12,0.0,0.0
4,55,-6.076869770735694,7.589199411507997e-15,5.695895647524917e-12,0.0,0.0
4,56,-6.076869770735694,7.589199411507997e-15,5.695895647524917e-12,0.0,0.0
4,57,-6.076869770735694,7.589199411507997e-15,5.695895647524917e-12,0.0,0.0
4,58,-6.076869770735694,7.589199411507997e-15,5.695895647524917e-12,0.0,0.0
4,59,-6.076869770735694,7.589199411507997e-15,5.695895647524917e-12,0.0,0.0
4,60,-6.076869770735694,7.589199411507997e-15,5.695895647524917e-12,0.0,0.0
4,61,-6.076869770735694,7.589199411507997e-15,5.695895647524917e-12,0.0,0.0
4,62,-6.076869770735694,7.589199411507997e-15,5.695895647524917e-12,0.0,0.0
4,63,-6.076869770735694,7.589199411507997e-15,5.695895647524917e-12,0.0,0.0
4,64,-6.076869770735694,7.589199411507997e-15,5.695895647524917e-12,0.0,0.0
4,65,-6.076869770735694,7.589199411507997e-15,5.695895647524917e-12,0.0,0.0
4,66,-6.076869770735694,7.589199411507997e-15,5.695895647524917e-12,0.0,0.0
4,67,-6.076869770735694,7.589199411507997e-15,5.695895647524917e-12,0.0,0.0
4,68,-6.076869770735694,7.589199411507997e-15,5.695895647524917e-12,0.0,0.0
4,69,-6.076869770735694,7.589199411507997e-15,5.695895647524917e-12,0.0,0.0
4,70,-6.076869770735694,7.589199411507997e-15,5.695895647524917e-12,0.0,0.0
4,71,-6.076869770735694,7.589199411507997e-15,5.695895647524917e-12,0.0,0.0
4,72,-6.076869770735694,7.589199411507997e-15,5.695895647524917e-12,0.0,0.0
4,73,-6.076869770735694,7.589199411507997e-15,5.695895647524917e-12,0.0,0.0
4,74,-6.076869770735694,7.589199411507997e-15,5.695895647524917e-12,0.0,0.0
4,75,-6.076869770735694,7.589199411507997e-15,5.695895647524917e-12,0.0,0.0
4,76,-6.076869770735694,7.589199411507997e-15,5.695895647524917e-12,0.0,0.0
4,77,-6.076869770735694,7.589199411507997e-15,5.695895647524917e-12,0.0,0.0
4,78,-6.076869770735694,7.589199411507997e-15,5.695895647524917e-12,0.0,0.0
4,79,-6.076869770735694,7.589199411507997e-15,5.695895647524917e-12,0.0,0.0
4,80,-6.076869770735694,7.589199411507997e-15,5.695895647524917e-12,0.0,0.0
4,81,-6.076869770735694,7.589199411507997e-15,5.695895647524917e-12,0.0,0.0
4,82,-6.076869770735694,7.589199411507997e-15,5.695895647524917e-12,0.0,0.0
4,83,-6.076869770735694,7.589199411507997e-15,5.695895647524917e-12,0.0,0.0
4,84,-6.076869770735694,7.589199411507997e-15,5.695895647524917e-12,0.0,0.0
4,85,-6.076869770735694,7.589199411507997e-15,5.695895647524917e-12,0.0,0.0
4,86,-6.076869770735694,7.589199411507997e-15,5.695895647524917e-12,0.0,0.0
4,87,-6.076869770735694,7.589199411507997e-15,5.695895647524917e-12,0.0,0.0
4,88,-6.076869770735694,7.589199411507997e-15,5.695895647524917e-12,0.0,0.0
4,89,-6.076869770735694,7.589199411507997e-15,5.695895647524917e-12,0.0,0.0
4,90,-6.076869770735694,7.589199411507997e-15,5.695895647524917e-12,0.0,0.0
4,91,-6.076869770735694,7.589199411507997e-15,5.695895647524917e-12,0.0,0.0
4,92,-6.076869770735694,7.589199411507997e-15,5.695895647524917e-12,0.0,0.0
4,93,-6.076869770735694,7.589199411507997e-15,5.695895647524917e-12,0.0,0.0
4,94,-6.076869770735694,7.589199411507997e-15,5.695895647524917e-12,0.0,0.0
4,95,-6.076869770735694,7.589199411507997e-15,5.695895647524917e-12,0.0,0.0
4,96,-6.076869770735694,7.589199411507997e-15,5.695895647524917e-12,0.0,0.0
4,97,-6.076869770735694,7.589199411507997e-15,5.695895647524917e-12,0.0,0.0
4,98,-6.076869770735694,7.589199411507997e-15,5.695895647524917e-12,0.0,0.0
4,99,-6.076869770735694,7.589199411507997e-15,5.695895647524917e-12,0.0,0.0
4,100,-6.076869770735694,7.589199411507997e-15,5.695895647524917e-12,0.0,0.0
4,101,-6.076869770735694,7.589199411507997e-15,5.695895647524917e-12,0.0,0.0
4,102,-6.076869770735694,7.589199411507997e-15,5.695895647524917e-12,0.0,0.0
4,103,-6.076869770735694,7.589199411507997e-15,5.695895647524917e-12,0.0,0.0
4,104,-6.076869770735694,7.589199411507997e-15,5.695895647524917e-12,0.0,0.0
4,105,-6.076869770735694,7.589199411507997e-15,5.695895647524917e-12,0.0,0.0
4,106,-6.076869770735694,7.589199411507997e-15,5.695895647524917e-12,0.0,0.0
4,107,-6.076869770735694,7.589199411507997e-15,5.695895647524917e-12,0.0,0.0
4,108,-6.076869770735694,7.589199411507997e-15,5.695895647524917e-12,0.0,0.0
4,109,-6.076869770735694,7.589199411507997e-15,5.695895647524917e-12,0.0,0.0
4,110,-6.076869770735694,7.589199411507997e-15,5.695895647524917e-12,0.0,0.0
4,111,-6.076869770735694,7.589199411507997e-15,5.695895647524917e-12,0.0,0.0
4,112,-6.076869770735694,7.589199411507997e-15,5.695895647524917e-12,0.0,0.0
4,113,-6.076869770735694,7.589199411507997e-15,5.695895647524917e-12,0.0,0.0
4,114,-6.076869770735694,7.589199411507997e-15,5.695895647524917e-12,0.0,0.0
4,115,-6.076869770735694,7.589199411507997e-15,5.695895647524917e-12,0.0,0.0
4,116,-6.076869770735694,7.589199411507997e-15,5.695895647524917e-12,0.0,0.0
4,117,-6.076869770735694,7.589199411507997e-15,5.695895647524917e-12,0.0,0.0
4,118,-6.076869770735694,7.589199411507997e-15,5.695895647524917e-12,0.0,0.0
4,119,-6.076869770735694,7.589199411507997e-15,5.695895647524917e-12,0.0,0.0
4,120,-6.076869770735694,7.589199411507997e-15,5.695895647524917e-12,0.0,0.0
4,121,-6.076869770735694,7.589199411507997e-15,5.695895647524917e-12,0.0,0.0
4,122,-6.076869770735694,7.589199411507997e-15,5.695895647524917e-12,0.0,0.0
4,123,-6.076869770735694,7.589199411507997e-15,5.695895647524917e-12,0.0,0.0
4,124,-6.076869770735694,7.589199411507997e-15,5.695895647524917e-12,0.0,0.0
4,125,-6.076869770735694,7.589199411507997e-15,5.695895647524917e-12,0.0,0.0
4,126,-6.076869770735694,7.589199411507997e-15,5.695895647524917e-12,0.0,0.0
4,127,-6.076869770735694,7.589199411507997e-15,5.695895647524917e-12,0.0,0.0
4,128,-6.076869770735694,7.589199411507997e-15,5.695895647524917e-12,0.0,0.0
4,129,-6.076869770735694,7.589199411507997e-15,5.695895647524917e-12,0.0,0.0
4,130,-6.076869770735694,7.589199411507997e-15,5.695895647524917e-12,0.0,0.0
4,131,-6.076869770735694,7.589199411507997e-15,5.695895647524917e-12,0.0,0.0
4,132,-6.076869770735694,7.589199411507997e-15,5.695895647524917e-12,0.0,0.0
4,133,-6.076869770735694,7.589199411507997e-15,5.695895647524917e-12,0.0,0.0
4,134,-6.076869770735694,7.589199411507997e-15,5.695895647524917e-12,0.0,0.0
4,135,-6.076869770735694,7.589199411507997e-15,5.695895647524917e-12,0.0,0.0
4,136,-6.076869770735694,7.589199411507997e-15,5.695895647524917e-12,0.0,0.0
4,137,-6.076869770735694,7.589199411507997e-15,5.695895647524917e-12,0.0,0.0
4,138,-6.076869770735694,7.589199411507997e-15,5.695895647524917e-12,0.0,0.0
4,139,-6.076869770735694,7.589199411507997e-15,5.695895647524917e-12,0.0,0.0
4,140,-6.076869770735694,7.589199411507997e-15,5.695895647524917e-12,0.0,0.0
4,141,-6.076869770735694,7.589199411507997e-15,5.695895647524917e-12,0.0,0.0
4,142,-6.076869770735694,7.589199411507997e-15,5.695895647524917e-12,0.0,0.0
4,143,-6.076869770735694,7.589199411507997e-15,5.695895647524917e-12,0.0,0.0
4,144,-6.076869770735694,7.589199411507997e-15,5.695895647524917e-12,0.0,0.0
4,145,-6.076869770735694,7.589199411507997e-15,5.695895647524917e-12,0.0,0.0
4,146,-6.076869770735694,7.589199411507997e-15,5.695895647524917e-12,0.0,0.0
4,147,-6.076869770735694,7.589199411507997e-15,5.695895647524917e-12,0.0,0.0
4,148,-6.076869770735694,7.589199411507997e-15,5.695895647524917e-12,0.0,0.0
4,149,-6.076869770735694,7.589199411507997e-15,5.695895647524917e-12,0.0,0.0
4,150,-6.076869770735694,7.589199411507997e-15,5.695895647524917e-12,0.0,0.0
4,151,-6.076869770735694,7.589199411507997e-15,5.695895647524917e-12,0.0,0.0
4,152,-6.076869770735694,7.589199411507997e-15,5.695895647524917e-12,0.0,0.0
4,153,-6.076869770735694,7.589199411507997e-15,5.695895647524917e-12,0.0,0.0
4,154,-6.076869770735694,7.589199411507997e-15,5.695895647524917e-12,0.0,0.0
4,155,-6.076869770735694,7.589199411507997e-15,5.695895647524917e-12,0.0,0.0
4,156,-6.076869770735694,7.589199411507997e-15,5.695895647524917e-12,0.0,0.0
4,157,-6.076869770735694,7.589199411507997e-15,5.695895647524917e-12,0.0,0.0
4,158,-6.076869770735694,7.589199411507997e-15,5.695895647524917e-12,0.0,0.0
4,159,-6.076869770735694,7.589199411507997e-15,5.695895647524917e-12,0.0,0.0
4,160,-6.076869770735694,7.589199411507997e-15,5.695895647524917e-12,0.0,0.0
4,161,-6.076869770735694,7.589199411507997e-15,5.695895647524917e-12,0.0,0.0
4,162,-6.076869770735694,7.589199411507997e-15,5.695895647524917e-12,0.0,0.0
4,163,-6.076869770735694,7.589199411507997e-15,5.695895647524917e-12,0.0,0.0
4,164,-6.076869770735694,7.589199411507997e-15,5.695895647524917e-12,0.0,0.0
4,165,-6.076869770735694,7.589199411507997e-15,5.695895647524917e-12,0.0,0.0
4,166,-6.076869770735694,7.589199411507997e-15,5.695895647524917e-12,0.0,0.0
4,167,-6.076869770735694,7.589199411507997e-15,5.695895647524917e-12,0.0,0.0
4,168,-6.076869770735694,7.589199411507997e-15,5.695895647524917e-12,0.0,0.0
4,169,-6.076869770735694,7.589199411507997e-15,5.695895647524917e-12,0.0,0.0
4,170,-6.076869770735694,7.589199411507997e-15,5.695895647524917e-12,0.0,0.0
4,171,-6.076869770735694,7.589199411507997e-15,5.695895647524917e-12,0.0,0.0
4,172,-6.076869770735694,7.589199411507997e-15,5.695895647524917e-12,0.0,0.0
4,173,-6.076869770735694,7.589199411507997e-15,5.695895647524917e-12,0.0,0.0
4,174,-6.076869770735694,7.589199411507997e-15,5.695895647524917e-12,0.0,0.0
4,175,-6.076869770735694,7.589199411507997e-15,5.695895647524917e-12,0.0,0.0
4,176,-6.076869770735694,7.589199411507997e-15,5.695895647524917e-12,0.0,0.0
4,177,-6.076869770735694,7.589199411507997e-15,5.695895647524917e-12,0.0,0.0
4,178,-6.076869770735694,7.589199411507997e-15,5.695895647524917e-12,0.0,0.0
4,179,-6.076869770735694,7.589199411507997e-15,5.695895647524917e-12,0.0,0.0
4,180,-6.076869770735694,7.589199411507997e-15,5.695895647524917e-12,0.0,0.0
4,181,-6.076869770735694,7.589199411507997e-15,5.695895647524917e-12,0.0,0.0
4,182,-6.076869770735694,7.589199411507997e-15,5.695895647524917e-12,0.0,0.0
4,183,-6.076869770735694,7.589199411507997e-15,5.695895647524917e-12,0.0,0.0
4,184,-6.076869770735694,7.589199411507997e-15,5.695895647524917e-12,0.0,0.0
4,185,-6.076869770735694,7.589199411507997e-15,5.695895647524917e-12,0.0,0.0
4,186,-6.076869770735694,7.589199411507997e-15,5.695895647524917e-12,0.0,0.0
4,187,-6.076869770735694,7.589199411507997e-15,5.695895647524917e-12,0.0,0.0
4,188,-6.076869770735694,7.589199411507997e-15,5.695895647524917e-12,0.0,0.0
4,189,-6.076869770735694,7.589199411507997e-15,5.695895647524917e-12,0.0,0.0
4,190,-6.076869770735694,7.589199411507997e-15,5.695895647524917e-12,0.0,0.0
4,191,-6.076869770735694,7.589199411507997e-15,5.695895647524917e-12,0.0,0.0
4,192,-6.076869770735694,7.589199411507997e-15,5.695895647524917e-12,0.0,0.0
4,193,-6.076869770735694,7.589199411507997e-15,5.695895647524917e-12,0.0,0.0
4,194,-6.076869770735694,7.589199411507997e-15,5.695895647524917e-12,0.0,0.0
4,195,-6.076869770735694,7.589199411507997e-15,5.695895647524917e-12,0.0,0.0
4,196,-6.076869770735694,7.589199411507997e-15,5.695895647524917e-12,0.0,0.0
4,197,-6.076869770735694,7.589199411507997e-15,5.695895647524917e-12,0.0,0.0
4,198,-6.076869770735694,7.589199411507997e-15,5.695895647524917e-12,0.0,0.0
4,199,-6.076869770735694,7.589199411507997e-15,5.695895647524917e-12,0.0,0.0
4,200,-6.076869770735694,7.589199411507997e-15,5.695895647524917e-12,0.0,0.0
4,201,-6.076869770735694,7.589199411507997e-15,5.695895647524917e-12,0.0,0.0
4,202,-6.076869770735694,7.589199411507997e-15,5.695895647524917e-12,0.0,0.0
4,203,-6.076869770735694,7.589199411507997e-15,5.695895647524917e-12,0.0,0.0
4,204,-6.076869770735694,7.589199411507997e-15,5.695895647524917e-12,0.0,0.0
4,205,-6.076869770735694,7.589199411507997e-15,5.695895647524917e-12,0.0,0.0
4,206,-6.076869770735694,7.589199411507997e-15,5.695895647524917e-12,0.0,0.0
4,207,-6.076869770735694,7.589199411507997e-15,5.695895647524917e-12,0.0,0.0
4,208,-6.076869770735694,7.589199411507997e-15,5.695895647524917e-12,0.0,0.0
4,209,-6.076869770735694,7.589199411507997e-15,5.695895647524917e-12,0.0,0.0
4,210,-6.076869770735694,7.589199411507997e-15,5.695895647524917e-12,0.0,0.0
4,211,-6.076869770735694,7.589199411507997e-15,5.695895647524917e-12,0.0,0.0
4,212,-6.076869770735694,7.589199411507997e-15,5.695895647524917e-12,0.0,0.0
4,213,-6.076869770735694,7.589199411507997e-15,5.695895647524917e-12,0.0,0.0
4,214,-6.076869770735694,7.589199411507997e-15,5.695895647524917e-12,0.0,0.0
4,215,-6.076869770735694,7.589199411507997e-15,5.695895647524917e-12,0.0,0.0
4,216,-6.076869770735694,7.589199411507997e-15,5.695895647524917e-12,0.0,0.0
4,217,-6.076869770735694,7.589199411507997e-15,5.695895647524917e-12,0.0,0.0
4,218,-6.076869770735694,7.589199411507997e-15,5.695895647524917e-12,0.0,0.0
4,219,-6.076869770735694,7.589199411507997e-15,5.695895647524917e-12,0.0,0.0
4,220,-6.076869770735694,7.589199411507997e-15,5.695895647524917e-12,0.0,0.0
4,221,-6.076869770735694,7.589199411507997e-15,5.695895647524917e-12,0.0,0.0
4,222,-6.076869770735694,7.589199411507997e-15,5.695895647524917e-12,0.0,0.0
4,223,-6.076869770735694,7.589199411507997e-15,5.695895647524917e-12,0.0,0.0
4,224,-6.076869770735694,7.589199411507997e-15,5.695895647524917e-12,0.0,0.0
4,225,-6.076869770735694,7.589199411507997e-15,5.695895647524917e-12,0.0,0.0
4,226,-6.076869770735694,7.589199411507997e-15,5.695895647524917e-12,0.0,0.0
4,227,-6.076869770735694,7.589199411507997e-15,5.695895647524917e-12,0.0,0.0
4,228,-6.076869770735694,7.589199411507997e-15,5.695895647524917e-12,0.0,0.0
4,229,-6.076869770735694,7.589199411507997e-15,5.695895647524917e-12,0.0,0.0
4,230,-6.076869770735694,7.589199411507997e-15,5.695895647524917e-12,0.0,0.0
4,231,-6.076869770735694,7.589199411507997e-15,5.695895647524917e-12,0.0,0.0
4,232,-6.076869770735694,7.589199411507997e-15,5.695895647524917e-12,0.0,0.0
4,233,-6.076869770735694,7.589199411507997e-15,5.695895647524917e-12,0.0,0.0
4,234,-6.076869770735694,7.589199411507997e-15,5.695895647524917e-12,0.0,0.0
4,235,-6.076869770735694,7.589199411507997e-15,5.695895647524917e-12,0.0,0.0
4,236,-6.076869770735694,7.589199411507997e-15,5.695895647524917e-12,0.0,0.0
4,237,-6.076869770735694,7.589199411507997e-15,5.695895647524917e-12,0.0,0.0
4,238,-6.076869770735694,7.589199411507997e-15,5.695895647524917e-12,0.0,0.0
4,239,-6.076869770735694,7.589199411507997e-15,5.695895647524917e-12,0.0,0.0
4,240,-6.076869770735694,7.589199411507997e-15,5.695895647524917e-12,0.0,0.0
4,241,-6.076869770735694,7.589199411507997e-15,5.695895647524917e-12,0.0,0.0
4,242,-6.076869770735694,7.589199411507997e-15,5.695895647524917e-12,0.0,0.0
4,243,-6.076869770735694,7.589199411507997e-15,5.695895647524917e-12,0.0,0.0
4,244,-6.076869770735694,7.589199411507997e-15,5.695895647524917e-12,0.0,0.0
4,245,-6.076869770735694,7.589199411507997e-15,5.695895647524917e-12,0.0,0.0
4,246,-6.076869770735694,7.589199411507997e-15,5.695895647524917e-12,0.0,0.0
4,247,-6.076869770735694,7.589199411507997e-15,5.695895647524917e-12,0.0,0.0
4,248,-6.076869770735694,7.589199411507997e-15,5.695895647524917e-12,0.0,0.0
4,249,-6.076869770735694,7.589199411507997e-15,5.695895647524917e-12,0.0,0.0
4,250,-6.076869770735694,7.589199411507997e-15,5.695895647524917e-12,0.0,0.0
4,251,-6.076869770735694,7.589199411507997e-15,5.695895647524917e-12,0.0,0.0
4,252,-6.076869770735694,7.589199411507997e-15,5.695895647524917e-12,0.0,0.0
4,253,-6.076869770735694,7.589199411507997e-15,5.695895647524917e-12,0.0,0.0
4,254,-6.076869770735694,7.589199411507997e-15,5.695895647524917e-12,0.0,0.0
4,255,-6.076869770735694,7.589199411507997e-15,5.695895647524917e-12,0.0,0.0
4,256,-6.076869770735694,7.589199411507997e-15,5.695895647524917e-12,0.0,0.0
4,257,-6.076869770735694,7.589199411507997e-15,5.695895647524917e-12,0.0,0.0
4,258,-6.076869770735694,7.589199411507997e-15,5.695895647524917e-12,0.0,0.0
4,259,-6.076869770735694,7.589199411507997e-15,5.695895647524917e-12,0.0,0.0
4,260,-6.076869770735694,7.589199411507997e-15,5.695895647524917e-12,0.0,0.0
4,261,-6.076869770735694,7.589199411507997e-15,5.695895647524917e-12,0.0,0.0
4,262,-6.076869770735694,7.589199411507997e-15,5.695895647524917e-12,0.0,0.0
4,263,-6.076869770735694,7.589199411507997e-15,5.695895647524917e-12,0.0,0.0
4,264,-6.076869770735694,7.589199411507997e-15,5.695895647524917e-12,0.0,0.0
4,265,-6.076869770735694,7.589199411507997e-15,5.695895647524917e-12,0.0,0.0
4,266,-6.076869770735694,7.589199411507997e-15,5.695895647524917e-12,0.0,0.0
4,267,-6.076869770735694,7.589199411507997e-15,5.695895647524917e-12,0.0,0.0
4,268,-6.076869770735694,7.589199411507997e-15,5.695895647524917e-12,0.0,0.0
4,269,-6.076869770735694,7.589199411507997e-15,5.695895647524917e-12,0.0,0.0
4,270,-6.076869770735694,7.589199411507997e-15,5.695895647524917e-12,0.0,0.0
4,271,-6.076869770735694,7.589199411507997e-15,5.695895647524917e-12,0.0,0.0
4,272,-6.076869770735694,7.589199411507997e-15,5.695895647524917e-12,0.0,0.0
4,273,-6.076869770735694,7.589199411507997e-15,5.695895647524917e-12,0.0,0.0
4,274,-6.076869770735694,7.589199411507997e-15,5.695895647524917e-12,0.0,0.0
4,275,-6.076869770735694,7.589199411507997e-15,5.695895647524917e-12,0.0,0.0
4,276,-6.076869770735694,7.589199411507997e-15,5.695895647524917e-12,0.0,0.0
4,277,-6.076869770735694,7.589199411507997e-15,5.695895647524917e-12,0.0,0.0
4,278,-6.076869770735694,7.589199411507997e-15,5.695895647524917e-12,0.0,0.0
4,279,-6.076869770735694,7.589199411507997e-15,5.695895647524917e-12,0.0,0.0
4,280,-6.076869770735694,7.589199411507997e-15,5.695895647524917e-12,0.0,0.0
4,281,-6.076869770735694,7.589199411507997e-15,5.695895647524917e-12,0.0,0.0
4,282,-6.076869770735694,7.589199411507997e-15,5.695895647524917e-12,0.0,0.0
4,283,-6.076869770735694,7.589199411507997e-15,5.695895647524917e-12,0.0,0.0
4,284,-6.076869770735694,7.589199411507997e-15,5.695895647524917e-12,0.0,0.0
4,285,-6.076869770735694,7.589199411507997e-15,5.695895647524917e-12,0.0,0.0
4,286,-6.076869770735694,7.589199411507997e-15,5.695895647524917e-12,0.0,0.0
4,287,-6.076869770735694,7.589199411507997e-15,5.695895647524917e-12,0.0,0.0
4,288,-6.076869770735694,7.589199411507997e-15,5.695895647524917e-12,0.0,0.0
4,289,-6.076869770735694,7.589199411507997e-15,5.695895647524917e-12,0.0,0.0
4,290,-6.076869770735694,7.589199411507997e-15,5.695895647524917e-12,0.0,0.0
4,291,-6.076869770735694,7.589199411507997e-15,5.695895647524917e-12,0.0,0.0
4,292,-6.076869770735694,7.589199411507997e-15,5.695895647524917e-12,0.0,0.0
4,293,-6.076869770735694,7.589199411507997e-15,5.695895647524917e-12,0.0,0.0
4,294,-6.076869770735694,7.589199411507997e-15,5.695895647524917e-12,0.0,0.0
4,295,-6.076869770735694,7.589199411507997e-15,5.695895647524917e-12,0.0,0.0
4,296,-6.076869770735694,7.589199411507997e-15,5.695895647524917e-12,0.0,0.0
4,297,-6.076869770735694,7.589199411507997e-15,5.695895647524917e-12,0.0,0.0
4,298,-6.076869770735694,7.589199411507997e-15,5.695895647524917e-12,0.0,0.0
4,299,-6.076869770735694,7.589199411507997e-15,5.695895647524917e-12,0.0,0.0
4,300,-6.076869770735694,7.589199411507997e-15,5.695895647524917e-12,0.0,0.0
5,1,-5.900672449410209,0.23752031598777087,180.1566094210847,0.0006349369617550813,0.05641590050693054
5,2,-6.031771047959952,0.037315934702673074,28.303735810785565,0.001576542905751077,0.024682385111677845
5,3,-6.042465312193468,0.05393149986561144,40.90646358555069,0.005589237554961319,2.0887975429570496
5,4,-6.07236171267035,0.042464816602527156,32.20910744827978,0.007634005482455093,0.6199740456067612
5,5,-6.077581335194386,0.005769782685545742,4.376318216829587,0.002187806053993716,0.018461220376151433
5,6,-6.0792329023899825,0.02269754615263166,17.21584505321743,0.03762679098332632,15.475293822348853
5,7,-6.0824728696660335,0.0009195939053763844,0.6975021035481995,0.00478150899317783,0.0016414753031046192
5,8,-6.08256552422135,2.0244826551787653e-09,1.5355483570827673e-06,0.08344114522107778,4.8465863179644405e-12
5,9,-6.08256552422135,5.227777325992308e-15,3.965212971119868e-12,0.0005824909384257855,6.66816044516692e-12
5,10,-6.08256552422135,5.227777325992308e-15,3.965212971119868e-12,0.0,0.0
5,11,-6.08256552422135,5.227777325992308e-15,3.965212971119868e-12,0.0,0.0
5,12,-6.08256552422135,5.227777325992308e-15,3.965212971119868e-12,0.0,0.0
5,13,-6.08256552422135,5.227777325992308e-15,3.965212971119868e-12,0.0,0.0
5,14,-6.08256552422135,5.227777325992308e-15,3.965212971119868e-12,0.0,0.0
5,15,-6.08256552422135,5.227777325992308e-15,3.965212971119868e-12,0.0,0.0
5,16,-6.08256552422135,5.227777325992308e-15,3.965212971119868e-12,0.0,0.0
5,17,-6.08256552422135,5.227777325992308e-15,3.965212971119868e-12,0.0,0.0
5,18,-6.08256552422135,5.227777325992308e-15,3.965212971119868e-12,0.0,0.0
5,19,-6.08256552422135,5.227777325992308e-15,3.965212971119868e-12,0.0,0.0
5,20,-6.08256552422135,5.227777325992308e-15,3.965212971119868e-12,0.0,0.0
5,21,-6.08256552422135,5.227777325992308e-15,3.965212971119868e-12,0.0,0.0
5,22,-6.08256552422135,5.227777325992308e-15,3.965212971119868e-12,0.0,0.0
5,23,-6.08256552422135,5.227777325992308e-15,3.965212971119868e-12,0.0,0.0
5,24,-6.08256552422135,5.227777325992308e-15,3.965212971119868e-12,0.0,0.0
5,25,-6.08256552422135,5.227777325992308e-15,3.965212971119868e-12,0.0,0.0
5,26,-6.08256552422135,5.227777325992308e-15,3.965212971119868e-12,0.0,0.0
5,27,-6.08256552422135,5.227777325992308e-15,3.965212971119868e-12,0.0,0.0
5,28,-6.08256552422135,5.227777325992308e-15,3.965212971119868e-12,0.0,0.0
5,29,-6.08256552422135,5.227777325992308e-15,3.965212971119868e-12,0.0,0.0
5,30,-6.08256552422135,5.227777325992308e-15,3.965212971119868e-12,0.0,0.0
5,31,-6.08256552422135,5.227777325992308e-15,3.965212971119868e-12,0.0,0.0
5,32,-6.08256552422135,5.227777325992308e-15,3.965212971119868e-12,0.0,0.0
5,33,-6.08256552422135,5.227777325992308e-15,3.965212971119868e-12,0.0,0.0
5,34,-6.08256552422135,5.227777325992308e-15,3.965212971119868e-12,0.0,0.0
5,35,-6.08256552422135,5.227777325992308e-15,3.965212971119868e-12,0.0,0.0
5,36,-6.08256552422135,5.227777325992308e-15,3.965212971119868e-12,0.0,0.0
5,37,-6.08256552422135,5.227777325992308e-15,3.965212971119868e-12,0.0,0.0
5,38,-6.08256552422135,5.227777325992308e-15,3.965212971119868e-12,0.0,0.0
5,39,-6.08256552422135,5.227777325992308e-15,3.965212971119868e-12,0.0,0.0
5,40,-6.08256552422135,5.227777325992308e-15,3.965212971119868e-12,0.0,0.0
5,41,-6.08256552422135,5.227777325992308e-15,3.965212971119868e-12,0.0,0.0
5,42,-6.08256552422135,5.227777325992308e-15,3.965212971119868e-12,0.0,0.0
5,43,-6.08256552422135,5.227777325992308e-15,3.965212971119868e-12,0.0,0.0
5,44,-6.08256552422135,5.227777325992308e-15,3.965212971119868e-12,0.0,0.0
5,45,-6.08256552422135,5.227777325992308e-15,3.965212971119868e-12,0.0,0.0
5,46,-6.08256552422135,5.227777325992308e-15,3.965212971119868e-12,0.0,0.0
5,47,-6.08256552422135,5.227777325992308e-15,3.965212971119868e-12,0.0,0.0
5,48,-6.08256552422135,5.227777325992308e-15,3.965212971119868e-12,0.0,0.0
5,49,-6.08256552422135,5.227777325992308e-15,3.965212971119868e-12,0.0,0.0
5,50,-6.08256552422135,5.227777325992308e-15,3.965212971119868e-12,0.0,0.0
5,51,-6.08256552422135,5.227777325992308e-15,3.965212971119868e-12,0.0,0.0
5,52,-6.08256552422135,5.227777325992308e-15,3.965212971119868e-12,0.0,0.0
5,53,-6.08256552422135,5.227777325992308e-15,3.965212971119868e-12,0.0,0.0
5,54,-6.08256552422135,5.227777325992308e-15,3.965212971119868e-12,0.0,0.0
5,55,-6.08256552422135,5.227777325992308e-15,3.965212971119868e-12,0.0,0.0
5,56,-6.08256552422135,5.227777325992308e-15,3.965212971119868e-12,0.0,0.0
5,57,-6.08256552422135,5.227777325992308e-15,3.965212971119868e-12,0.0,0.0
5,58,-6.08256552422135,5.227777325992308e-15,3.965212971119868e-12,0.0,0.0
5,59,-6.08256552422135,5.227777325992308e-15,3.965212971119868e-12,0.0,0.0
5,60,-6.08256552422135,5.227777325992308e-15,3.965212971119868e-12,0.0,0.0
5,61,-6.08256552422135,5.227777325992308e-15,3.965212971119868e-12,0.0,0.0
5,62,-6.08256552422135,5.227777325992308e-15,3.965212971119868e-12,0.0,0.0
5,63,-6.08256552422135,5.227777325992308e-15,3.965212971119868e-12,0.0,0.0
5,64,-6.08256552422135,5.227777325992308e-15,3.965212971119868e-12,0.0,0.0
5,65,-6.08256552422135,5.227777325992308e-15,3.965212971119868e-12,0.0,0.0
5,66,-6.08256552422135,5.227777325992308e-15,3.965212971119868e-12,0.0,0.0
5,67,-6.08256552422135,5.227777325992308e-15,3.965212971119868e-12,0.0,0.0
5,68,-6.08256552422135,5.227777325992308e-15,3.965212971119868e-12,0.0,0.0
5,69,-6.08256552422135,5.227777325992308e-15,3.965212971119868e-12,0.0,0.0
5,70,-6.08256552422135,5.227777325992308e-15,3.965212971119868e-12,0.0,0.0
5,71,-6.08256552422135,5.227777325992308e-15,3.965212971119868e-12,0.0,0.0
5,72,-6.08256552422135,5.227777325992308e-15,3.965212971119868e-12,0.0,0.0
5,73,-6.08256552422135,5.227777325992308e-15,3.965212971119868e-12,0.0,0.0
5,74,-6.08256552422135,5.227777325992308e-15,3.965212971119868e-12,0.0,0.0
5,75,-6.08256552422135,5.227777325992308e-15,3.965212971119868e-12,0.0,0.0
5,76,-6.08256552422135,5.227777325992308e-15,3.965212971119868e-12,0.0,0.0
5,77,-6.08256552422135,5.227777325992308e-15,3.965212971119868e-12,0.0,0.0
5,78,-6.08256552422135,5.227777325992308e-15,3.965212971119868e-12,0.0,0.0
5,79,-6.08256552422135,5.227777325992308e-15,3.965212971119868e-12,0.0,0.0
5,80,-6.08256552422135,5.227777325992308e-15,3.965212971119868e-12,0.0,0.0
5,81,-6.08256552422135,5.227777325992308e-15,3.965212971119868e-12,0.0,0.0
5,82,-6.08256552422135,5.227777325992308e-15,3.965212971119868e-12,0.0,0.0
5,83,-6.08256552422135,5.227777325992308e-15,3.965212971119868e-12,0.0,0.0
5,84,-6.08256552422135,5.227777325992308e-15,3.965212971119868e-12,0.0,0.0
5,85,-6.08256552422135,5.227777325992308e-15,3.965212971119868e-12,0.0,0.0
5,86,-6.08256552422135,5.227777325992308e-15,3.965212971119868e-12,0.0,0.0
5,87,-6.08256552422135,5.227777325992308e-15,3.965212971119868e-12,0.0,0.0
5,88,-6.08256552422135,5.227777325992308e-15,3.965212971119868e-12,0.0,0.0
5,89,-6.08256552422135,5.227777325992308e-15,3.965212971119868e-12,0.0,0.0
5,90,-6.08256552422135,5.227777325992308e-15,3.965212971119868e-12,0.0,0.0
5,91,-6.08256552422135,5.227777325992308e-15,3.965212971119868e-12,0.0,0.0
5,92,-6.08256552422135,5.227777325992308e-15,3.965212971119868e-12,0.0,0.0
5,93,-6.08256552422135,5.227777325992308e-15,3.965212971119868e-12,0.0,0.0
5,94,-6.08256552422135,5.227777325992308e-15,3.965212971119868e-12,0.0,0.0
5,95,-6.08256552422135,5.227777325992308e-15,3.965212971119868e-12,0.0,0.0
5,96,-6.08256552422135,5.227777325992308e-15,3.965212971119868e-12,0.0,0.0
5,97,-6.08256552422135,5.227777325992308e-15,3.965212971119868e-12,0.0,0.0
5,98,-6.08256552422135,5.227777325992308e-15,3.965212971119868e-12,0.0,0.0
5,99,-6.08256552422135,5.227777325992308e-15,3.965212971119868e-12,0.0,0.0
5,100,-6.08256552422135,5.227777325992308e-15,3.965212971119868e-12,0.0,0.0
5,101,-6.08256552422135,5.227777325992308e-15,3.965212971119868e-12,0.0,0.0
5,102,-6.08256552422135,5.227777325992308e-15,3.965212971119868e-12,0.0,0.0
5,103,-6.08256552422135,5.227777325992308e-15,3.965212971119868e-12,0.0,0.0
5,104,-6.08256552422135,5.227777325992308e-15,3.965212971119868e-12,0.0,0.0
5,105,-6.08256552422135,5.227777325992308e-15,3.965212971119868e-12,0.0,0.0
5,106,-6.08256552422135,5.227777325992308e-15,3.965212971119868e-12,0.0,0.0
5,107,-6.08256552422135,5.227777325992308e-15,3.965212971119868e-12,0.0,0.0
5,108,-6.08256552422135,5.227777325992308e-15,3.965212971119868e-12,0.0,0.0
5,109,-6.08256552422135,5.227777325992308e-15,3.965212971119868e-12,0.0,0.0
5,110,-6.08256552422135,5.227777325992308e-15,3.965212971119868e-12,0.0,0.0
5,111,-6.08256552422135,5.227777325992308e-15,3.965212971119868e-12,0.0,0.0
5,112,-6.08256552422135,5.227777325992308e-15,3.965212971119868e-12,0.0,0.0
5,113,-6.08256552422135,5.227777325992308e-15,3.965212971119868e-12,0.0,0.0
5,114,-6.08256552422135,5.227777325992308e-15,3.965212971119868e-12,0.0,0.0
5,115,-6.08256552422135,5.227777325992308e-15,3.965212971119868e-12,0.0,0.0
5,116,-6.08256552422135,5.227777325992308e-15,3.965212971119868e-12,0.0,0.0
5,117,-6.08256552422135,5.227777325992308e-15,3.965212971119868e-12,0.0,0.0
5,118,-6.08256552422135,5.227777325992308e-15,3.965212971119868e-12,0.0,0.0
5,119,-6.08256552422135,5.227777325992308e-15,3.965212971119868e-12,0.0,0.0
5,120,-6.08256552422135,5.227777325992308e-15,3.965212971119868e-12,0.0,0.0
5,121,-6.08256552422135,5.227777325992308e-15,3.965212971119868e-12,0.0,0.0
5,122,-6.08256552422135,5.227777325992308e-15,3.965212971119868e-12,0.0,0.0
5,123,-6.08256552422135,5.227777325992308e-15,3.965212971119868e-12,0.0,0.0
5,124,-6.08256552422135,5.227777325992308e-15,3.965212971119868e-12,0.0,0.0
5,125,-6.08256552422135,5.227777325992308e-15,3.965212971119868e-12,0.0,0.0
5,126,-6.08256552422135,5.227777325992308e-15,3.965212971119868e-12,0.0,0.0
5,127,-6.08256552422135,5.227777325992308e-15,3.965212971119868e-12,0.0,0.0
5,128,-6.08256552422135,5.227777325992308e-15,3.965212971119868e-12,0.0,0.0
5,129,-6.08256552422135,5.227777325992308e-15,3.965212971119868e-12,0.0,0.0
5,130,-6.08256552422135,5.227777325992308e-15,3.965212971119868e-12,0.0,0.0
5,131,-6.08256552422135,5.227777325992308e-15,3.965212971119868e-12,0.0,0.0
5,132,-6.08256552422135,5.227777325992308e-15,3.965212971119868e-12,0.0,0.0
5,133,-6.08256552422135,5.227777325992308e-15,3.965212971119868e-12,0.0,0.0
5,134,-6.08256552422135,5.227777325992308e-15,3.965212971119868e-12,0.0,0.0
5,135,-6.08256552422135,5.227777325992308e-15,3.965212971119868e-12,0.0,0.0
5,136,-6.08256552422135,5.227777325992308e-15,3.965212971119868e-12,0.0,0.0
5,137,-6.08256552422135,5.227777325992308e-15,3.965212971119868e-12,0.0,0.0
5,138,-6.08256552422135,5.227777325992308e-15,3.965212971119868e-12,0.0,0.0
5,139,-6.08256552422135,5.227777325992308e-15,3.965212971119868e-12,0.0,0.0
5,140,-6.08256552422135,5.227777325992308e-15,3.965212971119868e-12,0.0,0.0
5,141,-6.08256552422135,5.227777325992308e-15,3.965212971119868e-12,0.0,0.0
5,142,-6.08256552422135,5.227777325992308e-15,3.965212971119868e-12,0.0,0.0
5,143,-6.08256552422135,5.227777325992308e-15,3.965212971119868e-12,0.0,0.0
5,144,-6.08256552422135,5.227777325992308e-15,3.965212971119868e-12,0.0,0.0
5,145,-6.08256552422135,5.227777325992308e-15,3.965212971119868e-12,0.0,0.0
5,146,-6.08256552422135,5.227777325992308e-15,3.965212971119868e-12,0.0,0.0
5,147,-6.08256552422135,5.227777325992308e-15,3.965212971119868e-12,0.0,0.0
5,148,-6.08256552422135,5.227777325992308e-15,3.965212971119868e-12,0.0,0.0
5,149,-6.08256552422135,5.227777325992308e-15,3.965212971119868e-12,0.0,0.0
5,150,-6.08256552422135,5.227777325992308e-15,3.965212971119868e-12,0.0,0.0
5,151,-6.08256552422135,5.227777325992308e-15,3.965212971119868e-12,0.0,0.0
5,152,-6.08256552422135,5.227777325992308e-15,3.965212971119868e-12,0.0,0.0
5,153,-6.08256552422135,5.227777325992308e-15,3.965212971119868e-12,0.0,0.0
5,154,-6.08256552422135,5.227777325992308e-15,3.965212971119868e-12,0.0,0.0
5,155,-6.08256552422135,5.227777325992308e-15,3.965212971119868e-12,0.0,0.0
5,156,-6.08256552422135,5.227777325992308e-15,3.965212971119868e-12,0.0,0.0
5,157,-6.08256552422135,5.227777325992308e-15,3.965212971119868e-12,0.0,0.0
5,158,-6.08256552422135,5.227777325992308e-15,3.965212971119868e-12,0.0,0.0
5,159,-6.08256552422135,5.227777325992308e-15,3.965212971119868e-12,0.0,0.0
5,160,-6.08256552422135,5.227777325992308e-15,3.965212971119868e-12,0.0,0.0
5,161,-6.08256552422135,5.227777325992308e-15,3.965212971119868e-12,0.0,0.0
5,162,-6.08256552422135,5.227777325992308e-15,3.965212971119868e-12,0.0,0.0
5,163,-6.08256552422135,5.227777325992308e-15,3.965212971119868e-12,0.0,0.0
5,164,-6.08256552422135,5.227777325992308e-15,3.965212971119868e-12,0.0,0.0
5,165,-6.08256552422135,5.227777325992308e-15,3.965212971119868e-12,0.0,0.0
5,166,-6.08256552422135,5.227777325992308e-15,3.965212971119868e-12,0.0,0.0
5,167,-6.08256552422135,5.227777325992308e-15,3.965212971119868e-12,0.0,0.0
5,168,-6.08256552422135,5.227777325992308e-15,3.965212971119868e-12,0.0,0.0
5,169,-6.08256552422135,5.227777325992308e-15,3.965212971119868e-12,0.0,0.0
5,170,-6.08256552422135,5.227777325992308e-15,3.965212971119868e-12,0.0,0.0
5,171,-6.08256552422135,5.227777325992308e-15,3.965212971119868e-12,0.0,0.0
5,172,-6.08256552422135,5.227777325992308e-15,3.965212971119868e-12,0.0,0.0
5,173,-6.08256552422135,5.227777325992308e-15,3.965212971119868e-12,0.0,0.0
5,174,-6.08256552422135,5.227777325992308e-15,3.965212971119868e-12,0.0,0.0
5,175,-6.08256552422135,5.227777325992308e-15,3.965212971119868e-12,0.0,0.0
5,176,-6.08256552422135,5.227777325992308e-15,3.965212971119868e-12,0.0,0.0
5,177,-6.08256552422135,5.227777325992308e-15,3.965212971119868e-12,0.0,0.0
5,178,-6.08256552422135,5.227777325992308e-15,3.965212971119868e-12,0.0,0.0
5,179,-6.08256552422135,5.227777325992308e-15,3.965212971119868e-12,0.0,0.0
5,180,-6.08256552422135,5.227777325992308e-15,3.965212971119868e-12,0.0,0.0
5,181,-6.08256552422135,5.227777325992308e-15,3.965212971119868e-12,0.0,0.0
5,182,-6.08256552422135,5.227777325992308e-15,3.965212971119868e-12,0.0,0.0
5,183,-6.08256552422135,5.227777325992308e-15,3.965212971119868e-12,0.0,0.0
5,184,-6.08256552422135,5.227777325992308e-15,3.965212971119868e-12,0.0,0.0
5,185,-6.08256552422135,5.227777325992308e-15,3.965212971119868e-12,0.0,0.0
5,186,-6.08256552422135,5.227777325992308e-15,3.965212971119868e-12,0.0,0.0
5,187,-6.08256552422135,5.227777325992308e-15,3.965212971119868e-12,0.0,0.0
5,188,-6.08256552422135,5.227777325992308e-15,3.965212971119868e-12,0.0,0.0
5,189,-6.08256552422135,5.227777325992308e-15,3.965212971119868e-12,0.0,0.0
5,190,-6.08256552422135,5.227777325992308e-15,3.965212971119868e-12,0.0,0.0
5,191,-6.08256552422135,5.227777325992308e-15,3.965212971119868e-12,0.0,0.0
5,192,-6.08256552422135,5.227777325992308e-15,3.965212971119868e-12,0.0,0.0
5,193,-6.08256552422135,5.227777325992308e-15,3.965212971119868e-12,0.0,0.0
5,194,-6.08256552422135,5.227777325992308e-15,3.965212971119868e-12,0.0,0.0
5,195,-6.08256552422135,5.227777325992308e-15,3.965212971119868e-12,0.0,0.0
5,196,-6.08256552422135,5.227777325992308e-15,3.965212971119868e-12,0.0,0.0
5,197,-6.08256552422135,5.227777325992308e-15,3.965212971119868e-12,0.0,0.0
5,198,-6.08256552422135,5.227777325992308e-15,3.965212971119868e-12,0.0,0.0
5,199,-6.08256552422135,5.227777325992308e-15,3.965212971119868e-12,0.0,0.0
5,200,-6.08256552422135,5.227777325992308e-15,3.965212971119868e-12,0.0,0.0
5,201,-6.08256552422135,5.227777325992308e-15,3.965212971119868e-12,0.0,0.0
5,202,-6.08256552422135,5.227777325992308e-15,3.965212971119868e-12,0.0,0.0
5,203,-6.08256552422135,5.227777325992308e-15,3.965212971119868e-12,0.0,0.0
5,204,-6.08256552422135,5.227777325992308e-15,3.965212971119868e-12,0.0,0.0
5,205,-6.08256552422135,5.227777325992308e-15,3.965212971119868e-12,0.0,0.0
5,206,-6.08256552422135,5.227777325992308e-15,3.965212971119868e-12,0.0,0.0
5,207,-6.08256552422135,5.227777325992308e-15,3.965212971119868e-12,0.0,0.0
5,208,-6.08256552422135,5.227777325992308e-15,3.965212971119868e-12,0.0,0.0
5,209,-6.08256552422135,5.227777325992308e-15,3.965212971119868e-12,0.0,0.0
5,210,-6.08256552422135,5.227777325992308e-15,3.965212971119868e-12,0.0,0.0
5,211,-6.08256552422135,5.227777325992308e-15,3.965212971119868e-12,0.0,0.0
5,212,-6.08256552422135,5.227777325992308e-15,3.965212971119868e-12,0.0,0.0
5,213,-6.08256552422135,5.227777325992308e-15,3.965212971119868e-12,0.0,0.0
5,214,-6.08256552422135,5.227777325992308e-15,3.965212971119868e-12,0.0,0.0
5,215,-6.08256552422135,5.227777325992308e-15,3.965212971119868e-12,0.0,0.0
5,216,-6.08256552422135,5.227777325992308e-15,3.965212971119868e-12,0.0,0.0
5,217,-6.08256552422135,5.227777325992308e-15,3.965212971119868e-12,0.0,0.0
5,218,-6.08256552422135,5.227777325992308e-15,3.965212971119868e-12,0.0,0.0
5,219,-6.08256552422135,5.227777325992308e-15,3.965212971119868e-12,0.0,0.0
5,220,-6.08256552422135,5.227777325992308e-15,3.965212971119868e-12,0.0,0.0
5,221,-6.08256552422135,5.227777325992308e-15,3.965212971119868e-12,0.0,0.0
5,222,-6.08256552422135,5.227777325992308e-15,3.965212971119868e-12,0.0,0.0
5,223,-6.08256552422135,5.227777325992308e-15,3.965212971119868e-12,0.0,0.0
5,224,-6.08256552422135,5.227777325992308e-15,3.965212971119868e-12,0.0,0.0
5,225,-6.08256552422135,5.227777325992308e-15,3.965212971119868e-12,0.0,0.0
5,226,-6.08256552422135,5.227777325992308e-15,3.965212971119868e-12,0.0,0.0
5,227,-6.08256552422135,5.227777325992308e-15,3.965212971119868e-12,0.0,0.0
5,228,-6.08256552422135,5.227777325992308e-15,3.965212971119868e-12,0.0,0.0
5,229,-6.08256552422135,5.227777325992308e-15,3.965212971119868e-12,0.0,0.0
5,230,-6.08256552422135,5.227777325992308e-15,3.965212971119868e-12,0.0,0.0
5,231,-6.08256552422135,5.227777325992308e-15,3.965212971119868e-12,0.0,0.0
5,232,-6.08256552422135,5.227777325992308e-15,3.965212971119868e-12,0.0,0.0
5,233,-6.08256552422135,5.227777325992308e-15,3.965212971119868e-12,0.0,0.0
5,234,-6.08256552422135,5.227777325992308e-15,3.965212971119868e-12,0.0,0.0
5,235,-6.08256552422135,5.227777325992308e-15,3.965212971119868e-12,0.0,0.0
5,236,-6.08256552422135,5.227777325992308e-15,3.965212971119868e-12,0.0,0.0
5,237,-6.08256552422135,5.227777325992308e-15,3.965212971119868e-12,0.0,0.0
5,238,-6.08256552422135,5.227777325992308e-15,3.965212971119868e-12,0.0,0.0
5,239,-6.08256552422135,5.227777325992308e-15,3.965212971119868e-12,0.0,0.0
5,240,-6.08256552422135,5.227777325992308e-15,3.965212971119868e-12,0.0,0.0
5,241,-6.08256552422135,5.227777325992308e-15,3.965212971119868e-12,0.0,0.0
5,242,-6.08256552422135,5.227777325992308e-15,3.965212971119868e-12,0.0,0.0
5,243,-6.08256552422135,5.227777325992308e-15,3.965212971119868e-12,0.0,0.0
5,244,-6.08256552422135,5.227777325992308e-15,3.965212971119868e-12,0.0,0.0
5,245,-6.08256552422135,5.227777325992308e-15,3.965212971119868e-12,0.0,0.0
5,246,-6.08256552422135,5.227777325992308e-15,3.965212971119868e-12,0.0,0.0
5,247,-6.08256552422135,5.227777325992308e-15,3.965212971119868e-12,0.0,0.0
5,248,-6.08256552422135,5.227777325992308e-15,3.965212971119868e-12,0.0,0.0
5,249,-6.08256552422135,5.227777325992308e-15,3.965212971119868e-12,0.0,0.0
5,250,-6.08256552422135,5.227777325992308e-15,3.965212971119868e-12,0.0,0.0
5,251,-6.08256552422135,5.227777325992308e-15,3.965212971119868e-12,0.0,0.0
5,252,-6.08256552422135,5.227777325992308e-15,3.965212971119868e-12,0.0,0.0
5,253,-6.08256552422135,5.227777325992308e-15,3.965212971119868e-12,0.0,0.0
5,254,-6.08256552422135,5.227777325992308e-15,3.965212971119868e-12,0.0,0.0
5,255,-6.08256552422135,5.227777325992308e-15,3.965212971119868e-12,0.0,0.0
5,256,-6.08256552422135,5.227777325992308e-15,3.965212971119868e-12,0.0,0.0
5,257,-6.08256552422135,5.227777325992308e-15,3.965212971119868e-12,0.0,0.0
5,258,-6.08256552422135,5.227777325992308e-15,3.965212971119868e-12,0.0,0.0
5,259,-6.08256552422135,5.227777325992308e-15,3.965212971119868e-12,0.0,0.0
5,260,-6.08256552422135,5.227777325992308e-15,3.965212971119868e-12,0.0,0.0
5,261,-6.08256552422135,5.227777325992308e-15,3.965212971119868e-12,0.0,0.0
5,262,-6.08256552422135,5.227777325992308e-15,3.965212971119868e-12,0.0,0.0
5,263,-6.08256552422135,5.227777325992308e-15,3.965212971119868e-12,0.0,0.0
5,264,-6.08256552422135,5.227777325992308e-15,3.965212971119868e-12,0.0,0.0
5,265,-6.08256552422135,5.227777325992308e-15,3.965212971119868e-12,0.0,0.0
5,266,-6.08256552422135,5.227777325992308e-15,3.965212971119868e-12,0.0,0.0
5,267,-6.08256552422135,5.227777325992308e-15,3.965212971119868e-12,0.0,0.0
5,268,-6.08256552422135,5.227777325992308e-15,3.965212971119868e-12,0.0,0.0
5,269,-6.08256552422135,5.227777325992308e-15,3.965212971119868e-12,0.0,0.0
5,270,-6.08256552422135,5.227777325992308e-15,3.965212971119868e-12,0.0,0.0
5,271,-6.08256552422135,5.227777325992308e-15,3.965212971119868e-12,0.0,0.0
5,272,-6.08256552422135,5.227777325992308e-15,3.965212971119868e-12,0.0,0.0
5,273,-6.08256552422135,5.227777325992308e-15,3.965212971119868e-12,0.0,0.0
5,274,-6.08256552422135,5.227777325992308e-15,3.965212971119868e-12,0.0,0.0
5,275,-6.08256552422135,5.227777325992308e-15,3.965212971119868e-12,0.0,0.0
5,276,-6.08256552422135,5.227777325992308e-15,3.965212971119868e-12,0.0,0.0
5,277,-6.08256552422135,5.227777325992308e-15,3.965212971119868e-12,0.0,0.0
5,278,-6.08256552422135,5.227777325992308e-15,3.965212971119868e-12,0.0,0.0
5,279,-6.08256552422135,5.227777325992308e-15,3.965212971119868e-12,0.0,0.0
5,280,-6.08256552422135,5.227777325992308e-15,3.965212971119868e-12,0.0,0.0
5,281,-6.08256552422135,5.227777325992308e-15,3.965212971119868e-12,0.0,0.0
5,282,-6.08256552422135,5.227777325992308e-15,3.965212971119868e-12,0.0,0.0
5,283,-6.08256552422135,5.227777325992308e-15,3.965212971119868e-12,0.0,0.0
5,284,-6.08256552422135,5.227777325992308e-15,3.965212971119868e-12,0.0,0.0
5,285,-6.08256552422135,5.227777325992308e-15,3.965212971119868e-12,0.0,0.0
5,286,-6.08256552422135,5.227777325992308e-15,3.965212971119868e-12,0.0,0.0
5,287,-6.08256552422135,5.227777325992308e-15,3.965212971119868e-12,0.0,0.0
5,288,-6.08256552422135,5.227777325992308e-15,3.965212971119868e-12,0.0,0.0
5,289,-6.08256552422135,5.227777325992308e-15,3.965212971119868e-12,0.0,0.0
5,290,-6.08256552422135,5.227777325992308e-15,3.965212971119868e-12,0.0,0.0
5,291,-6.08256552422135,5.227777325992308e-15,3.965212971119868e-12,0.0,0.0
5,292,-6.08256552422135,5.227777325992308e-15,3.965212971119868e-12,0.0,0.0
5,293,-6.08256552422135,5.227777325992308e-15,3.965212971119868e-12,0.0,0.0
5,294,-6.08256552422135,5.227777325992308e-15,3.965212971119868e-12,0.0,0.0
5,295,-6.08256552422135,5.227777325992308e-15,3.965212971119868e-12,0.0,0.0
5,296,-6.08256552422135,5.227777325992308e-15,3.965212971119868e-12,0.0,0.0
5,297,-6.08256552422135,5.227777325992308e-15,3.965212971119868e-12,0.0,0.0
5,298,-6.08256552422135,5.227777325992308e-15,3.965212971119868e-12,0.0,0.0
5,299,-6.08256552422135,5.227777325992308e-15,3.965212971119868e-12,0.0,0.0
5,300,-6.08256552422135,5.227777325992308e-15,3.965212971119868e-12,0.0,0.0
6,1,-5.891902776440806,0.23840954303069645,179.3160908926742,0.0006400731491299593,0.05683911020810549
6,2,-6.0172288316390885,0.04482787903741039,33.71660349587225,0.0015035646239304516,0.03535485920935703
6,3,-6.033861790547668,0.060283704193447675,45.341465962658745,0.006055471472548186,1.8084373895199175
6,4,-6.068956369069724,0.039910017187474,30.01770893288378,0.007250446862900676,0.43829242960135406
6,5,-6.072671050354129,0.0054319809199572045,4.085581357139321,0.0017852030407310487,0.01852476221120111
6,6,-6.076210900883374,0.014444289651956162,10.864051510625968,0.0921666115286509,7.070919711003263
6,7,-6.076729086554705,0.0002511498152139368,0.18889849173018258,0.0019119615764000043,0.0003023245035473545
6,8,-6.076734850577137,1.5878897875330222e-09,1.194307014095319e-06,0.07036551065227334,3.9973758578525335e-11
6,9,-6.076734850577137,5.857932583082926e-16,4.405954384871283e-13,0.0005850781047493474,1.3609683554486632e-13
6,10,-6.076734850577137,5.857932583082926e-16,4.405954384871283e-13,0.0,0.0
6,11,-6.076734850577137,5.857932583082926e-16,4.405954384871283e-13,0.0,0.0
6,12,-6.076734850577137,5.857932583082926e-16,4.405954384871283e-13,0.0,0.0
6,13,-6.076734850577137,5.857932583082926e-16,4.405954384871283e-13,0.0,0.0
6,14,-6.076734850577137,5.857932583082926e-16,4.405954384871283e-13,0.0,0.0
6,15,-6.076734850577137,5.857932583082926e-16,4.405954384871283e-13,0.0,0.0
6,16,-6.076734850577137,5.857932583082926e-16,4.405954384871283e-13,0.0,0.0
6,17,-6.076734850577137,5.857932583082926e-16,4.405954384871283e-13,0.0,0.0
6,18,-6.076734850577137,5.857932583082926e-16,4.405954384871283e-13,0.0,0.0
6,19,-6.076734850577137,5.857932583082926e-16,4.405954384871283e-13,0.0,0.0
6,20,-6.076734850577137,5.857932583082926e-16,4.405954384871283e-13,0.0,0.0
6,21,-6.076734850577137,5.857932583082926e-16,4.405954384871283e-13,0.0,0.0
6,22,-6.076734850577137,5.857932583082926e-16,4.405954384871283e-13,0.0,0.0
6,23,-6.076734850577137,5.857932583082926e-16,4.405954384871283e-13,0.0,0.0
6,24,-6.076734850577137,5.857932583082926e-16,4.405954384871283e-13,0.0,0.0
6,25,-6.076734850577137,5.857932583082926e-16,4.405954384871283e-13,0.0,0.0
6,26,-6.076734850577137,5.857932583082926e-16,4.405954384871283e-13,0.0,0.0
6,27,-6.076734850577137,5.857932583082926e-16,4.405954384871283e-13,0.0,0.0
6,28,-6.076734850577137,5.857932583082926e-16,4.405954384871283e-13,0.0,0.0
6,29,-6.076734850577137,5.857932583082926e-16,4.405954384871283e-13,0.0,0.0
6,30,-6.076734850577137,5.857932583082926e-16,4.405954384871283e-13,0.0,0.0
6,31,-6.076734850577137,5.857932583082926e-16,4.405954384871283e-13,0.0,0.0
6,32,-6.076734850577137,5.857932583082926e-16,4.405954384871283e-13,0.0,0.0
6,33,-6.076734850577137,5.857932583082926e-16,4.405954384871283e-13,0.0,0.0
6,34,-6.076734850577137,5.857932583082926e-16,4.405954384871283e-13,0.0,0.0
6,35,-6.076734850577137,5.857932583082926e-16,4.405954384871283e-13,0.0,0.0
6,36,-6.076734850577137,5.857932583082926e-16,4.405954384871283e-13,0.0,0.0
6,37,-6.076734850577137,5.857932583082926e-16,4.405954384871283e-13,0.0,0.0
6,38,-6.076734850577137,5.857932583082926e-16,4.405954384871283e-13,0.0,0.0
6,39,-6.076734850577137,5.857932583082926e-16,4.405954384871283e-13,0.0,0.0
6,40,-6.076734850577137,5.857932583082926e-16,4.405954384871283e-13,0.0,0.0
6,41,-6.076734850577137,5.857932583082926e-16,4.405954384871283e-13,0.0,0.0
6,42,-6.076734850577137,5.857932583082926e-16,4.405954384871283e-13,0.0,0.0
6,43,-6.076734850577137,5.857932583082926e-16,4.405954384871283e-13,0.0,0.0
6,44,-6.076734850577137,5.857932583082926e-16,4.405954384871283e-13,0.0,0.0
6,45,-6.076734850577137,5.857932583082926e-16,4.405954384871283e-13,0.0,0.0
6,46,-6.076734850577137,5.857932583082926e-16,4.405954384871283e-13,0.0,0.0
6,47,-6.076734850577137,5.857932583082926e-16,4.405954384871283e-13,0.0,0.0
6,48,-6.076734850577137,5.857932583082926e-16,4.405954384871283e-13,0.0,0.0
6,49,-6.076734850577137,5.857932583082926e-16,4.405954384871283e-13,0.0,0.0
6,50,-6.076734850577137,5.857932583082926e-16,4.405954384871283e-13,0.0,0.0
6,51,-6.076734850577137,5.857932583082926e-16,4.405954384871283e-13,0.0,0.0
6,52,-6.076734850577137,5.857932583082926e-16,4.405954384871283e-13,0.0,0.0
6,53,-6.076734850577137,5.857932583082926e-16,4.405954384871283e-13,0.0,0.0
6,54,-6.076734850577137,5.857932583082926e-16,4.405954384871283e-13,0.0,0.0
6,55,-6.076734850577137,5.857932583082926e-16,4.405954384871283e-13,0.0,0.0
6,56,-6.076734850577137,5.857932583082926e-16,4.405954384871283e-13,0.0,0.0
6,57,-6.076734850577137,5.857932583082926e-16,4.405954384871283e-13,0.0,0.0
6,58,-6.076734850577137,5.857932583082926e-16,4.405954384871283e-13,0.0,0.0
6,59,-6.076734850577137,5.857932583082926e-16,4.405954384871283e-13,0.0,0.0
6,60,-6.076734850577137,5.857932583082926e-16,4.405954384871283e-13,0.0,0.0
6,61,-6.076734850577137,5.857932583082926e-16,4.405954384871283e-13,0.0,0.0
6,62,-6.076734850577137,5.857932583082926e-16,4.405954384871283e-13,0.0,0.0
6,63,-6.076734850577137,5.857932583082926e-16,4.405954384871283e-13,0.0,0.0
6,64,-6.076734850577137,5.857932583082926e-16,4.405954384871283e-13,0.0,0.0
6,65,-6.076734850577137,5.857932583082926e-16,4.405954384871283e-13,0.0,0.0
6,66,-6.076734850577137,5.857932583082926e-16,4.405954384871283e-13,0.0,0.0
6,67,-6.076734850577137,5.857932583082926e-16,4.405954384871283e-13,0.0,0.0
6,68,-6.076734850577137,5.857932583082926e-16,4.405954384871283e-13,0.0,0.0
6,69,-6.076734850577137,5.857932583082926e-16,4.405954384871283e-13,0.0,0.0
6,70,-6.076734850577137,5.857932583082926e-16,4.405954384871283e-13,0.0,0.0
6,71,-6.076734850577137,5.857932583082926e-16,4.405954384871283e-13,0.0,0.0
6,72,-6.076734850577137,5.857932583082926e-16,4.405954384871283e-13,0.0,0.0
6,73,-6.076734850577137,5.857932583082926e-16,4.405954384871283e-13,0.0,0.0
6,74,-6.076734850577137,5.857932583082926e-16,4.405954384871283e-13,0.0,0.0
6,75,-6.076734850577137,5.857932583082926e-16,4.405954384871283e-13,0.0,0.0
6,76,-6.076734850577137,5.857932583082926e-16,4.405954384871283e-13,0.0,0.0
6,77,-6.076734850577137,5.857932583082926e-16,4.405954384871283e-13,0.0,0.0
6,78,-6.076734850577137,5.857932583082926e-16,4.405954384871283e-13,0.0,0.0
6,79,-6.076734850577137,5.857932583082926e-16,4.405954384871283e-13,0.0,0.0
6,80,-6.076734850577137,5.857932583082926e-16,4.405954384871283e-13,0.0,0.0
6,81,-6.076734850577137,5.857932583082926e-16,4.405954384871283e-13,0.0,0.0
6,82,-6.076734850577137,5.857932583082926e-16,4.405954384871283e-13,0.0,0.0
6,83,-6.076734850577137,5.857932583082926e-16,4.405954384871283e-13,0.0,0.0
6,84,-6.076734850577137,5.857932583082926e-16,4.405954384871283e-13,0.0,0.0
6,85,-6.076734850577137,5.857932583082926e-16,4.405954384871283e-13,0.0,0.0
6,86,-6.076734850577137,5.857932583082926e-16,4.405954384871283e-13,0.0,0.0
6,87,-6.076734850577137,5.857932583082926e-16,4.405954384871283e-13,0.0,0.0
6,88,-6.076734850577137,5.857932583082926e-16,4.405954384871283e-13,0.0,0.0
6,89,-6.076734850577137,5.857932583082926e-16,4.405954384871283e-13,0.0,0.0
6,90,-6.076734850577137,5.857932583082926e-16,4.405954384871283e-13,0.0,0.0
6,91,-6.076734850577137,5.857932583082926e-16,4.405954384871283e-13,0.0,0.0
6,92,-6.076734850577137,5.857932583082926e-16,4.405954384871283e-13,0.0,0.0
6,93,-6.076734850577137,5.857932583082926e-16,4.405954384871283e-13,0.0,0.0
6,94,-6.076734850577137,5.857932583082926e-16,4.405954384871283e-13,0.0,0.0
6,95,-6.076734850577137,5.857932583082926e-16,4.405954384871283e-13,0.0,0.0
6,96,-6.076734850577137,5.857932583082926e-16,4.405954384871283e-13,0.0,0.0
6,97,-6.076734850577137,5.857932583082926e-16,4.405954384871283e-13,0.0,0.0
6,98,-6.076734850577137,5.857932583082926e-16,4.405954384871283e-13,0.0,0.0
6,99,-6.076734850577137,5.857932583082926e-16,4.405954384871283e-13,0.0,0.0
6,100,-6.076734850577137,5.857932583082926e-16,4.405954384871283e-13,0.0,0.0
6,101,-6.076734850577137,5.857932583082926e-16,4.405954384871283e-13,0.0,0.0
6,102,-6.076734850577137,5.857932583082926e-16,4.405954384871283e-13,0.0,0.0
6,103,-6.076734850577137,5.857932583082926e-16,4.405954384871283e-13,0.0,0.0
6,104,-6.076734850577137,5.857932583082926e-16,4.405954384871283e-13,0.0,0.0
6,105,-6.076734850577137,5.857932583082926e-16,4.405954384871283e-13,0.0,0.0
6,106,-6.076734850577137,5.857932583082926e-16,4.405954384871283e-13,0.0,0.0
6,107,-6.076734850577137,5.857932583082926e-16,4.405954384871283e-13,0.0,0.0
6,108,-6.076734850577137,5.857932583082926e-16,4.405954384871283e-13,0.0,0.0
6,109,-6.076734850577137,5.857932583082926e-16,4.405954384871283e-13,0.0,0.0
6,110,-6.076734850577137,5.857932583082926e-16,4.405954384871283e-13,0.0,0.0
6,111,-6.076734850577137,5.857932583082926e-16,4.405954384871283e-13,0.0,0.0
6,112,-6.076734850577137,5.857932583082926e-16,4.405954384871283e-13,0.0,0.0
6,113,-6.076734850577137,5.857932583082926e-16,4.405954384871283e-13,0.0,0.0
6,114,-6.076734850577137,5.857932583082926e-16,4.405954384871283e-13,0.0,0.0
6,115,-6.076734850577137,5.857932583082926e-16,4.405954384871283e-13,0.0,0.0
6,116,-6.076734850577137,5.857932583082926e-16,4.405954384871283e-13,0.0,0.0
6,117,-6.076734850577137,5.857932583082926e-16,4.405954384871283e-13,0.0,0.0
6,118,-6.076734850577137,5.857932583082926e-16,4.405954384871283e-13,0.0,0.0
6,119,-6.076734850577137,5.857932583082926e-16,4.405954384871283e-13,0.0,0.0
6,120,-6.076734850577137,5.857932583082926e-16,4.405954384871283e-13,0.0,0.0
6,121,-6.076734850577137,5.857932583082926e-16,4.405954384871283e-13,0.0,0.0
6,122,-6.076734850577137,5.857932583082926e-16,4.405954384871283e-13,0.0,0.0
6,123,-6.076734850577137,5.857932583082926e-16,4.405954384871283e-13,0.0,0.0
6,124,-6.076734850577137,5.857932583082926e-16,4.405954384871283e-13,0.0,0.0
6,125,-6.076734850577137,5.857932583082926e-16,4.405954384871283e-13,0.0,0.0
6,126,-6.076734850577137,5.857932583082926e-16,4.405954384871283e-13,0.0,0.0
6,127,-6.076734850577137,5.857932583082926e-16,4.405954384871283e-13,0.0,0.0
6,128,-6.076734850577137,5.857932583082926e-16,4.405954384871283e-13,0.0,0.0
6,129,-6.076734850577137,5.857932583082926e-16,4.405954384871283e-13,0.0,0.0
6,130,-6.076734850577137,5.857932583082926e-16,4.405954384871283e-13,0.0,0.0
6,131,-6.076734850577137,5.857932583082926e-16,4.405954384871283e-13,0.0,0.0
6,132,-6.076734850577137,5.857932583082926e-16,4.405954384871283e-13,0.0,0.0
6,133,-6.076734850577137,5.857932583082926e-16,4.405954384871283e-13,0.0,0.0
6,134,-6.076734850577137,5.857932583082926e-16,4.405954384871283e-13,0.0,0.0
6,135,-6.076734850577137,5.857932583082926e-16,4.405954384871283e-13,0.0,0.0
6,136,-6.076734850577137,5.857932583082926e-16,4.405954384871283e-13,0.0,0.0
6,137,-6.076734850577137,5.857932583082926e-16,4.405954384871283e-13,0.0,0.0
6,138,-6.076734850577137,5.857932583082926e-16,4.405954384871283e-13,0.0,0.0
6,139,-6.076734850577137,5.857932583082926e-16,4.405954384871283e-13,0.0,0.0
6,140,-6.076734850577137,5.857932583082926e-16,4.405954384871283e-13,0.0,0.0
6,141,-6.076734850577137,5.857932583082926e-16,4.405954384871283e-13,0.0,0.0
6,142,-6.076734850577137,5.857932583082926e-16,4.405954384871283e-13,0.0,0.0
6,143,-6.076734850577137,5.857932583082926e-16,4.405954384871283e-13,0.0,0.0
6,144,-6.076734850577137,5.857932583082926e-16,4.405954384871283e-13,0.0,0.0
6,145,-6.076734850577137,5.857932583082926e-16,4.405954384871283e-13,0.0,0.0
6,146,-6.076734850577137,5.857932583082926e-16,4.405954384871283e-13,0.0,0.0
6,147,-6.076734850577137,5.857932583082926e-16,4.405954384871283e-13,0.0,0.0
6,148,-6.076734850577137,5.857932583082926e-16,4.405954384871283e-13,0.0,0.0
6,149,-6.076734850577137,5.857932583082926e-16,4.405954384871283e-13,0.0,0.0
6,150,-6.076734850577137,5.857932583082926e-16,4.405954384871283e-13,0.0,0.0
6,151,-6.076734850577137,5.857932583082926e-16,4.405954384871283e-13,0.0,0.0
6,152,-6.076734850577137,5.857932583082926e-16,4.405954384871283e-13,0.0,0.0
6,153,-6.076734850577137,5.857932583082926e-16,4.405954384871283e-13,0.0,0.0
6,154,-6.076734850577137,5.857932583082926e-16,4.405954384871283e-13,0.0,0.0
6,155,-6.076734850577137,5.857932583082926e-16,4.405954384871283e-13,0.0,0.0
6,156,-6.076734850577137,5.857932583082926e-16,4.405954384871283e-13,0.0,0.0
6,157,-6.076734850577137,5.857932583082926e-16,4.405954384871283e-13,0.0,0.0
6,158,-6.076734850577137,5.857932583082926e-16,4.405954384871283e-13,0.0,0.0
6,159,-6.076734850577137,5.857932583082926e-16,4.405954384871283e-13,0.0,0.0
6,160,-6.076734850577137,5.857932583082926e-16,4.405954384871283e-13,0.0,0.0
6,161,-6.076734850577137,5.857932583082926e-16,4.405954384871283e-13,0.0,0.0
6,162,-6.076734850577137,5.857932583082926e-16,4.405954384871283e-13,0.0,0.0
6,163,-6.076734850577137,5.857932583082926e-16,4.405954384871283e-13,0.0,0.0
6,164,-6.076734850577137,5.857932583082926e-16,4.405954384871283e-13,0.0,0.0
6,165,-6.076734850577137,5.857932583082926e-16,4.405954384871283e-13,0.0,0.0
6,166,-6.076734850577137,5.857932583082926e-16,4.405954384871283e-13,0.0,0.0
6,167,-6.076734850577137,5.857932583082926e-16,4.405954384871283e-13,0.0,0.0
6,168,-6.076734850577137,5.857932583082926e-16,4.405954384871283e-13,0.0,0.0
6,169,-6.076734850577137,5.857932583082926e-16,4.405954384871283e-13,0.0,0.0
6,170,-6.076734850577137,5.857932583082926e-16,4.405954384871283e-13,0.0,0.0
6,171,-6.076734850577137,5.857932583082926e-16,4.405954384871283e-13,0.0,0.0
6,172,-6.076734850577137,5.857932583082926e-16,4.405954384871283e-13,0.0,0.0
6,173,-6.076734850577137,5.857932583082926e-16,4.405954384871283e-13,0.0,0.0
6,174,-6.076734850577137,5.857932583082926e-16,4.405954384871283e-13,0.0,0.0
6,175,-6.076734850577137,5.857932583082926e-16,4.405954384871283e-13,0.0,0.0
6,176,-6.076734850577137,5.857932583082926e-16,4.405954384871283e-13,0.0,0.0
6,177,-6.076734850577137,5.857932583082926e-16,4.405954384871283e-13,0.0,0.0
6,178,-6.076734850577137,5.857932583082926e-16,4.405954384871283e-13,0.0,0.0
6,179,-6.076734850577137,5.857932583082926e-16,4.405954384871283e-13,0.0,0.0
6,180,-6.076734850577137,5.857932583082926e-16,4.405954384871283e-13,0.0,0.0
6,181,-6.076734850577137,5.857932583082926e-16,4.405954384871283e-13,0.0,0.0
6,182,-6.076734850577137,5.857932583082926e-16,4.405954384871283e-13,0.0,0.0
6,183,-6.076734850577137,5.857932583082926e-16,4.405954384871283e-13,0.0,0.0
6,184,-6.076734850577137,5.857932583082926e-16,4.405954384871283e-13,0.0,0.0
6,185,-6.076734850577137,5.857932583082926e-16,4.405954384871283e-13,0.0,0.0
6,186,-6.076734850577137,5.857932583082926e-16,4.405954384871283e-13,0.0,0.0
6,187,-6.076734850577137,5.857932583082926e-16,4.405954384871283e-13,0.0,0.0
6,188,-6.076734850577137,5.857932583082926e-16,4.405954384871283e-13,0.0,0.0
6,189,-6.076734850577137,5.857932583082926e-16,4.405954384871283e-13,0.0,0.0
6,190,-6.076734850577137,5.857932583082926e-16,4.405954384871283e-13,0.0,0.0
6,191,-6.076734850577137,5.857932583082926e-16,4.405954384871283e-13,0.0,0.0
6,192,-6.076734850577137,5.857932583082926e-16,4.405954384871283e-13,0.0,0.0
6,193,-6.076734850577137,5.857932583082926e-16,4.405954384871283e-13,0.0,0.0
6,194,-6.076734850577137,5.857932583082926e-16,4.405954384871283e-13,0.0,0.0
6,195,-6.076734850577137,5.857932583082926e-16,4.405954384871283e-13,0.0,0.0
6,196,-6.076734850577137,5.857932583082926e-16,4.405954384871283e-13,0.0,0.0
6,197,-6.076734850577137,5.857932583082926e-16,4.405954384871283e-13,0.0,0.0
6,198,-6.076734850577137,5.857932583082926e-16,4.405954384871283e-13,0.0,0.0
6,199,-6.076734850577137,5.857932583082926e-16,4.405954384871283e-13,0.0,0.0
6,200,-6.076734850577137,5.857932583082926e-16,4.405954384871283e-13,0.0,0.0
6,201,-6.076734850577137,5.857932583082926e-16,4.405954384871283e-13,0.0,0.0
6,202,-6.076734850577137,5.857932583082926e-16,4.405954384871283e-13,0.0,0.0
6,203,-6.076734850577137,5.857932583082926e-16,4.405954384871283e-13,0.0,0.0
6,204,-6.076734850577137,5.857932583082926e-16,4.405954384871283e-13,0.0,0.0
6,205,-6.076734850577137,5.857932583082926e-16,4.405954384871283e-13,0.0,0.0
6,206,-6.076734850577137,5.857932583082926e-16,4.405954384871283e-13,0.0,0.0
6,207,-6.076734850577137,5.857932583082926e-16,4.405954384871283e-13,0.0,0.0
6,208,-6.076734850577137,5.857932583082926e-16,4.405954384871283e-13,0.0,0.0
6,209,-6.076734850577137,5.857932583082926e-16,4.405954384871283e-13,0.0,0.0
6,210,-6.076734850577137,5.857932583082926e-16,4.405954384871283e-13,0.0,0.0
6,211,-6.076734850577137,5.857932583082926e-16,4.405954384871283e-13,0.0,0.0
6,212,-6.076734850577137,5.857932583082926e-16,4.405954384871283e-13,0.0,0.0
6,213,-6.076734850577137,5.857932583082926e-16,4.405954384871283e-13,0.0,0.0
6,214,-6.076734850577137,5.857932583082926e-16,4.405954384871283e-13,0.0,0.0
6,215,-6.076734850577137,5.857932583082926e-16,4.405954384871283e-13,0.0,0.0
6,216,-6.076734850577137,5.857932583082926e-16,4.405954384871283e-13,0.0,0.0
6,217,-6.076734850577137,5.857932583082926e-16,4.405954384871283e-13,0.0,0.0
6,218,-6.076734850577137,5.857932583082926e-16,4.405954384871283e-13,0.0,0.0
6,219,-6.076734850577137,5.857932583082926e-16,4.405954384871283e-13,0.0,0.0
6,220,-6.076734850577137,5.857932583082926e-16,4.405954384871283e-13,0.0,0.0
6,221,-6.076734850577137,5.857932583082926e-16,4.405954384871283e-13,0.0,0.0
6,222,-6.076734850577137,5.857932583082926e-16,4.405954384871283e-13,0.0,0.0
6,223,-6.076734850577137,5.857932583082926e-16,4.405954384871283e-13,0.0,0.0
6,224,-6.076734850577137,5.857932583082926e-16,4.405954384871283e-13,0.0,0.0
6,225,-6.076734850577137,5.857932583082926e-16,4.405954384871283e-13,0.0,0.0
6,226,-6.076734850577137,5.857932583082926e-16,4.405954384871283e-13,0.0,0.0
6,227,-6.076734850577137,5.857932583082926e-16,4.405954384871283e-13,0.0,0.0
6,228,-6.076734850577137,5.857932583082926e-16,4.405954384871283e-13,0.0,0.0
6,229,-6.076734850577137,5.857932583082926e-16,4.405954384871283e-13,0.0,0.0
6,230,-6.076734850577137,5.857932583082926e-16,4.405954384871283e-13,0.0,0.0
6,231,-6.076734850577137,5.857932583082926e-16,4.405954384871283e-13,0.0,0.0
6,232,-6.076734850577137,5.857932583082926e-16,4.405954384871283e-13,0.0,0.0
6,233,-6.076734850577137,5.857932583082926e-16,4.405954384871283e-13,0.0,0.0
6,234,-6.076734850577137,5.857932583082926e-16,4.405954384871283e-13,0.0,0.0
6,235,-6.076734850577137,5.857932583082926e-16,4.405954384871283e-13,0.0,0.0
6,236,-6.076734850577137,5.857932583082926e-16,4.405954384871283e-13,0.0,0.0
6,237,-6.076734850577137,5.857932583082926e-16,4.405954384871283e-13,0.0,0.0
6,238,-6.076734850577137,5.857932583082926e-16,4.405954384871283e-13,0.0,0.0
6,239,-6.076734850577137,5.857932583082926e-16,4.405954384871283e-13,0.0,0.0
6,240,-6.076734850577137,5.857932583082926e-16,4.405954384871283e-13,0.0,0.0
6,241,-6.076734850577137,5.857932583082926e-16,4.405954384871283e-13,0.0,0.0
6,242,-6.076734850577137,5.857932583082926e-16,4.405954384871283e-13,0.0,0.0
6,243,-6.076734850577137,5.857932583082926e-16,4.405954384871283e-13,0.0,0.0
6,244,-6.076734850577137,5.857932583082926e-16,4.405954384871283e-13,0.0,0.0
6,245,-6.076734850577137,5.857932583082926e-16,4.405954384871283e-13,0.0,0.0
6,246,-6.076734850577137,5.857932583082926e-16,4.405954384871283e-13,0.0,0.0
6,247,-6.076734850577137,5.857932583082926e-16,4.405954384871283e-13,0.0,0.0
6,248,-6.076734850577137,5.857932583082926e-16,4.405954384871283e-13,0.0,0.0
6,249,-6.076734850577137,5.857932583082926e-16,4.405954384871283e-13,0.0,0.0
6,250,-6.076734850577137,5.857932583082926e-16,4.405954384871283e-13,0.0,0.0
6,251,-6.076734850577137,5.857932583082926e-16,4.405954384871283e-13,0.0,0.0
6,252,-6.076734850577137,5.857932583082926e-16,4.405954384871283e-13,0.0,0.0
6,253,-6.076734850577137,5.857932583082926e-16,4.405954384871283e-13,0.0,0.0
6,254,-6.076734850577137,5.857932583082926e-16,4.405954384871283e-13,0.0,0.0
6,255,-6.076734850577137,5.857932583082926e-16,4.405954384871283e-13,0.0,0.0
6,256,-6.076734850577137,5.857932583082926e-16,4.405954384871283e-13,0.0,0.0
6,257,-6.076734850577137,5.857932583082926e-16,4.405954384871283e-13,0.0,0.0
6,258,-6.076734850577137,5.857932583082926e-16,4.405954384871283e-13,0.0,0.0
6,259,-6.076734850577137,5.857932583082926e-16,4.405954384871283e-13,0.0,0.0
6,260,-6.076734850577137,5.857932583082926e-16,4.405954384871283e-13,0.0,0.0
6,261,-6.076734850577137,5.857932583082926e-16,4.405954384871283e-13,0.0,0.0
6,262,-6.076734850577137,5.857932583082926e-16,4.405954384871283e-13,0.0,0.0
6,263,-6.076734850577137,5.857932583082926e-16,4.405954384871283e-13,0.0,0.0
6,264,-6.076734850577137,5.857932583082926e-16,4.405954384871283e-13,0.0,0.0
6,265,-6.076734850577137,5.857932583082926e-16,4.405954384871283e-13,0.0,0.0
6,266,-6.076734850577137,5.857932583082926e-16,4.405954384871283e-13,0.0,0.0
6,267,-6.076734850577137,5.857932583082926e-16,4.405954384871283e-13,0.0,0.0
6,268,-6.076734850577137,5.857932583082926e-16,4.405954384871283e-13,0.0,0.0
6,269,-6.076734850577137,5.857932583082926e-16,4.405954384871283e-13,0.0,0.0
6,270,-6.076734850577137,5.857932583082926e-16,4.405954384871283e-13,0.0,0.0
6,271,-6.076734850577137,5.857932583082926e-16,4.405954384871283e-13,0.0,0.0
6,272,-6.076734850577137,5.857932583082926e-16,4.405954384871283e-13,0.0,0.0
6,273,-6.076734850577137,5.857932583082926e-16,4.405954384871283e-13,0.0,0.0
6,274,-6.076734850577137,5.857932583082926e-16,4.405954384871283e-13,0.0,0.0
6,275,-6.076734850577137,5.857932583082926e-16,4.405954384871283e-13,0.0,0.0
6,276,-6.076734850577137,5.857932583082926e-16,4.405954384871283e-13,0.0,0.0
6,277,-6.076734850577137,5.857932583082926e-16,4.405954384871283e-13,0.0,0.0
6,278,-6.076734850577137,5.857932583082926e-16,4.405954384871283e-13,0.0,0.0
6,279,-6.076734850577137,5.857932583082926e-16,4.405954384871283e-13,0.0,0.0
6,280,-6.076734850577137,5.857932583082926e-16,4.405954384871283e-13,0.0,0.0
6,281,-6.076734850577137,5.857932583082926e-16,4.405954384871283e-13,0.0,0.0
6,282,-6.076734850577137,5.857932583082926e-16,4.405954384871283e-13,0.0,0.0
6,283,-6.076734850577137,5.857932583082926e-16,4.405954384871283e-13,0.0,0.0
6,284,-6.076734850577137,5.857932583082926e-16,4.405954384871283e-13,0.0,0.0
6,285,-6.076734850577137,5.857932583082926e-16,4.405954384871283e-13,0.0,0.0
6,286,-6.076734850577137,5.857932583082926e-16,4.405954384871283e-13,0.0,0.0
6,287,-6.076734850577137,5.857932583082926e-16,4.405954384871283e-13,0.0,0.0
6,288,-6.076734850577137,5.857932583082926e-16,4.405954384871283e-13,0.0,0.0
6,289,-6.076734850577137,5.857932583082926e-16,4.405954384871283e-13,0.0,0.0
6,290,-6.076734850577137,5.857932583082926e-16,4.405954384871283e-13,0.0,0.0
6,291,-6.076734850577137,5.857932583082926e-16,4.405954384871283e-13,0.0,0.0
6,292,-6.076734850577137,5.857932583082926e-16,4.405954384871283e-13,0.0,0.0
6,293,-6.076734850577137,5.857932583082926e-16,4.405954384871283e-13,0.0,0.0
6,294,-6.076734850577137,5.857932583082926e-16,4.405954384871283e-13,0.0,0.0
6,295,-6.076734850577137,5.857932583082926e-16,4.405954384871283e-13,0.0,0.0
6,296,-6.076734850577137,5.857932583082926e-16,4.405954384871283e-13,0.0,0.0
6,297,-6.076734850577137,5.857932583082926e-16,4.405954384871283e-13,0.0,0.0
6,298,-6.076734850577137,5.857932583082926e-16,4.405954384871283e-13,0.0,0.0
6,299,-6.076734850577137,5.857932583082926e-16,4.405954384871283e-13,0.0,0.0
6,300,-6.076734850577137,5.857932583082926e-16,4.405954384871283e-13,0.0,0.0
7,1,-5.8985260546389675,0.23283602135058226,176.49971741813778,0.0006343217853225373,0.054212612838368805
7,2,-6.024128046287316,0.04070980528770798,30.85978315446722,0.0015659048751400645,0.030570159964512088
7,3,-6.035411014994485,0.047453802356427835,35.972022961664166,0.0049241988404924875,1.358763849772577
7,4,-6.064643271022893,0.0482931602558629,36.608292346459685,0.009581675892836664,1.0356886527448796
7,5,-6.071033783445606,0.004115184688092137,3.1194869692351976,0.002058762598930015,0.007261183459720983
7,6,-6.071192482668649,0.007032989214005097,5.331308281580918,0.007064141372249744,2.920796104951277
7,7,-6.073068974356307,0.00018258329684467335,0.1384059910980618,0.028626746026638814,0.0006739725159274633
7,8,-6.073072559943933,2.8702601125458578e-11,2.1757806023411908e-08,0.08123658974300986,2.4712712799745984e-14
7,9,-6.073072559943933,2.8702601125458578e-11,2.1757806023411908e-08,0.0,0.0
7,10,-6.073072559943933,2.8702601125458578e-11,2.1757806023411908e-08,0.0,0.0
7,11,-6.073072559943933,2.8702601125458578e-11,2.1757806023411908e-08,0.0,0.0
7,12,-6.073072559943933,2.8702601125458578e-11,2.1757806023411908e-08,0.0,0.0
7,13,-6.073072559943933,2.8702601125458578e-11,2.1757806023411908e-08,0.0,0.0
7,14,-6.073072559943933,2.8702601125458578e-11,2.1757806023411908e-08,0.0,0.0
7,15,-6.073072559943933,2.8702601125458578e-11,2.1757806023411908e-08,0.0,0.0
7,16,-6.073072559943933,2.8702601125458578e-11,2.1757806023411908e-08,0.0,0.0
7,17,-6.073072559943933,2.8702601125458578e-11,2.1757806023411908e-08,0.0,0.0
7,18,-6.073072559943933,2.8702601125458578e-11,2.1757806023411908e-08,0.0,0.0
7,19,-6.073072559943933,2.8702601125458578e-11,2.1757806023411908e-08,0.0,0.0
7,20,-6.073072559943933,2.8702601125458578e-11,2.1757806023411908e-08,0.0,0.0
7,21,-6.073072559943933,2.8702601125458578e-11,2.1757806023411908e-08,0.0,0.0
7,22,-6.073072559943933,2.8702601125458578e-11,2.1757806023411908e-08,0.0,0.0
7,23,-6.073072559943933,2.8702601125458578e-11,2.1757806023411908e-08,0.0,0.0
7,24,-6.073072559943933,2.8702601125458578e-11,2.1757806023411908e-08,0.0,0.0
7,25,-6.073072559943933,2.8702601125458578e-11,2.1757806023411908e-08,0.0,0.0
7,26,-6.073072559943933,2.8702601125458578e-11,2.1757806023411908e-08,0.0,0.0
7,27,-6.073072559943933,2.8702601125458578e-11,2.1757806023411908e-08,0.0,0.0
7,28,-6.073072559943933,2.8702601125458578e-11,2.1757806023411908e-08,0.0,0.0
7,29,-6.073072559943933,2.8702601125458578e-11,2.1757806023411908e-08,0.0,0.0
7,30,-6.073072559943933,2.8702601125458578e-11,2.1757806023411908e-08,0.0,0.0
7,31,-6.073072559943933,2.8702601125458578e-11,2.1757806023411908e-08,0.0,0.0
7,32,-6.073072559943933,2.8702601125458578e-11,2.1757806023411908e-08,0.0,0.0
7,33,-6.073072559943933,2.8702601125458578e-11,2.1757806023411908e-08,0.0,0.0
7,34,-6.073072559943933,2.8702601125458578e-11,2.1757806023411908e-08,0.0,0.0
7,35,-6.073072559943933,2.8702601125458578e-11,2.1757806023411908e-08,0.0,0.0
7,36,-6.073072559943933,2.8702601125458578e-11,2.1757806023411908e-08,0.0,0.0
7,37,-6.073072559943933,2.8702601125458578e-11,2.1757806023411908e-08,0.0,0.0
7,38,-6.073072559943933,2.8702601125458578e-11,2.1757806023411908e-08,0.0,0.0
7,39,-6.073072559943933,2.8702601125458578e-11,2.1757806023411908e-08,0.0,0.0
7,40,-6.073072559943933,2.8702601125458578e-11,2.1757806023411908e-08,0.0,0.0
7,41,-6.073072559943933,2.8702601125458578e-11,2.1757806023411908e-08,0.0,0.0
7,42,-6.073072559943933,2.8702601125458578e-11,2.1757806023411908e-08,0.0,0.0
7,43,-6.073072559943933,2.8702601125458578e-11,2.1757806023411908e-08,0.0,0.0
7,44,-6.073072559943933,2.8702601125458578e-11,2.1757806023411908e-08,0.0,0.0
7,45,-6.073072559943933,2.8702601125458578e-11,2.1757806023411908e-08,0.0,0.0
7,46,-6.073072559943933,2.8702601125458578e-11,2.1757806023411908e-08,0.0,0.0
7,47,-6.073072559943933,2.8702601125458578e-11,2.1757806023411908e-08,0.0,0.0
7,48,-6.073072559943933,2.8702601125458578e-11,2.1757806023411908e-08,0.0,0.0
7,49,-6.073072559943933,2.8702601125458578e-11,2.1757806023411908e-08,0.0,0.0
7,50,-6.073072559943933,2.8702601125458578e-11,2.1757806023411908e-08,0.0,0.0
7,51,-6.073072559943933,2.8702601125458578e-11,2.1757806023411908e-08,0.0,0.0
7,52,-6.073072559943933,2.8702601125458578e-11,2.1757806023411908e-08,0.0,0.0
7,53,-6.073072559943933,2.8702601125458578e-11,2.1757806023411908e-08,0.0,0.0
7,54,-6.073072559943933,2.8702601125458578e-11,2.1757806023411908e-08,0.0,0.0
7,55,-6.073072559943933,2.8702601125458578e-11,2.1757806023411908e-08,0.0,0.0
7,56,-6.073072559943933,2.8702601125458578e-11,2.1757806023411908e-08,0.0,0.0
7,57,-6.073072559943933,2.8702601125458578e-11,2.1757806023411908e-08,0.0,0.0
7,58,-6.073072559943933,2.8702601125458578e-11,2.1757806023411908e-08,0.0,0.0
7,59,-6.073072559943933,2.8702601125458578e-11,2.1757806023411908e-08,0.0,0.0
7,60,-6.073072559943933,2.8702601125458578e-11,2.1757806023411908e-08,0.0,0.0
7,61,-6.073072559943933,2.8702601125458578e-11,2.1757806023411908e-08,0.0,0.0
7,62,-6.073072559943933,2.8702601125458578e-11,2.1757806023411908e-08,0.0,0.0
7,63,-6.073072559943933,2.8702601125458578e-11,2.1757806023411908e-08,0.0,0.0
7,64,-6.073072559943933,2.8702601125458578e-11,2.1757806023411908e-08,0.0,0.0
7,65,-6.073072559943933,2.8702601125458578e-11,2.1757806023411908e-08,0.0,0.0
7,66,-6.073072559943933,2.8702601125458578e-11,2.1757806023411908e-08,0.0,0.0
7,67,-6.073072559943933,2.8702601125458578e-11,2.1757806023411908e-08,0.0,0.0
7,68,-6.073072559943933,2.8702601125458578e-11,2.1757806023411908e-08,0.0,0.0
7,69,-6.073072559943933,2.8702601125458578e-11,2.1757806023411908e-08,0.0,0.0
7,70,-6.073072559943933,2.8702601125458578e-11,2.1757806023411908e-08,0.0,0.0
7,71,-6.073072559943933,2.8702601125458578e-11,2.1757806023411908e-08,0.0,0.0
7,72,-6.073072559943933,2.8702601125458578e-11,2.1757806023411908e-08,0.0,0.0
7,73,-6.073072559943933,2.8702601125458578e-11,2.1757806023411908e-08,0.0,0.0
7,74,-6.073072559943933,2.8702601125458578e-11,2.1757806023411908e-08,0.0,0.0
7,75,-6.073072559943933,2.8702601125458578e-11,2.1757806023411908e-08,0.0,0.0
7,76,-6.073072559943933,2.8702601125458578e-11,2.1757806023411908e-08,0.0,0.0
7,77,-6.073072559943933,2.8702601125458578e-11,2.1757806023411908e-08,0.0,0.0
7,78,-6.073072559943933,2.8702601125458578e-11,2.1757806023411908e-08,0.0,0.0
7,79,-6.073072559943933,2.8702601125458578e-11,2.1757806023411908e-08,0.0,0.0
7,80,-6.073072559943933,2.8702601125458578e-11,2.1757806023411908e-08,0.0,0.0
7,81,-6.073072559943933,2.8702601125458578e-11,2.1757806023411908e-08,0.0,0.0
7,82,-6.073072559943933,2.8702601125458578e-11,2.1757806023411908e-08,0.0,0.0
7,83,-6.073072559943933,2.8702601125458578e-11,2.1757806023411908e-08,0.0,0.0
7,84,-6.073072559943933,2.8702601125458578e-11,2.1757806023411908e-08,0.0,0.0
7,85,-6.073072559943933,2.8702601125458578e-11,2.1757806023411908e-08,0.0,0.0
7,86,-6.073072559943933,2.8702601125458578e-11,2.1757806023411908e-08,0.0,0.0
7,87,-6.073072559943933,2.8702601125458578e-11,2.1757806023411908e-08,0.0,0.0
7,88,-6.073072559943933,2.8702601125458578e-11,2.1757806023411908e-08,0.0,0.0
7,89,-6.073072559943933,2.8702601125458578e-11,2.1757806023411908e-08,0.0,0.0
7,90,-6.073072559943933,2.8702601125458578e-11,2.1757806023411908e-08,0.0,0.0
7,91,-6.073072559943933,2.8702601125458578e-11,2.1757806023411908e-08,0.0,0.0
7,92,-6.073072559943933,2.8702601125458578e-11,2.1757806023411908e-08,0.0,0.0
7,93,-6.073072559943933,2.8702601125458578e-11,2.1757806023411908e-08,0.0,0.0
7,94,-6.073072559943933,2.8702601125458578e-11,2.1757806023411908e-08,0.0,0.0
7,95,-6.073072559943933,2.8702601125458578e-11,2.1757806023411908e-08,0.0,0.0
7,96,-6.073072559943933,2.8702601125458578e-11,2.1757806023411908e-08,0.0,0.0
7,97,-6.073072559943933,2.8702601125458578e-11,2.1757806023411908e-08,0.0,0.0
7,98,-6.073072559943933,2.8702601125458578e-11,2.1757806023411908e-08,0.0,0.0
7,99,-6.073072559943933,2.8702601125458578e-11,2.1757806023411908e-08,0.0,0.0
7,100,-6.073072559943933,2.8702601125458578e-11,2.1757806023411908e-08,0.0,0.0
7,101,-6.073072559943933,2.8702601125458578e-11,2.1757806023411908e-08,0.0,0.0
7,102,-6.073072559943933,2.8702601125458578e-11,2.1757806023411908e-08,0.0,0.0
7,103,-6.073072559943933,2.8702601125458578e-11,2.1757806023411908e-08,0.0,0.0
7,104,-6.073072559943933,2.8702601125458578e-11,2.1757806023411908e-08,0.0,0.0
7,105,-6.073072559943933,2.8702601125458578e-11,2.1757806023411908e-08,0.0,0.0
7,106,-6.073072559943933,2.8702601125458578e-11,2.1757806023411908e-08,0.0,0.0
7,107,-6.073072559943933,2.8702601125458578e-11,2.1757806023411908e-08,0.0,0.0
7,108,-6.073072559943933,2.8702601125458578e-11,2.1757806023411908e-08,0.0,0.0
7,109,-6.073072559943933,2.8702601125458578e-11,2.1757806023411908e-08,0.0,0.0
7,110,-6.073072559943933,2.8702601125458578e-11,2.1757806023411908e-08,0.0,0.0
7,111,-6.073072559943933,2.8702601125458578e-11,2.1757806023411908e-08,0.0,0.0
7,112,-6.073072559943933,2.8702601125458578e-11,2.1757806023411908e-08,0.0,0.0
7,113,-6.073072559943933,2.8702601125458578e-11,2.1757806023411908e-08,0.0,0.0
7,114,-6.073072559943933,2.8702601125458578e-11,2.1757806023411908e-08,0.0,0.0
7,115,-6.073072559943933,2.8702601125458578e-11,2.1757806023411908e-08,0.0,0.0
7,116,-6.073072559943933,2.8702601125458578e-11,2.1757806023411908e-08,0.0,0.0
7,117,-6.073072559943933,2.8702601125458578e-11,2.1757806023411908e-08,0.0,0.0
7,118,-6.073072559943933,2.8702601125458578e-11,2.1757806023411908e-08,0.0,0.0
7,119,-6.073072559943933,2.8702601125458578e-11,2.1757806023411908e-08,0.0,0.0
7,120,-6.073072559943933,2.8702601125458578e-11,2.1757806023411908e-08,0.0,0.0
7,121,-6.073072559943933,2.8702601125458578e-11,2.1757806023411908e-08,0.0,0.0
7,122,-6.073072559943933,2.8702601125458578e-11,2.1757806023411908e-08,0.0,0.0
7,123,-6.073072559943933,2.8702601125458578e-11,2.1757806023411908e-08,0.0,0.0
7,124,-6.073072559943933,2.8702601125458578e-11,2.1757806023411908e-08,0.0,0.0
7,125,-6.073072559943933,2.8702601125458578e-11,2.1757806023411908e-08,0.0,0.0
7,126,-6.073072559943933,2.8702601125458578e-11,2.1757806023411908e-08,0.0,0.0
7,127,-6.073072559943933,2.8702601125458578e-11,2.1757806023411908e-08,0.0,0.0
7,128,-6.073072559943933,2.8702601125458578e-11,2.1757806023411908e-08,0.0,0.0
7,129,-6.073072559943933,2.8702601125458578e-11,2.1757806023411908e-08,0.0,0.0
7,130,-6.073072559943933,2.8702601125458578e-11,2.1757806023411908e-08,0.0,0.0
7,131,-6.073072559943933,2.8702601125458578e-11,2.1757806023411908e-08,0.0,0.0
7,132,-6.073072559943933,2.8702601125458578e-11,2.1757806023411908e-08,0.0,0.0
7,133,-6.073072559943933,2.8702601125458578e-11,2.1757806023411908e-08,0.0,0.0
7,134,-6.073072559943933,2.8702601125458578e-11,2.1757806023411908e-08,0.0,0.0
7,135,-6.073072559943933,2.8702601125458578e-11,2.1757806023411908e-08,0.0,0.0
7,136,-6.073072559943933,2.8702601125458578e-11,2.1757806023411908e-08,0.0,0.0
7,137,-6.073072559943933,2.8702601125458578e-11,2.1757806023411908e-08,0.0,0.0
7,138,-6.073072559943933,2.8702601125458578e-11,2.1757806023411908e-08,0.0,0.0
7,139,-6.073072559943933,2.8702601125458578e-11,2.1757806023411908e-08,0.0,0.0
7,140,-6.073072559943933,2.8702601125458578e-11,2.1757806023411908e-08,0.0,0.0
7,141,-6.073072559943933,2.8702601125458578e-11,2.1757806023411908e-08,0.0,0.0
7,142,-6.073072559943933,2.8702601125458578e-11,2.1757806023411908e-08,0.0,0.0
7,143,-6.073072559943933,2.8702601125458578e-11,2.1757806023411908e-08,0.0,0.0
7,144,-6.073072559943933,2.8702601125458578e-11,2.1757806023411908e-08,0.0,0.0
7,145,-6.073072559943933,2.8702601125458578e-11,2.1757806023411908e-08,0.0,0.0
7,146,-6.073072559943933,2.8702601125458578e-11,2.1757806023411908e-08,0.0,0.0
7,147,-6.073072559943933,2.8702601125458578e-11,2.1757806023411908e-08,0.0,0.0
7,148,-6.073072559943933,2.8702601125458578e-11,2.1757806023411908e-08,0.0,0.0
7,149,-6.073072559943933,2.8702601125458578e-11,2.1757806023411908e-08,0.0,0.0
7,150,-6.073072559943933,2.8702601125458578e-11,2.1757806023411908e-08,0.0,0.0
7,151,-6.073072559943933,2.8702601125458578e-11,2.1757806023411908e-08,0.0,0.0
7,152,-6.073072559943933,2.8702601125458578e-11,2.1757806023411908e-08,0.0,0.0
7,153,-6.073072559943933,2.8702601125458578e-11,2.1757806023411908e-08,0.0,0.0
7,154,-6.073072559943933,2.8702601125458578e-11,2.1757806023411908e-08,0.0,0.0
7,155,-6.073072559943933,2.8702601125458578e-11,2.1757806023411908e-08,0.0,0.0
7,156,-6.073072559943933,2.8702601125458578e-11,2.1757806023411908e-08,0.0,0.0
7,157,-6.073072559943933,2.8702601125458578e-11,2.1757806023411908e-08,0.0,0.0
7,158,-6.073072559943933,2.8702601125458578e-11,2.1757806023411908e-08,0.0,0.0
7,159,-6.073072559943933,2.8702601125458578e-11,2.1757806023411908e-08,0.0,0.0
7,160,-6.073072559943933,2.8702601125458578e-11,2.1757806023411908e-08,0.0,0.0
7,161,-6.073072559943933,2.8702601125458578e-11,2.1757806023411908e-08,0.0,0.0
7,162,-6.073072559943933,2.8702601125458578e-11,2.1757806023411908e-08,0.0,0.0
7,163,-6.073072559943933,2.8702601125458578e-11,2.1757806023411908e-08,0.0,0.0
7,164,-6.073072559943933,2.8702601125458578e-11,2.1757806023411908e-08,0.0,0.0
7,165,-6.073072559943933,2.8702601125458578e-11,2.1757806023411908e-08,0.0,0.0
7,166,-6.073072559943933,2.8702601125458578e-11,2.1757806023411908e-08,0.0,0.0
7,167,-6.073072559943933,2.8702601125458578e-11,2.1757806023411908e-08,0.0,0.0
7,168,-6.073072559943933,2.8702601125458578e-11,2.1757806023411908e-08,0.0,0.0
7,169,-6.073072559943933,2.8702601125458578e-11,2.1757806023411908e-08,0.0,0.0
7,170,-6.073072559943933,2.8702601125458578e-11,2.1757806023411908e-08,0.0,0.0
7,171,-6.073072559943933,2.8702601125458578e-11,2.1757806023411908e-08,0.0,0.0
7,172,-6.073072559943933,2.8702601125458578e-11,2.1757806023411908e-08,0.0,0.0
7,173,-6.073072559943933,2.8702601125458578e-11,2.1757806023411908e-08,0.0,0.0
7,174,-6.073072559943933,2.8702601125458578e-11,2.1757806023411908e-08,0.0,0.0
7,175,-6.073072559943933,2.8702601125458578e-11,2.1757806023411908e-08,0.0,0.0
7,176,-6.073072559943933,2.8702601125458578e-11,2.1757806023411908e-08,0.0,0.0
7,177,-6.073072559943933,2.8702601125458578e-11,2.1757806023411908e-08,0.0,0.0
7,178,-6.073072559943933,2.8702601125458578e-11,2.1757806023411908e-08,0.0,0.0
7,179,-6.073072559943933,2.8702601125458578e-11,2.1757806023411908e-08,0.0,0.0
7,180,-6.073072559943933,2.8702601125458578e-11,2.1757806023411908e-08,0.0,0.0
7,181,-6.073072559943933,2.8702601125458578e-11,2.1757806023411908e-08,0.0,0.0
7,182,-6.073072559943933,2.8702601125458578e-11,2.1757806023411908e-08,0.0,0.0
7,183,-6.073072559943933,2.8702601125458578e-11,2.1757806023411908e-08,0.0,0.0
7,184,-6.073072559943933,2.8702601125458578e-11,2.1757806023411908e-08,0.0,0.0
7,185,-6.073072559943933,2.8702601125458578e-11,2.1757806023411908e-08,0.0,0.0
7,186,-6.073072559943933,2.8702601125458578e-11,2.1757806023411908e-08,0.0,0.0
7,187,-6.073072559943933,2.8702601125458578e-11,2.1757806023411908e-08,0.0,0.0
7,188,-6.073072559943933,2.8702601125458578e-11,2.1757806023411908e-08,0.0,0.0
7,189,-6.073072559943933,2.8702601125458578e-11,2.1757806023411908e-08,0.0,0.0
7,190,-6.073072559943933,2.8702601125458578e-11,2.1757806023411908e-08,0.0,0.0
7,191,-6.073072559943933,2.8702601125458578e-11,2.1757806023411908e-08,0.0,0.0
7,192,-6.073072559943933,2.8702601125458578e-11,2.1757806023411908e-08,0.0,0.0
7,193,-6.073072559943933,2.8702601125458578e-11,2.1757806023411908e-08,0.0,0.0
7,194,-6.073072559943933,2.8702601125458578e-11,2.1757806023411908e-08,0.0,0.0
7,195,-6.073072559943933,2.8702601125458578e-11,2.1757806023411908e-08,0.0,0.0
7,196,-6.073072559943933,2.8702601125458578e-11,2.1757806023411908e-08,0.0,0.0
7,197,-6.073072559943933,2.8702601125458578e-11,2.1757806023411908e-08,0.0,0.0
7,198,-6.073072559943933,2.8702601125458578e-11,2.1757806023411908e-08,0.0,0.0
7,199,-6.073072559943933,2.8702601125458578e-11,2.1757806023411908e-08,0.0,0.0
7,200,-6.073072559943933,2.8702601125458578e-11,2.1757806023411908e-08,0.0,0.0
7,201,-6.073072559943933,2.8702601125458578e-11,2.1757806023411908e-08,0.0,0.0
7,202,-6.073072559943933,2.8702601125458578e-11,2.1757806023411908e-08,0.0,0.0
7,203,-6.073072559943933,2.8702601125458578e-11,2.1757806023411908e-08,0.0,0.0
7,204,-6.073072559943933,2.8702601125458578e-11,2.1757806023411908e-08,0.0,0.0
7,205,-6.073072559943933,2.8702601125458578e-11,2.1757806023411908e-08,0.0,0.0
7,206,-6.073072559943933,2.8702601125458578e-11,2.1757806023411908e-08,0.0,0.0
7,207,-6.073072559943933,2.8702601125458578e-11,2.1757806023411908e-08,0.0,0.0
7,208,-6.073072559943933,2.8702601125458578e-11,2.1757806023411908e-08,0.0,0.0
7,209,-6.073072559943933,2.8702601125458578e-11,2.1757806023411908e-08,0.0,0.0
7,210,-6.073072559943933,2.8702601125458578e-11,2.1757806023411908e-08,0.0,0.0
7,211,-6.073072559943933,2.8702601125458578e-11,2.1757806023411908e-08,0.0,0.0
7,212,-6.073072559943933,2.8702601125458578e-11,2.1757806023411908e-08,0.0,0.0
7,213,-6.073072559943933,2.8702601125458578e-11,2.1757806023411908e-08,0.0,0.0
7,214,-6.073072559943933,2.8702601125458578e-11,2.1757806023411908e-08,0.0,0.0
7,215,-6.073072559943933,2.8702601125458578e-11,2.1757806023411908e-08,0.0,0.0
7,216,-6.073072559943933,2.8702601125458578e-11,2.1757806023411908e-08,0.0,0.0
7,217,-6.073072559943933,2.8702601125458578e-11,2.1757806023411908e-08,0.0,0.0
7,218,-6.073072559943933,2.8702601125458578e-11,2.1757806023411908e-08,0.0,0.0
7,219,-6.073072559943933,2.8702601125458578e-11,2.1757806023411908e-08,0.0,0.0
7,220,-6.073072559943933,2.8702601125458578e-11,2.1757806023411908e-08,0.0,0.0
7,221,-6.073072559943933,2.8702601125458578e-11,2.1757806023411908e-08,0.0,0.0
7,222,-6.073072559943933,2.8702601125458578e-11,2.1757806023411908e-08,0.0,0.0
7,223,-6.073072559943933,2.8702601125458578e-11,2.1757806023411908e-08,0.0,0.0
7,224,-6.073072559943933,2.8702601125458578e-11,2.1757806023411908e-08,0.0,0.0
7,225,-6.073072559943933,2.8702601125458578e-11,2.1757806023411908e-08,0.0,0.0
7,226,-6.073072559943933,2.8702601125458578e-11,2.1757806023411908e-08,0.0,0.0
7,227,-6.073072559943933,2.8702601125458578e-11,2.1757806023411908e-08,0.0,0.0
7,228,-6.073072559943933,2.8702601125458578e-11,2.1757806023411908e-08,0.0,0.0
7,229,-6.073072559943933,2.8702601125458578e-11,2.1757806023411908e-08,0.0,0.0
7,230,-6.073072559943933,2.8702601125458578e-11,2.1757806023411908e-08,0.0,0.0
7,231,-6.073072559943933,2.8702601125458578e-11,2.1757806023411908e-08,0.0,0.0
7,232,-6.073072559943933,2.8702601125458578e-11,2.1757806023411908e-08,0.0,0.0
7,233,-6.073072559943933,2.8702601125458578e-11,2.1757806023411908e-08,0.0,0.0
7,234,-6.073072559943933,2.8702601125458578e-11,2.1757806023411908e-08,0.0,0.0
7,235,-6.073072559943933,2.8702601125458578e-11,2.1757806023411908e-08,0.0,0.0
7,236,-6.073072559943933,2.8702601125458578e-11,2.1757806023411908e-08,0.0,0.0
7,237,-6.073072559943933,2.8702601125458578e-11,2.1757806023411908e-08,0.0,0.0
7,238,-6.073072559943933,2.8702601125458578e-11,2.1757806023411908e-08,0.0,0.0
7,239,-6.073072559943933,2.8702601125458578e-11,2.1757806023411908e-08,0.0,0.0
7,240,-6.073072559943933,2.8702601125458578e-11,2.1757806023411908e-08,0.0,0.0
7,241,-6.073072559943933,2.8702601125458578e-11,2.1757806023411908e-08,0.0,0.0
7,242,-6.073072559943933,2.8702601125458578e-11,2.1757806023411908e-08,0.0,0.0
7,243,-6.073072559943933,2.8702601125458578e-11,2.1757806023411908e-08,0.0,0.0
7,244,-6.073072559943933,2.8702601125458578e-11,2.1757806023411908e-08,0.0,0.0
7,245,-6.073072559943933,2.8702601125458578e-11,2.1757806023411908e-08,0.0,0.0
7,246,-6.073072559943933,2.8702601125458578e-11,2.1757806023411908e-08,0.0,0.0
7,247,-6.073072559943933,2.8702601125458578e-11,2.1757806023411908e-08,0.0,0.0
7,248,-6.073072559943933,2.8702601125458578e-11,2.1757806023411908e-08,0.0,0.0
7,249,-6.073072559943933,2.8702601125458578e-11,2.1757806023411908e-08,0.0,0.0
7,250,-6.073072559943933,2.8702601125458578e-11,2.1757806023411908e-08,0.0,0.0
7,251,-6.073072559943933,2.8702601125458578e-11,2.1757806023411908e-08,0.0,0.0
7,252,-6.073072559943933,2.8702601125458578e-11,2.1757806023411908e-08,0.0,0.0
7,253,-6.073072559943933,2.8702601125458578e-11,2.1757806023411908e-08,0.0,0.0
7,254,-6.073072559943933,2.8702601125458578e-11,2.1757806023411908e-08,0.0,0.0
7,255,-6.073072559943933,2.8702601125458578e-11,2.1757806023411908e-08,0.0,0.0
7,256,-6.073072559943933,2.8702601125458578e-11,2.1757806023411908e-08,0.0,0.0
7,257,-6.073072559943933,2.8702601125458578e-11,2.1757806023411908e-08,0.0,0.0
7,258,-6.073072559943933,2.8702601125458578e-11,2.1757806023411908e-08,0.0,0.0
7,259,-6.073072559943933,2.8702601125458578e-11,2.1757806023411908e-08,0.0,0.0
7,260,-6.073072559943933,2.8702601125458578e-11,2.1757806023411908e-08,0.0,0.0
7,261,-6.073072559943933,2.8702601125458578e-11,2.1757806023411908e-08,0.0,0.0
7,262,-6.073072559943933,2.8702601125458578e-11,2.1757806023411908e-08,0.0,0.0
7,263,-6.073072559943933,2.8702601125458578e-11,2.1757806023411908e-08,0.0,0.0
7,264,-6.073072559943933,2.8702601125458578e-11,2.1757806023411908e-08,0.0,0.0
7,265,-6.073072559943933,2.8702601125458578e-11,2.1757806023411908e-08,0.0,0.0
7,266,-6.073072559943933,2.8702601125458578e-11,2.1757806023411908e-08,0.0,0.0
7,267,-6.073072559943933,2.8702601125458578e-11,2.1757806023411908e-08,0.0,0.0
7,268,-6.073072559943933,2.8702601125458578e-11,2.1757806023411908e-08,0.0,0.0
7,269,-6.073072559943933,2.8702601125458578e-11,2.1757806023411908e-08,0.0,0.0
7,270,-6.073072559943933,2.8702601125458578e-11,2.1757806023411908e-08,0.0,0.0
7,271,-6.073072559943933,2.8702601125458578e-11,2.1757806023411908e-08,0.0,0.0
7,272,-6.073072559943933,2.8702601125458578e-11,2.1757806023411908e-08,0.0,0.0
7,273,-6.073072559943933,2.8702601125458578e-11,2.1757806023411908e-08,0.0,0.0
7,274,-6.073072559943933,2.8702601125458578e-11,2.1757806023411908e-08,0.0,0.0
7,275,-6.073072559943933,2.8702601125458578e-11,2.1757806023411908e-08,0.0,0.0
7,276,-6.073072559943933,2.8702601125458578e-11,2.1757806023411908e-08,0.0,0.0
7,277,-6.073072559943933,2.8702601125458578e-11,2.1757806023411908e-08,0.0,0.0
7,278,-6.073072559943933,2.8702601125458578e-11,2.1757806023411908e-08,0.0,0.0
7,279,-6.073072559943933,2.8702601125458578e-11,2.1757806023411908e-08,0.0,0.0
7,280,-6.073072559943933,2.8702601125458578e-11,2.1757806023411908e-08,0.0,0.0
7,281,-6.073072559943933,2.8702601125458578e-11,2.1757806023411908e-08,0.0,0.0
7,282,-6.073072559943933,2.8702601125458578e-11,2.1757806023411908e-08,0.0,0.0
7,283,-6.073072559943933,2.8702601125458578e-11,2.1757806023411908e-08,0.0,0.0
7,284,-6.073072559943933,2.8702601125458578e-11,2.1757806023411908e-08,0.0,0.0
7,285,-6.073072559943933,2.8702601125458578e-11,2.1757806023411908e-08,0.0,0.0
7,286,-6.073072559943933,2.8702601125458578e-11,2.1757806023411908e-08,0.0,0.0
7,287,-6.073072559943933,2.8702601125458578e-11,2.1757806023411908e-08,0.0,0.0
7,288,-6.073072559943933,2.8702601125458578e-11,2.1757806023411908e-08,0.0,0.0
7,289,-6.073072559943933,2.8702601125458578e-11,2.1757806023411908e-08,0.0,0.0
7,290,-6.073072559943933,2.8702601125458578e-11,2.1757806023411908e-08,0.0,0.0
7,291,-6.073072559943933,2.8702601125458578e-11,2.1757806023411908e-08,0.0,0.0
7,292,-6.073072559943933,2.8702601125458578e-11,2.1757806023411908e-08,0.0,0.0
7,293,-6.073072559943933,2.8702601125458578e-11,2.1757806023411908e-08,0.0,0.0
7,294,-6.073072559943933,2.8702601125458578e-11,2.1757806023411908e-08,0.0,0.0
7,295,-6.073072559943933,2.8702601125458578e-11,2.1757806023411908e-08,0.0,0.0
7,296,-6.073072559943933,2.8702601125458578e-11,2.1757806023411908e-08,0.0,0.0
7,297,-6.073072559943933,2.8702601125458578e-11,2.1757806023411908e-08,0.0,0.0
7,298,-6.073072559943933,2.8702601125458578e-11,2.1757806023411908e-08,0.0,0.0
7,299,-6.073072559943933,2.8702601125458578e-11,2.1757806023411908e-08,0.0,0.0
7,300,-6.073072559943933,2.8702601125458578e-11,2.1757806023411908e-08,0.0,0.0
8,1,-5.884728850765875,0.24074879587957604,181.29226647166485,0.0006339791245189043,0.05795998271746577
8,2,-6.018317295047277,0.04436164142276427,33.405868089820444,0.0015633162732315708,0.0339536890360198
8,3,-6.035449337469384,0.056865419974379744,42.8216508138846,0.006362255353986044,1.6431654236969235
8,4,-6.068705929430134,0.039326571278381996,29.61428410708903,0.0077082335413897075,0.4782727811445492
8,5,-6.07238646285559,0.005273166725149435,3.970879038429321,0.0018168256366438383,0.017979219659849475
8,6,-6.073275589094596,0.01743655150892405,13.130333345816506,0.024467361007394616,10.933977813019544
8,7,-6.076086854691871,0.0005173830617821155,0.38960754740990355,0.007088446261322143,0.0008804470020413161
8,8,-6.076110817210335,1.3911130591048352e-09,1.047556804934541e-06,0.0687217062412613,7.229369824693095e-12
8,9,-6.076110817210336,7.560210897910532e-16,5.693103318246987e-13,0.0005800677463272336,2.9535407427622053e-13
8,10,-6.076110817210336,7.560210897910532e-16,5.693103318246987e-13,0.0,0.0
8,11,-6.076110817210336,7.560210897910532e-16,5.693103318246987e-13,0.0,0.0
8,12,-6.076110817210336,7.560210897910532e-16,5.693103318246987e-13,0.0,0.0
8,13,-6.076110817210336,7.560210897910532e-16,5.693103318246987e-13,0.0,0.0
8,14,-6.076110817210336,7.560210897910532e-16,5.693103318246987e-13,0.0,0.0
8,15,-6.076110817210336,7.560210897910532e-16,5.693103318246987e-13,0.0,0.0
8,16,-6.076110817210336,7.560210897910532e-16,5.693103318246987e-13,0.0,0.0
8,17,-6.076110817210336,7.560210897910532e-16,5.693103318246987e-13,0.0,0.0
8,18,-6.076110817210336,7.560210897910532e-16,5.693103318246987e-13,0.0,0.0
8,19,-6.076110817210336,7.560210897910532e-16,5.693103318246987e-13,0.0,0.0
8,20,-6.076110817210336,7.560210897910532e-16,5.693103318246987e-13,0.0,0.0
8,21,-6.076110817210336,7.560210897910532e-16,5.693103318246987e-13,0.0,0.0
8,22,-6.076110817210336,7.560210897910532e-16,5.693103318246987e-13,0.0,0.0
8,23,-6.076110817210336,7.560210897910532e-16,5.693103318246987e-13,0.0,0.0
8,24,-6.076110817210336,7.560210897910532e-16,5.693103318246987e-13,0.0,0.0
8,25,-6.076110817210336,7.560210897910532e-16,5.693103318246987e-13,0.0,0.0
8,26,-6.076110817210336,7.560210897910532e-16,5.693103318246987e-13,0.0,0.0
8,27,-6.076110817210336,7.560210897910532e-16,5.693103318246987e-13,0.0,0.0
8,28,-6.076110817210336,7.560210897910532e-16,5.693103318246987e-13,0.0,0.0
8,29,-6.076110817210336,7.560210897910532e-16,5.693103318246987e-13,0.0,0.0
8,30,-6.076110817210336,7.560210897910532e-16,5.693103318246987e-13,0.0,0.0
8,31,-6.076110817210336,7.560210897910532e-16,5.693103318246987e-13,0.0,0.0
8,32,-6.076110817210336,7.560210897910532e-16,5.693103318246987e-13,0.0,0.0
8,33,-6.076110817210336,7.560210897910532e-16,5.693103318246987e-13,0.0,0.0
8,34,-6.076110817210336,7.560210897910532e-16,5.693103318246987e-13,0.0,0.0
8,35,-6.076110817210336,7.560210897910532e-16,5.693103318246987e-13,0.0,0.0
8,36,-6.076110817210336,7.560210897910532e-16,5.693103318246987e-13,0.0,0.0
8,37,-6.076110817210336,7.560210897910532e-16,5.693103318246987e-13,0.0,0.0
8,38,-6.076110817210336,7.560210897910532e-16,5.693103318246987e-13,0.0,0.0
8,39,-6.076110817210336,7.560210897910532e-16,5.693103318246987e-13,0.0,0.0
8,40,-6.076110817210336,7.560210897910532e-16,5.693103318246987e-13,0.0,0.0
8,41,-6.076110817210336,7.560210897910532e-16,5.693103318246987e-13,0.0,0.0
8,42,-6.076110817210336,7.560210897910532e-16,5.693103318246987e-13,0.0,0.0
8,43,-6.076110817210336,7.560210897910532e-16,5.693103318246987e-13,0.0,0.0
8,44,-6.076110817210336,7.560210897910532e-16,5.693103318246987e-13,0.0,0.0
8,45,-6.076110817210336,7.560210897910532e-16,5.693103318246987e-13,0.0,0.0
8,46,-6.076110817210336,7.560210897910532e-16,5.693103318246987e-13,0.0,0.0
8,47,-6.076110817210336,7.560210897910532e-16,5.693103318246987e-13,0.0,0.0
8,48,-6.076110817210336,7.560210897910532e-16,5.693103318246987e-13,0.0,0.0
8,49,-6.076110817210336,7.560210897910532e-16,5.693103318246987e-13,0.0,0.0
8,50,-6.076110817210336,7.560210897910532e-16,5.693103318246987e-13,0.0,0.0
8,51,-6.076110817210336,7.560210897910532e-16,5.693103318246987e-13,0.0,0.0
8,52,-6.076110817210336,7.560210897910532e-16,5.693103318246987e-13,0.0,0.0
8,53,-6.076110817210336,7.560210897910532e-16,5.693103318246987e-13,0.0,0.0
8,54,-6.076110817210336,7.560210897910532e-16,5.693103318246987e-13,0.0,0.0
8,55,-6.076110817210336,7.560210897910532e-16,5.693103318246987e-13,0.0,0.0
8,56,-6.076110817210336,7.560210897910532e-16,5.693103318246987e-13,0.0,0.0
8,57,-6.076110817210336,7.560210897910532e-16,5.693103318246987e-13,0.0,0.0
8,58,-6.076110817210336,7.560210897910532e-16,5.693103318246987e-13,0.0,0.0
8,59,-6.076110817210336,7.560210897910532e-16,5.693103318246987e-13,0.0,0.0
8,60,-6.076110817210336,7.560210897910532e-16,5.693103318246987e-13,0.0,0.0
8,61,-6.076110817210336,7.560210897910532e-16,5.693103318246987e-13,0.0,0.0
8,62,-6.076110817210336,7.560210897910532e-16,5.693103318246987e-13,0.0,0.0
8,63,-6.076110817210336,7.560210897910532e-16,5.693103318246987e-13,0.0,0.0
8,64,-6.076110817210336,7.560210897910532e-16,5.693103318246987e-13,0.0,0.0
8,65,-6.076110817210336,7.560210897910532e-16,5.693103318246987e-13,0.0,0.0
8,66,-6.076110817210336,7.560210897910532e-16,5.693103318246987e-13,0.0,0.0
8,67,-6.076110817210336,7.560210897910532e-16,5.693103318246987e-13,0.0,0.0
8,68,-6.076110817210336,7.560210897910532e-16,5.693103318246987e-13,0.0,0.0
8,69,-6.076110817210336,7.560210897910532e-16,5.693103318246987e-13,0.0,0.0
8,70,-6.076110817210336,7.560210897910532e-16,5.693103318246987e-13,0.0,0.0
8,71,-6.076110817210336,7.560210897910532e-16,5.693103318246987e-13,0.0,0.0
8,72,-6.076110817210336,7.560210897910532e-16,5.693103318246987e-13,0.0,0.0
8,73,-6.076110817210336,7.560210897910532e-16,5.693103318246987e-13,0.0,0.0
8,74,-6.076110817210336,7.560210897910532e-16,5.693103318246987e-13,0.0,0.0
8,75,-6.076110817210336,7.560210897910532e-16,5.693103318246987e-13,0.0,0.0
8,76,-6.076110817210336,7.560210897910532e-16,5.693103318246987e-13,0.0,0.0
8,77,-6.076110817210336,7.560210897910532e-16,5.693103318246987e-13,0.0,0.0
8,78,-6.076110817210336,7.560210897910532e-16,5.693103318246987e-13,0.0,0.0
8,79,-6.076110817210336,7.560210897910532e-16,5.693103318246987e-13,0.0,0.0
8,80,-6.076110817210336,7.560210897910532e-16,5.693103318246987e-13,0.0,0.0
8,81,-6.076110817210336,7.560210897910532e-16,5.693103318246987e-13,0.0,0.0
8,82,-6.076110817210336,7.560210897910532e-16,5.693103318246987e-13,0.0,0.0
8,83,-6.076110817210336,7.560210897910532e-16,5.693103318246987e-13,0.0,0.0
8,84,-6.076110817210336,7.560210897910532e-16,5.693103318246987e-13,0.0,0.0
8,85,-6.076110817210336,7.560210897910532e-16,5.693103318246987e-13,0.0,0.0
8,86,-6.076110817210336,7.560210897910532e-16,5.693103318246987e-13,0.0,0.0
8,87,-6.076110817210336,7.560210897910532e-16,5.693103318246987e-13,0.0,0.0
8,88,-6.076110817210336,7.560210897910532e-16,5.693103318246987e-13,0.0,0.0
8,89,-6.076110817210336,7.560210897910532e-16,5.693103318246987e-13,0.0,0.0
8,90,-6.076110817210336,7.560210897910532e-16,5.693103318246987e-13,0.0,0.0
8,91,-6.076110817210336,7.560210897910532e-16,5.693103318246987e-13,0.0,0.0
8,92,-6.076110817210336,7.560210897910532e-16,5.693103318246987e-13,0.0,0.0
8,93,-6.076110817210336,7.560210897910532e-16,5.693103318246987e-13,0.0,0.0
8,94,-6.076110817210336,7.560210897910532e-16,5.693103318246987e-13,0.0,0.0
8,95,-6.076110817210336,7.560210897910532e-16,5.693103318246987e-13,0.0,0.0
8,96,-6.076110817210336,7.560210897910532e-16,5.693103318246987e-13,0.0,0.0
8,97,-6.076110817210336,7.560210897910532e-16,5.693103318246987e-13,0.0,0.0
8,98,-6.076110817210336,7.560210897910532e-16,5.693103318246987e-13,0.0,0.0
8,99,-6.076110817210336,7.560210897910532e-16,5.693103318246987e-13,0.0,0.0
8,100,-6.076110817210336,7.560210897910532e-16,5.693103318246987e-13,0.0,0.0
8,101,-6.076110817210336,7.560210897910532e-16,5.693103318246987e-13,0.0,0.0
8,102,-6.076110817210336,7.560210897910532e-16,5.693103318246987e-13,0.0,0.0
8,103,-6.076110817210336,7.560210897910532e-16,5.693103318246987e-13,0.0,0.0
8,104,-6.076110817210336,7.560210897910532e-16,5.693103318246987e-13,0.0,0.0
8,105,-6.076110817210336,7.560210897910532e-16,5.693103318246987e-13,0.0,0.0
8,106,-6.076110817210336,7.560210897910532e-16,5.693103318246987e-13,0.0,0.0
8,107,-6.076110817210336,7.560210897910532e-16,5.693103318246987e-13,0.0,0.0
8,108,-6.076110817210336,7.560210897910532e-16,5.693103318246987e-13,0.0,0.0
8,109,-6.076110817210336,7.560210897910532e-16,5.693103318246987e-13,0.0,0.0
8,110,-6.076110817210336,7.560210897910532e-16,5.693103318246987e-13,0.0,0.0
8,111,-6.076110817210336,7.560210897910532e-16,5.693103318246987e-13,0.0,0.0
8,112,-6.076110817210336,7.560210897910532e-16,5.693103318246987e-13,0.0,0.0
8,113,-6.076110817210336,7.560210897910532e-16,5.693103318246987e-13,0.0,0.0
8,114,-6.076110817210336,7.560210897910532e-16,5.693103318246987e-13,0.0,0.0
8,115,-6.076110817210336,7.560210897910532e-16,5.693103318246987e-13,0.0,0.0
8,116,-6.076110817210336,7.560210897910532e-16,5.693103318246987e-13,0.0,0.0
8,117,-6.076110817210336,7.560210897910532e-16,5.693103318246987e-13,0.0,0.0
8,118,-6.076110817210336,7.560210897910532e-16,5.693103318246987e-13,0.0,0.0
8,119,-6.076110817210336,7.560210897910532e-16,5.693103318246987e-13,0.0,0.0
8,120,-6.076110817210336,7.560210897910532e-16,5.693103318246987e-13,0.0,0.0
8,121,-6.076110817210336,7.560210897910532e-16,5.693103318246987e-13,0.0,0.0
8,122,-6.076110817210336,7.560210897910532e-16,5.693103318246987e-13,0.0,0.0
8,123,-6.076110817210336,7.560210897910532e-16,5.693103318246987e-13,0.0,0.0
8,124,-6.076110817210336,7.560210897910532e-16,5.693103318246987e-13,0.0,0.0
8,125,-6.076110817210336,7.560210897910532e-16,5.693103318246987e-13,0.0,0.0
8,126,-6.076110817210336,7.560210897910532e-16,5.693103318246987e-13,0.0,0.0
8,127,-6.076110817210336,7.560210897910532e-16,5.693103318246987e-13,0.0,0.0
8,128,-6.076110817210336,7.560210897910532e-16,5.693103318246987e-13,0.0,0.0
8,129,-6.076110817210336,7.560210897910532e-16,5.693103318246987e-13,0.0,0.0
8,130,-6.076110817210336,7.560210897910532e-16,5.693103318246987e-13,0.0,0.0
8,131,-6.076110817210336,7.560210897910532e-16,5.693103318246987e-13,0.0,0.0
8,132,-6.076110817210336,7.560210897910532e-16,5.693103318246987e-13,0.0,0.0
8,133,-6.076110817210336,7.560210897910532e-16,5.693103318246987e-13,0.0,0.0
8,134,-6.076110817210336,7.560210897910532e-16,5.693103318246987e-13,0.0,0.0
8,135,-6.076110817210336,7.560210897910532e-16,5.693103318246987e-13,0.0,0.0
8,136,-6.076110817210336,7.560210897910532e-16,5.693103318246987e-13,0.0,0.0
8,137,-6.076110817210336,7.560210897910532e-16,5.693103318246987e-13,0.0,0.0
8,138,-6.076110817210336,7.560210897910532e-16,5.693103318246987e-13,0.0,0.0
8,139,-6.076110817210336,7.560210897910532e-16,5.693103318246987e-13,0.0,0.0
8,140,-6.076110817210336,7.560210897910532e-16,5.693103318246987e-13,0.0,0.0
8,141,-6.076110817210336,7.560210897910532e-16,5.693103318246987e-13,0.0,0.0
8,142,-6.076110817210336,7.560210897910532e-16,5.693103318246987e-13,0.0,0.0
8,143,-6.076110817210336,7.560210897910532e-16,5.693103318246987e-13,0.0,0.0
8,144,-6.076110817210336,7.560210897910532e-16,5.693103318246987e-13,0.0,0.0
8,145,-6.076110817210336,7.560210897910532e-16,5.693103318246987e-13,0.0,0.0
8,146,-6.076110817210336,7.560210897910532e-16,5.693103318246987e-13,0.0,0.0
8,147,-6.076110817210336,7.560210897910532e-16,5.693103318246987e-13,0.0,0.0
8,148,-6.076110817210336,7.560210897910532e-16,5.693103318246987e-13,0.0,0.0
8,149,-6.076110817210336,7.560210897910532e-16,5.693103318246987e-13,0.0,0.0
8,150,-6.076110817210336,7.560210897910532e-16,5.693103318246987e-13,0.0,0.0
8,151,-6.076110817210336,7.560210897910532e-16,5.693103318246987e-13,0.0,0.0
8,152,-6.076110817210336,7.560210897910532e-16,5.693103318246987e-13,0.0,0.0
8,153,-6.076110817210336,7.560210897910532e-16,5.693103318246987e-13,0.0,0.0
8,154,-6.076110817210336,7.560210897910532e-16,5.693103318246987e-13,0.0,0.0
8,155,-6.076110817210336,7.560210897910532e-16,5.693103318246987e-13,0.0,0.0
8,156,-6.076110817210336,7.560210897910532e-16,5.693103318246987e-13,0.0,0.0
8,157,-6.076110817210336,7.560210897910532e-16,5.693103318246987e-13,0.0,0.0
8,158,-6.076110817210336,7.560210897910532e-16,5.693103318246987e-13,0.0,0.0
8,159,-6.076110817210336,7.560210897910532e-16,5.693103318246987e-13,0.0,0.0
8,160,-6.076110817210336,7.560210897910532e-16,5.693103318246987e-13,0.0,0.0
8,161,-6.076110817210336,7.560210897910532e-16,5.693103318246987e-13,0.0,0.0
8,162,-6.076110817210336,7.560210897910532e-16,5.693103318246987e-13,0.0,0.0
8,163,-6.076110817210336,7.560210897910532e-16,5.693103318246987e-13,0.0,0.0
8,164,-6.076110817210336,7.560210897910532e-16,5.693103318246987e-13,0.0,0.0
8,165,-6.076110817210336,7.560210897910532e-16,5.693103318246987e-13,0.0,0.0
8,166,-6.076110817210336,7.560210897910532e-16,5.693103318246987e-13,0.0,0.0
8,167,-6.076110817210336,7.560210897910532e-16,5.693103318246987e-13,0.0,0.0
8,168,-6.076110817210336,7.560210897910532e-16,5.693103318246987e-13,0.0,0.0
8,169,-6.076110817210336,7.560210897910532e-16,5.693103318246987e-13,0.0,0.0
8,170,-6.076110817210336,7.560210897910532e-16,5.693103318246987e-13,0.0,0.0
8,171,-6.076110817210336,7.560210897910532e-16,5.693103318246987e-13,0.0,0.0
8,172,-6.076110817210336,7.560210897910532e-16,5.693103318246987e-13,0.0,0.0
8,173,-6.076110817210336,7.560210897910532e-16,5.693103318246987e-13,0.0,0.0
8,174,-6.076110817210336,7.560210897910532e-16,5.693103318246987e-13,0.0,0.0
8,175,-6.076110817210336,7.560210897910532e-16,5.693103318246987e-13,0.0,0.0
8,176,-6.076110817210336,7.560210897910532e-16,5.693103318246987e-13,0.0,0.0
8,177,-6.076110817210336,7.560210897910532e-16,5.693103318246987e-13,0.0,0.0
8,178,-6.076110817210336,7.560210897910532e-16,5.693103318246987e-13,0.0,0.0
8,179,-6.076110817210336,7.560210897910532e-16,5.693103318246987e-13,0.0,0.0
8,180,-6.076110817210336,7.560210897910532e-16,5.693103318246987e-13,0.0,0.0
8,181,-6.076110817210336,7.560210897910532e-16,5.693103318246987e-13,0.0,0.0
8,182,-6.076110817210336,7.560210897910532e-16,5.693103318246987e-13,0.0,0.0
8,183,-6.076110817210336,7.560210897910532e-16,5.693103318246987e-13,0.0,0.0
8,184,-6.076110817210336,7.560210897910532e-16,5.693103318246987e-13,0.0,0.0
8,185,-6.076110817210336,7.560210897910532e-16,5.693103318246987e-13,0.0,0.0
8,186,-6.076110817210336,7.560210897910532e-16,5.693103318246987e-13,0.0,0.0
8,187,-6.076110817210336,7.560210897910532e-16,5.693103318246987e-13,0.0,0.0
8,188,-6.076110817210336,7.560210897910532e-16,5.693103318246987e-13,0.0,0.0
8,189,-6.076110817210336,7.560210897910532e-16,5.693103318246987e-13,0.0,0.0
8,190,-6.076110817210336,7.560210897910532e-16,5.693103318246987e-13,0.0,0.0
8,191,-6.076110817210336,7.560210897910532e-16,5.693103318246987e-13,0.0,0.0
8,192,-6.076110817210336,7.560210897910532e-16,5.693103318246987e-13,0.0,0.0
8,193,-6.076110817210336,7.560210897910532e-16,5.693103318246987e-13,0.0,0.0
8,194,-6.076110817210336,7.560210897910532e-16,5.693103318246987e-13,0.0,0.0
8,195,-6.076110817210336,7.560210897910532e-16,5.693103318246987e-13,0.0,0.0
8,196,-6.076110817210336,7.560210897910532e-16,5.693103318246987e-13,0.0,0.0
8,197,-6.076110817210336,7.560210897910532e-16,5.693103318246987e-13,0.0,0.0
8,198,-6.076110817210336,7.560210897910532e-16,5.693103318246987e-13,0.0,0.0
8,199,-6.076110817210336,7.560210897910532e-16,5.693103318246987e-13,0.0,0.0
8,200,-6.076110817210336,7.560210897910532e-16,5.693103318246987e-13,0.0,0.0
8,201,-6.076110817210336,7.560210897910532e-16,5.693103318246987e-13,0.0,0.0
8,202,-6.076110817210336,7.560210897910532e-16,5.693103318246987e-13,0.0,0.0
8,203,-6.076110817210336,7.560210897910532e-16,5.693103318246987e-13,0.0,0.0
8,204,-6.076110817210336,7.560210897910532e-16,5.693103318246987e-13,0.0,0.0
8,205,-6.076110817210336,7.560210897910532e-16,5.693103318246987e-13,0.0,0.0
8,206,-6.076110817210336,7.560210897910532e-16,5.693103318246987e-13,0.0,0.0
8,207,-6.076110817210336,7.560210897910532e-16,5.693103318246987e-13,0.0,0.0
8,208,-6.076110817210336,7.560210897910532e-16,5.693103318246987e-13,0.0,0.0
8,209,-6.076110817210336,7.560210897910532e-16,5.693103318246987e-13,0.0,0.0
8,210,-6.076110817210336,7.560210897910532e-16,5.693103318246987e-13,0.0,0.0
8,211,-6.076110817210336,7.560210897910532e-16,5.693103318246987e-13,0.0,0.0
8,212,-6.076110817210336,7.560210897910532e-16,5.693103318246987e-13,0.0,0.0
8,213,-6.076110817210336,7.560210897910532e-16,5.693103318246987e-13,0.0,0.0
8,214,-6.076110817210336,7.560210897910532e-16,5.693103318246987e-13,0.0,0.0
8,215,-6.076110817210336,7.560210897910532e-16,5.693103318246987e-13,0.0,0.0
8,216,-6.076110817210336,7.560210897910532e-16,5.693103318246987e-13,0.0,0.0
8,217,-6.076110817210336,7.560210897910532e-16,5.693103318246987e-13,0.0,0.0
8,218,-6.076110817210336,7.560210897910532e-16,5.693103318246987e-13,0.0,0.0
8,219,-6.076110817210336,7.560210897910532e-16,5.693103318246987e-13,0.0,0.0
8,220,-6.076110817210336,7.560210897910532e-16,5.693103318246987e-13,0.0,0.0
8,221,-6.076110817210336,7.560210897910532e-16,5.693103318246987e-13,0.0,0.0
8,222,-6.076110817210336,7.560210897910532e-16,5.693103318246987e-13,0.0,0.0
8,223,-6.076110817210336,7.560210897910532e-16,5.693103318246987e-13,0.0,0.0
8,224,-6.076110817210336,7.560210897910532e-16,5.693103318246987e-13,0.0,0.0
8,225,-6.076110817210336,7.560210897910532e-16,5.693103318246987e-13,0.0,0.0
8,226,-6.076110817210336,7.560210897910532e-16,5.693103318246987e-13,0.0,0.0
8,227,-6.076110817210336,7.560210897910532e-16,5.693103318246987e-13,0.0,0.0
8,228,-6.076110817210336,7.560210897910532e-16,5.693103318246987e-13,0.0,0.0
8,229,-6.076110817210336,7.560210897910532e-16,5.693103318246987e-13,0.0,0.0
8,230,-6.076110817210336,7.560210897910532e-16,5.693103318246987e-13,0.0,0.0
8,231,-6.076110817210336,7.560210897910532e-16,5.693103318246987e-13,0.0,0.0
8,232,-6.076110817210336,7.560210897910532e-16,5.693103318246987e-13,0.0,0.0
8,233,-6.076110817210336,7.560210897910532e-16,5.693103318246987e-13,0.0,0.0
8,234,-6.076110817210336,7.560210897910532e-16,5.693103318246987e-13,0.0,0.0
8,235,-6.076110817210336,7.560210897910532e-16,5.693103318246987e-13,0.0,0.0
8,236,-6.076110817210336,7.560210897910532e-16,5.693103318246987e-13,0.0,0.0
8,237,-6.076110817210336,7.560210897910532e-16,5.693103318246987e-13,0.0,0.0
8,238,-6.076110817210336,7.560210897910532e-16,5.693103318246987e-13,0.0,0.0
8,239,-6.076110817210336,7.560210897910532e-16,5.693103318246987e-13,0.0,0.0
8,240,-6.076110817210336,7.560210897910532e-16,5.693103318246987e-13,0.0,0.0
8,241,-6.076110817210336,7.560210897910532e-16,5.693103318246987e-13,0.0,0.0
8,242,-6.076110817210336,7.560210897910532e-16,5.693103318246987e-13,0.0,0.0
8,243,-6.076110817210336,7.560210897910532e-16,5.693103318246987e-13,0.0,0.0
8,244,-6.076110817210336,7.560210897910532e-16,5.693103318246987e-13,0.0,0.0
8,245,-6.076110817210336,7.560210897910532e-16,5.693103318246987e-13,0.0,0.0
8,246,-6.076110817210336,7.560210897910532e-16,5.693103318246987e-13,0.0,0.0
8,247,-6.076110817210336,7.560210897910532e-16,5.693103318246987e-13,0.0,0.0
8,248,-6.076110817210336,7.560210897910532e-16,5.693103318246987e-13,0.0,0.0
8,249,-6.076110817210336,7.560210897910532e-16,5.693103318246987e-13,0.0,0.0
8,250,-6.076110817210336,7.560210897910532e-16,5.693103318246987e-13,0.0,0.0
8,251,-6.076110817210336,7.560210897910532e-16,5.693103318246987e-13,0.0,0.0
8,252,-6.076110817210336,7.560210897910532e-16,5.693103318246987e-13,0.0,0.0
8,253,-6.076110817210336,7.560210897910532e-16,5.693103318246987e-13,0.0,0.0
8,254,-6.076110817210336,7.560210897910532e-16,5.693103318246987e-13,0.0,0.0
8,255,-6.076110817210336,7.560210897910532e-16,5.693103318246987e-13,0.0,0.0
8,256,-6.076110817210336,7.560210897910532e-16,5.693103318246987e-13,0.0,0.0
8,257,-6.076110817210336,7.560210897910532e-16,5.693103318246987e-13,0.0,0.0
8,258,-6.076110817210336,7.560210897910532e-16,5.693103318246987e-13,0.0,0.0
8,259,-6.076110817210336,7.560210897910532e-16,5.693103318246987e-13,0.0,0.0
8,260,-6.076110817210336,7.560210897910532e-16,5.693103318246987e-13,0.0,0.0
8,261,-6.076110817210336,7.560210897910532e-16,5.693103318246987e-13,0.0,0.0
8,262,-6.076110817210336,7.560210897910532e-16,5.693103318246987e-13,0.0,0.0
8,263,-6.076110817210336,7.560210897910532e-16,5.693103318246987e-13,0.0,0.0
8,264,-6.076110817210336,7.560210897910532e-16,5.693103318246987e-13,0.0,0.0
8,265,-6.076110817210336,7.560210897910532e-16,5.693103318246987e-13,0.0,0.0
8,266,-6.076110817210336,7.560210897910532e-16,5.693103318246987e-13,0.0,0.0
8,267,-6.076110817210336,7.560210897910532e-16,5.693103318246987e-13,0.0,0.0
8,268,-6.076110817210336,7.560210897910532e-16,5.693103318246987e-13,0.0,0.0
8,269,-6.076110817210336,7.560210897910532e-16,5.693103318246987e-13,0.0,0.0
8,270,-6.076110817210336,7.560210897910532e-16,5.693103318246987e-13,0.0,0.0
8,271,-6.076110817210336,7.560210897910532e-16,5.693103318246987e-13,0.0,0.0
8,272,-6.076110817210336,7.560210897910532e-16,5.693103318246987e-13,0.0,0.0
8,273,-6.076110817210336,7.560210897910532e-16,5.693103318246987e-13,0.0,0.0
8,274,-6.076110817210336,7.560210897910532e-16,5.693103318246987e-13,0.0,0.0
8,275,-6.076110817210336,7.560210897910532e-16,5.693103318246987e-13,0.0,0.0
8,276,-6.076110817210336,7.560210897910532e-16,5.693103318246987e-13,0.0,0.0
8,277,-6.076110817210336,7.560210897910532e-16,5.693103318246987e-13,0.0,0.0
8,278,-6.076110817210336,7.560210897910532e-16,5.693103318246987e-13,0.0,0.0
8,279,-6.076110817210336,7.560210897910532e-16,5.693103318246987e-13,0.0,0.0
8,280,-6.076110817210336,7.560210897910532e-16,5.693103318246987e-13,0.0,0.0
8,281,-6.076110817210336,7.560210897910532e-16,5.693103318246987e-13,0.0,0.0
8,282,-6.076110817210336,7.560210897910532e-16,5.693103318246987e-13,0.0,0.0
8,283,-6.076110817210336,7.560210897910532e-16,5.693103318246987e-13,0.0,0.0
8,284,-6.076110817210336,7.560210897910532e-16,5.693103318246987e-13,0.0,0.0
8,285,-6.076110817210336,7.560210897910532e-16,5.693103318246987e-13,0.0,0.0
8,286,-6.076110817210336,7.560210897910532e-16,5.693103318246987e-13,0.0,0.0
8,287,-6.076110817210336,7.560210897910532e-16,5.693103318246987e-13,0.0,0.0
8,288,-6.076110817210336,7.560210897910532e-16,5.693103318246987e-13,0.0,0.0
8,289,-6.076110817210336,7.560210897910532e-16,5.693103318246987e-13,0.0,0.0
8,290,-6.076110817210336,7.560210897910532e-16,5.693103318246987e-13,0.0,0.0
8,291,-6.076110817210336,7.560210897910532e-16,5.693103318246987e-13,0.0,0.0
8,292,-6.076110817210336,7.560210897910532e-16,5.693103318246987e-13,0.0,0.0
8,293,-6.076110817210336,7.560210897910532e-16,5.693103318246987e-13,0.0,0.0
8,294,-6.076110817210336,7.560210897910532e-16,5.693103318246987e-13,0.0,0.0
8,295,-6.076110817210336,7.560210897910532e-16,5.693103318246987e-13,0.0,0.0
8,296,-6.076110817210336,7.560210897910532e-16,5.693103318246987e-13,0.0,0.0
8,297,-6.076110817210336,7.560210897910532e-16,5.693103318246987e-13,0.0,0.0
8,298,-6.076110817210336,7.560210897910532e-16,5.693103318246987e-13,0.0,0.0
8,299,-6.076110817210336,7.560210897910532e-16,5.693103318246987e-13,0.0,0.0
8,300,-6.076110817210336,7.560210897910532e-16,5.693103318246987e-13,0.0,0.0
9,1,-5.906401366409571,0.23207125393437655,175.99460337660707,0.0006387950130848871,0.053857066902673896
9,2,-6.022303890095504,0.03910524366182921,29.656029049402818,0.0014575473871260814,0.028394046868807685
9,3,-6.030848159762241,0.038170975093563105,28.947512921999472,0.004024936039086192,0.952788520688122
9,4,-6.054843987370431,0.04437579417642539,33.65302752149719,0.012058640403139675,1.35153024339197
9,5,-6.061003547034903,0.0038987048917027084,2.9566394349369993,0.0023250105904549278,0.00771877619659487
9,6,-6.0610878312498935,0.004422357514830437,3.353759001242893,0.00413454966834598,1.2866693994291347
9,7,-6.063336812059487,0.0004187362407481207,0.31755470511964395,0.08584351614550821,0.008965477011164682
9,8,-6.063369149488137,1.2813902012481087e-08,9.717608554099591e-06,0.13783170262354366,9.364437548098988e-10
9,9,-6.063369149488136,3.640970879827003e-14,2.7611831066424444e-11,0.0005855796886895673,8.073681516260844e-12
9,10,-6.063369149488136,3.640970879827003e-14,2.7611831066424444e-11,0.0,0.0
9,11,-6.063369149488136,3.640970879827003e-14,2.7611831066424444e-11,0.0,0.0
9,12,-6.063369149488136,3.640970879827003e-14,2.7611831066424444e-11,0.0,0.0
9,13,-6.063369149488136,3.640970879827003e-14,2.7611831066424444e-11,0.0,0.0
9,14,-6.063369149488136,3.640970879827003e-14,2.7611831066424444e-11,0.0,0.0
9,15,-6.063369149488136,3.640970879827003e-14,2.7611831066424444e-11,0.0,0.0
9,16,-6.063369149488136,3.640970879827003e-14,2.7611831066424444e-11,0.0,0.0
9,17,-6.063369149488136,3.640970879827003e-14,2.7611831066424444e-11,0.0,0.0
9,18,-6.063369149488136,3.640970879827003e-14,2.7611831066424444e-11,0.0,0.0
9,19,-6.063369149488136,3.640970879827003e-14,2.7611831066424444e-11,0.0,0.0
9,20,-6.063369149488136,3.640970879827003e-14,2.7611831066424444e-11,0.0,0.0
9,21,-6.063369149488136,3.640970879827003e-14,2.7611831066424444e-11,0.0,0.0
9,22,-6.063369149488136,3.640970879827003e-14,2.7611831066424444e-11,0.0,0.0
9,23,-6.063369149488136,3.640970879827003e-14,2.7611831066424444e-11,0.0,0.0
9,24,-6.063369149488136,3.640970879827003e-14,2.7611831066424444e-11,0.0,0.0
9,25,-6.063369149488136,3.640970879827003e-14,2.7611831066424444e-11,0.0,0.0
9,26,-6.063369149488136,3.640970879827003e-14,2.7611831066424444e-11,0.0,0.0
9,27,-6.063369149488136,3.640970879827003e-14,2.7611831066424444e-11,0.0,0.0
9,28,-6.063369149488136,3.640970879827003e-14,2.7611831066424444e-11,0.0,0.0
9,29,-6.063369149488136,3.640970879827003e-14,2.7611831066424444e-11,0.0,0.0
9,30,-6.063369149488136,3.640970879827003e-14,2.7611831066424444e-11,0.0,0.0
9,31,-6.063369149488136,3.640970879827003e-14,2.7611831066424444e-11,0.0,0.0
9,32,-6.063369149488136,3.640970879827003e-14,2.7611831066424444e-11,0.0,0.0
9,33,-6.063369149488136,3.640970879827003e-14,2.7611831066424444e-11,0.0,0.0
9,34,-6.063369149488136,3.640970879827003e-14,2.7611831066424444e-11,0.0,0.0
9,35,-6.063369149488136,3.640970879827003e-14,2.7611831066424444e-11,0.0,0.0
9,36,-6.063369149488136,3.640970879827003e-14,2.7611831066424444e-11,0.0,0.0
9,37,-6.063369149488136,3.640970879827003e-14,2.7611831066424444e-11,0.0,0.0
9,38,-6.063369149488136,3.640970879827003e-14,2.7611831066424444e-11,0.0,0.0
9,39,-6.063369149488136,3.640970879827003e-14,2.7611831066424444e-11,0.0,0.0
9,40,-6.063369149488136,3.640970879827003e-14,2.7611831066424444e-11,0.0,0.0
9,41,-6.063369149488136,3.640970879827003e-14,2.7611831066424444e-11,0.0,0.0
9,42,-6.063369149488136,3.640970879827003e-14,2.7611831066424444e-11,0.0,0.0
9,43,-6.063369149488136,3.640970879827003e-14,2.7611831066424444e-11,0.0,0.0
9,44,-6.063369149488136,3.640970879827003e-14,2.7611831066424444e-11,0.0,0.0
9,45,-6.063369149488136,3.640970879827003e-14,2.7611831066424444e-11,0.0,0.0
9,46,-6.063369149488136,3.640970879827003e-14,2.7611831066424444e-11,0.0,0.0
9,47,-6.063369149488136,3.640970879827003e-14,2.7611831066424444e-11,0.0,0.0
9,48,-6.063369149488136,3.640970879827003e-14,2.7611831066424444e-11,0.0,0.0
9,49,-6.063369149488136,3.640970879827003e-14,2.7611831066424444e-11,0.0,0.0
9,50,-6.063369149488136,3.640970879827003e-14,2.7611831066424444e-11,0.0,0.0
9,51,-6.063369149488136,3.640970879827003e-14,2.7611831066424444e-11,0.0,0.0
9,52,-6.063369149488136,3.640970879827003e-14,2.7611831066424444e-11,0.0,0.0
9,53,-6.063369149488136,3.640970879827003e-14,2.7611831066424444e-11,0.0,0.0
9,54,-6.063369149488136,3.640970879827003e-14,2.7611831066424444e-11,0.0,0.0
9,55,-6.063369149488136,3.640970879827003e-14,2.7611831066424444e-11,0.0,0.0
9,56,-6.063369149488136,3.640970879827003e-14,2.7611831066424444e-11,0.0,0.0
9,57,-6.063369149488136,3.640970879827003e-14,2.7611831066424444e-11,0.0,0.0
9,58,-6.063369149488136,3.640970879827003e-14,2.7611831066424444e-11,0.0,0.0
9,59,-6.063369149488136,3.640970879827003e-14,2.7611831066424444e-11,0.0,0.0
9,60,-6.063369149488136,3.640970879827003e-14,2.7611831066424444e-11,0.0,0.0
9,61,-6.063369149488136,3.640970879827003e-14,2.7611831066424444e-11,0.0,0.0
9,62,-6.063369149488136,3.640970879827003e-14,2.7611831066424444e-11,0.0,0.0
9,63,-6.063369149488136,3.640970879827003e-14,2.7611831066424444e-11,0.0,0.0
9,64,-6.063369149488136,3.640970879827003e-14,2.7611831066424444e-11,0.0,0.0
9,65,-6.063369149488136,3.640970879827003e-14,2.7611831066424444e-11,0.0,0.0
9,66,-6.063369149488136,3.640970879827003e-14,2.7611831066424444e-11,0.0,0.0
9,67,-6.063369149488136,3.640970879827003e-14,2.7611831066424444e-11,0.0,0.0
9,68,-6.063369149488136,3.640970879827003e-14,2.7611831066424444e-11,0.0,0.0
9,69,-6.063369149488136,3.640970879827003e-14,2.7611831066424444e-11,0.0,0.0
9,70,-6.063369149488136,3.640970879827003e-14,2.7611831066424444e-11,0.0,0.0
9,71,-6.063369149488136,3.640970879827003e-14,2.7611831066424444e-11,0.0,0.0
9,72,-6.063369149488136,3.640970879827003e-14,2.7611831066424444e-11,0.0,0.0
9,73,-6.063369149488136,3.640970879827003e-14,2.7611831066424444e-11,0.0,0.0
9,74,-6.063369149488136,3.640970879827003e-14,2.7611831066424444e-11,0.0,0.0
9,75,-6.063369149488136,3.640970879827003e-14,2.7611831066424444e-11,0.0,0.0
9,76,-6.063369149488136,3.640970879827003e-14,2.7611831066424444e-11,0.0,0.0
9,77,-6.063369149488136,3.640970879827003e-14,2.7611831066424444e-11,0.0,0.0
9,78,-6.063369149488136,3.640970879827003e-14,2.7611831066424444e-11,0.0,0.0
9,79,-6.063369149488136,3.640970879827003e-14,2.7611831066424444e-11,0.0,0.0
9,80,-6.063369149488136,3.640970879827003e-14,2.7611831066424444e-11,0.0,0.0
9,81,-6.063369149488136,3.640970879827003e-14,2.7611831066424444e-11,0.0,0.0
9,82,-6.063369149488136,3.640970879827003e-14,2.7611831066424444e-11,0.0,0.0
9,83,-6.063369149488136,3.640970879827003e-14,2.7611831066424444e-11,0.0,0.0
9,84,-6.063369149488136,3.640970879827003e-14,2.7611831066424444e-11,0.0,0.0
9,85,-6.063369149488136,3.640970879827003e-14,2.7611831066424444e-11,0.0,0.0
9,86,-6.063369149488136,3.640970879827003e-14,2.7611831066424444e-11,0.0,0.0
9,87,-6.063369149488136,3.640970879827003e-14,2.7611831066424444e-11,0.0,0.0
9,88,-6.063369149488136,3.640970879827003e-14,2.7611831066424444e-11,0.0,0.0
9,89,-6.063369149488136,3.640970879827003e-14,2.7611831066424444e-11,0.0,0.0
9,90,-6.063369149488136,3.640970879827003e-14,2.7611831066424444e-11,0.0,0.0
9,91,-6.063369149488136,3.640970879827003e-14,2.7611831066424444e-11,0.0,0.0
9,92,-6.063369149488136,3.640970879827003e-14,2.7611831066424444e-11,0.0,0.0
9,93,-6.063369149488136,3.640970879827003e-14,2.7611831066424444e-11,0.0,0.0
9,94,-6.063369149488136,3.640970879827003e-14,2.7611831066424444e-11,0.0,0.0
9,95,-6.063369149488136,3.640970879827003e-14,2.7611831066424444e-11,0.0,0.0
9,96,-6.063369149488136,3.640970879827003e-14,2.7611831066424444e-11,0.0,0.0
9,97,-6.063369149488136,3.640970879827003e-14,2.7611831066424444e-11,0.0,0.0
9,98,-6.063369149488136,3.640970879827003e-14,2.7611831066424444e-11,0.0,0.0
9,99,-6.063369149488136,3.640970879827003e-14,2.7611831066424444e-11,0.0,0.0
9,100,-6.063369149488136,3.640970879827003e-14,2.7611831066424444e-11,0.0,0.0
9,101,-6.063369149488136,3.640970879827003e-14,2.7611831066424444e-11,0.0,0.0
9,102,-6.063369149488136,3.640970879827003e-14,2.7611831066424444e-11,0.0,0.0
9,103,-6.063369149488136,3.640970879827003e-14,2.7611831066424444e-11,0.0,0.0
9,104,-6.063369149488136,3.640970879827003e-14,2.7611831066424444e-11,0.0,0.0
9,105,-6.063369149488136,3.640970879827003e-14,2.7611831066424444e-11,0.0,0.0
9,106,-6.063369149488136,3.640970879827003e-14,2.7611831066424444e-11,0.0,0.0
9,107,-6.063369149488136,3.640970879827003e-14,2.7611831066424444e-11,0.0,0.0
9,108,-6.063369149488136,3.640970879827003e-14,2.7611831066424444e-11,0.0,0.0
9,109,-6.063369149488136,3.640970879827003e-14,2.7611831066424444e-11,0.0,0.0
9,110,-6.063369149488136,3.640970879827003e-14,2.7611831066424444e-11,0.0,0.0
9,111,-6.063369149488136,3.640970879827003e-14,2.7611831066424444e-11,0.0,0.0
9,112,-6.063369149488136,3.640970879827003e-14,2.7611831066424444e-11,0.0,0.0
9,113,-6.063369149488136,3.640970879827003e-14,2.7611831066424444e-11,0.0,0.0
9,114,-6.063369149488136,3.640970879827003e-14,2.7611831066424444e-11,0.0,0.0
9,115,-6.063369149488136,3.640970879827003e-14,2.7611831066424444e-11,0.0,0.0
9,116,-6.063369149488136,3.640970879827003e-14,2.7611831066424444e-11,0.0,0.0
9,117,-6.063369149488136,3.640970879827003e-14,2.7611831066424444e-11,0.0,0.0
9,118,-6.063369149488136,3.640970879827003e-14,2.7611831066424444e-11,0.0,0.0
9,119,-6.063369149488136,3.640970879827003e-14,2.7611831066424444e-11,0.0,0.0
9,120,-6.063369149488136,3.640970879827003e-14,2.7611831066424444e-11,0.0,0.0
9,121,-6.063369149488136,3.640970879827003e-14,2.7611831066424444e-11,0.0,0.0
9,122,-6.063369149488136,3.640970879827003e-14,2.7611831066424444e-11,0.0,0.0
9,123,-6.063369149488136,3.640970879827003e-14,2.7611831066424444e-11,0.0,0.0
9,124,-6.063369149488136,3.640970879827003e-14,2.7611831066424444e-11,0.0,0.0
9,125,-6.063369149488136,3.640970879827003e-14,2.7611831066424444e-11,0.0,0.0
9,126,-6.063369149488136,3.640970879827003e-14,2.7611831066424444e-11,0.0,0.0
9,127,-6.063369149488136,3.640970879827003e-14,2.7611831066424444e-11,0.0,0.0
9,128,-6.063369149488136,3.640970879827003e-14,2.7611831066424444e-11,0.0,0.0
9,129,-6.063369149488136,3.640970879827003e-14,2.7611831066424444e-11,0.0,0.0
9,130,-6.063369149488136,3.640970879827003e-14,2.7611831066424444e-11,0.0,0.0
9,131,-6.063369149488136,3.640970879827003e-14,2.7611831066424444e-11,0.0,0.0
9,132,-6.063369149488136,3.640970879827003e-14,2.7611831066424444e-11,0.0,0.0
9,133,-6.063369149488136,3.640970879827003e-14,2.7611831066424444e-11,0.0,0.0
9,134,-6.063369149488136,3.640970879827003e-14,2.7611831066424444e-11,0.0,0.0
9,135,-6.063369149488136,3.640970879827003e-14,2.7611831066424444e-11,0.0,0.0
9,136,-6.063369149488136,3.640970879827003e-14,2.7611831066424444e-11,0.0,0.0
9,137,-6.063369149488136,3.640970879827003e-14,2.7611831066424444e-11,0.0,0.0
9,138,-6.063369149488136,3.640970879827003e-14,2.7611831066424444e-11,0.0,0.0
9,139,-6.063369149488136,3.640970879827003e-14,2.7611831066424444e-11,0.0,0.0
9,140,-6.063369149488136,3.640970879827003e-14,2.7611831066424444e-11,0.0,0.0
9,141,-6.063369149488136,3.640970879827003e-14,2.7611831066424444e-11,0.0,0.0
9,142,-6.063369149488136,3.640970879827003e-14,2.7611831066424444e-11,0.0,0.0
9,143,-6.063369149488136,3.640970879827003e-14,2.7611831066424444e-11,0.0,0.0
9,144,-6.063369149488136,3.640970879827003e-14,2.7611831066424444e-11,0.0,0.0
9,145,-6.063369149488136,3.640970879827003e-14,2.7611831066424444e-11,0.0,0.0
9,146,-6.063369149488136,3.640970879827003e-14,2.7611831066424444e-11,0.0,0.0
9,147,-6.063369149488136,3.640970879827003e-14,2.7611831066424444e-11,0.0,0.0
9,148,-6.063369149488136,3.640970879827003e-14,2.7611831066424444e-11,0.0,0.0
9,149,-6.063369149488136,3.640970879827003e-14,2.7611831066424444e-11,0.0,0.0
9,150,-6.063369149488136,3.640970879827003e-14,2.7611831066424444e-11,0.0,0.0
9,151,-6.063369149488136,3.640970879827003e-14,2.7611831066424444e-11,0.0,0.0
9,152,-6.063369149488136,3.640970879827003e-14,2.7611831066424444e-11,0.0,0.0
9,153,-6.063369149488136,3.640970879827003e-14,2.7611831066424444e-11,0.0,0.0
9,154,-6.063369149488136,3.640970879827003e-14,2.7611831066424444e-11,0.0,0.0
9,155,-6.063369149488136,3.640970879827003e-14,2.7611831066424444e-11,0.0,0.0
9,156,-6.063369149488136,3.640970879827003e-14,2.7611831066424444e-11,0.0,0.0
9,157,-6.063369149488136,3.640970879827003e-14,2.7611831066424444e-11,0.0,0.0
9,158,-6.063369149488136,3.640970879827003e-14,2.7611831066424444e-11,0.0,0.0
9,159,-6.063369149488136,3.640970879827003e-14,2.7611831066424444e-11,0.0,0.0
9,160,-6.063369149488136,3.640970879827003e-14,2.7611831066424444e-11,0.0,0.0
9,161,-6.063369149488136,3.640970879827003e-14,2.7611831066424444e-11,0.0,0.0
9,162,-6.063369149488136,3.640970879827003e-14,2.7611831066424444e-11,0.0,0.0
9,163,-6.063369149488136,3.640970879827003e-14,2.7611831066424444e-11,0.0,0.0
9,164,-6.063369149488136,3.640970879827003e-14,2.7611831066424444e-11,0.0,0.0
9,165,-6.063369149488136,3.640970879827003e-14,2.7611831066424444e-11,0.0,0.0
9,166,-6.063369149488136,3.640970879827003e-14,2.7611831066424444e-11,0.0,0.0
9,167,-6.063369149488136,3.640970879827003e-14,2.7611831066424444e-11,0.0,0.0
9,168,-6.063369149488136,3.640970879827003e-14,2.7611831066424444e-11,0.0,0.0
9,169,-6.063369149488136,3.640970879827003e-14,2.7611831066424444e-11,0.0,0.0
9,170,-6.063369149488136,3.640970879827003e-14,2.7611831066424444e-11,0.0,0.0
9,171,-6.063369149488136,3.640970879827003e-14,2.7611831066424444e-11,0.0,0.0
9,172,-6.063369149488136,3.640970879827003e-14,2.7611831066424444e-11,0.0,0.0
9,173,-6.063369149488136,3.640970879827003e-14,2.7611831066424444e-11,0.0,0.0
9,174,-6.063369149488136,3.640970879827003e-14,2.7611831066424444e-11,0.0,0.0
9,175,-6.063369149488136,3.640970879827003e-14,2.7611831066424444e-11,0.0,0.0
9,176,-6.063369149488136,3.640970879827003e-14,2.7611831066424444e-11,0.0,0.0
9,177,-6.063369149488136,3.640970879827003e-14,2.7611831066424444e-11,0.0,0.0
9,178,-6.063369149488136,3.640970879827003e-14,2.7611831066424444e-11,0.0,0.0
9,179,-6.063369149488136,3.640970879827003e-14,2.7611831066424444e-11,0.0,0.0
9,180,-6.063369149488136,3.640970879827003e-14,2.7611831066424444e-11,0.0,0.0
9,181,-6.063369149488136,3.640970879827003e-14,2.7611831066424444e-11,0.0,0.0
9,182,-6.063369149488136,3.640970879827003e-14,2.7611831066424444e-11,0.0,0.0
9,183,-6.063369149488136,3.640970879827003e-14,2.7611831066424444e-11,0.0,0.0
9,184,-6.063369149488136,3.640970879827003e-14,2.7611831066424444e-11,0.0,0.0
9,185,-6.063369149488136,3.640970879827003e-14,2.7611831066424444e-11,0.0,0.0
9,186,-6.063369149488136,3.640970879827003e-14,2.7611831066424444e-11,0.0,0.0
9,187,-6.063369149488136,3.640970879827003e-14,2.7611831066424444e-11,0.0,0.0
9,188,-6.063369149488136,3.640970879827003e-14,2.7611831066424444e-11,0.0,0.0
9,189,-6.063369149488136,3.640970879827003e-14,2.7611831066424444e-11,0.0,0.0
9,190,-6.063369149488136,3.640970879827003e-14,2.7611831066424444e-11,0.0,0.0
9,191,-6.063369149488136,3.640970879827003e-14,2.7611831066424444e-11,0.0,0.0
9,192,-6.063369149488136,3.640970879827003e-14,2.7611831066424444e-11,0.0,0.0
9,193,-6.063369149488136,3.640970879827003e-14,2.7611831066424444e-11,0.0,0.0
9,194,-6.063369149488136,3.640970879827003e-14,2.7611831066424444e-11,0.0,0.0
9,195,-6.063369149488136,3.640970879827003e-14,2.7611831066424444e-11,0.0,0.0
9,196,-6.063369149488136,3.640970879827003e-14,2.7611831066424444e-11,0.0,0.0
9,197,-6.063369149488136,3.640970879827003e-14,2.7611831066424444e-11,0.0,0.0
9,198,-6.063369149488136,3.640970879827003e-14,2.7611831066424444e-11,0.0,0.0
9,199,-6.063369149488136,3.640970879827003e-14,2.7611831066424444e-11,0.0,0.0
9,200,-6.063369149488136,3.640970879827003e-14,2.7611831066424444e-11,0.0,0.0
9,201,-6.063369149488136,3.640970879827003e-14,2.7611831066424444e-11,0.0,0.0
9,202,-6.063369149488136,3.640970879827003e-14,2.7611831066424444e-11,0.0,0.0
9,203,-6.063369149488136,3.640970879827003e-14,2.7611831066424444e-11,0.0,0.0
9,204,-6.063369149488136,3.640970879827003e-14,2.7611831066424444e-11,0.0,0.0
9,205,-6.063369149488136,3.640970879827003e-14,2.7611831066424444e-11,0.0,0.0
9,206,-6.063369149488136,3.640970879827003e-14,2.7611831066424444e-11,0.0,0.0
9,207,-6.063369149488136,3.640970879827003e-14,2.7611831066424444e-11,0.0,0.0
9,208,-6.063369149488136,3.640970879827003e-14,2.7611831066424444e-11,0.0,0.0
9,209,-6.063369149488136,3.640970879827003e-14,2.7611831066424444e-11,0.0,0.0
9,210,-6.063369149488136,3.640970879827003e-14,2.7611831066424444e-11,0.0,0.0
9,211,-6.063369149488136,3.640970879827003e-14,2.7611831066424444e-11,0.0,0.0
9,212,-6.063369149488136,3.640970879827003e-14,2.7611831066424444e-11,0.0,0.0
9,213,-6.063369149488136,3.640970879827003e-14,2.7611831066424444e-11,0.0,0.0
9,214,-6.063369149488136,3.640970879827003e-14,2.7611831066424444e-11,0.0,0.0
9,215,-6.063369149488136,3.640970879827003e-14,2.7611831066424444e-11,0.0,0.0
9,216,-6.063369149488136,3.640970879827003e-14,2.7611831066424444e-11,0.0,0.0
9,217,-6.063369149488136,3.640970879827003e-14,2.7611831066424444e-11,0.0,0.0
9,218,-6.063369149488136,3.640970879827003e-14,2.7611831066424444e-11,0.0,0.0
9,219,-6.063369149488136,3.640970879827003e-14,2.7611831066424444e-11,0.0,0.0
9,220,-6.063369149488136,3.640970879827003e-14,2.7611831066424444e-11,0.0,0.0
9,221,-6.063369149488136,3.640970879827003e-14,2.7611831066424444e-11,0.0,0.0
9,222,-6.063369149488136,3.640970879827003e-14,2.7611831066424444e-11,0.0,0.0
9,223,-6.063369149488136,3.640970879827003e-14,2.7611831066424444e-11,0.0,0.0
9,224,-6.063369149488136,3.640970879827003e-14,2.7611831066424444e-11,0.0,0.0
9,225,-6.063369149488136,3.640970879827003e-14,2.7611831066424444e-11,0.0,0.0
9,226,-6.063369149488136,3.640970879827003e-14,2.7611831066424444e-11,0.0,0.0
9,227,-6.063369149488136,3.640970879827003e-14,2.7611831066424444e-11,0.0,0.0
9,228,-6.063369149488136,3.640970879827003e-14,2.7611831066424444e-11,0.0,0.0
9,229,-6.063369149488136,3.640970879827003e-14,2.7611831066424444e-11,0.0,0.0
9,230,-6.063369149488136,3.640970879827003e-14,2.7611831066424444e-11,0.0,0.0
9,231,-6.063369149488136,3.640970879827003e-14,2.7611831066424444e-11,0.0,0.0
9,232,-6.063369149488136,3.640970879827003e-14,2.7611831066424444e-11,0.0,0.0
9,233,-6.063369149488136,3.640970879827003e-14,2.7611831066424444e-11,0.0,0.0
9,234,-6.063369149488136,3.640970879827003e-14,2.7611831066424444e-11,0.0,0.0
9,235,-6.063369149488136,3.640970879827003e-14,2.7611831066424444e-11,0.0,0.0
9,236,-6.063369149488136,3.640970879827003e-14,2.7611831066424444e-11,0.0,0.0
9,237,-6.063369149488136,3.640970879827003e-14,2.7611831066424444e-11,0.0,0.0
9,238,-6.063369149488136,3.640970879827003e-14,2.7611831066424444e-11,0.0,0.0
9,239,-6.063369149488136,3.640970879827003e-14,2.7611831066424444e-11,0.0,0.0
9,240,-6.063369149488136,3.640970879827003e-14,2.7611831066424444e-11,0.0,0.0
9,241,-6.063369149488136,3.640970879827003e-14,2.7611831066424444e-11,0.0,0.0
9,242,-6.063369149488136,3.640970879827003e-14,2.7611831066424444e-11,0.0,0.0
9,243,-6.063369149488136,3.640970879827003e-14,2.7611831066424444e-11,0.0,0.0
9,244,-6.063369149488136,3.640970879827003e-14,2.7611831066424444e-11,0.0,0.0
9,245,-6.063369149488136,3.640970879827003e-14,2.7611831066424444e-11,0.0,0.0
9,246,-6.063369149488136,3.640970879827003e-14,2.7611831066424444e-11,0.0,0.0
9,247,-6.063369149488136,3.640970879827003e-14,2.7611831066424444e-11,0.0,0.0
9,248,-6.063369149488136,3.640970879827003e-14,2.7611831066424444e-11,0.0,0.0
9,249,-6.063369149488136,3.640970879827003e-14,2.7611831066424444e-11,0.0,0.0
9,250,-6.063369149488136,3.640970879827003e-14,2.7611831066424444e-11,0.0,0.0
9,251,-6.063369149488136,3.640970879827003e-14,2.7611831066424444e-11,0.0,0.0
9,252,-6.063369149488136,3.640970879827003e-14,2.7611831066424444e-11,0.0,0.0
9,253,-6.063369149488136,3.640970879827003e-14,2.7611831066424444e-11,0.0,0.0
9,254,-6.063369149488136,3.640970879827003e-14,2.7611831066424444e-11,0.0,0.0
9,255,-6.063369149488136,3.640970879827003e-14,2.7611831066424444e-11,0.0,0.0
9,256,-6.063369149488136,3.640970879827003e-14,2.7611831066424444e-11,0.0,0.0
9,257,-6.063369149488136,3.640970879827003e-14,2.7611831066424444e-11,0.0,0.0
9,258,-6.063369149488136,3.640970879827003e-14,2.7611831066424444e-11,0.0,0.0
9,259,-6.063369149488136,3.640970879827003e-14,2.7611831066424444e-11,0.0,0.0
9,260,-6.063369149488136,3.640970879827003e-14,2.7611831066424444e-11,0.0,0.0
9,261,-6.063369149488136,3.640970879827003e-14,2.7611831066424444e-11,0.0,0.0
9,262,-6.063369149488136,3.640970879827003e-14,2.7611831066424444e-11,0.0,0.0
9,263,-6.063369149488136,3.640970879827003e-14,2.7611831066424444e-11,0.0,0.0
9,264,-6.063369149488136,3.640970879827003e-14,2.7611831066424444e-11,0.0,0.0
9,265,-6.063369149488136,3.640970879827003e-14,2.7611831066424444e-11,0.0,0.0
9,266,-6.063369149488136,3.640970879827003e-14,2.7611831066424444e-11,0.0,0.0
9,267,-6.063369149488136,3.640970879827003e-14,2.7611831066424444e-11,0.0,0.0
9,268,-6.063369149488136,3.640970879827003e-14,2.7611831066424444e-11,0.0,0.0
9,269,-6.063369149488136,3.640970879827003e-14,2.7611831066424444e-11,0.0,0.0
9,270,-6.063369149488136,3.640970879827003e-14,2.7611831066424444e-11,0.0,0.0
9,271,-6.063369149488136,3.640970879827003e-14,2.7611831066424444e-11,0.0,0.0
9,272,-6.063369149488136,3.640970879827003e-14,2.7611831066424444e-11,0.0,0.0
9,273,-6.063369149488136,3.640970879827003e-14,2.7611831066424444e-11,0.0,0.0
9,274,-6.063369149488136,3.640970879827003e-14,2.7611831066424444e-11,0.0,0.0
9,275,-6.063369149488136,3.640970879827003e-14,2.7611831066424444e-11,0.0,0.0
9,276,-6.063369149488136,3.640970879827003e-14,2.7611831066424444e-11,0.0,0.0
9,277,-6.063369149488136,3.640970879827003e-14,2.7611831066424444e-11,0.0,0.0
9,278,-6.063369149488136,3.640970879827003e-14,2.7611831066424444e-11,0.0,0.0
9,279,-6.063369149488136,3.640970879827003e-14,2.7611831066424444e-11,0.0,0.0
9,280,-6.063369149488136,3.640970879827003e-14,2.7611831066424444e-11,0.0,0.0
9,281,-6.063369149488136,3.640970879827003e-14,2.7611831066424444e-11,0.0,0.0
9,282,-6.063369149488136,3.640970879827003e-14,2.7611831066424444e-11,0.0,0.0
9,283,-6.063369149488136,3.640970879827003e-14,2.7611831066424444e-11,0.0,0.0
9,284,-6.063369149488136,3.640970879827003e-14,2.7611831066424444e-11,0.0,0.0
9,285,-6.063369149488136,3.640970879827003e-14,2.7611831066424444e-11,0.0,0.0
9,286,-6.063369149488136,3.640970879827003e-14,2.7611831066424444e-11,0.0,0.0
9,287,-6.063369149488136,3.640970879827003e-14,2.7611831066424444e-11,0.0,0.0
9,288,-6.063369149488136,3.640970879827003e-14,2.7611831066424444e-11,0.0,0.0
9,289,-6.063369149488136,3.640970879827003e-14,2.7611831066424444e-11,0.0,0.0
9,290,-6.063369149488136,3.640970879827003e-14,2.7611831066424444e-11,0.0,0.0
9,291,-6.063369149488136,3.640970879827003e-14,2.7611831066424444e-11,0.0,0.0
9,292,-6.063369149488136,3.640970879827003e-14,2.7611831066424444e-11,0.0,0.0
9,293,-6.063369149488136,3.640970879827003e-14,2.7611831066424444e-11,0.0,0.0
9,294,-6.063369149488136,3.640970879827003e-14,2.7611831066424444e-11,0.0,0.0
9,295,-6.063369149488136,3.640970879827003e-14,2.7611831066424444e-11,0.0,0.0
9,296,-6.063369149488136,3.640970879827003e-14,2.7611831066424444e-11,0.0,0.0
9,297,-6.063369149488136,3.640970879827003e-14,2.7611831066424444e-11,0.0,0.0
9,298,-6.063369149488136,3.640970879827003e-14,2.7611831066424444e-11,0.0,0.0
9,299,-6.063369149488136,3.640970879827003e-14,2.7611831066424444e-11,0.0,0.0
9,300,-6.063369149488136,3.640970879827003e-14,2.7611831066424444e-11,0.0,0.0
10,1,-5.890641608563551,0.24679240008674602,184.95477587082232,0.0006438809979039517,0.060906488740576525
10,2,-6.025585384758847,0.037796077089541656,28.325689787997355,0.0015273094566952534,0.02345470035948511
10,3,-6.039574167793562,0.052761715543248024,39.54145779785543,0.007266722815772632,1.9486972132410425
10,4,-6.07006492492406,0.02852401004508323,21.37688147192172,0.008311021319371432,0.2922693980596385
10,5,-6.071907203794584,0.005260121313428687,3.942117173124356,0.0017460733408470605,0.03400715957118906
10,6,-6.0751746757244005,0.01746282046111026,13.087242732441485,0.09129738042338166,11.021412503353938
10,7,-6.076029201537195,0.0003056694342323743,0.22907926532234432,0.00217084732402565,0.00030639046682296253
10,8,-6.076039840381015,7.275078541604317e-09,5.4521959372821e-06,0.08824927262076616,5.664627369705865e-10
10,9,-6.076039840381013,2.4405628521637597e-15,1.829042365818157e-12,0.00058566077737623,1.1253940651330843e-13
10,10,-6.076039840381013,2.4405628521637597e-15,1.829042365818157e-12,0.0,0.0
10,11,-6.076039840381013,2.4405628521637597e-15,1.829042365818157e-12,0.0,0.0
10,12,-6.076039840381013,2.4405628521637597e-15,1.829042365818157e-12,0.0,0.0
10,13,-6.076039840381013,2.4405628521637597e-15,1.829042365818157e-12,0.0,0.0
10,14,-6.076039840381013,2.4405628521637597e-15,1.829042365818157e-12,0.0,0.0
10,15,-6.076039840381013,2.4405628521637597e-15,1.829042365818157e-12,0.0,0.0
10,16,-6.076039840381013,2.4405628521637597e-15,1.829042365818157e-12,0.0,0.0
10,17,-6.076039840381013,2.4405628521637597e-15,1.829042365818157e-12,0.0,0.0
10,18,-6.076039840381013,2.4405628521637597e-15,1.829042365818157e-12,0.0,0.0
10,19,-6.076039840381013,2.4405628521637597e-15,1.829042365818157e-12,0.0,0.0
10,20,-6.076039840381013,2.4405628521637597e-15,1.829042365818157e-12,0.0,0.0
10,21,-6.076039840381013,2.4405628521637597e-15,1.829042365818157e-12,0.0,0.0
10,22,-6.076039840381013,2.4405628521637597e-15,1.829042365818157e-12,0.0,0.0
10,23,-6.076039840381013,2.4405628521637597e-15,1.829042365818157e-12,0.0,0.0
10,24,-6.076039840381013,2.4405628521637597e-15,1.829042365818157e-12,0.0,0.0
10,25,-6.076039840381013,2.4405628521637597e-15,1.829042365818157e-12,0.0,0.0
10,26,-6.076039840381013,2.4405628521637597e-15,1.829042365818157e-12,0.0,0.0
10,27,-6.076039840381013,2.4405628521637597e-15,1.829042365818157e-12,0.0,0.0
10,28,-6.076039840381013,2.4405628521637597e-15,1.829042365818157e-12,0.0,0.0
10,29,-6.076039840381013,2.4405628521637597e-15,1.829042365818157e-12,0.0,0.0
10,30,-6.076039840381013,2.4405628521637597e-15,1.829042365818157e-12,0.0,0.0
10,31,-6.076039840381013,2.4405628521637597e-15,1.829042365818157e-12,0.0,0.0
10,32,-6.076039840381013,2.4405628521637597e-15,1.829042365818157e-12,0.0,0.0
10,33,-6.076039840381013,2.4405628521637597e-15,1.829042365818157e-12,0.0,0.0
10,34,-6.076039840381013,2.4405628521637597e-15,1.829042365818157e-12,0.0,0.0
10,35,-6.076039840381013,2.4405628521637597e-15,1.829042365818157e-12,0.0,0.0
10,36,-6.076039840381013,2.4405628521637597e-15,1.829042365818157e-12,0.0,0.0
10,37,-6.076039840381013,2.4405628521637597e-15,1.829042365818157e-12,0.0,0.0
10,38,-6.076039840381013,2.4405628521637597e-15,1.829042365818157e-12,0.0,0.0
10,39,-6.076039840381013,2.4405628521637597e-15,1.829042365818157e-12,0.0,0.0
10,40,-6.076039840381013,2.4405628521637597e-15,1.829042365818157e-12,0.0,0.0
10,41,-6.076039840381013,2.4405628521637597e-15,1.829042365818157e-12,0.0,0.0
10,42,-6.076039840381013,2.4405628521637597e-15,1.829042365818157e-12,0.0,0.0
10,43,-6.076039840381013,2.4405628521637597e-15,1.829042365818157e-12,0.0,0.0
10,44,-6.076039840381013,2.4405628521637597e-15,1.829042365818157e-12,0.0,0.0
10,45,-6.076039840381013,2.4405628521637597e-15,1.829042365818157e-12,0.0,0.0
10,46,-6.076039840381013,2.4405628521637597e-15,1.829042365818157e-12,0.0,0.0
10,47,-6.076039840381013,2.4405628521637597e-15,1.829042365818157e-12,0.0,0.0
10,48,-6.076039840381013,2.4405628521637597e-15,1.829042365818157e-12,0.0,0.0
10,49,-6.076039840381013,2.4405628521637597e-15,1.829042365818157e-12,0.0,0.0
10,50,-6.076039840381013,2.4405628521637597e-15,1.829042365818157e-12,0.0,0.0
10,51,-6.076039840381013,2.4405628521637597e-15,1.829042365818157e-12,0.0,0.0
10,52,-6.076039840381013,2.4405628521637597e-15,1.829042365818157e-12,0.0,0.0
10,53,-6.076039840381013,2.4405628521637597e-15,1.829042365818157e-12,0.0,0.0
10,54,-6.076039840381013,2.4405628521637597e-15,1.829042365818157e-12,0.0,0.0
10,55,-6.076039840381013,2.4405628521637597e-15,1.829042365818157e-12,0.0,0.0
10,56,-6.076039840381013,2.4405628521637597e-15,1.829042365818157e-12,0.0,0.0
10,57,-6.076039840381013,2.4405628521637597e-15,1.829042365818157e-12,0.0,0.0
10,58,-6.076039840381013,2.4405628521637597e-15,1.829042365818157e-12,0.0,0.0
10,59,-6.076039840381013,2.4405628521637597e-15,1.829042365818157e-12,0.0,0.0
10,60,-6.076039840381013,2.4405628521637597e-15,1.829042365818157e-12,0.0,0.0
10,61,-6.076039840381013,2.4405628521637597e-15,1.829042365818157e-12,0.0,0.0
10,62,-6.076039840381013,2.4405628521637597e-15,1.829042365818157e-12,0.0,0.0
10,63,-6.076039840381013,2.4405628521637597e-15,1.829042365818157e-12,0.0,0.0
10,64,-6.076039840381013,2.4405628521637597e-15,1.829042365818157e-12,0.0,0.0
10,65,-6.076039840381013,2.4405628521637597e-15,1.829042365818157e-12,0.0,0.0
10,66,-6.076039840381013,2.4405628521637597e-15,1.829042365818157e-12,0.0,0.0
10,67,-6.076039840381013,2.4405628521637597e-15,1.829042365818157e-12,0.0,0.0
10,68,-6.076039840381013,2.4405628521637597e-15,1.829042365818157e-12,0.0,0.0
10,69,-6.076039840381013,2.4405628521637597e-15,1.829042365818157e-12,0.0,0.0
10,70,-6.076039840381013,2.4405628521637597e-15,1.829042365818157e-12,0.0,0.0
10,71,-6.076039840381013,2.4405628521637597e-15,1.829042365818157e-12,0.0,0.0
10,72,-6.076039840381013,2.4405628521637597e-15,1.829042365818157e-12,0.0,0.0
10,73,-6.076039840381013,2.4405628521637597e-15,1.829042365818157e-12,0.0,0.0
10,74,-6.076039840381013,2.4405628521637597e-15,1.829042365818157e-12,0.0,0.0
10,75,-6.076039840381013,2.4405628521637597e-15,1.829042365818157e-12,0.0,0.0
10,76,-6.076039840381013,2.4405628521637597e-15,1.829042365818157e-12,0.0,0.0
10,77,-6.076039840381013,2.4405628521637597e-15,1.829042365818157e-12,0.0,0.0
10,78,-6.076039840381013,2.4405628521637597e-15,1.829042365818157e-12,0.0,0.0
10,79,-6.076039840381013,2.4405628521637597e-15,1.829042365818157e-12,0.0,0.0
10,80,-6.076039840381013,2.4405628521637597e-15,1.829042365818157e-12,0.0,0.0
10,81,-6.076039840381013,2.4405628521637597e-15,1.829042365818157e-12,0.0,0.0
10,82,-6.076039840381013,2.4405628521637597e-15,1.829042365818157e-12,0.0,0.0
10,83,-6.076039840381013,2.4405628521637597e-15,1.829042365818157e-12,0.0,0.0
10,84,-6.076039840381013,2.4405628521637597e-15,1.829042365818157e-12,0.0,0.0
10,85,-6.076039840381013,2.4405628521637597e-15,1.829042365818157e-12,0.0,0.0
10,86,-6.076039840381013,2.4405628521637597e-15,1.829042365818157e-12,0.0,0.0
10,87,-6.076039840381013,2.4405628521637597e-15,1.829042365818157e-12,0.0,0.0
10,88,-6.076039840381013,2.4405628521637597e-15,1.829042365818157e-12,0.0,0.0
10,89,-6.076039840381013,2.4405628521637597e-15,1.829042365818157e-12,0.0,0.0
10,90,-6.076039840381013,2.4405628521637597e-15,1.829042365818157e-12,0.0,0.0
10,91,-6.076039840381013,2.4405628521637597e-15,1.829042365818157e-12,0.0,0.0
10,92,-6.076039840381013,2.4405628521637597e-15,1.829042365818157e-12,0.0,0.0
10,93,-6.076039840381013,2.4405628521637597e-15,1.829042365818157e-12,0.0,0.0
10,94,-6.076039840381013,2.4405628521637597e-15,1.829042365818157e-12,0.0,0.0
10,95,-6.076039840381013,2.4405628521637597e-15,1.829042365818157e-12,0.0,0.0
10,96,-6.076039840381013,2.4405628521637597e-15,1.829042365818157e-12,0.0,0.0
10,97,-6.076039840381013,2.4405628521637597e-15,1.829042365818157e-12,0.0,0.0
10,98,-6.076039840381013,2.4405628521637597e-15,1.829042365818157e-12,0.0,0.0
10,99,-6.076039840381013,2.4405628521637597e-15,1.829042365818157e-12,0.0,0.0
10,100,-6.076039840381013,2.4405628521637597e-15,1.829042365818157e-12,0.0,0.0
10,101,-6.076039840381013,2.4405628521637597e-15,1.829042365818157e-12,0.0,0.0
10,102,-6.076039840381013,2.4405628521637597e-15,1.829042365818157e-12,0.0,0.0
10,103,-6.076039840381013,2.4405628521637597e-15,1.829042365818157e-12,0.0,0.0
10,104,-6.076039840381013,2.4405628521637597e-15,1.829042365818157e-12,0.0,0.0
10,105,-6.076039840381013,2.4405628521637597e-15,1.829042365818157e-12,0.0,0.0
10,106,-6.076039840381013,2.4405628521637597e-15,1.829042365818157e-12,0.0,0.0
10,107,-6.076039840381013,2.4405628521637597e-15,1.829042365818157e-12,0.0,0.0
10,108,-6.076039840381013,2.4405628521637597e-15,1.829042365818157e-12,0.0,0.0
10,109,-6.076039840381013,2.4405628521637597e-15,1.829042365818157e-12,0.0,0.0
10,110,-6.076039840381013,2.4405628521637597e-15,1.829042365818157e-12,0.0,0.0
10,111,-6.076039840381013,2.4405628521637597e-15,1.829042365818157e-12,0.0,0.0
10,112,-6.076039840381013,2.4405628521637597e-15,1.829042365818157e-12,0.0,0.0
10,113,-6.076039840381013,2.4405628521637597e-15,1.829042365818157e-12,0.0,0.0
10,114,-6.076039840381013,2.4405628521637597e-15,1.829042365818157e-12,0.0,0.0
10,115,-6.076039840381013,2.4405628521637597e-15,1.829042365818157e-12,0.0,0.0
10,116,-6.076039840381013,2.4405628521637597e-15,1.829042365818157e-12,0.0,0.0
10,117,-6.076039840381013,2.4405628521637597e-15,1.829042365818157e-12,0.0,0.0
10,118,-6.076039840381013,2.4405628521637597e-15,1.829042365818157e-12,0.0,0.0
10,119,-6.076039840381013,2.4405628521637597e-15,1.829042365818157e-12,0.0,0.0
10,120,-6.076039840381013,2.4405628521637597e-15,1.829042365818157e-12,0.0,0.0
10,121,-6.076039840381013,2.4405628521637597e-15,1.829042365818157e-12,0.0,0.0
10,122,-6.076039840381013,2.4405628521637597e-15,1.829042365818157e-12,0.0,0.0
10,123,-6.076039840381013,2.4405628521637597e-15,1.829042365818157e-12,0.0,0.0
10,124,-6.076039840381013,2.4405628521637597e-15,1.829042365818157e-12,0.0,0.0
10,125,-6.076039840381013,2.4405628521637597e-15,1.829042365818157e-12,0.0,0.0
10,126,-6.076039840381013,2.4405628521637597e-15,1.829042365818157e-12,0.0,0.0
10,127,-6.076039840381013,2.4405628521637597e-15,1.829042365818157e-12,0.0,0.0
10,128,-6.076039840381013,2.4405628521637597e-15,1.829042365818157e-12,0.0,0.0
10,129,-6.076039840381013,2.4405628521637597e-15,1.829042365818157e-12,0.0,0.0
10,130,-6.076039840381013,2.4405628521637597e-15,1.829042365818157e-12,0.0,0.0
10,131,-6.076039840381013,2.4405628521637597e-15,1.829042365818157e-12,0.0,0.0
10,132,-6.076039840381013,2.4405628521637597e-15,1.829042365818157e-12,0.0,0.0
10,133,-6.076039840381013,2.4405628521637597e-15,1.829042365818157e-12,0.0,0.0
10,134,-6.076039840381013,2.4405628521637597e-15,1.829042365818157e-12,0.0,0.0
10,135,-6.076039840381013,2.4405628521637597e-15,1.829042365818157e-12,0.0,0.0
10,136,-6.076039840381013,2.4405628521637597e-15,1.829042365818157e-12,0.0,0.0
10,137,-6.076039840381013,2.4405628521637597e-15,1.829042365818157e-12,0.0,0.0
10,138,-6.076039840381013,2.4405628521637597e-15,1.829042365818157e-12,0.0,0.0
10,139,-6.076039840381013,2.4405628521637597e-15,1.829042365818157e-12,0.0,0.0
10,140,-6.076039840381013,2.4405628521637597e-15,1.829042365818157e-12,0.0,0.0
10,141,-6.076039840381013,2.4405628521637597e-15,1.829042365818157e-12,0.0,0.0
10,142,-6.076039840381013,2.4405628521637597e-15,1.829042365818157e-12,0.0,0.0
10,143,-6.076039840381013,2.4405628521637597e-15,1.829042365818157e-12,0.0,0.0
10,144,-6.076039840381013,2.4405628521637597e-15,1.829042365818157e-12,0.0,0.0
10,145,-6.076039840381013,2.4405628521637597e-15,1.829042365818157e-12,0.0,0.0
10,146,-6.076039840381013,2.4405628521637597e-15,1.829042365818157e-12,0.0,0.0
10,147,-6.076039840381013,2.4405628521637597e-15,1.829042365818157e-12,0.0,0.0
10,148,-6.076039840381013,2.4405628521637597e-15,1.829042365818157e-12,0.0,0.0
10,149,-6.076039840381013,2.4405628521637597e-15,1.829042365818157e-12,0.0,0.0
10,150,-6.076039840381013,2.4405628521637597e-15,1.829042365818157e-12,0.0,0.0
10,151,-6.076039840381013,2.4405628521637597e-15,1.829042365818157e-12,0.0,0.0
10,152,-6.076039840381013,2.4405628521637597e-15,1.829042365818157e-12,0.0,0.0
10,153,-6.076039840381013,2.4405628521637597e-15,1.829042365818157e-12,0.0,0.0
10,154,-6.076039840381013,2.4405628521637597e-15,1.829042365818157e-12,0.0,0.0
10,155,-6.076039840381013,2.4405628521637597e-15,1.829042365818157e-12,0.0,0.0
10,156,-6.076039840381013,2.4405628521637597e-15,1.829042365818157e-12,0.0,0.0
10,157,-6.076039840381013,2.4405628521637597e-15,1.829042365818157e-12,0.0,0.0
10,158,-6.076039840381013,2.4405628521637597e-15,1.829042365818157e-12,0.0,0.0
10,159,-6.076039840381013,2.4405628521637597e-15,1.829042365818157e-12,0.0,0.0
10,160,-6.076039840381013,2.4405628521637597e-15,1.829042365818157e-12,0.0,0.0
10,161,-6.076039840381013,2.4405628521637597e-15,1.829042365818157e-12,0.0,0.0
10,162,-6.076039840381013,2.4405628521637597e-15,1.829042365818157e-12,0.0,0.0
10,163,-6.076039840381013,2.4405628521637597e-15,1.829042365818157e-12,0.0,0.0
10,164,-6.076039840381013,2.4405628521637597e-15,1.829042365818157e-12,0.0,0.0
10,165,-6.076039840381013,2.4405628521637597e-15,1.829042365818157e-12,0.0,0.0
10,166,-6.076039840381013,2.4405628521637597e-15,1.829042365818157e-12,0.0,0.0
10,167,-6.076039840381013,2.4405628521637597e-15,1.829042365818157e-12,0.0,0.0
10,168,-6.076039840381013,2.4405628521637597e-15,1.829042365818157e-12,0.0,0.0
10,169,-6.076039840381013,2.4405628521637597e-15,1.829042365818157e-12,0.0,0.0
10,170,-6.076039840381013,2.4405628521637597e-15,1.829042365818157e-12,0.0,0.0
10,171,-6.076039840381013,2.4405628521637597e-15,1.829042365818157e-12,0.0,0.0
10,172,-6.076039840381013,2.4405628521637597e-15,1.829042365818157e-12,0.0,0.0
10,173,-6.076039840381013,2.4405628521637597e-15,1.829042365818157e-12,0.0,0.0
10,174,-6.076039840381013,2.4405628521637597e-15,1.829042365818157e-12,0.0,0.0
10,175,-6.076039840381013,2.4405628521637597e-15,1.829042365818157e-12,0.0,0.0
10,176,-6.076039840381013,2.4405628521637597e-15,1.829042365818157e-12,0.0,0.0
10,177,-6.076039840381013,2.4405628521637597e-15,1.829042365818157e-12,0.0,0.0
10,178,-6.076039840381013,2.4405628521637597e-15,1.829042365818157e-12,0.0,0.0
10,179,-6.076039840381013,2.4405628521637597e-15,1.829042365818157e-12,0.0,0.0
10,180,-6.076039840381013,2.4405628521637597e-15,1.829042365818157e-12,0.0,0.0
10,181,-6.076039840381013,2.4405628521637597e-15,1.829042365818157e-12,0.0,0.0
10,182,-6.076039840381013,2.4405628521637597e-15,1.829042365818157e-12,0.0,0.0
10,183,-6.076039840381013,2.4405628521637597e-15,1.829042365818157e-12,0.0,0.0
10,184,-6.076039840381013,2.4405628521637597e-15,1.829042365818157e-12,0.0,0.0
10,185,-6.076039840381013,2.4405628521637597e-15,1.829042365818157e-12,0.0,0.0
10,186,-6.076039840381013,2.4405628521637597e-15,1.829042365818157e-12,0.0,0.0
10,187,-6.076039840381013,2.4405628521637597e-15,1.829042365818157e-12,0.0,0.0
10,188,-6.076039840381013,2.4405628521637597e-15,1.829042365818157e-12,0.0,0.0
10,189,-6.076039840381013,2.4405628521637597e-15,1.829042365818157e-12,0.0,0.0
10,190,-6.076039840381013,2.4405628521637597e-15,1.829042365818157e-12,0.0,0.0
10,191,-6.076039840381013,2.4405628521637597e-15,1.829042365818157e-12,0.0,0.0
10,192,-6.076039840381013,2.4405628521637597e-15,1.829042365818157e-12,0.0,0.0
10,193,-6.076039840381013,2.4405628521637597e-15,1.829042365818157e-12,0.0,0.0
10,194,-6.076039840381013,2.4405628521637597e-15,1.829042365818157e-12,0.0,0.0
10,195,-6.076039840381013,2.4405628521637597e-15,1.829042365818157e-12,0.0,0.0
10,196,-6.076039840381013,2.4405628521637597e-15,1.829042365818157e-12,0.0,0.0
10,197,-6.076039840381013,2.4405628521637597e-15,1.829042365818157e-12,0.0,0.0
10,198,-6.076039840381013,2.4405628521637597e-15,1.829042365818157e-12,0.0,0.0
10,199,-6.076039840381013,2.4405628521637597e-15,1.829042365818157e-12,0.0,0.0
10,200,-6.076039840381013,2.4405628521637597e-15,1.829042365818157e-12,0.0,0.0
10,201,-6.076039840381013,2.4405628521637597e-15,1.829042365818157e-12,0.0,0.0
10,202,-6.076039840381013,2.4405628521637597e-15,1.829042365818157e-12,0.0,0.0
10,203,-6.076039840381013,2.4405628521637597e-15,1.829042365818157e-12,0.0,0.0
10,204,-6.076039840381013,2.4405628521637597e-15,1.829042365818157e-12,0.0,0.0
10,205,-6.076039840381013,2.4405628521637597e-15,1.829042365818157e-12,0.0,0.0
10,206,-6.076039840381013,2.4405628521637597e-15,1.829042365818157e-12,0.0,0.0
10,207,-6.076039840381013,2.4405628521637597e-15,1.829042365818157e-12,0.0,0.0
10,208,-6.076039840381013,2.4405628521637597e-15,1.829042365818157e-12,0.0,0.0
10,209,-6.076039840381013,2.4405628521637597e-15,1.829042365818157e-12,0.0,0.0
10,210,-6.076039840381013,2.4405628521637597e-15,1.829042365818157e-12,0.0,0.0
10,211,-6.076039840381013,2.4405628521637597e-15,1.829042365818157e-12,0.0,0.0
10,212,-6.076039840381013,2.4405628521637597e-15,1.829042365818157e-12,0.0,0.0
10,213,-6.076039840381013,2.4405628521637597e-15,1.829042365818157e-12,0.0,0.0
10,214,-6.076039840381013,2.4405628521637597e-15,1.829042365818157e-12,0.0,0.0
10,215,-6.076039840381013,2.4405628521637597e-15,1.829042365818157e-12,0.0,0.0
10,216,-6.076039840381013,2.4405628521637597e-15,1.829042365818157e-12,0.0,0.0
10,217,-6.076039840381013,2.4405628521637597e-15,1.829042365818157e-12,0.0,0.0
10,218,-6.076039840381013,2.4405628521637597e-15,1.829042365818157e-12,0.0,0.0
10,219,-6.076039840381013,2.4405628521637597e-15,1.829042365818157e-12,0.0,0.0
10,220,-6.076039840381013,2.4405628521637597e-15,1.829042365818157e-12,0.0,0.0
10,221,-6.076039840381013,2.4405628521637597e-15,1.829042365818157e-12,0.0,0.0
10,222,-6.076039840381013,2.4405628521637597e-15,1.829042365818157e-12,0.0,0.0
10,223,-6.076039840381013,2.4405628521637597e-15,1.829042365818157e-12,0.0,0.0
10,224,-6.076039840381013,2.4405628521637597e-15,1.829042365818157e-12,0.0,0.0
10,225,-6.076039840381013,2.4405628521637597e-15,1.829042365818157e-12,0.0,0.0
10,226,-6.076039840381013,2.4405628521637597e-15,1.829042365818157e-12,0.0,0.0
10,227,-6.076039840381013,2.4405628521637597e-15,1.829042365818157e-12,0.0,0.0
10,228,-6.076039840381013,2.4405628521637597e-15,1.829042365818157e-12,0.0,0.0
10,229,-6.076039840381013,2.4405628521637597e-15,1.829042365818157e-12,0.0,0.0
10,230,-6.076039840381013,2.4405628521637597e-15,1.829042365818157e-12,0.0,0.0
10,231,-6.076039840381013,2.4405628521637597e-15,1.829042365818157e-12,0.0,0.0
10,232,-6.076039840381013,2.4405628521637597e-15,1.829042365818157e-12,0.0,0.0
10,233,-6.076039840381013,2.4405628521637597e-15,1.829042365818157e-12,0.0,0.0
10,234,-6.076039840381013,2.4405628521637597e-15,1.829042365818157e-12,0.0,0.0
10,235,-6.076039840381013,2.4405628521637597e-15,1.829042365818157e-12,0.0,0.0
10,236,-6.076039840381013,2.4405628521637597e-15,1.829042365818157e-12,0.0,0.0
10,237,-6.076039840381013,2.4405628521637597e-15,1.829042365818157e-12,0.0,0.0
10,238,-6.076039840381013,2.4405628521637597e-15,1.829042365818157e-12,0.0,0.0
10,239,-6.076039840381013,2.4405628521637597e-15,1.829042365818157e-12,0.0,0.0
10,240,-6.076039840381013,2.4405628521637597e-15,1.829042365818157e-12,0.0,0.0
10,241,-6.076039840381013,2.4405628521637597e-15,1.829042365818157e-12,0.0,0.0
10,242,-6.076039840381013,2.4405628521637597e-15,1.829042365818157e-12,0.0,0.0
10,243,-6.076039840381013,2.4405628521637597e-15,1.829042365818157e-12,0.0,0.0
10,244,-6.076039840381013,2.4405628521637597e-15,1.829042365818157e-12,0.0,0.0
10,245,-6.076039840381013,2.4405628521637597e-15,1.829042365818157e-12,0.0,0.0
10,246,-6.076039840381013,2.4405628521637597e-15,1.829042365818157e-12,0.0,0.0
10,247,-6.076039840381013,2.4405628521637597e-15,1.829042365818157e-12,0.0,0.0
10,248,-6.076039840381013,2.4405628521637597e-15,1.829042365818157e-12,0.0,0.0
10,249,-6.076039840381013,2.4405628521637597e-15,1.829042365818157e-12,0.0,0.0
10,250,-6.076039840381013,2.4405628521637597e-15,1.829042365818157e-12,0.0,0.0
10,251,-6.076039840381013,2.4405628521637597e-15,1.829042365818157e-12,0.0,0.0
10,252,-6.076039840381013,2.4405628521637597e-15,1.829042365818157e-12,0.0,0.0
10,253,-6.076039840381013,2.4405628521637597e-15,1.829042365818157e-12,0.0,0.0
10,254,-6.076039840381013,2.4405628521637597e-15,1.829042365818157e-12,0.0,0.0
10,255,-6.076039840381013,2.4405628521637597e-15,1.829042365818157e-12,0.0,0.0
10,256,-6.076039840381013,2.4405628521637597e-15,1.829042365818157e-12,0.0,0.0
10,257,-6.076039840381013,2.4405628521637597e-15,1.829042365818157e-12,0.0,0.0
10,258,-6.076039840381013,2.4405628521637597e-15,1.829042365818157e-12,0.0,0.0
10,259,-6.076039840381013,2.4405628521637597e-15,1.829042365818157e-12,0.0,0.0
10,260,-6.076039840381013,2.4405628521637597e-15,1.829042365818157e-12,0.0,0.0
10,261,-6.076039840381013,2.4405628521637597e-15,1.829042365818157e-12,0.0,0.0
10,262,-6.076039840381013,2.4405628521637597e-15,1.829042365818157e-12,0.0,0.0
10,263,-6.076039840381013,2.4405628521637597e-15,1.829042365818157e-12,0.0,0.0
10,264,-6.076039840381013,2.4405628521637597e-15,1.829042365818157e-12,0.0,0.0
10,265,-6.076039840381013,2.4405628521637597e-15,1.829042365818157e-12,0.0,0.0
10,266,-6.076039840381013,2.4405628521637597e-15,1.829042365818157e-12,0.0,0.0
10,267,-6.076039840381013,2.4405628521637597e-15,1.829042365818157e-12,0.0,0.0
10,268,-6.076039840381013,2.4405628521637597e-15,1.829042365818157e-12,0.0,0.0
10,269,-6.076039840381013,2.4405628521637597e-15,1.829042365818157e-12,0.0,0.0
10,270,-6.076039840381013,2.4405628521637597e-15,1.829042365818157e-12,0.0,0.0
10,271,-6.076039840381013,2.4405628521637597e-15,1.829042365818157e-12,0.0,0.0
10,272,-6.076039840381013,2.4405628521637597e-15,1.829042365818157e-12,0.0,0.0
10,273,-6.076039840381013,2.4405628521637597e-15,1.829042365818157e-12,0.0,0.0
10,274,-6.076039840381013,2.4405628521637597e-15,1.829042365818157e-12,0.0,0.0
10,275,-6.076039840381013,2.4405628521637597e-15,1.829042365818157e-12,0.0,0.0
10,276,-6.076039840381013,2.4405628521637597e-15,1.829042365818157e-12,0.0,0.0
10,277,-6.076039840381013,2.4405628521637597e-15,1.829042365818157e-12,0.0,0.0
10,278,-6.076039840381013,2.4405628521637597e-15,1.829042365818157e-12,0.0,0.0
10,279,-6.076039840381013,2.4405628521637597e-15,1.829042365818157e-12,0.0,0.0
10,280,-6.076039840381013,2.4405628521637597e-15,1.829042365818157e-12,0.0,0.0
10,281,-6.076039840381013,2.4405628521637597e-15,1.829042365818157e-12,0.0,0.0
10,282,-6.076039840381013,2.4405628521637597e-15,1.829042365818157e-12,0.0,0.0
10,283,-6.076039840381013,2.4405628521637597e-15,1.829042365818157e-12,0.0,0.0
10,284,-6.076039840381013,2.4405628521637597e-15,1.829042365818157e-12,0.0,0.0
10,285,-6.076039840381013,2.4405628521637597e-15,1.829042365818157e-12,0.0,0.0
10,286,-6.076039840381013,2.4405628521637597e-15,1.829042365818157e-12,0.0,0.0
10,287,-6.076039840381013,2.4405628521637597e-15,1.829042365818157e-12,0.0,0.0
10,288,-6.076039840381013,2.4405628521637597e-15,1.829042365818157e-12,0.0,0.0
10,289,-6.076039840381013,2.4405628521637597e-15,1.829042365818157e-12,0.0,0.0
10,290,-6.076039840381013,2.4405628521637597e-15,1.829042365818157e-12,0.0,0.0
10,291,-6.076039840381013,2.4405628521637597e-15,1.829042365818157e-12,0.0,0.0
10,292,-6.076039840381013,2.4405628521637597e-15,1.829042365818157e-12,0.0,0.0
10,293,-6.076039840381013,2.4405628521637597e-15,1.829042365818157e-12,0.0,0.0
10,294,-6.076039840381013,2.4405628521637597e-15,1.829042365818157e-12,0.0,0.0
10,295,-6.076039840381013,2.4405628521637597e-15,1.829042365818157e-12,0.0,0.0
10,296,-6.076039840381013,2.4405628521637597e-15,1.829042365818157e-12,0.0,0.0
10,297,-6.076039840381013,2.4405628521637597e-15,1.829042365818157e-12,0.0,0.0
10,298,-6.076039840381013,2.4405628521637597e-15,1.829042365818157e-12,0.0,0.0
10,299,-6.076039840381013,2.4405628521637597e-15,1.829042365818157e-12,0.0,0.0
10,300,-6.076039840381013,2.4405628521637597e-15,1.829042365818157e-12,0.0,0.0
11,1,-5.884806471691323,0.2588754262776512,193.0252826855168,0.0006466841809960795,0.06701648633043562
11,2,-6.027225642019088,0.04155508206208003,30.984715611631298,0.00147697090380737,0.025767164764082327
11,3,-6.038395289031713,0.0498043974278315,37.13565258286911,0.0048502371413414,1.4364386811228187
11,4,-6.0716913570438695,0.032032876840170484,23.88467378387875,0.010292071477019984,0.4136723636955117
11,5,-6.074392823622118,0.004239733511137284,3.161272474818842,0.002055179555666808,0.017518028628037266
11,6,-6.07454731100269,0.007564748517731457,5.640503396076946,0.006718587549056762,3.1835514296299374
11,7,-6.076343571990974,0.00023384146144232073,0.1743592076216894,0.024562139664496618,0.0009555513783739503
11,8,-6.076348844622554,7.376584152615436e-10,5.500202401540269e-07,0.07551987833699711,9.951019317875249e-12
11,9,-6.076348844622554,7.376584152615436e-10,5.500202401540269e-07,0.0,0.0
11,10,-6.076348844622554,7.376584152615436e-10,5.500202401540269e-07,0.0,0.0
11,11,-6.076348844622554,7.376584152615436e-10,5.500202401540269e-07,0.0,0.0
11,12,-6.076348844622554,7.376584152615436e-10,5.500202401540269e-07,0.0,0.0
11,13,-6.076348844622554,7.376584152615436e-10,5.500202401540269e-07,0.0,0.0
11,14,-6.076348844622554,7.376584152615436e-10,5.500202401540269e-07,0.0,0.0
11,15,-6.076348844622554,7.376584152615436e-10,5.500202401540269e-07,0.0,0.0
11,16,-6.076348844622554,7.376584152615436e-10,5.500202401540269e-07,0.0,0.0
11,17,-6.076348844622554,7.376584152615436e-10,5.500202401540269e-07,0.0,0.0
11,18,-6.076348844622554,7.376584152615436e-10,5.500202401540269e-07,0.0,0.0
11,19,-6.076348844622554,7.376584152615436e-10,5.500202401540269e-07,0.0,0.0
11,20,-6.076348844622554,7.376584152615436e-10,5.500202401540269e-07,0.0,0.0
11,21,-6.076348844622554,7.376584152615436e-10,5.500202401540269e-07,0.0,0.0
11,22,-6.076348844622554,7.376584152615436e-10,5.500202401540269e-07,0.0,0.0
11,23,-6.076348844622554,7.376584152615436e-10,5.500202401540269e-07,0.0,0.0
11,24,-6.076348844622554,7.376584152615436e-10,5.500202401540269e-07,0.0,0.0
11,25,-6.076348844622554,7.376584152615436e-10,5.500202401540269e-07,0.0,0.0
11,26,-6.076348844622554,7.376584152615436e-10,5.500202401540269e-07,0.0,0.0
11,27,-6.076348844622554,7.376584152615436e-10,5.500202401540269e-07,0.0,0.0
11,28,-6.076348844622554,7.376584152615436e-10,5.500202401540269e-07,0.0,0.0
11,29,-6.076348844622554,7.376584152615436e-10,5.500202401540269e-07,0.0,0.0
11,30,-6.076348844622554,7.376584152615436e-10,5.500202401540269e-07,0.0,0.0
11,31,-6.076348844622554,7.376584152615436e-10,5.500202401540269e-07,0.0,0.0
11,32,-6.076348844622554,7.376584152615436e-10,5.500202401540269e-07,0.0,0.0
11,33,-6.076348844622554,7.376584152615436e-10,5.500202401540269e-07,0.0,0.0
11,34,-6.076348844622554,7.376584152615436e-10,5.500202401540269e-07,0.0,0.0
11,35,-6.076348844622554,7.376584152615436e-10,5.500202401540269e-07,0.0,0.0
11,36,-6.076348844622554,7.376584152615436e-10,5.500202401540269e-07,0.0,0.0
11,37,-6.076348844622554,7.376584152615436e-10,5.500202401540269e-07,0.0,0.0
11,38,-6.076348844622554,7.376584152615436e-10,5.500202401540269e-07,0.0,0.0
11,39,-6.076348844622554,7.376584152615436e-10,5.500202401540269e-07,0.0,0.0
11,40,-6.076348844622554,7.376584152615436e-10,5.500202401540269e-07,0.0,0.0
11,41,-6.076348844622554,7.376584152615436e-10,5.500202401540269e-07,0.0,0.0
11,42,-6.076348844622554,7.376584152615436e-10,5.500202401540269e-07,0.0,0.0
11,43,-6.076348844622554,7.376584152615436e-10,5.500202401540269e-07,0.0,0.0
11,44,-6.076348844622554,7.376584152615436e-10,5.500202401540269e-07,0.0,0.0
11,45,-6.076348844622554,7.376584152615436e-10,5.500202401540269e-07,0.0,0.0
11,46,-6.076348844622554,7.376584152615436e-10,5.500202401540269e-07,0.0,0.0
11,47,-6.076348844622554,7.376584152615436e-10,5.500202401540269e-07,0.0,0.0
11,48,-6.076348844622554,7.376584152615436e-10,5.500202401540269e-07,0.0,0.0
11,49,-6.076348844622554,7.376584152615436e-10,5.500202401540269e-07,0.0,0.0
11,50,-6.076348844622554,7.376584152615436e-10,5.500202401540269e-07,0.0,0.0
11,51,-6.076348844622554,7.376584152615436e-10,5.500202401540269e-07,0.0,0.0
11,52,-6.076348844622554,7.376584152615436e-10,5.500202401540269e-07,0.0,0.0
11,53,-6.076348844622554,7.376584152615436e-10,5.500202401540269e-07,0.0,0.0
11,54,-6.076348844622554,7.376584152615436e-10,5.500202401540269e-07,0.0,0.0
11,55,-6.076348844622554,7.376584152615436e-10,5.500202401540269e-07,0.0,0.0
11,56,-6.076348844622554,7.376584152615436e-10,5.500202401540269e-07,0.0,0.0
11,57,-6.076348844622554,7.376584152615436e-10,5.500202401540269e-07,0.0,0.0
11,58,-6.076348844622554,7.376584152615436e-10,5.500202401540269e-07,0.0,0.0
11,59,-6.076348844622554,7.376584152615436e-10,5.500202401540269e-07,0.0,0.0
11,60,-6.076348844622554,7.376584152615436e-10,5.500202401540269e-07,0.0,0.0
11,61,-6.076348844622554,7.376584152615436e-10,5.500202401540269e-07,0.0,0.0
11,62,-6.076348844622554,7.376584152615436e-10,5.500202401540269e-07,0.0,0.0
11,63,-6.076348844622554,7.376584152615436e-10,5.500202401540269e-07,0.0,0.0
11,64,-6.076348844622554,7.376584152615436e-10,5.500202401540269e-07,0.0,0.0
11,65,-6.076348844622554,7.376584152615436e-10,5.500202401540269e-07,0.0,0.0
11,66,-6.076348844622554,7.376584152615436e-10,5.500202401540269e-07,0.0,0.0
11,67,-6.076348844622554,7.376584152615436e-10,5.500202401540269e-07,0.0,0.0
11,68,-6.076348844622554,7.376584152615436e-10,5.500202401540269e-07,0.0,0.0
11,69,-6.076348844622554,7.376584152615436e-10,5.500202401540269e-07,0.0,0.0
11,70,-6.076348844622554,7.376584152615436e-10,5.500202401540269e-07,0.0,0.0
11,71,-6.076348844622554,7.376584152615436e-10,5.500202401540269e-07,0.0,0.0
11,72,-6.076348844622554,7.376584152615436e-10,5.500202401540269e-07,0.0,0.0
11,73,-6.076348844622554,7.376584152615436e-10,5.500202401540269e-07,0.0,0.0
11,74,-6.076348844622554,7.376584152615436e-10,5.500202401540269e-07,0.0,0.0
11,75,-6.076348844622554,7.376584152615436e-10,5.500202401540269e-07,0.0,0.0
11,76,-6.076348844622554,7.376584152615436e-10,5.500202401540269e-07,0.0,0.0
11,77,-6.076348844622554,7.376584152615436e-10,5.500202401540269e-07,0.0,0.0
11,78,-6.076348844622554,7.376584152615436e-10,5.500202401540269e-07,0.0,0.0
11,79,-6.076348844622554,7.376584152615436e-10,5.500202401540269e-07,0.0,0.0
11,80,-6.076348844622554,7.376584152615436e-10,5.500202401540269e-07,0.0,0.0
11,81,-6.076348844622554,7.376584152615436e-10,5.500202401540269e-07,0.0,0.0
11,82,-6.076348844622554,7.376584152615436e-10,5.500202401540269e-07,0.0,0.0
11,83,-6.076348844622554,7.376584152615436e-10,5.500202401540269e-07,0.0,0.0
11,84,-6.076348844622554,7.376584152615436e-10,5.500202401540269e-07,0.0,0.0
11,85,-6.076348844622554,7.376584152615436e-10,5.500202401540269e-07,0.0,0.0
11,86,-6.076348844622554,7.376584152615436e-10,5.500202401540269e-07,0.0,0.0
11,87,-6.076348844622554,7.376584152615436e-10,5.500202401540269e-07,0.0,0.0
11,88,-6.076348844622554,7.376584152615436e-10,5.500202401540269e-07,0.0,0.0
11,89,-6.076348844622554,7.376584152615436e-10,5.500202401540269e-07,0.0,0.0
11,90,-6.076348844622554,7.376584152615436e-10,5.500202401540269e-07,0.0,0.0
11,91,-6.076348844622554,7.376584152615436e-10,5.500202401540269e-07,0.0,0.0
11,92,-6.076348844622554,7.376584152615436e-10,5.500202401540269e-07,0.0,0.0
11,93,-6.076348844622554,7.376584152615436e-10,5.500202401540269e-07,0.0,0.0
11,94,-6.076348844622554,7.376584152615436e-10,5.500202401540269e-07,0.0,0.0
11,95,-6.076348844622554,7.376584152615436e-10,5.500202401540269e-07,0.0,0.0
11,96,-6.076348844622554,7.376584152615436e-10,5.500202401540269e-07,0.0,0.0
11,97,-6.076348844622554,7.376584152615436e-10,5.500202401540269e-07,0.0,0.0
11,98,-6.076348844622554,7.376584152615436e-10,5.500202401540269e-07,0.0,0.0
11,99,-6.076348844622554,7.376584152615436e-10,5.500202401540269e-07,0.0,0.0
11,100,-6.076348844622554,7.376584152615436e-10,5.500202401540269e-07,0.0,0.0
11,101,-6.076348844622554,7.376584152615436e-10,5.500202401540269e-07,0.0,0.0
11,102,-6.076348844622554,7.376584152615436e-10,5.500202401540269e-07,0.0,0.0
11,103,-6.076348844622554,7.376584152615436e-10,5.500202401540269e-07,0.0,0.0
11,104,-6.076348844622554,7.376584152615436e-10,5.500202401540269e-07,0.0,0.0
11,105,-6.076348844622554,7.376584152615436e-10,5.500202401540269e-07,0.0,0.0
11,106,-6.076348844622554,7.376584152615436e-10,5.500202401540269e-07,0.0,0.0
11,107,-6.076348844622554,7.376584152615436e-10,5.500202401540269e-07,0.0,0.0
11,108,-6.076348844622554,7.376584152615436e-10,5.500202401540269e-07,0.0,0.0
11,109,-6.076348844622554,7.376584152615436e-10,5.500202401540269e-07,0.0,0.0
11,110,-6.076348844622554,7.376584152615436e-10,5.500202401540269e-07,0.0,0.0
11,111,-6.076348844622554,7.376584152615436e-10,5.500202401540269e-07,0.0,0.0
11,112,-6.076348844622554,7.376584152615436e-10,5.500202401540269e-07,0.0,0.0
11,113,-6.076348844622554,7.376584152615436e-10,5.500202401540269e-07,0.0,0.0
11,114,-6.076348844622554,7.376584152615436e-10,5.500202401540269e-07,0.0,0.0
11,115,-6.076348844622554,7.376584152615436e-10,5.500202401540269e-07,0.0,0.0
11,116,-6.076348844622554,7.376584152615436e-10,5.500202401540269e-07,0.0,0.0
11,117,-6.076348844622554,7.376584152615436e-10,5.500202401540269e-07,0.0,0.0
11,118,-6.076348844622554,7.376584152615436e-10,5.500202401540269e-07,0.0,0.0
11,119,-6.076348844622554,7.376584152615436e-10,5.500202401540269e-07,0.0,0.0
11,120,-6.076348844622554,7.376584152615436e-10,5.500202401540269e-07,0.0,0.0
11,121,-6.076348844622554,7.376584152615436e-10,5.500202401540269e-07,0.0,0.0
11,122,-6.076348844622554,7.376584152615436e-10,5.500202401540269e-07,0.0,0.0
11,123,-6.076348844622554,7.376584152615436e-10,5.500202401540269e-07,0.0,0.0
11,124,-6.076348844622554,7.376584152615436e-10,5.500202401540269e-07,0.0,0.0
11,125,-6.076348844622554,7.376584152615436e-10,5.500202401540269e-07,0.0,0.0
11,126,-6.076348844622554,7.376584152615436e-10,5.500202401540269e-07,0.0,0.0
11,127,-6.076348844622554,7.376584152615436e-10,5.500202401540269e-07,0.0,0.0
11,128,-6.076348844622554,7.376584152615436e-10,5.500202401540269e-07,0.0,0.0
11,129,-6.076348844622554,7.376584152615436e-10,5.500202401540269e-07,0.0,0.0
11,130,-6.076348844622554,7.376584152615436e-10,5.500202401540269e-07,0.0,0.0
11,131,-6.076348844622554,7.376584152615436e-10,5.500202401540269e-07,0.0,0.0
11,132,-6.076348844622554,7.376584152615436e-10,5.500202401540269e-07,0.0,0.0
11,133,-6.076348844622554,7.376584152615436e-10,5.500202401540269e-07,0.0,0.0
11,134,-6.076348844622554,7.376584152615436e-10,5.500202401540269e-07,0.0,0.0
11,135,-6.076348844622554,7.376584152615436e-10,5.500202401540269e-07,0.0,0.0
11,136,-6.076348844622554,7.376584152615436e-10,5.500202401540269e-07,0.0,0.0
11,137,-6.076348844622554,7.376584152615436e-10,5.500202401540269e-07,0.0,0.0
11,138,-6.076348844622554,7.376584152615436e-10,5.500202401540269e-07,0.0,0.0
11,139,-6.076348844622554,7.376584152615436e-10,5.500202401540269e-07,0.0,0.0
11,140,-6.076348844622554,7.376584152615436e-10,5.500202401540269e-07,0.0,0.0
11,141,-6.076348844622554,7.376584152615436e-10,5.500202401540269e-07,0.0,0.0
11,142,-6.076348844622554,7.376584152615436e-10,5.500202401540269e-07,0.0,0.0
11,143,-6.076348844622554,7.376584152615436e-10,5.500202401540269e-07,0.0,0.0
11,144,-6.076348844622554,7.376584152615436e-10,5.500202401540269e-07,0.0,0.0
11,145,-6.076348844622554,7.376584152615436e-10,5.500202401540269e-07,0.0,0.0
11,146,-6.076348844622554,7.376584152615436e-10,5.500202401540269e-07,0.0,0.0
11,147,-6.076348844622554,7.376584152615436e-10,5.500202401540269e-07,0.0,0.0
11,148,-6.076348844622554,7.376584152615436e-10,5.500202401540269e-07,0.0,0.0
11,149,-6.076348844622554,7.376584152615436e-10,5.500202401540269e-07,0.0,0.0
11,150,-6.076348844622554,7.376584152615436e-10,5.500202401540269e-07,0.0,0.0
11,151,-6.076348844622554,7.376584152615436e-10,5.500202401540269e-07,0.0,0.0
11,152,-6.076348844622554,7.376584152615436e-10,5.500202401540269e-07,0.0,0.0
11,153,-6.076348844622554,7.376584152615436e-10,5.500202401540269e-07,0.0,0.0
11,154,-6.076348844622554,7.376584152615436e-10,5.500202401540269e-07,0.0,0.0
11,155,-6.076348844622554,7.376584152615436e-10,5.500202401540269e-07,0.0,0.0
11,156,-6.076348844622554,7.376584152615436e-10,5.500202401540269e-07,0.0,0.0
11,157,-6.076348844622554,7.376584152615436e-10,5.500202401540269e-07,0.0,0.0
11,158,-6.076348844622554,7.376584152615436e-10,5.500202401540269e-07,0.0,0.0
11,159,-6.076348844622554,7.376584152615436e-10,5.500202401540269e-07,0.0,0.0
11,160,-6.076348844622554,7.376584152615436e-10,5.500202401540269e-07,0.0,0.0
11,161,-6.076348844622554,7.376584152615436e-10,5.500202401540269e-07,0.0,0.0
11,162,-6.076348844622554,7.376584152615436e-10,5.500202401540269e-07,0.0,0.0
11,163,-6.076348844622554,7.376584152615436e-10,5.500202401540269e-07,0.0,0.0
11,164,-6.076348844622554,7.376584152615436e-10,5.500202401540269e-07,0.0,0.0
11,165,-6.076348844622554,7.376584152615436e-10,5.500202401540269e-07,0.0,0.0
11,166,-6.076348844622554,7.376584152615436e-10,5.500202401540269e-07,0.0,0.0
11,167,-6.076348844622554,7.376584152615436e-10,5.500202401540269e-07,0.0,0.0
11,168,-6.076348844622554,7.376584152615436e-10,5.500202401540269e-07,0.0,0.0
11,169,-6.076348844622554,7.376584152615436e-10,5.500202401540269e-07,0.0,0.0
11,170,-6.076348844622554,7.376584152615436e-10,5.500202401540269e-07,0.0,0.0
11,171,-6.076348844622554,7.376584152615436e-10,5.500202401540269e-07,0.0,0.0
11,172,-6.076348844622554,7.376584152615436e-10,5.500202401540269e-07,0.0,0.0
11,173,-6.076348844622554,7.376584152615436e-10,5.500202401540269e-07,0.0,0.0
11,174,-6.076348844622554,7.376584152615436e-10,5.500202401540269e-07,0.0,0.0
11,175,-6.076348844622554,7.376584152615436e-10,5.500202401540269e-07,0.0,0.0
11,176,-6.076348844622554,7.376584152615436e-10,5.500202401540269e-07,0.0,0.0
11,177,-6.076348844622554,7.376584152615436e-10,5.500202401540269e-07,0.0,0.0
11,178,-6.076348844622554,7.376584152615436e-10,5.500202401540269e-07,0.0,0.0
11,179,-6.076348844622554,7.376584152615436e-10,5.500202401540269e-07,0.0,0.0
11,180,-6.076348844622554,7.376584152615436e-10,5.500202401540269e-07,0.0,0.0
11,181,-6.076348844622554,7.376584152615436e-10,5.500202401540269e-07,0.0,0.0
11,182,-6.076348844622554,7.376584152615436e-10,5.500202401540269e-07,0.0,0.0
11,183,-6.076348844622554,7.376584152615436e-10,5.500202401540269e-07,0.0,0.0
11,184,-6.076348844622554,7.376584152615436e-10,5.500202401540269e-07,0.0,0.0
11,185,-6.076348844622554,7.376584152615436e-10,5.500202401540269e-07,0.0,0.0
11,186,-6.076348844622554,7.376584152615436e-10,5.500202401540269e-07,0.0,0.0
11,187,-6.076348844622554,7.376584152615436e-10,5.500202401540269e-07,0.0,0.0
11,188,-6.076348844622554,7.376584152615436e-10,5.500202401540269e-07,0.0,0.0
11,189,-6.076348844622554,7.376584152615436e-10,5.500202401540269e-07,0.0,0.0
11,190,-6.076348844622554,7.376584152615436e-10,5.500202401540269e-07,0.0,0.0
11,191,-6.076348844622554,7.376584152615436e-10,5.500202401540269e-07,0.0,0.0
11,192,-6.076348844622554,7.376584152615436e-10,5.500202401540269e-07,0.0,0.0
11,193,-6.076348844622554,7.376584152615436e-10,5.500202401540269e-07,0.0,0.0
11,194,-6.076348844622554,7.376584152615436e-10,5.500202401540269e-07,0.0,0.0
11,195,-6.076348844622554,7.376584152615436e-10,5.500202401540269e-07,0.0,0.0
11,196,-6.076348844622554,7.376584152615436e-10,5.500202401540269e-07,0.0,0.0
11,197,-6.076348844622554,7.376584152615436e-10,5.500202401540269e-07,0.0,0.0
11,198,-6.076348844622554,7.376584152615436e-10,5.500202401540269e-07,0.0,0.0
11,199,-6.076348844622554,7.376584152615436e-10,5.500202401540269e-07,0.0,0.0
11,200,-6.076348844622554,7.376584152615436e-10,5.500202401540269e-07,0.0,0.0
11,201,-6.076348844622554,7.376584152615436e-10,5.500202401540269e-07,0.0,0.0
11,202,-6.076348844622554,7.376584152615436e-10,5.500202401540269e-07,0.0,0.0
11,203,-6.076348844622554,7.376584152615436e-10,5.500202401540269e-07,0.0,0.0
11,204,-6.076348844622554,7.376584152615436e-10,5.500202401540269e-07,0.0,0.0
11,205,-6.076348844622554,7.376584152615436e-10,5.500202401540269e-07,0.0,0.0
11,206,-6.076348844622554,7.376584152615436e-10,5.500202401540269e-07,0.0,0.0
11,207,-6.076348844622554,7.376584152615436e-10,5.500202401540269e-07,0.0,0.0
11,208,-6.076348844622554,7.376584152615436e-10,5.500202401540269e-07,0.0,0.0
11,209,-6.076348844622554,7.376584152615436e-10,5.500202401540269e-07,0.0,0.0
11,210,-6.076348844622554,7.376584152615436e-10,5.500202401540269e-07,0.0,0.0
11,211,-6.076348844622554,7.376584152615436e-10,5.500202401540269e-07,0.0,0.0
11,212,-6.076348844622554,7.376584152615436e-10,5.500202401540269e-07,0.0,0.0
11,213,-6.076348844622554,7.376584152615436e-10,5.500202401540269e-07,0.0,0.0
11,214,-6.076348844622554,7.376584152615436e-10,5.500202401540269e-07,0.0,0.0
11,215,-6.076348844622554,7.376584152615436e-10,5.500202401540269e-07,0.0,0.0
11,216,-6.076348844622554,7.376584152615436e-10,5.500202401540269e-07,0.0,0.0
11,217,-6.076348844622554,7.376584152615436e-10,5.500202401540269e-07,0.0,0.0
11,218,-6.076348844622554,7.376584152615436e-10,5.500202401540269e-07,0.0,0.0
11,219,-6.076348844622554,7.376584152615436e-10,5.500202401540269e-07,0.0,0.0
11,220,-6.076348844622554,7.376584152615436e-10,5.500202401540269e-07,0.0,0.0
11,221,-6.076348844622554,7.376584152615436e-10,5.500202401540269e-07,0.0,0.0
11,222,-6.076348844622554,7.376584152615436e-10,5.500202401540269e-07,0.0,0.0
11,223,-6.076348844622554,7.376584152615436e-10,5.500202401540269e-07,0.0,0.0
11,224,-6.076348844622554,7.376584152615436e-10,5.500202401540269e-07,0.0,0.0
11,225,-6.076348844622554,7.376584152615436e-10,5.500202401540269e-07,0.0,0.0
11,226,-6.076348844622554,7.376584152615436e-10,5.500202401540269e-07,0.0,0.0
11,227,-6.076348844622554,7.376584152615436e-10,5.500202401540269e-07,0.0,0.0
11,228,-6.076348844622554,7.376584152615436e-10,5.500202401540269e-07,0.0,0.0
11,229,-6.076348844622554,7.376584152615436e-10,5.500202401540269e-07,0.0,0.0
11,230,-6.076348844622554,7.376584152615436e-10,5.500202401540269e-07,0.0,0.0
11,231,-6.076348844622554,7.376584152615436e-10,5.500202401540269e-07,0.0,0.0
11,232,-6.076348844622554,7.376584152615436e-10,5.500202401540269e-07,0.0,0.0
11,233,-6.076348844622554,7.376584152615436e-10,5.500202401540269e-07,0.0,0.0
11,234,-6.076348844622554,7.376584152615436e-10,5.500202401540269e-07,0.0,0.0
11,235,-6.076348844622554,7.376584152615436e-10,5.500202401540269e-07,0.0,0.0
11,236,-6.076348844622554,7.376584152615436e-10,5.500202401540269e-07,0.0,0.0
11,237,-6.076348844622554,7.376584152615436e-10,5.500202401540269e-07,0.0,0.0
11,238,-6.076348844622554,7.376584152615436e-10,5.500202401540269e-07,0.0,0.0
11,239,-6.076348844622554,7.376584152615436e-10,5.500202401540269e-07,0.0,0.0
11,240,-6.076348844622554,7.376584152615436e-10,5.500202401540269e-07,0.0,0.0
11,241,-6.076348844622554,7.376584152615436e-10,5.500202401540269e-07,0.0,0.0
11,242,-6.076348844622554,7.376584152615436e-10,5.500202401540269e-07,0.0,0.0
11,243,-6.076348844622554,7.376584152615436e-10,5.500202401540269e-07,0.0,0.0
11,244,-6.076348844622554,7.376584152615436e-10,5.500202401540269e-07,0.0,0.0
11,245,-6.076348844622554,7.376584152615436e-10,5.500202401540269e-07,0.0,0.0
11,246,-6.076348844622554,7.376584152615436e-10,5.500202401540269e-07,0.0,0.0
11,247,-6.076348844622554,7.376584152615436e-10,5.500202401540269e-07,0.0,0.0
11,248,-6.076348844622554,7.376584152615436e-10,5.500202401540269e-07,0.0,0.0
11,249,-6.076348844622554,7.376584152615436e-10,5.500202401540269e-07,0.0,0.0
11,250,-6.076348844622554,7.376584152615436e-10,5.500202401540269e-07,0.0,0.0
11,251,-6.076348844622554,7.376584152615436e-10,5.500202401540269e-07,0.0,0.0
11,252,-6.076348844622554,7.376584152615436e-10,5.500202401540269e-07,0.0,0.0
11,253,-6.076348844622554,7.376584152615436e-10,5.500202401540269e-07,0.0,0.0
11,254,-6.076348844622554,7.376584152615436e-10,5.500202401540269e-07,0.0,0.0
11,255,-6.076348844622554,7.376584152615436e-10,5.500202401540269e-07,0.0,0.0
11,256,-6.076348844622554,7.376584152615436e-10,5.500202401540269e-07,0.0,0.0
11,257,-6.076348844622554,7.376584152615436e-10,5.500202401540269e-07,0.0,0.0
11,258,-6.076348844622554,7.376584152615436e-10,5.500202401540269e-07,0.0,0.0
11,259,-6.076348844622554,7.376584152615436e-10,5.500202401540269e-07,0.0,0.0
11,260,-6.076348844622554,7.376584152615436e-10,5.500202401540269e-07,0.0,0.0
11,261,-6.076348844622554,7.376584152615436e-10,5.500202401540269e-07,0.0,0.0
11,262,-6.076348844622554,7.376584152615436e-10,5.500202401540269e-07,0.0,0.0
11,263,-6.076348844622554,7.376584152615436e-10,5.500202401540269e-07,0.0,0.0
11,264,-6.076348844622554,7.376584152615436e-10,5.500202401540269e-07,0.0,0.0
11,265,-6.076348844622554,7.376584152615436e-10,5.500202401540269e-07,0.0,0.0
11,266,-6.076348844622554,7.376584152615436e-10,5.500202401540269e-07,0.0,0.0
11,267,-6.076348844622554,7.376584152615436e-10,5.500202401540269e-07,0.0,0.0
11,268,-6.076348844622554,7.376584152615436e-10,5.500202401540269e-07,0.0,0.0
11,269,-6.076348844622554,7.376584152615436e-10,5.500202401540269e-07,0.0,0.0
11,270,-6.076348844622554,7.376584152615436e-10,5.500202401540269e-07,0.0,0.0
11,271,-6.076348844622554,7.376584152615436e-10,5.500202401540269e-07,0.0,0.0
11,272,-6.076348844622554,7.376584152615436e-10,5.500202401540269e-07,0.0,0.0
11,273,-6.076348844622554,7.376584152615436e-10,5.500202401540269e-07,0.0,0.0
11,274,-6.076348844622554,7.376584152615436e-10,5.500202401540269e-07,0.0,0.0
11,275,-6.076348844622554,7.376584152615436e-10,5.500202401540269e-07,0.0,0.0
11,276,-6.076348844622554,7.376584152615436e-10,5.500202401540269e-07,0.0,0.0
11,277,-6.076348844622554,7.376584152615436e-10,5.500202401540269e-07,0.0,0.0
11,278,-6.076348844622554,7.376584152615436e-10,5.500202401540269e-07,0.0,0.0
11,279,-6.076348844622554,7.376584152615436e-10,5.500202401540269e-07,0.0,0.0
11,280,-6.076348844622554,7.376584152615436e-10,5.500202401540269e-07,0.0,0.0
11,281,-6.076348844622554,7.376584152615436e-10,5.500202401540269e-07,0.0,0.0
11,282,-6.076348844622554,7.376584152615436e-10,5.500202401540269e-07,0.0,0.0
11,283,-6.076348844622554,7.376584152615436e-10,5.500202401540269e-07,0.0,0.0
11,284,-6.076348844622554,7.376584152615436e-10,5.500202401540269e-07,0.0,0.0
11,285,-6.076348844622554,7.376584152615436e-10,5.500202401540269e-07,0.0,0.0
11,286,-6.076348844622554,7.376584152615436e-10,5.500202401540269e-07,0.0,0.0
11,287,-6.076348844622554,7.376584152615436e-10,5.500202401540269e-07,0.0,0.0
11,288,-6.076348844622554,7.376584152615436e-10,5.500202401540269e-07,0.0,0.0
11,289,-6.076348844622554,7.376584152615436e-10,5.500202401540269e-07,0.0,0.0
11,290,-6.076348844622554,7.376584152615436e-10,5.500202401540269e-07,0.0,0.0
11,291,-6.076348844622554,7.376584152615436e-10,5.500202401540269e-07,0.0,0.0
11,292,-6.076348844622554,7.376584152615436e-10,5.500202401540269e-07,0.0,0.0
11,293,-6.076348844622554,7.376584152615436e-10,5.500202401540269e-07,0.0,0.0
11,294,-6.076348844622554,7.376584152615436e-10,5.500202401540269e-07,0.0,0.0
11,295,-6.076348844622554,7.376584152615436e-10,5.500202401540269e-07,0.0,0.0
11,296,-6.076348844622554,7.376584152615436e-10,5.500202401540269e-07,0.0,0.0
11,297,-6.076348844622554,7.376584152615436e-10,5.500202401540269e-07,0.0,0.0
11,298,-6.076348844622554,7.376584152615436e-10,5.500202401540269e-07,0.0,0.0
11,299,-6.076348844622554,7.376584152615436e-10,5.500202401540269e-07,0.0,0.0
11,300,-6.076348844622554,7.376584152615436e-10,5.500202401540269e-07,0.0,0.0
12,1,-5.9004365992489465,0.2369323363669461,179.144193115226,0.0006388078720754108,0.056136932016299705
12,2,-6.024565773079159,0.041604666264864365,31.45722733390128,0.0015039331769953986,0.03083439355945123
12,3,-6.0397435468535265,0.05422127216646039,40.99662460972847,0.006390029232748857,1.6984599896841661
12,4,-6.073019752506984,0.011805714728893486,8.926283645727011,0.008451051826982747,0.04740729367609492
12,5,-6.073341146774493,0.003671964474684395,2.776366970637277,0.0017508362059127237,0.09674140091358101
12,6,-6.074034838110992,0.015547136943323159,11.75516751183357,0.039082444606145815,17.92684676335406
12,7,-6.076391171634743,0.0009591313196531568,0.7251977884719718,0.0074166998288926695,0.003805881812236506
12,8,-6.076521007564732,5.229826534451827e-09,3.954264196322993e-06,0.10751109880929462,2.973160969364037e-11
12,9,-6.076521007564733,4.6870065922949836e-15,3.543838831699325e-12,0.0005846447231730097,8.031867960631802e-13
12,10,-6.076521007564733,4.6870065922949836e-15,3.543838831699325e-12,0.0,0.0
12,11,-6.076521007564733,4.6870065922949836e-15,3.543838831699325e-12,0.0,0.0
12,12,-6.076521007564733,4.6870065922949836e-15,3.543838831699325e-12,0.0,0.0
12,13,-6.076521007564733,4.6870065922949836e-15,3.543838831699325e-12,0.0,0.0
12,14,-6.076521007564733,4.6870065922949836e-15,3.543838831699325e-12,0.0,0.0
12,15,-6.076521007564733,4.6870065922949836e-15,3.543838831699325e-12,0.0,0.0
12,16,-6.076521007564733,4.6870065922949836e-15,3.543838831699325e-12,0.0,0.0
12,17,-6.076521007564733,4.6870065922949836e-15,3.543838831699325e-12,0.0,0.0
12,18,-6.076521007564733,4.6870065922949836e-15,3.543838831699325e-12,0.0,0.0
12,19,-6.076521007564733,4.6870065922949836e-15,3.543838831699325e-12,0.0,0.0
12,20,-6.076521007564733,4.6870065922949836e-15,3.543838831699325e-12,0.0,0.0
12,21,-6.076521007564733,4.6870065922949836e-15,3.543838831699325e-12,0.0,0.0
12,22,-6.076521007564733,4.6870065922949836e-15,3.543838831699325e-12,0.0,0.0
12,23,-6.076521007564733,4.6870065922949836e-15,3.543838831699325e-12,0.0,0.0
12,24,-6.076521007564733,4.6870065922949836e-15,3.543838831699325e-12,0.0,0.0
12,25,-6.076521007564733,4.6870065922949836e-15,3.543838831699325e-12,0.0,0.0
12,26,-6.076521007564733,4.6870065922949836e-15,3.543838831699325e-12,0.0,0.0
12,27,-6.076521007564733,4.6870065922949836e-15,3.543838831699325e-12,0.0,0.0
12,28,-6.076521007564733,4.6870065922949836e-15,3.543838831699325e-12,0.0,0.0
12,29,-6.076521007564733,4.6870065922949836e-15,3.543838831699325e-12,0.0,0.0
12,30,-6.076521007564733,4.6870065922949836e-15,3.543838831699325e-12,0.0,0.0
12,31,-6.076521007564733,4.6870065922949836e-15,3.543838831699325e-12,0.0,0.0
12,32,-6.076521007564733,4.6870065922949836e-15,3.543838831699325e-12,0.0,0.0
12,33,-6.076521007564733,4.6870065922949836e-15,3.543838831699325e-12,0.0,0.0
12,34,-6.076521007564733,4.6870065922949836e-15,3.543838831699325e-12,0.0,0.0
12,35,-6.076521007564733,4.6870065922949836e-15,3.543838831699325e-12,0.0,0.0
12,36,-6.076521007564733,4.6870065922949836e-15,3.543838831699325e-12,0.0,0.0
12,37,-6.076521007564733,4.6870065922949836e-15,3.543838831699325e-12,0.0,0.0
12,38,-6.076521007564733,4.6870065922949836e-15,3.543838831699325e-12,0.0,0.0
12,39,-6.076521007564733,4.6870065922949836e-15,3.543838831699325e-12,0.0,0.0
12,40,-6.076521007564733,4.6870065922949836e-15,3.543838831699325e-12,0.0,0.0
12,41,-6.076521007564733,4.6870065922949836e-15,3.543838831699325e-12,0.0,0.0
12,42,-6.076521007564733,4.6870065922949836e-15,3.543838831699325e-12,0.0,0.0
12,43,-6.076521007564733,4.6870065922949836e-15,3.543838831699325e-12,0.0,0.0
12,44,-6.076521007564733,4.6870065922949836e-15,3.543838831699325e-12,0.0,0.0
12,45,-6.076521007564733,4.6870065922949836e-15,3.543838831699325e-12,0.0,0.0
12,46,-6.076521007564733,4.6870065922949836e-15,3.543838831699325e-12,0.0,0.0
12,47,-6.076521007564733,4.6870065922949836e-15,3.543838831699325e-12,0.0,0.0
12,48,-6.076521007564733,4.6870065922949836e-15,3.543838831699325e-12,0.0,0.0
12,49,-6.076521007564733,4.6870065922949836e-15,3.543838831699325e-12,0.0,0.0
12,50,-6.076521007564733,4.6870065922949836e-15,3.543838831699325e-12,0.0,0.0
12,51,-6.076521007564733,4.6870065922949836e-15,3.543838831699325e-12,0.0,0.0
12,52,-6.076521007564733,4.6870065922949836e-15,3.543838831699325e-12,0.0,0.0
12,53,-6.076521007564733,4.6870065922949836e-15,3.543838831699325e-12,0.0,0.0
12,54,-6.076521007564733,4.6870065922949836e-15,3.543838831699325e-12,0.0,0.0
12,55,-6.076521007564733,4.6870065922949836e-15,3.543838831699325e-12,0.0,0.0
12,56,-6.076521007564733,4.6870065922949836e-15,3.543838831699325e-12,0.0,0.0
12,57,-6.076521007564733,4.6870065922949836e-15,3.543838831699325e-12,0.0,0.0
12,58,-6.076521007564733,4.6870065922949836e-15,3.543838831699325e-12,0.0,0.0
12,59,-6.076521007564733,4.6870065922949836e-15,3.543838831699325e-12,0.0,0.0
12,60,-6.076521007564733,4.6870065922949836e-15,3.543838831699325e-12,0.0,0.0
12,61,-6.076521007564733,4.6870065922949836e-15,3.543838831699325e-12,0.0,0.0
12,62,-6.076521007564733,4.6870065922949836e-15,3.543838831699325e-12,0.0,0.0
12,63,-6.076521007564733,4.6870065922949836e-15,3.543838831699325e-12,0.0,0.0
12,64,-6.076521007564733,4.6870065922949836e-15,3.543838831699325e-12,0.0,0.0
12,65,-6.076521007564733,4.6870065922949836e-15,3.543838831699325e-12,0.0,0.0
12,66,-6.076521007564733,4.6870065922949836e-15,3.543838831699325e-12,0.0,0.0
12,67,-6.076521007564733,4.6870065922949836e-15,3.543838831699325e-12,0.0,0.0
12,68,-6.076521007564733,4.6870065922949836e-15,3.543838831699325e-12,0.0,0.0
12,69,-6.076521007564733,4.6870065922949836e-15,3.543838831699325e-12,0.0,0.0
12,70,-6.076521007564733,4.6870065922949836e-15,3.543838831699325e-12,0.0,0.0
12,71,-6.076521007564733,4.6870065922949836e-15,3.543838831699325e-12,0.0,0.0
12,72,-6.076521007564733,4.6870065922949836e-15,3.543838831699325e-12,0.0,0.0
12,73,-6.076521007564733,4.6870065922949836e-15,3.543838831699325e-12,0.0,0.0
12,74,-6.076521007564733,4.6870065922949836e-15,3.543838831699325e-12,0.0,0.0
12,75,-6.076521007564733,4.6870065922949836e-15,3.543838831699325e-12,0.0,0.0
12,76,-6.076521007564733,4.6870065922949836e-15,3.543838831699325e-12,0.0,0.0
12,77,-6.076521007564733,4.6870065922949836e-15,3.543838831699325e-12,0.0,0.0
12,78,-6.076521007564733,4.6870065922949836e-15,3.543838831699325e-12,0.0,0.0
12,79,-6.076521007564733,4.6870065922949836e-15,3.543838831699325e-12,0.0,0.0
12,80,-6.076521007564733,4.6870065922949836e-15,3.543838831699325e-12,0.0,0.0
12,81,-6.076521007564733,4.6870065922949836e-15,3.543838831699325e-12,0.0,0.0
12,82,-6.076521007564733,4.6870065922949836e-15,3.543838831699325e-12,0.0,0.0
12,83,-6.076521007564733,4.6870065922949836e-15,3.543838831699325e-12,0.0,0.0
12,84,-6.076521007564733,4.6870065922949836e-15,3.543838831699325e-12,0.0,0.0
12,85,-6.076521007564733,4.6870065922949836e-15,3.543838831699325e-12,0.0,0.0
12,86,-6.076521007564733,4.6870065922949836e-15,3.543838831699325e-12,0.0,0.0
12,87,-6.076521007564733,4.6870065922949836e-15,3.543838831699325e-12,0.0,0.0
12,88,-6.076521007564733,4.6870065922949836e-15,3.543838831699325e-12,0.0,0.0
12,89,-6.076521007564733,4.6870065922949836e-15,3.543838831699325e-12,0.0,0.0
12,90,-6.076521007564733,4.6870065922949836e-15,3.543838831699325e-12,0.0,0.0
12,91,-6.076521007564733,4.6870065922949836e-15,3.543838831699325e-12,0.0,0.0
12,92,-6.076521007564733,4.6870065922949836e-15,3.543838831699325e-12,0.0,0.0
12,93,-6.076521007564733,4.6870065922949836e-15,3.543838831699325e-12,0.0,0.0
12,94,-6.076521007564733,4.6870065922949836e-15,3.543838831699325e-12,0.0,0.0
12,95,-6.076521007564733,4.6870065922949836e-15,3.543838831699325e-12,0.0,0.0
12,96,-6.076521007564733,4.6870065922949836e-15,3.543838831699325e-12,0.0,0.0
12,97,-6.076521007564733,4.6870065922949836e-15,3.543838831699325e-12,0.0,0.0
12,98,-6.076521007564733,4.6870065922949836e-15,3.543838831699325e-12,0.0,0.0
12,99,-6.076521007564733,4.6870065922949836e-15,3.543838831699325e-12,0.0,0.0
12,100,-6.076521007564733,4.6870065922949836e-15,3.543838831699325e-12,0.0,0.0
12,101,-6.076521007564733,4.6870065922949836e-15,3.543838831699325e-12,0.0,0.0
12,102,-6.076521007564733,4.6870065922949836e-15,3.543838831699325e-12,0.0,0.0
12,103,-6.076521007564733,4.6870065922949836e-15,3.543838831699325e-12,0.0,0.0
12,104,-6.076521007564733,4.6870065922949836e-15,3.543838831699325e-12,0.0,0.0
12,105,-6.076521007564733,4.6870065922949836e-15,3.543838831699325e-12,0.0,0.0
12,106,-6.076521007564733,4.6870065922949836e-15,3.543838831699325e-12,0.0,0.0
12,107,-6.076521007564733,4.6870065922949836e-15,3.543838831699325e-12,0.0,0.0
12,108,-6.076521007564733,4.6870065922949836e-15,3.543838831699325e-12,0.0,0.0
12,109,-6.076521007564733,4.6870065922949836e-15,3.543838831699325e-12,0.0,0.0
12,110,-6.076521007564733,4.6870065922949836e-15,3.543838831699325e-12,0.0,0.0
12,111,-6.076521007564733,4.6870065922949836e-15,3.543838831699325e-12,0.0,0.0
12,112,-6.076521007564733,4.6870065922949836e-15,3.543838831699325e-12,0.0,0.0
12,113,-6.076521007564733,4.6870065922949836e-15,3.543838831699325e-12,0.0,0.0
12,114,-6.076521007564733,4.6870065922949836e-15,3.543838831699325e-12,0.0,0.0
12,115,-6.076521007564733,4.6870065922949836e-15,3.543838831699325e-12,0.0,0.0
12,116,-6.076521007564733,4.6870065922949836e-15,3.543838831699325e-12,0.0,0.0
12,117,-6.076521007564733,4.6870065922949836e-15,3.543838831699325e-12,0.0,0.0
12,118,-6.076521007564733,4.6870065922949836e-15,3.543838831699325e-12,0.0,0.0
12,119,-6.076521007564733,4.6870065922949836e-15,3.543838831699325e-12,0.0,0.0
12,120,-6.076521007564733,4.6870065922949836e-15,3.543838831699325e-12,0.0,0.0
12,121,-6.076521007564733,4.6870065922949836e-15,3.543838831699325e-12,0.0,0.0
12,122,-6.076521007564733,4.6870065922949836e-15,3.543838831699325e-12,0.0,0.0
12,123,-6.076521007564733,4.6870065922949836e-15,3.543838831699325e-12,0.0,0.0
12,124,-6.076521007564733,4.6870065922949836e-15,3.543838831699325e-12,0.0,0.0
12,125,-6.076521007564733,4.6870065922949836e-15,3.543838831699325e-12,0.0,0.0
12,126,-6.076521007564733,4.6870065922949836e-15,3.543838831699325e-12,0.0,0.0
12,127,-6.076521007564733,4.6870065922949836e-15,3.543838831699325e-12,0.0,0.0
12,128,-6.076521007564733,4.6870065922949836e-15,3.543838831699325e-12,0.0,0.0
12,129,-6.076521007564733,4.6870065922949836e-15,3.543838831699325e-12,0.0,0.0
12,130,-6.076521007564733,4.6870065922949836e-15,3.543838831699325e-12,0.0,0.0
12,131,-6.076521007564733,4.6870065922949836e-15,3.543838831699325e-12,0.0,0.0
12,132,-6.076521007564733,4.6870065922949836e-15,3.543838831699325e-12,0.0,0.0
12,133,-6.076521007564733,4.6870065922949836e-15,3.543838831699325e-12,0.0,0.0
12,134,-6.076521007564733,4.6870065922949836e-15,3.543838831699325e-12,0.0,0.0
12,135,-6.076521007564733,4.6870065922949836e-15,3.543838831699325e-12,0.0,0.0
12,136,-6.076521007564733,4.6870065922949836e-15,3.543838831699325e-12,0.0,0.0
12,137,-6.076521007564733,4.6870065922949836e-15,3.543838831699325e-12,0.0,0.0
12,138,-6.076521007564733,4.6870065922949836e-15,3.543838831699325e-12,0.0,0.0
12,139,-6.076521007564733,4.6870065922949836e-15,3.543838831699325e-12,0.0,0.0
12,140,-6.076521007564733,4.6870065922949836e-15,3.543838831699325e-12,0.0,0.0
12,141,-6.076521007564733,4.6870065922949836e-15,3.543838831699325e-12,0.0,0.0
12,142,-6.076521007564733,4.6870065922949836e-15,3.543838831699325e-12,0.0,0.0
12,143,-6.076521007564733,4.6870065922949836e-15,3.543838831699325e-12,0.0,0.0
12,144,-6.076521007564733,4.6870065922949836e-15,3.543838831699325e-12,0.0,0.0
12,145,-6.076521007564733,4.6870065922949836e-15,3.543838831699325e-12,0.0,0.0
12,146,-6.076521007564733,4.6870065922949836e-15,3.543838831699325e-12,0.0,0.0
12,147,-6.076521007564733,4.6870065922949836e-15,3.543838831699325e-12,0.0,0.0
12,148,-6.076521007564733,4.6870065922949836e-15,3.543838831699325e-12,0.0,0.0
12,149,-6.076521007564733,4.6870065922949836e-15,3.543838831699325e-12,0.0,0.0
12,150,-6.076521007564733,4.6870065922949836e-15,3.543838831699325e-12,0.0,0.0
12,151,-6.076521007564733,4.6870065922949836e-15,3.543838831699325e-12,0.0,0.0
12,152,-6.076521007564733,4.6870065922949836e-15,3.543838831699325e-12,0.0,0.0
12,153,-6.076521007564733,4.6870065922949836e-15,3.543838831699325e-12,0.0,0.0
12,154,-6.076521007564733,4.6870065922949836e-15,3.543838831699325e-12,0.0,0.0
12,155,-6.076521007564733,4.6870065922949836e-15,3.543838831699325e-12,0.0,0.0
12,156,-6.076521007564733,4.6870065922949836e-15,3.543838831699325e-12,0.0,0.0
12,157,-6.076521007564733,4.6870065922949836e-15,3.543838831699325e-12,0.0,0.0
12,158,-6.076521007564733,4.6870065922949836e-15,3.543838831699325e-12,0.0,0.0
12,159,-6.076521007564733,4.6870065922949836e-15,3.543838831699325e-12,0.0,0.0
12,160,-6.076521007564733,4.6870065922949836e-15,3.543838831699325e-12,0.0,0.0
12,161,-6.076521007564733,4.6870065922949836e-15,3.543838831699325e-12,0.0,0.0
12,162,-6.076521007564733,4.6870065922949836e-15,3.543838831699325e-12,0.0,0.0
12,163,-6.076521007564733,4.6870065922949836e-15,3.543838831699325e-12,0.0,0.0
12,164,-6.076521007564733,4.6870065922949836e-15,3.543838831699325e-12,0.0,0.0
12,165,-6.076521007564733,4.6870065922949836e-15,3.543838831699325e-12,0.0,0.0
12,166,-6.076521007564733,4.6870065922949836e-15,3.543838831699325e-12,0.0,0.0
12,167,-6.076521007564733,4.6870065922949836e-15,3.543838831699325e-12,0.0,0.0
12,168,-6.076521007564733,4.6870065922949836e-15,3.543838831699325e-12,0.0,0.0
12,169,-6.076521007564733,4.6870065922949836e-15,3.543838831699325e-12,0.0,0.0
12,170,-6.076521007564733,4.6870065922949836e-15,3.543838831699325e-12,0.0,0.0
12,171,-6.076521007564733,4.6870065922949836e-15,3.543838831699325e-12,0.0,0.0
12,172,-6.076521007564733,4.6870065922949836e-15,3.543838831699325e-12,0.0,0.0
12,173,-6.076521007564733,4.6870065922949836e-15,3.543838831699325e-12,0.0,0.0
12,174,-6.076521007564733,4.6870065922949836e-15,3.543838831699325e-12,0.0,0.0
12,175,-6.076521007564733,4.6870065922949836e-15,3.543838831699325e-12,0.0,0.0
12,176,-6.076521007564733,4.6870065922949836e-15,3.543838831699325e-12,0.0,0.0
12,177,-6.076521007564733,4.6870065922949836e-15,3.543838831699325e-12,0.0,0.0
12,178,-6.076521007564733,4.6870065922949836e-15,3.543838831699325e-12,0.0,0.0
12,179,-6.076521007564733,4.6870065922949836e-15,3.543838831699325e-12,0.0,0.0
12,180,-6.076521007564733,4.6870065922949836e-15,3.543838831699325e-12,0.0,0.0
12,181,-6.076521007564733,4.6870065922949836e-15,3.543838831699325e-12,0.0,0.0
12,182,-6.076521007564733,4.6870065922949836e-15,3.543838831699325e-12,0.0,0.0
12,183,-6.076521007564733,4.6870065922949836e-15,3.543838831699325e-12,0.0,0.0
12,184,-6.076521007564733,4.6870065922949836e-15,3.543838831699325e-12,0.0,0.0
12,185,-6.076521007564733,4.6870065922949836e-15,3.543838831699325e-12,0.0,0.0
12,186,-6.076521007564733,4.6870065922949836e-15,3.543838831699325e-12,0.0,0.0
12,187,-6.076521007564733,4.6870065922949836e-15,3.543838831699325e-12,0.0,0.0
12,188,-6.076521007564733,4.6870065922949836e-15,3.543838831699325e-12,0.0,0.0
12,189,-6.076521007564733,4.6870065922949836e-15,3.543838831699325e-12,0.0,0.0
12,190,-6.076521007564733,4.6870065922949836e-15,3.543838831699325e-12,0.0,0.0
12,191,-6.076521007564733,4.6870065922949836e-15,3.543838831699325e-12,0.0,0.0
12,192,-6.076521007564733,4.6870065922949836e-15,3.543838831699325e-12,0.0,0.0
12,193,-6.076521007564733,4.6870065922949836e-15,3.543838831699325e-12,0.0,0.0
12,194,-6.076521007564733,4.6870065922949836e-15,3.543838831699325e-12,0.0,0.0
12,195,-6.076521007564733,4.6870065922949836e-15,3.543838831699325e-12,0.0,0.0
12,196,-6.076521007564733,4.6870065922949836e-15,3.543838831699325e-12,0.0,0.0
12,197,-6.076521007564733,4.6870065922949836e-15,3.543838831699325e-12,0.0,0.0
12,198,-6.076521007564733,4.6870065922949836e-15,3.543838831699325e-12,0.0,0.0
12,199,-6.076521007564733,4.6870065922949836e-15,3.543838831699325e-12,0.0,0.0
12,200,-6.076521007564733,4.6870065922949836e-15,3.543838831699325e-12,0.0,0.0
12,201,-6.076521007564733,4.6870065922949836e-15,3.543838831699325e-12,0.0,0.0
12,202,-6.076521007564733,4.6870065922949836e-15,3.543838831699325e-12,0.0,0.0
12,203,-6.076521007564733,4.6870065922949836e-15,3.543838831699325e-12,0.0,0.0
12,204,-6.076521007564733,4.6870065922949836e-15,3.543838831699325e-12,0.0,0.0
12,205,-6.076521007564733,4.6870065922949836e-15,3.543838831699325e-12,0.0,0.0
12,206,-6.076521007564733,4.6870065922949836e-15,3.543838831699325e-12,0.0,0.0
12,207,-6.076521007564733,4.6870065922949836e-15,3.543838831699325e-12,0.0,0.0
12,208,-6.076521007564733,4.6870065922949836e-15,3.543838831699325e-12,0.0,0.0
12,209,-6.076521007564733,4.6870065922949836e-15,3.543838831699325e-12,0.0,0.0
12,210,-6.076521007564733,4.6870065922949836e-15,3.543838831699325e-12,0.0,0.0
12,211,-6.076521007564733,4.6870065922949836e-15,3.543838831699325e-12,0.0,0.0
12,212,-6.076521007564733,4.6870065922949836e-15,3.543838831699325e-12,0.0,0.0
12,213,-6.076521007564733,4.6870065922949836e-15,3.543838831699325e-12,0.0,0.0
12,214,-6.076521007564733,4.6870065922949836e-15,3.543838831699325e-12,0.0,0.0
12,215,-6.076521007564733,4.6870065922949836e-15,3.543838831699325e-12,0.0,0.0
12,216,-6.076521007564733,4.6870065922949836e-15,3.543838831699325e-12,0.0,0.0
12,217,-6.076521007564733,4.6870065922949836e-15,3.543838831699325e-12,0.0,0.0
12,218,-6.076521007564733,4.6870065922949836e-15,3.543838831699325e-12,0.0,0.0
12,219,-6.076521007564733,4.6870065922949836e-15,3.543838831699325e-12,0.0,0.0
12,220,-6.076521007564733,4.6870065922949836e-15,3.543838831699325e-12,0.0,0.0
12,221,-6.076521007564733,4.6870065922949836e-15,3.543838831699325e-12,0.0,0.0
12,222,-6.076521007564733,4.6870065922949836e-15,3.543838831699325e-12,0.0,0.0
12,223,-6.076521007564733,4.6870065922949836e-15,3.543838831699325e-12,0.0,0.0
12,224,-6.076521007564733,4.6870065922949836e-15,3.543838831699325e-12,0.0,0.0
12,225,-6.076521007564733,4.6870065922949836e-15,3.543838831699325e-12,0.0,0.0
12,226,-6.076521007564733,4.6870065922949836e-15,3.543838831699325e-12,0.0,0.0
12,227,-6.076521007564733,4.6870065922949836e-15,3.543838831699325e-12,0.0,0.0
12,228,-6.076521007564733,4.6870065922949836e-15,3.543838831699325e-12,0.0,0.0
12,229,-6.076521007564733,4.6870065922949836e-15,3.543838831699325e-12,0.0,0.0
12,230,-6.076521007564733,4.6870065922949836e-15,3.543838831699325e-12,0.0,0.0
12,231,-6.076521007564733,4.6870065922949836e-15,3.543838831699325e-12,0.0,0.0
12,232,-6.076521007564733,4.6870065922949836e-15,3.543838831699325e-12,0.0,0.0
12,233,-6.076521007564733,4.6870065922949836e-15,3.543838831699325e-12,0.0,0.0
12,234,-6.076521007564733,4.6870065922949836e-15,3.543838831699325e-12,0.0,0.0
12,235,-6.076521007564733,4.6870065922949836e-15,3.543838831699325e-12,0.0,0.0
12,236,-6.076521007564733,4.6870065922949836e-15,3.543838831699325e-12,0.0,0.0
12,237,-6.076521007564733,4.6870065922949836e-15,3.543838831699325e-12,0.0,0.0
12,238,-6.076521007564733,4.6870065922949836e-15,3.543838831699325e-12,0.0,0.0
12,239,-6.076521007564733,4.6870065922949836e-15,3.543838831699325e-12,0.0,0.0
12,240,-6.076521007564733,4.6870065922949836e-15,3.543838831699325e-12,0.0,0.0
12,241,-6.076521007564733,4.6870065922949836e-15,3.543838831699325e-12,0.0,0.0
12,242,-6.076521007564733,4.6870065922949836e-15,3.543838831699325e-12,0.0,0.0
12,243,-6.076521007564733,4.6870065922949836e-15,3.543838831699325e-12,0.0,0.0
12,244,-6.076521007564733,4.6870065922949836e-15,3.543838831699325e-12,0.0,0.0
12,245,-6.076521007564733,4.6870065922949836e-15,3.543838831699325e-12,0.0,0.0
12,246,-6.076521007564733,4.6870065922949836e-15,3.543838831699325e-12,0.0,0.0
12,247,-6.076521007564733,4.6870065922949836e-15,3.543838831699325e-12,0.0,0.0
12,248,-6.076521007564733,4.6870065922949836e-15,3.543838831699325e-12,0.0,0.0
12,249,-6.076521007564733,4.6870065922949836e-15,3.543838831699325e-12,0.0,0.0
12,250,-6.076521007564733,4.6870065922949836e-15,3.543838831699325e-12,0.0,0.0
12,251,-6.076521007564733,4.6870065922949836e-15,3.543838831699325e-12,0.0,0.0
12,252,-6.076521007564733,4.6870065922949836e-15,3.543838831699325e-12,0.0,0.0
12,253,-6.076521007564733,4.6870065922949836e-15,3.543838831699325e-12,0.0,0.0
12,254,-6.076521007564733,4.6870065922949836e-15,3.543838831699325e-12,0.0,0.0
12,255,-6.076521007564733,4.6870065922949836e-15,3.543838831699325e-12,0.0,0.0
12,256,-6.076521007564733,4.6870065922949836e-15,3.543838831699325e-12,0.0,0.0
12,257,-6.076521007564733,4.6870065922949836e-15,3.543838831699325e-12,0.0,0.0
12,258,-6.076521007564733,4.6870065922949836e-15,3.543838831699325e-12,0.0,0.0
12,259,-6.076521007564733,4.6870065922949836e-15,3.543838831699325e-12,0.0,0.0
12,260,-6.076521007564733,4.6870065922949836e-15,3.543838831699325e-12,0.0,0.0
12,261,-6.076521007564733,4.6870065922949836e-15,3.543838831699325e-12,0.0,0.0
12,262,-6.076521007564733,4.6870065922949836e-15,3.543838831699325e-12,0.0,0.0
12,263,-6.076521007564733,4.6870065922949836e-15,3.543838831699325e-12,0.0,0.0
12,264,-6.076521007564733,4.6870065922949836e-15,3.543838831699325e-12,0.0,0.0
12,265,-6.076521007564733,4.6870065922949836e-15,3.543838831699325e-12,0.0,0.0
12,266,-6.076521007564733,4.6870065922949836e-15,3.543838831699325e-12,0.0,0.0
12,267,-6.076521007564733,4.6870065922949836e-15,3.543838831699325e-12,0.0,0.0
12,268,-6.076521007564733,4.6870065922949836e-15,3.543838831699325e-12,0.0,0.0
12,269,-6.076521007564733,4.6870065922949836e-15,3.543838831699325e-12,0.0,0.0
12,270,-6.076521007564733,4.6870065922949836e-15,3.543838831699325e-12,0.0,0.0
12,271,-6.076521007564733,4.6870065922949836e-15,3.543838831699325e-12,0.0,0.0
12,272,-6.076521007564733,4.6870065922949836e-15,3.543838831699325e-12,0.0,0.0
12,273,-6.076521007564733,4.6870065922949836e-15,3.543838831699325e-12,0.0,0.0
12,274,-6.076521007564733,4.6870065922949836e-15,3.543838831699325e-12,0.0,0.0
12,275,-6.076521007564733,4.6870065922949836e-15,3.543838831699325e-12,0.0,0.0
12,276,-6.076521007564733,4.6870065922949836e-15,3.543838831699325e-12,0.0,0.0
12,277,-6.076521007564733,4.6870065922949836e-15,3.543838831699325e-12,0.0,0.0
12,278,-6.076521007564733,4.6870065922949836e-15,3.543838831699325e-12,0.0,0.0
12,279,-6.076521007564733,4.6870065922949836e-15,3.543838831699325e-12,0.0,0.0
12,280,-6.076521007564733,4.6870065922949836e-15,3.543838831699325e-12,0.0,0.0
12,281,-6.076521007564733,4.6870065922949836e-15,3.543838831699325e-12,0.0,0.0
12,282,-6.076521007564733,4.6870065922949836e-15,3.543838831699325e-12,0.0,0.0
12,283,-6.076521007564733,4.6870065922949836e-15,3.543838831699325e-12,0.0,0.0
12,284,-6.076521007564733,4.6870065922949836e-15,3.543838831699325e-12,0.0,0.0
12,285,-6.076521007564733,4.6870065922949836e-15,3.543838831699325e-12,0.0,0.0
12,286,-6.076521007564733,4.6870065922949836e-15,3.543838831699325e-12,0.0,0.0
12,287,-6.076521007564733,4.6870065922949836e-15,3.543838831699325e-12,0.0,0.0
12,288,-6.076521007564733,4.6870065922949836e-15,3.543838831699325e-12,0.0,0.0
12,289,-6.076521007564733,4.6870065922949836e-15,3.543838831699325e-12,0.0,0.0
12,290,-6.076521007564733,4.6870065922949836e-15,3.543838831699325e-12,0.0,0.0
12,291,-6.076521007564733,4.6870065922949836e-15,3.543838831699325e-12,0.0,0.0
12,292,-6.076521007564733,4.6870065922949836e-15,3.543838831699325e-12,0.0,0.0
12,293,-6.076521007564733,4.6870065922949836e-15,3.543838831699325e-12,0.0,0.0
12,294,-6.076521007564733,4.6870065922949836e-15,3.543838831699325e-12,0.0,0.0
12,295,-6.076521007564733,4.6870065922949836e-15,3.543838831699325e-12,0.0,0.0
12,296,-6.076521007564733,4.6870065922949836e-15,3.543838831699325e-12,0.0,0.0
12,297,-6.076521007564733,4.6870065922949836e-15,3.543838831699325e-12,0.0,0.0
12,298,-6.076521007564733,4.6870065922949836e-15,3.543838831699325e-12,0.0,0.0
12,299,-6.076521007564733,4.6870065922949836e-15,3.543838831699325e-12,0.0,0.0
12,300,-6.076521007564733,4.6870065922949836e-15,3.543838831699325e-12,0.0,0.0
13,1,-5.904913090084289,0.22895500913377312,174.2848774162791,0.0006330704753151927,0.05242039620744613
13,2,-6.0252896901839,0.03615580690024416,27.522483117257085,0.0015448825343401234,0.02493766677066921
13,3,-6.0463955486747745,0.06162780887479879,46.912252131171265,0.01165115548699776,2.905342502884404
13,4,-6.069822364380933,0.024642057744805337,18.757999790382193,0.004551493399231466,0.15988233703920898
13,5,-6.071194711128006,0.0037059583359776395,2.821045482863057,0.0016884149862246105,0.022617631451829018
13,6,-6.071922511134749,0.014627035272888838,11.134375522701674,0.03963111487756895,15.577994724064926
13,7,-6.073857156097885,2.3220730343976995e-05,0.017676058527079097,0.006771613464239492,2.5202239414271803e-06
13,8,-6.073857218938004,7.806125461377813e-10,5.942170141983767e-07,0.08735922847996043,1.1301063203479156e-09
13,9,-6.073857218938004,7.806125461377813e-10,5.942170141983767e-07,0.0,0.0
13,10,-6.073857218938004,7.806125461377813e-10,5.942170141983767e-07,0.0,0.0
13,11,-6.073857218938004,7.806125461377813e-10,5.942170141983767e-07,0.0,0.0
13,12,-6.073857218938004,7.806125461377813e-10,5.942170141983767e-07,0.0,0.0
13,13,-6.073857218938004,7.806125461377813e-10,5.942170141983767e-07,0.0,0.0
13,14,-6.073857218938004,7.806125461377813e-10,5.942170141983767e-07,0.0,0.0
13,15,-6.073857218938004,7.806125461377813e-10,5.942170141983767e-07,0.0,0.0
13,16,-6.073857218938004,7.806125461377813e-10,5.942170141983767e-07,0.0,0.0
13,17,-6.073857218938004,7.806125461377813e-10,5.942170141983767e-07,0.0,0.0
13,18,-6.073857218938004,7.806125461377813e-10,5.942170141983767e-07,0.0,0.0
13,19,-6.073857218938004,7.806125461377813e-10,5.942170141983767e-07,0.0,0.0
13,20,-6.073857218938004,7.806125461377813e-10,5.942170141983767e-07,0.0,0.0
13,21,-6.073857218938004,7.806125461377813e-10,5.942170141983767e-07,0.0,0.0
13,22,-6.073857218938004,7.806125461377813e-10,5.942170141983767e-07,0.0,0.0
13,23,-6.073857218938004,7.806125461377813e-10,5.942170141983767e-07,0.0,0.0
13,24,-6.073857218938004,7.806125461377813e-10,5.942170141983767e-07,0.0,0.0
13,25,-6.073857218938004,7.806125461377813e-10,5.942170141983767e-07,0.0,0.0
13,26,-6.073857218938004,7.806125461377813e-10,5.942170141983767e-07,0.0,0.0
13,27,-6.073857218938004,7.806125461377813e-10,5.942170141983767e-07,0.0,0.0
13,28,-6.073857218938004,7.806125461377813e-10,5.942170141983767e-07,0.0,0.0
13,29,-6.073857218938004,7.806125461377813e-10,5.942170141983767e-07,0.0,0.0
13,30,-6.073857218938004,7.806125461377813e-10,5.942170141983767e-07,0.0,0.0
13,31,-6.073857218938004,7.806125461377813e-10,5.942170141983767e-07,0.0,0.0
13,32,-6.073857218938004,7.806125461377813e-10,5.942170141983767e-07,0.0,0.0
13,33,-6.073857218938004,7.806125461377813e-10,5.942170141983767e-07,0.0,0.0
13,34,-6.073857218938004,7.806125461377813e-10,5.942170141983767e-07,0.0,0.0
13,35,-6.073857218938004,7.806125461377813e-10,5.942170141983767e-07,0.0,0.0
13,36,-6.073857218938004,7.806125461377813e-10,5.942170141983767e-07,0.0,0.0
13,37,-6.073857218938004,7.806125461377813e-10,5.942170141983767e-07,0.0,0.0
13,38,-6.073857218938004,7.806125461377813e-10,5.942170141983767e-07,0.0,0.0
13,39,-6.073857218938004,7.806125461377813e-10,5.942170141983767e-07,0.0,0.0
13,40,-6.073857218938004,7.806125461377813e-10,5.942170141983767e-07,0.0,0.0
13,41,-6.073857218938004,7.806125461377813e-10,5.942170141983767e-07,0.0,0.0
13,42,-6.073857218938004,7.806125461377813e-10,5.942170141983767e-07,0.0,0.0
13,43,-6.073857218938004,7.806125461377813e-10,5.942170141983767e-07,0.0,0.0
13,44,-6.073857218938004,7.806125461377813e-10,5.942170141983767e-07,0.0,0.0
13,45,-6.073857218938004,7.806125461377813e-10,5.942170141983767e-07,0.0,0.0
13,46,-6.073857218938004,7.806125461377813e-10,5.942170141983767e-07,0.0,0.0
13,47,-6.073857218938004,7.806125461377813e-10,5.942170141983767e-07,0.0,0.0
13,48,-6.073857218938004,7.806125461377813e-10,5.942170141983767e-07,0.0,0.0
13,49,-6.073857218938004,7.806125461377813e-10,5.942170141983767e-07,0.0,0.0
13,50,-6.073857218938004,7.806125461377813e-10,5.942170141983767e-07,0.0,0.0
13,51,-6.073857218938004,7.806125461377813e-10,5.942170141983767e-07,0.0,0.0
13,52,-6.073857218938004,7.806125461377813e-10,5.942170141983767e-07,0.0,0.0
13,53,-6.073857218938004,7.806125461377813e-10,5.942170141983767e-07,0.0,0.0
13,54,-6.073857218938004,7.806125461377813e-10,5.942170141983767e-07,0.0,0.0
13,55,-6.073857218938004,7.806125461377813e-10,5.942170141983767e-07,0.0,0.0
13,56,-6.073857218938004,7.806125461377813e-10,5.942170141983767e-07,0.0,0.0
13,57,-6.073857218938004,7.806125461377813e-10,5.942170141983767e-07,0.0,0.0
13,58,-6.073857218938004,7.806125461377813e-10,5.942170141983767e-07,0.0,0.0
13,59,-6.073857218938004,7.806125461377813e-10,5.942170141983767e-07,0.0,0.0
13,60,-6.073857218938004,7.806125461377813e-10,5.942170141983767e-07,0.0,0.0
13,61,-6.073857218938004,7.806125461377813e-10,5.942170141983767e-07,0.0,0.0
13,62,-6.073857218938004,7.806125461377813e-10,5.942170141983767e-07,0.0,0.0
13,63,-6.073857218938004,7.806125461377813e-10,5.942170141983767e-07,0.0,0.0
13,64,-6.073857218938004,7.806125461377813e-10,5.942170141983767e-07,0.0,0.0
13,65,-6.073857218938004,7.806125461377813e-10,5.942170141983767e-07,0.0,0.0
13,66,-6.073857218938004,7.806125461377813e-10,5.942170141983767e-07,0.0,0.0
13,67,-6.073857218938004,7.806125461377813e-10,5.942170141983767e-07,0.0,0.0
13,68,-6.073857218938004,7.806125461377813e-10,5.942170141983767e-07,0.0,0.0
13,69,-6.073857218938004,7.806125461377813e-10,5.942170141983767e-07,0.0,0.0
13,70,-6.073857218938004,7.806125461377813e-10,5.942170141983767e-07,0.0,0.0
13,71,-6.073857218938004,7.806125461377813e-10,5.942170141983767e-07,0.0,0.0
13,72,-6.073857218938004,7.806125461377813e-10,5.942170141983767e-07,0.0,0.0
13,73,-6.073857218938004,7.806125461377813e-10,5.942170141983767e-07,0.0,0.0
13,74,-6.073857218938004,7.806125461377813e-10,5.942170141983767e-07,0.0,0.0
13,75,-6.073857218938004,7.806125461377813e-10,5.942170141983767e-07,0.0,0.0
13,76,-6.073857218938004,7.806125461377813e-10,5.942170141983767e-07,0.0,0.0
13,77,-6.073857218938004,7.806125461377813e-10,5.942170141983767e-07,0.0,0.0
13,78,-6.073857218938004,7.806125461377813e-10,5.942170141983767e-07,0.0,0.0
13,79,-6.073857218938004,7.806125461377813e-10,5.942170141983767e-07,0.0,0.0
13,80,-6.073857218938004,7.806125461377813e-10,5.942170141983767e-07,0.0,0.0
13,81,-6.073857218938004,7.806125461377813e-10,5.942170141983767e-07,0.0,0.0
13,82,-6.073857218938004,7.806125461377813e-10,5.942170141983767e-07,0.0,0.0
13,83,-6.073857218938004,7.806125461377813e-10,5.942170141983767e-07,0.0,0.0
13,84,-6.073857218938004,7.806125461377813e-10,5.942170141983767e-07,0.0,0.0
13,85,-6.073857218938004,7.806125461377813e-10,5.942170141983767e-07,0.0,0.0
13,86,-6.073857218938004,7.806125461377813e-10,5.942170141983767e-07,0.0,0.0
13,87,-6.073857218938004,7.806125461377813e-10,5.942170141983767e-07,0.0,0.0
13,88,-6.073857218938004,7.806125461377813e-10,5.942170141983767e-07,0.0,0.0
13,89,-6.073857218938004,7.806125461377813e-10,5.942170141983767e-07,0.0,0.0
13,90,-6.073857218938004,7.806125461377813e-10,5.942170141983767e-07,0.0,0.0
13,91,-6.073857218938004,7.806125461377813e-10,5.942170141983767e-07,0.0,0.0
13,92,-6.073857218938004,7.806125461377813e-10,5.942170141983767e-07,0.0,0.0
13,93,-6.073857218938004,7.806125461377813e-10,5.942170141983767e-07,0.0,0.0
13,94,-6.073857218938004,7.806125461377813e-10,5.942170141983767e-07,0.0,0.0
13,95,-6.073857218938004,7.806125461377813e-10,5.942170141983767e-07,0.0,0.0
13,96,-6.073857218938004,7.806125461377813e-10,5.942170141983767e-07,0.0,0.0
13,97,-6.073857218938004,7.806125461377813e-10,5.942170141983767e-07,0.0,0.0
13,98,-6.073857218938004,7.806125461377813e-10,5.942170141983767e-07,0.0,0.0
13,99,-6.073857218938004,7.806125461377813e-10,5.942170141983767e-07,0.0,0.0
13,100,-6.073857218938004,7.806125461377813e-10,5.942170141983767e-07,0.0,0.0
13,101,-6.073857218938004,7.806125461377813e-10,5.942170141983767e-07,0.0,0.0
13,102,-6.073857218938004,7.806125461377813e-10,5.942170141983767e-07,0.0,0.0
13,103,-6.073857218938004,7.806125461377813e-10,5.942170141983767e-07,0.0,0.0
13,104,-6.073857218938004,7.806125461377813e-10,5.942170141983767e-07,0.0,0.0
13,105,-6.073857218938004,7.806125461377813e-10,5.942170141983767e-07,0.0,0.0
13,106,-6.073857218938004,7.806125461377813e-10,5.942170141983767e-07,0.0,0.0
13,107,-6.073857218938004,7.806125461377813e-10,5.942170141983767e-07,0.0,0.0
13,108,-6.073857218938004,7.806125461377813e-10,5.942170141983767e-07,0.0,0.0
13,109,-6.073857218938004,7.806125461377813e-10,5.942170141983767e-07,0.0,0.0
13,110,-6.073857218938004,7.806125461377813e-10,5.942170141983767e-07,0.0,0.0
13,111,-6.073857218938004,7.806125461377813e-10,5.942170141983767e-07,0.0,0.0
13,112,-6.073857218938004,7.806125461377813e-10,5.942170141983767e-07,0.0,0.0
13,113,-6.073857218938004,7.806125461377813e-10,5.942170141983767e-07,0.0,0.0
13,114,-6.073857218938004,7.806125461377813e-10,5.942170141983767e-07,0.0,0.0
13,115,-6.073857218938004,7.806125461377813e-10,5.942170141983767e-07,0.0,0.0
13,116,-6.073857218938004,7.806125461377813e-10,5.942170141983767e-07,0.0,0.0
13,117,-6.073857218938004,7.806125461377813e-10,5.942170141983767e-07,0.0,0.0
13,118,-6.073857218938004,7.806125461377813e-10,5.942170141983767e-07,0.0,0.0
13,119,-6.073857218938004,7.806125461377813e-10,5.942170141983767e-07,0.0,0.0
13,120,-6.073857218938004,7.806125461377813e-10,5.942170141983767e-07,0.0,0.0
13,121,-6.073857218938004,7.806125461377813e-10,5.942170141983767e-07,0.0,0.0
13,122,-6.073857218938004,7.806125461377813e-10,5.942170141983767e-07,0.0,0.0
13,123,-6.073857218938004,7.806125461377813e-10,5.942170141983767e-07,0.0,0.0
13,124,-6.073857218938004,7.806125461377813e-10,5.942170141983767e-07,0.0,0.0
13,125,-6.073857218938004,7.806125461377813e-10,5.942170141983767e-07,0.0,0.0
13,126,-6.073857218938004,7.806125461377813e-10,5.942170141983767e-07,0.0,0.0
13,127,-6.073857218938004,7.806125461377813e-10,5.942170141983767e-07,0.0,0.0
13,128,-6.073857218938004,7.806125461377813e-10,5.942170141983767e-07,0.0,0.0
13,129,-6.073857218938004,7.806125461377813e-10,5.942170141983767e-07,0.0,0.0
13,130,-6.073857218938004,7.806125461377813e-10,5.942170141983767e-07,0.0,0.0
13,131,-6.073857218938004,7.806125461377813e-10,5.942170141983767e-07,0.0,0.0
13,132,-6.073857218938004,7.806125461377813e-10,5.942170141983767e-07,0.0,0.0
13,133,-6.073857218938004,7.806125461377813e-10,5.942170141983767e-07,0.0,0.0
13,134,-6.073857218938004,7.806125461377813e-10,5.942170141983767e-07,0.0,0.0
13,135,-6.073857218938004,7.806125461377813e-10,5.942170141983767e-07,0.0,0.0
13,136,-6.073857218938004,7.806125461377813e-10,5.942170141983767e-07,0.0,0.0
13,137,-6.073857218938004,7.806125461377813e-10,5.942170141983767e-07,0.0,0.0
13,138,-6.073857218938004,7.806125461377813e-10,5.942170141983767e-07,0.0,0.0
13,139,-6.073857218938004,7.806125461377813e-10,5.942170141983767e-07,0.0,0.0
13,140,-6.073857218938004,7.806125461377813e-10,5.942170141983767e-07,0.0,0.0
13,141,-6.073857218938004,7.806125461377813e-10,5.942170141983767e-07,0.0,0.0
13,142,-6.073857218938004,7.806125461377813e-10,5.942170141983767e-07,0.0,0.0
13,143,-6.073857218938004,7.806125461377813e-10,5.942170141983767e-07,0.0,0.0
13,144,-6.073857218938004,7.806125461377813e-10,5.942170141983767e-07,0.0,0.0
13,145,-6.073857218938004,7.806125461377813e-10,5.942170141983767e-07,0.0,0.0
13,146,-6.073857218938004,7.806125461377813e-10,5.942170141983767e-07,0.0,0.0
13,147,-6.073857218938004,7.806125461377813e-10,5.942170141983767e-07,0.0,0.0
13,148,-6.073857218938004,7.806125461377813e-10,5.942170141983767e-07,0.0,0.0
13,149,-6.073857218938004,7.806125461377813e-10,5.942170141983767e-07,0.0,0.0
13,150,-6.073857218938004,7.806125461377813e-10,5.942170141983767e-07,0.0,0.0
13,151,-6.073857218938004,7.806125461377813e-10,5.942170141983767e-07,0.0,0.0
13,152,-6.073857218938004,7.806125461377813e-10,5.942170141983767e-07,0.0,0.0
13,153,-6.073857218938004,7.806125461377813e-10,5.942170141983767e-07,0.0,0.0
13,154,-6.073857218938004,7.806125461377813e-10,5.942170141983767e-07,0.0,0.0
13,155,-6.073857218938004,7.806125461377813e-10,5.942170141983767e-07,0.0,0.0
13,156,-6.073857218938004,7.806125461377813e-10,5.942170141983767e-07,0.0,0.0
13,157,-6.073857218938004,7.806125461377813e-10,5.942170141983767e-07,0.0,0.0
13,158,-6.073857218938004,7.806125461377813e-10,5.942170141983767e-07,0.0,0.0
13,159,-6.073857218938004,7.806125461377813e-10,5.942170141983767e-07,0.0,0.0
13,160,-6.073857218938004,7.806125461377813e-10,5.942170141983767e-07,0.0,0.0
13,161,-6.073857218938004,7.806125461377813e-10,5.942170141983767e-07,0.0,0.0
13,162,-6.073857218938004,7.806125461377813e-10,5.942170141983767e-07,0.0,0.0
13,163,-6.073857218938004,7.806125461377813e-10,5.942170141983767e-07,0.0,0.0
13,164,-6.073857218938004,7.806125461377813e-10,5.942170141983767e-07,0.0,0.0
13,165,-6.073857218938004,7.806125461377813e-10,5.942170141983767e-07,0.0,0.0
13,166,-6.073857218938004,7.806125461377813e-10,5.942170141983767e-07,0.0,0.0
13,167,-6.073857218938004,7.806125461377813e-10,5.942170141983767e-07,0.0,0.0
13,168,-6.073857218938004,7.806125461377813e-10,5.942170141983767e-07,0.0,0.0
13,169,-6.073857218938004,7.806125461377813e-10,5.942170141983767e-07,0.0,0.0
13,170,-6.073857218938004,7.806125461377813e-10,5.942170141983767e-07,0.0,0.0
13,171,-6.073857218938004,7.806125461377813e-10,5.942170141983767e-07,0.0,0.0
13,172,-6.073857218938004,7.806125461377813e-10,5.942170141983767e-07,0.0,0.0
13,173,-6.073857218938004,7.806125461377813e-10,5.942170141983767e-07,0.0,0.0
13,174,-6.073857218938004,7.806125461377813e-10,5.942170141983767e-07,0.0,0.0
13,175,-6.073857218938004,7.806125461377813e-10,5.942170141983767e-07,0.0,0.0
13,176,-6.073857218938004,7.806125461377813e-10,5.942170141983767e-07,0.0,0.0
13,177,-6.073857218938004,7.806125461377813e-10,5.942170141983767e-07,0.0,0.0
13,178,-6.073857218938004,7.806125461377813e-10,5.942170141983767e-07,0.0,0.0
13,179,-6.073857218938004,7.806125461377813e-10,5.942170141983767e-07,0.0,0.0
13,180,-6.073857218938004,7.806125461377813e-10,5.942170141983767e-07,0.0,0.0
13,181,-6.073857218938004,7.806125461377813e-10,5.942170141983767e-07,0.0,0.0
13,182,-6.073857218938004,7.806125461377813e-10,5.942170141983767e-07,0.0,0.0
13,183,-6.073857218938004,7.806125461377813e-10,5.942170141983767e-07,0.0,0.0
13,184,-6.073857218938004,7.806125461377813e-10,5.942170141983767e-07,0.0,0.0
13,185,-6.073857218938004,7.806125461377813e-10,5.942170141983767e-07,0.0,0.0
13,186,-6.073857218938004,7.806125461377813e-10,5.942170141983767e-07,0.0,0.0
13,187,-6.073857218938004,7.806125461377813e-10,5.942170141983767e-07,0.0,0.0
13,188,-6.073857218938004,7.806125461377813e-10,5.942170141983767e-07,0.0,0.0
13,189,-6.073857218938004,7.806125461377813e-10,5.942170141983767e-07,0.0,0.0
13,190,-6.073857218938004,7.806125461377813e-10,5.942170141983767e-07,0.0,0.0
13,191,-6.073857218938004,7.806125461377813e-10,5.942170141983767e-07,0.0,0.0
13,192,-6.073857218938004,7.806125461377813e-10,5.942170141983767e-07,0.0,0.0
13,193,-6.073857218938004,7.806125461377813e-10,5.942170141983767e-07,0.0,0.0
13,194,-6.073857218938004,7.806125461377813e-10,5.942170141983767e-07,0.0,0.0
13,195,-6.073857218938004,7.806125461377813e-10,5.942170141983767e-07,0.0,0.0
13,196,-6.073857218938004,7.806125461377813e-10,5.942170141983767e-07,0.0,0.0
13,197,-6.073857218938004,7.806125461377813e-10,5.942170141983767e-07,0.0,0.0
13,198,-6.073857218938004,7.806125461377813e-10,5.942170141983767e-07,0.0,0.0
13,199,-6.073857218938004,7.806125461377813e-10,5.942170141983767e-07,0.0,0.0
13,200,-6.073857218938004,7.806125461377813e-10,5.942170141983767e-07,0.0,0.0
13,201,-6.073857218938004,7.806125461377813e-10,5.942170141983767e-07,0.0,0.0
13,202,-6.073857218938004,7.806125461377813e-10,5.942170141983767e-07,0.0,0.0
13,203,-6.073857218938004,7.806125461377813e-10,5.942170141983767e-07,0.0,0.0
13,204,-6.073857218938004,7.806125461377813e-10,5.942170141983767e-07,0.0,0.0
13,205,-6.073857218938004,7.806125461377813e-10,5.942170141983767e-07,0.0,0.0
13,206,-6.073857218938004,7.806125461377813e-10,5.942170141983767e-07,0.0,0.0
13,207,-6.073857218938004,7.806125461377813e-10,5.942170141983767e-07,0.0,0.0
13,208,-6.073857218938004,7.806125461377813e-10,5.942170141983767e-07,0.0,0.0
13,209,-6.073857218938004,7.806125461377813e-10,5.942170141983767e-07,0.0,0.0
13,210,-6.073857218938004,7.806125461377813e-10,5.942170141983767e-07,0.0,0.0
13,211,-6.073857218938004,7.806125461377813e-10,5.942170141983767e-07,0.0,0.0
13,212,-6.073857218938004,7.806125461377813e-10,5.942170141983767e-07,0.0,0.0
13,213,-6.073857218938004,7.806125461377813e-10,5.942170141983767e-07,0.0,0.0
13,214,-6.073857218938004,7.806125461377813e-10,5.942170141983767e-07,0.0,0.0
13,215,-6.073857218938004,7.806125461377813e-10,5.942170141983767e-07,0.0,0.0
13,216,-6.073857218938004,7.806125461377813e-10,5.942170141983767e-07,0.0,0.0
13,217,-6.073857218938004,7.806125461377813e-10,5.942170141983767e-07,0.0,0.0
13,218,-6.073857218938004,7.806125461377813e-10,5.942170141983767e-07,0.0,0.0
13,219,-6.073857218938004,7.806125461377813e-10,5.942170141983767e-07,0.0,0.0
13,220,-6.073857218938004,7.806125461377813e-10,5.942170141983767e-07,0.0,0.0
13,221,-6.073857218938004,7.806125461377813e-10,5.942170141983767e-07,0.0,0.0
13,222,-6.073857218938004,7.806125461377813e-10,5.942170141983767e-07,0.0,0.0
13,223,-6.073857218938004,7.806125461377813e-10,5.942170141983767e-07,0.0,0.0
13,224,-6.073857218938004,7.806125461377813e-10,5.942170141983767e-07,0.0,0.0
13,225,-6.073857218938004,7.806125461377813e-10,5.942170141983767e-07,0.0,0.0
13,226,-6.073857218938004,7.806125461377813e-10,5.942170141983767e-07,0.0,0.0
13,227,-6.073857218938004,7.806125461377813e-10,5.942170141983767e-07,0.0,0.0
13,228,-6.073857218938004,7.806125461377813e-10,5.942170141983767e-07,0.0,0.0
13,229,-6.073857218938004,7.806125461377813e-10,5.942170141983767e-07,0.0,0.0
13,230,-6.073857218938004,7.806125461377813e-10,5.942170141983767e-07,0.0,0.0
13,231,-6.073857218938004,7.806125461377813e-10,5.942170141983767e-07,0.0,0.0
13,232,-6.073857218938004,7.806125461377813e-10,5.942170141983767e-07,0.0,0.0
13,233,-6.073857218938004,7.806125461377813e-10,5.942170141983767e-07,0.0,0.0
13,234,-6.073857218938004,7.806125461377813e-10,5.942170141983767e-07,0.0,0.0
13,235,-6.073857218938004,7.806125461377813e-10,5.942170141983767e-07,0.0,0.0
13,236,-6.073857218938004,7.806125461377813e-10,5.942170141983767e-07,0.0,0.0
13,237,-6.073857218938004,7.806125461377813e-10,5.942170141983767e-07,0.0,0.0
13,238,-6.073857218938004,7.806125461377813e-10,5.942170141983767e-07,0.0,0.0
13,239,-6.073857218938004,7.806125461377813e-10,5.942170141983767e-07,0.0,0.0
13,240,-6.073857218938004,7.806125461377813e-10,5.942170141983767e-07,0.0,0.0
13,241,-6.073857218938004,7.806125461377813e-10,5.942170141983767e-07,0.0,0.0
13,242,-6.073857218938004,7.806125461377813e-10,5.942170141983767e-07,0.0,0.0
13,243,-6.073857218938004,7.806125461377813e-10,5.942170141983767e-07,0.0,0.0
13,244,-6.073857218938004,7.806125461377813e-10,5.942170141983767e-07,0.0,0.0
13,245,-6.073857218938004,7.806125461377813e-10,5.942170141983767e-07,0.0,0.0
13,246,-6.073857218938004,7.806125461377813e-10,5.942170141983767e-07,0.0,0.0
13,247,-6.073857218938004,7.806125461377813e-10,5.942170141983767e-07,0.0,0.0
13,248,-6.073857218938004,7.806125461377813e-10,5.942170141983767e-07,0.0,0.0
13,249,-6.073857218938004,7.806125461377813e-10,5.942170141983767e-07,0.0,0.0
13,250,-6.073857218938004,7.806125461377813e-10,5.942170141983767e-07,0.0,0.0
13,251,-6.073857218938004,7.806125461377813e-10,5.942170141983767e-07,0.0,0.0
13,252,-6.073857218938004,7.806125461377813e-10,5.942170141983767e-07,0.0,0.0
13,253,-6.073857218938004,7.806125461377813e-10,5.942170141983767e-07,0.0,0.0
13,254,-6.073857218938004,7.806125461377813e-10,5.942170141983767e-07,0.0,0.0
13,255,-6.073857218938004,7.806125461377813e-10,5.942170141983767e-07,0.0,0.0
13,256,-6.073857218938004,7.806125461377813e-10,5.942170141983767e-07,0.0,0.0
13,257,-6.073857218938004,7.806125461377813e-10,5.942170141983767e-07,0.0,0.0
13,258,-6.073857218938004,7.806125461377813e-10,5.942170141983767e-07,0.0,0.0
13,259,-6.073857218938004,7.806125461377813e-10,5.942170141983767e-07,0.0,0.0
13,260,-6.073857218938004,7.806125461377813e-10,5.942170141983767e-07,0.0,0.0
13,261,-6.073857218938004,7.806125461377813e-10,5.942170141983767e-07,0.0,0.0
13,262,-6.073857218938004,7.806125461377813e-10,5.942170141983767e-07,0.0,0.0
13,263,-6.073857218938004,7.806125461377813e-10,5.942170141983767e-07,0.0,0.0
13,264,-6.073857218938004,7.806125461377813e-10,5.942170141983767e-07,0.0,0.0
13,265,-6.073857218938004,7.806125461377813e-10,5.942170141983767e-07,0.0,0.0
13,266,-6.073857218938004,7.806125461377813e-10,5.942170141983767e-07,0.0,0.0
13,267,-6.073857218938004,7.806125461377813e-10,5.942170141983767e-07,0.0,0.0
13,268,-6.073857218938004,7.806125461377813e-10,5.942170141983767e-07,0.0,0.0
13,269,-6.073857218938004,7.806125461377813e-10,5.942170141983767e-07,0.0,0.0
13,270,-6.073857218938004,7.806125461377813e-10,5.942170141983767e-07,0.0,0.0
13,271,-6.073857218938004,7.806125461377813e-10,5.942170141983767e-07,0.0,0.0
13,272,-6.073857218938004,7.806125461377813e-10,5.942170141983767e-07,0.0,0.0
13,273,-6.073857218938004,7.806125461377813e-10,5.942170141983767e-07,0.0,0.0
13,274,-6.073857218938004,7.806125461377813e-10,5.942170141983767e-07,0.0,0.0
13,275,-6.073857218938004,7.806125461377813e-10,5.942170141983767e-07,0.0,0.0
13,276,-6.073857218938004,7.806125461377813e-10,5.942170141983767e-07,0.0,0.0
13,277,-6.073857218938004,7.806125461377813e-10,5.942170141983767e-07,0.0,0.0
13,278,-6.073857218938004,7.806125461377813e-10,5.942170141983767e-07,0.0,0.0
13,279,-6.073857218938004,7.806125461377813e-10,5.942170141983767e-07,0.0,0.0
13,280,-6.073857218938004,7.806125461377813e-10,5.942170141983767e-07,0.0,0.0
13,281,-6.073857218938004,7.806125461377813e-10,5.942170141983767e-07,0.0,0.0
13,282,-6.073857218938004,7.806125461377813e-10,5.942170141983767e-07,0.0,0.0
13,283,-6.073857218938004,7.806125461377813e-10,5.942170141983767e-07,0.0,0.0
13,284,-6.073857218938004,7.806125461377813e-10,5.942170141983767e-07,0.0,0.0
13,285,-6.073857218938004,7.806125461377813e-10,5.942170141983767e-07,0.0,0.0
13,286,-6.073857218938004,7.806125461377813e-10,5.942170141983767e-07,0.0,0.0
13,287,-6.073857218938004,7.806125461377813e-10,5.942170141983767e-07,0.0,0.0
13,288,-6.073857218938004,7.806125461377813e-10,5.942170141983767e-07,0.0,0.0
13,289,-6.073857218938004,7.806125461377813e-10,5.942170141983767e-07,0.0,0.0
13,290,-6.073857218938004,7.806125461377813e-10,5.942170141983767e-07,0.0,0.0
13,291,-6.073857218938004,7.806125461377813e-10,5.942170141983767e-07,0.0,0.0
13,292,-6.073857218938004,7.806125461377813e-10,5.942170141983767e-07,0.0,0.0
13,293,-6.073857218938004,7.806125461377813e-10,5.942170141983767e-07,0.0,0.0
13,294,-6.073857218938004,7.806125461377813e-10,5.942170141983767e-07,0.0,0.0
13,295,-6.073857218938004,7.806125461377813e-10,5.942170141983767e-07,0.0,0.0
13,296,-6.073857218938004,7.806125461377813e-10,5.942170141983767e-07,0.0,0.0
13,297,-6.073857218938004,7.806125461377813e-10,5.942170141983767e-07,0.0,0.0
13,298,-6.073857218938004,7.806125461377813e-10,5.942170141983767e-07,0.0,0.0
13,299,-6.073857218938004,7.806125461377813e-10,5.942170141983767e-07,0.0,0.0
13,300,-6.073857218938004,7.806125461377813e-10,5.942170141983767e-07,0.0,0.0
14,1,-5.914625139549808,0.22864803469009395,174.03749726262535,0.0006393495261529202,0.05227992376764239
14,2,-6.027882663713219,0.03740687034425137,28.472574032682385,0.001466547442331449,0.02676503422557944
14,3,-6.041366661224221,0.04934211245795236,37.557190349229266,0.006946606259835423,1.7399338161317919
14,4,-6.068054006676319,0.027193718039909238,20.69874178164695,0.008062307572880536,0.30373980017569346
14,5,-6.069872251218086,0.0033410018651678143,2.5430334608021936,0.001834347688082118,0.015094413943162261
14,6,-6.070002392667044,0.006721318437100082,5.115991662397255,0.00870666376789942,4.047207832550393
14,7,-6.071597700775217,0.0009266245267758372,0.7053085488393139,0.026393678576089565,0.01900634637254566
14,8,-6.071723628323184,1.569820264437972e-09,1.1948827390764095e-06,0.10971125276515441,2.870068613182195e-12
14,9,-6.071723628323185,4.820591337197157e-15,3.669236224963858e-12,0.0005876661952665928,9.429762833267898e-12
14,10,-6.071723628323185,4.820591337197157e-15,3.669236224963858e-12,0.0,0.0
14,11,-6.071723628323185,4.820591337197157e-15,3.669236224963858e-12,0.0,0.0
14,12,-6.071723628323185,4.820591337197157e-15,3.669236224963858e-12,0.0,0.0
14,13,-6.071723628323185,4.820591337197157e-15,3.669236224963858e-12,0.0,0.0
14,14,-6.071723628323185,4.820591337197157e-15,3.669236224963858e-12,0.0,0.0
14,15,-6.071723628323185,4.820591337197157e-15,3.669236224963858e-12,0.0,0.0
14,16,-6.071723628323185,4.820591337197157e-15,3.669236224963858e-12,0.0,0.0
14,17,-6.071723628323185,4.820591337197157e-15,3.669236224963858e-12,0.0,0.0
14,18,-6.071723628323185,4.820591337197157e-15,3.669236224963858e-12,0.0,0.0
14,19,-6.071723628323185,4.820591337197157e-15,3.669236224963858e-12,0.0,0.0
14,20,-6.071723628323185,4.820591337197157e-15,3.669236224963858e-12,0.0,0.0
14,21,-6.071723628323185,4.820591337197157e-15,3.669236224963858e-12,0.0,0.0
14,22,-6.071723628323185,4.820591337197157e-15,3.669236224963858e-12,0.0,0.0
14,23,-6.071723628323185,4.820591337197157e-15,3.669236224963858e-12,0.0,0.0
14,24,-6.071723628323185,4.820591337197157e-15,3.669236224963858e-12,0.0,0.0
14,25,-6.071723628323185,4.820591337197157e-15,3.669236224963858e-12,0.0,0.0
14,26,-6.071723628323185,4.820591337197157e-15,3.669236224963858e-12,0.0,0.0
14,27,-6.071723628323185,4.820591337197157e-15,3.669236224963858e-12,0.0,0.0
14,28,-6.071723628323185,4.820591337197157e-15,3.669236224963858e-12,0.0,0.0
14,29,-6.071723628323185,4.820591337197157e-15,3.669236224963858e-12,0.0,0.0
14,30,-6.071723628323185,4.820591337197157e-15,3.669236224963858e-12,0.0,0.0
14,31,-6.071723628323185,4.820591337197157e-15,3.669236224963858e-12,0.0,0.0
14,32,-6.071723628323185,4.820591337197157e-15,3.669236224963858e-12,0.0,0.0
14,33,-6.071723628323185,4.820591337197157e-15,3.669236224963858e-12,0.0,0.0
14,34,-6.071723628323185,4.820591337197157e-15,3.669236224963858e-12,0.0,0.0
14,35,-6.071723628323185,4.820591337197157e-15,3.669236224963858e-12,0.0,0.0
14,36,-6.071723628323185,4.820591337197157e-15,3.669236224963858e-12,0.0,0.0
14,37,-6.071723628323185,4.820591337197157e-15,3.669236224963858e-12,0.0,0.0
14,38,-6.071723628323185,4.820591337197157e-15,3.669236224963858e-12,0.0,0.0
14,39,-6.071723628323185,4.820591337197157e-15,3.669236224963858e-12,0.0,0.0
14,40,-6.071723628323185,4.820591337197157e-15,3.669236224963858e-12,0.0,0.0
14,41,-6.071723628323185,4.820591337197157e-15,3.669236224963858e-12,0.0,0.0
14,42,-6.071723628323185,4.820591337197157e-15,3.669236224963858e-12,0.0,0.0
14,43,-6.071723628323185,4.820591337197157e-15,3.669236224963858e-12,0.0,0.0
14,44,-6.071723628323185,4.820591337197157e-15,3.669236224963858e-12,0.0,0.0
14,45,-6.071723628323185,4.820591337197157e-15,3.669236224963858e-12,0.0,0.0
14,46,-6.071723628323185,4.820591337197157e-15,3.669236224963858e-12,0.0,0.0
14,47,-6.071723628323185,4.820591337197157e-15,3.669236224963858e-12,0.0,0.0
14,48,-6.071723628323185,4.820591337197157e-15,3.669236224963858e-12,0.0,0.0
14,49,-6.071723628323185,4.820591337197157e-15,3.669236224963858e-12,0.0,0.0
14,50,-6.071723628323185,4.820591337197157e-15,3.669236224963858e-12,0.0,0.0
14,51,-6.071723628323185,4.820591337197157e-15,3.669236224963858e-12,0.0,0.0
14,52,-6.071723628323185,4.820591337197157e-15,3.669236224963858e-12,0.0,0.0
14,53,-6.071723628323185,4.820591337197157e-15,3.669236224963858e-12,0.0,0.0
14,54,-6.071723628323185,4.820591337197157e-15,3.669236224963858e-12,0.0,0.0
14,55,-6.071723628323185,4.820591337197157e-15,3.669236224963858e-12,0.0,0.0
14,56,-6.071723628323185,4.820591337197157e-15,3.669236224963858e-12,0.0,0.0
14,57,-6.071723628323185,4.820591337197157e-15,3.669236224963858e-12,0.0,0.0
14,58,-6.071723628323185,4.820591337197157e-15,3.669236224963858e-12,0.0,0.0
14,59,-6.071723628323185,4.820591337197157e-15,3.669236224963858e-12,0.0,0.0
14,60,-6.071723628323185,4.820591337197157e-15,3.669236224963858e-12,0.0,0.0
14,61,-6.071723628323185,4.820591337197157e-15,3.669236224963858e-12,0.0,0.0
14,62,-6.071723628323185,4.820591337197157e-15,3.669236224963858e-12,0.0,0.0
14,63,-6.071723628323185,4.820591337197157e-15,3.669236224963858e-12,0.0,0.0
14,64,-6.071723628323185,4.820591337197157e-15,3.669236224963858e-12,0.0,0.0
14,65,-6.071723628323185,4.820591337197157e-15,3.669236224963858e-12,0.0,0.0
14,66,-6.071723628323185,4.820591337197157e-15,3.669236224963858e-12,0.0,0.0
14,67,-6.071723628323185,4.820591337197157e-15,3.669236224963858e-12,0.0,0.0
14,68,-6.071723628323185,4.820591337197157e-15,3.669236224963858e-12,0.0,0.0
14,69,-6.071723628323185,4.820591337197157e-15,3.669236224963858e-12,0.0,0.0
14,70,-6.071723628323185,4.820591337197157e-15,3.669236224963858e-12,0.0,0.0
14,71,-6.071723628323185,4.820591337197157e-15,3.669236224963858e-12,0.0,0.0
14,72,-6.071723628323185,4.820591337197157e-15,3.669236224963858e-12,0.0,0.0
14,73,-6.071723628323185,4.820591337197157e-15,3.669236224963858e-12,0.0,0.0
14,74,-6.071723628323185,4.820591337197157e-15,3.669236224963858e-12,0.0,0.0
14,75,-6.071723628323185,4.820591337197157e-15,3.669236224963858e-12,0.0,0.0
14,76,-6.071723628323185,4.820591337197157e-15,3.669236224963858e-12,0.0,0.0
14,77,-6.071723628323185,4.820591337197157e-15,3.669236224963858e-12,0.0,0.0
14,78,-6.071723628323185,4.820591337197157e-15,3.669236224963858e-12,0.0,0.0
14,79,-6.071723628323185,4.820591337197157e-15,3.669236224963858e-12,0.0,0.0
14,80,-6.071723628323185,4.820591337197157e-15,3.669236224963858e-12,0.0,0.0
14,81,-6.071723628323185,4.820591337197157e-15,3.669236224963858e-12,0.0,0.0
14,82,-6.071723628323185,4.820591337197157e-15,3.669236224963858e-12,0.0,0.0
14,83,-6.071723628323185,4.820591337197157e-15,3.669236224963858e-12,0.0,0.0
14,84,-6.071723628323185,4.820591337197157e-15,3.669236224963858e-12,0.0,0.0
14,85,-6.071723628323185,4.820591337197157e-15,3.669236224963858e-12,0.0,0.0
14,86,-6.071723628323185,4.820591337197157e-15,3.669236224963858e-12,0.0,0.0
14,87,-6.071723628323185,4.820591337197157e-15,3.669236224963858e-12,0.0,0.0
14,88,-6.071723628323185,4.820591337197157e-15,3.669236224963858e-12,0.0,0.0
14,89,-6.071723628323185,4.820591337197157e-15,3.669236224963858e-12,0.0,0.0
14,90,-6.071723628323185,4.820591337197157e-15,3.669236224963858e-12,0.0,0.0
14,91,-6.071723628323185,4.820591337197157e-15,3.669236224963858e-12,0.0,0.0
14,92,-6.071723628323185,4.820591337197157e-15,3.669236224963858e-12,0.0,0.0
14,93,-6.071723628323185,4.820591337197157e-15,3.669236224963858e-12,0.0,0.0
14,94,-6.071723628323185,4.820591337197157e-15,3.669236224963858e-12,0.0,0.0
14,95,-6.071723628323185,4.820591337197157e-15,3.669236224963858e-12,0.0,0.0
14,96,-6.071723628323185,4.820591337197157e-15,3.669236224963858e-12,0.0,0.0
14,97,-6.071723628323185,4.820591337197157e-15,3.669236224963858e-12,0.0,0.0
14,98,-6.071723628323185,4.820591337197157e-15,3.669236224963858e-12,0.0,0.0
14,99,-6.071723628323185,4.820591337197157e-15,3.669236224963858e-12,0.0,0.0
14,100,-6.071723628323185,4.820591337197157e-15,3.669236224963858e-12,0.0,0.0
14,101,-6.071723628323185,4.820591337197157e-15,3.669236224963858e-12,0.0,0.0
14,102,-6.071723628323185,4.820591337197157e-15,3.669236224963858e-12,0.0,0.0
14,103,-6.071723628323185,4.820591337197157e-15,3.669236224963858e-12,0.0,0.0
14,104,-6.071723628323185,4.820591337197157e-15,3.669236224963858e-12,0.0,0.0
14,105,-6.071723628323185,4.820591337197157e-15,3.669236224963858e-12,0.0,0.0
14,106,-6.071723628323185,4.820591337197157e-15,3.669236224963858e-12,0.0,0.0
14,107,-6.071723628323185,4.820591337197157e-15,3.669236224963858e-12,0.0,0.0
14,108,-6.071723628323185,4.820591337197157e-15,3.669236224963858e-12,0.0,0.0
14,109,-6.071723628323185,4.820591337197157e-15,3.669236224963858e-12,0.0,0.0
14,110,-6.071723628323185,4.820591337197157e-15,3.669236224963858e-12,0.0,0.0
14,111,-6.071723628323185,4.820591337197157e-15,3.669236224963858e-12,0.0,0.0
14,112,-6.071723628323185,4.820591337197157e-15,3.669236224963858e-12,0.0,0.0
14,113,-6.071723628323185,4.820591337197157e-15,3.669236224963858e-12,0.0,0.0
14,114,-6.071723628323185,4.820591337197157e-15,3.669236224963858e-12,0.0,0.0
14,115,-6.071723628323185,4.820591337197157e-15,3.669236224963858e-12,0.0,0.0
14,116,-6.071723628323185,4.820591337197157e-15,3.669236224963858e-12,0.0,0.0
14,117,-6.071723628323185,4.820591337197157e-15,3.669236224963858e-12,0.0,0.0
14,118,-6.071723628323185,4.820591337197157e-15,3.669236224963858e-12,0.0,0.0
14,119,-6.071723628323185,4.820591337197157e-15,3.669236224963858e-12,0.0,0.0
14,120,-6.071723628323185,4.820591337197157e-15,3.669236224963858e-12,0.0,0.0
14,121,-6.071723628323185,4.820591337197157e-15,3.669236224963858e-12,0.0,0.0
14,122,-6.071723628323185,4.820591337197157e-15,3.669236224963858e-12,0.0,0.0
14,123,-6.071723628323185,4.820591337197157e-15,3.669236224963858e-12,0.0,0.0
14,124,-6.071723628323185,4.820591337197157e-15,3.669236224963858e-12,0.0,0.0
14,125,-6.071723628323185,4.820591337197157e-15,3.669236224963858e-12,0.0,0.0
14,126,-6.071723628323185,4.820591337197157e-15,3.669236224963858e-12,0.0,0.0
14,127,-6.071723628323185,4.820591337197157e-15,3.669236224963858e-12,0.0,0.0
14,128,-6.071723628323185,4.820591337197157e-15,3.669236224963858e-12,0.0,0.0
14,129,-6.071723628323185,4.820591337197157e-15,3.669236224963858e-12,0.0,0.0
14,130,-6.071723628323185,4.820591337197157e-15,3.669236224963858e-12,0.0,0.0
14,131,-6.071723628323185,4.820591337197157e-15,3.669236224963858e-12,0.0,0.0
14,132,-6.071723628323185,4.820591337197157e-15,3.669236224963858e-12,0.0,0.0
14,133,-6.071723628323185,4.820591337197157e-15,3.669236224963858e-12,0.0,0.0
14,134,-6.071723628323185,4.820591337197157e-15,3.669236224963858e-12,0.0,0.0
14,135,-6.071723628323185,4.820591337197157e-15,3.669236224963858e-12,0.0,0.0
14,136,-6.071723628323185,4.820591337197157e-15,3.669236224963858e-12,0.0,0.0
14,137,-6.071723628323185,4.820591337197157e-15,3.669236224963858e-12,0.0,0.0
14,138,-6.071723628323185,4.820591337197157e-15,3.669236224963858e-12,0.0,0.0
14,139,-6.071723628323185,4.820591337197157e-15,3.669236224963858e-12,0.0,0.0
14,140,-6.071723628323185,4.820591337197157e-15,3.669236224963858e-12,0.0,0.0
14,141,-6.071723628323185,4.820591337197157e-15,3.669236224963858e-12,0.0,0.0
14,142,-6.071723628323185,4.820591337197157e-15,3.669236224963858e-12,0.0,0.0
14,143,-6.071723628323185,4.820591337197157e-15,3.669236224963858e-12,0.0,0.0
14,144,-6.071723628323185,4.820591337197157e-15,3.669236224963858e-12,0.0,0.0
14,145,-6.071723628323185,4.820591337197157e-15,3.669236224963858e-12,0.0,0.0
14,146,-6.071723628323185,4.820591337197157e-15,3.669236224963858e-12,0.0,0.0
14,147,-6.071723628323185,4.820591337197157e-15,3.669236224963858e-12,0.0,0.0
14,148,-6.071723628323185,4.820591337197157e-15,3.669236224963858e-12,0.0,0.0
14,149,-6.071723628323185,4.820591337197157e-15,3.669236224963858e-12,0.0,0.0
14,150,-6.071723628323185,4.820591337197157e-15,3.669236224963858e-12,0.0,0.0
14,151,-6.071723628323185,4.820591337197157e-15,3.669236224963858e-12,0.0,0.0
14,152,-6.071723628323185,4.820591337197157e-15,3.669236224963858e-12,0.0,0.0
14,153,-6.071723628323185,4.820591337197157e-15,3.669236224963858e-12,0.0,0.0
14,154,-6.071723628323185,4.820591337197157e-15,3.669236224963858e-12,0.0,0.0
14,155,-6.071723628323185,4.820591337197157e-15,3.669236224963858e-12,0.0,0.0
14,156,-6.071723628323185,4.820591337197157e-15,3.669236224963858e-12,0.0,0.0
14,157,-6.071723628323185,4.820591337197157e-15,3.669236224963858e-12,0.0,0.0
14,158,-6.071723628323185,4.820591337197157e-15,3.669236224963858e-12,0.0,0.0
14,159,-6.071723628323185,4.820591337197157e-15,3.669236224963858e-12,0.0,0.0
14,160,-6.071723628323185,4.820591337197157e-15,3.669236224963858e-12,0.0,0.0
14,161,-6.071723628323185,4.820591337197157e-15,3.669236224963858e-12,0.0,0.0
14,162,-6.071723628323185,4.820591337197157e-15,3.669236224963858e-12,0.0,0.0
14,163,-6.071723628323185,4.820591337197157e-15,3.669236224963858e-12,0.0,0.0
14,164,-6.071723628323185,4.820591337197157e-15,3.669236224963858e-12,0.0,0.0
14,165,-6.071723628323185,4.820591337197157e-15,3.669236224963858e-12,0.0,0.0
14,166,-6.071723628323185,4.820591337197157e-15,3.669236224963858e-12,0.0,0.0
14,167,-6.071723628323185,4.820591337197157e-15,3.669236224963858e-12,0.0,0.0
14,168,-6.071723628323185,4.820591337197157e-15,3.669236224963858e-12,0.0,0.0
14,169,-6.071723628323185,4.820591337197157e-15,3.669236224963858e-12,0.0,0.0
14,170,-6.071723628323185,4.820591337197157e-15,3.669236224963858e-12,0.0,0.0
14,171,-6.071723628323185,4.820591337197157e-15,3.669236224963858e-12,0.0,0.0
14,172,-6.071723628323185,4.820591337197157e-15,3.669236224963858e-12,0.0,0.0
14,173,-6.071723628323185,4.820591337197157e-15,3.669236224963858e-12,0.0,0.0
14,174,-6.071723628323185,4.820591337197157e-15,3.669236224963858e-12,0.0,0.0
14,175,-6.071723628323185,4.820591337197157e-15,3.669236224963858e-12,0.0,0.0
14,176,-6.071723628323185,4.820591337197157e-15,3.669236224963858e-12,0.0,0.0
14,177,-6.071723628323185,4.820591337197157e-15,3.669236224963858e-12,0.0,0.0
14,178,-6.071723628323185,4.820591337197157e-15,3.669236224963858e-12,0.0,0.0
14,179,-6.071723628323185,4.820591337197157e-15,3.669236224963858e-12,0.0,0.0
14,180,-6.071723628323185,4.820591337197157e-15,3.669236224963858e-12,0.0,0.0
14,181,-6.071723628323185,4.820591337197157e-15,3.669236224963858e-12,0.0,0.0
14,182,-6.071723628323185,4.820591337197157e-15,3.669236224963858e-12,0.0,0.0
14,183,-6.071723628323185,4.820591337197157e-15,3.669236224963858e-12,0.0,0.0
14,184,-6.071723628323185,4.820591337197157e-15,3.669236224963858e-12,0.0,0.0
14,185,-6.071723628323185,4.820591337197157e-15,3.669236224963858e-12,0.0,0.0
14,186,-6.071723628323185,4.820591337197157e-15,3.669236224963858e-12,0.0,0.0
14,187,-6.071723628323185,4.820591337197157e-15,3.669236224963858e-12,0.0,0.0
14,188,-6.071723628323185,4.820591337197157e-15,3.669236224963858e-12,0.0,0.0
14,189,-6.071723628323185,4.820591337197157e-15,3.669236224963858e-12,0.0,0.0
14,190,-6.071723628323185,4.820591337197157e-15,3.669236224963858e-12,0.0,0.0
14,191,-6.071723628323185,4.820591337197157e-15,3.669236224963858e-12,0.0,0.0
14,192,-6.071723628323185,4.820591337197157e-15,3.669236224963858e-12,0.0,0.0
14,193,-6.071723628323185,4.820591337197157e-15,3.669236224963858e-12,0.0,0.0
14,194,-6.071723628323185,4.820591337197157e-15,3.669236224963858e-12,0.0,0.0
14,195,-6.071723628323185,4.820591337197157e-15,3.669236224963858e-12,0.0,0.0
14,196,-6.071723628323185,4.820591337197157e-15,3.669236224963858e-12,0.0,0.0
14,197,-6.071723628323185,4.820591337197157e-15,3.669236224963858e-12,0.0,0.0
14,198,-6.071723628323185,4.820591337197157e-15,3.669236224963858e-12,0.0,0.0
14,199,-6.071723628323185,4.820591337197157e-15,3.669236224963858e-12,0.0,0.0
14,200,-6.071723628323185,4.820591337197157e-15,3.669236224963858e-12,0.0,0.0
14,201,-6.071723628323185,4.820591337197157e-15,3.669236224963858e-12,0.0,0.0
14,202,-6.071723628323185,4.820591337197157e-15,3.669236224963858e-12,0.0,0.0
14,203,-6.071723628323185,4.820591337197157e-15,3.669236224963858e-12,0.0,0.0
14,204,-6.071723628323185,4.820591337197157e-15,3.669236224963858e-12,0.0,0.0
14,205,-6.071723628323185,4.820591337197157e-15,3.669236224963858e-12,0.0,0.0
14,206,-6.071723628323185,4.820591337197157e-15,3.669236224963858e-12,0.0,0.0
14,207,-6.071723628323185,4.820591337197157e-15,3.669236224963858e-12,0.0,0.0
14,208,-6.071723628323185,4.820591337197157e-15,3.669236224963858e-12,0.0,0.0
14,209,-6.071723628323185,4.820591337197157e-15,3.669236224963858e-12,0.0,0.0
14,210,-6.071723628323185,4.820591337197157e-15,3.669236224963858e-12,0.0,0.0
14,211,-6.071723628323185,4.820591337197157e-15,3.669236224963858e-12,0.0,0.0
14,212,-6.071723628323185,4.820591337197157e-15,3.669236224963858e-12,0.0,0.0
14,213,-6.071723628323185,4.820591337197157e-15,3.669236224963858e-12,0.0,0.0
14,214,-6.071723628323185,4.820591337197157e-15,3.669236224963858e-12,0.0,0.0
14,215,-6.071723628323185,4.820591337197157e-15,3.669236224963858e-12,0.0,0.0
14,216,-6.071723628323185,4.820591337197157e-15,3.669236224963858e-12,0.0,0.0
14,217,-6.071723628323185,4.820591337197157e-15,3.669236224963858e-12,0.0,0.0
14,218,-6.071723628323185,4.820591337197157e-15,3.669236224963858e-12,0.0,0.0
14,219,-6.071723628323185,4.820591337197157e-15,3.669236224963858e-12,0.0,0.0
14,220,-6.071723628323185,4.820591337197157e-15,3.669236224963858e-12,0.0,0.0
14,221,-6.071723628323185,4.820591337197157e-15,3.669236224963858e-12,0.0,0.0
14,222,-6.071723628323185,4.820591337197157e-15,3.669236224963858e-12,0.0,0.0
14,223,-6.071723628323185,4.820591337197157e-15,3.669236224963858e-12,0.0,0.0
14,224,-6.071723628323185,4.820591337197157e-15,3.669236224963858e-12,0.0,0.0
14,225,-6.071723628323185,4.820591337197157e-15,3.669236224963858e-12,0.0,0.0
14,226,-6.071723628323185,4.820591337197157e-15,3.669236224963858e-12,0.0,0.0
14,227,-6.071723628323185,4.820591337197157e-15,3.669236224963858e-12,0.0,0.0
14,228,-6.071723628323185,4.820591337197157e-15,3.669236224963858e-12,0.0,0.0
14,229,-6.071723628323185,4.820591337197157e-15,3.669236224963858e-12,0.0,0.0
14,230,-6.071723628323185,4.820591337197157e-15,3.669236224963858e-12,0.0,0.0
14,231,-6.071723628323185,4.820591337197157e-15,3.669236224963858e-12,0.0,0.0
14,232,-6.071723628323185,4.820591337197157e-15,3.669236224963858e-12,0.0,0.0
14,233,-6.071723628323185,4.820591337197157e-15,3.669236224963858e-12,0.0,0.0
14,234,-6.071723628323185,4.820591337197157e-15,3.669236224963858e-12,0.0,0.0
14,235,-6.071723628323185,4.820591337197157e-15,3.669236224963858e-12,0.0,0.0
14,236,-6.071723628323185,4.820591337197157e-15,3.669236224963858e-12,0.0,0.0
14,237,-6.071723628323185,4.820591337197157e-15,3.669236224963858e-12,0.0,0.0
14,238,-6.071723628323185,4.820591337197157e-15,3.669236224963858e-12,0.0,0.0
14,239,-6.071723628323185,4.820591337197157e-15,3.669236224963858e-12,0.0,0.0
14,240,-6.071723628323185,4.820591337197157e-15,3.669236224963858e-12,0.0,0.0
14,241,-6.071723628323185,4.820591337197157e-15,3.669236224963858e-12,0.0,0.0
14,242,-6.071723628323185,4.820591337197157e-15,3.669236224963858e-12,0.0,0.0
14,243,-6.071723628323185,4.820591337197157e-15,3.669236224963858e-12,0.0,0.0
14,244,-6.071723628323185,4.820591337197157e-15,3.669236224963858e-12,0.0,0.0
14,245,-6.071723628323185,4.820591337197157e-15,3.669236224963858e-12,0.0,0.0
14,246,-6.071723628323185,4.820591337197157e-15,3.669236224963858e-12,0.0,0.0
14,247,-6.071723628323185,4.820591337197157e-15,3.669236224963858e-12,0.0,0.0
14,248,-6.071723628323185,4.820591337197157e-15,3.669236224963858e-12,0.0,0.0
14,249,-6.071723628323185,4.820591337197157e-15,3.669236224963858e-12,0.0,0.0
14,250,-6.071723628323185,4.820591337197157e-15,3.669236224963858e-12,0.0,0.0
14,251,-6.071723628323185,4.820591337197157e-15,3.669236224963858e-12,0.0,0.0
14,252,-6.071723628323185,4.820591337197157e-15,3.669236224963858e-12,0.0,0.0
14,253,-6.071723628323185,4.820591337197157e-15,3.669236224963858e-12,0.0,0.0
14,254,-6.071723628323185,4.820591337197157e-15,3.669236224963858e-12,0.0,0.0
14,255,-6.071723628323185,4.820591337197157e-15,3.669236224963858e-12,0.0,0.0
14,256,-6.071723628323185,4.820591337197157e-15,3.669236224963858e-12,0.0,0.0
14,257,-6.071723628323185,4.820591337197157e-15,3.669236224963858e-12,0.0,0.0
14,258,-6.071723628323185,4.820591337197157e-15,3.669236224963858e-12,0.0,0.0
14,259,-6.071723628323185,4.820591337197157e-15,3.669236224963858e-12,0.0,0.0
14,260,-6.071723628323185,4.820591337197157e-15,3.669236224963858e-12,0.0,0.0
14,261,-6.071723628323185,4.820591337197157e-15,3.669236224963858e-12,0.0,0.0
14,262,-6.071723628323185,4.820591337197157e-15,3.669236224963858e-12,0.0,0.0
14,263,-6.071723628323185,4.820591337197157e-15,3.669236224963858e-12,0.0,0.0
14,264,-6.071723628323185,4.820591337197157e-15,3.669236224963858e-12,0.0,0.0
14,265,-6.071723628323185,4.820591337197157e-15,3.669236224963858e-12,0.0,0.0
14,266,-6.071723628323185,4.820591337197157e-15,3.669236224963858e-12,0.0,0.0
14,267,-6.071723628323185,4.820591337197157e-15,3.669236224963858e-12,0.0,0.0
14,268,-6.071723628323185,4.820591337197157e-15,3.669236224963858e-12,0.0,0.0
14,269,-6.071723628323185,4.820591337197157e-15,3.669236224963858e-12,0.0,0.0
14,270,-6.071723628323185,4.820591337197157e-15,3.669236224963858e-12,0.0,0.0
14,271,-6.071723628323185,4.820591337197157e-15,3.669236224963858e-12,0.0,0.0
14,272,-6.071723628323185,4.820591337197157e-15,3.669236224963858e-12,0.0,0.0
14,273,-6.071723628323185,4.820591337197157e-15,3.669236224963858e-12,0.0,0.0
14,274,-6.071723628323185,4.820591337197157e-15,3.669236224963858e-12,0.0,0.0
14,275,-6.071723628323185,4.820591337197157e-15,3.669236224963858e-12,0.0,0.0
14,276,-6.071723628323185,4.820591337197157e-15,3.669236224963858e-12,0.0,0.0
14,277,-6.071723628323185,4.820591337197157e-15,3.669236224963858e-12,0.0,0.0
14,278,-6.071723628323185,4.820591337197157e-15,3.669236224963858e-12,0.0,0.0
14,279,-6.071723628323185,4.820591337197157e-15,3.669236224963858e-12,0.0,0.0
14,280,-6.071723628323185,4.820591337197157e-15,3.669236224963858e-12,0.0,0.0
14,281,-6.071723628323185,4.820591337197157e-15,3.669236224963858e-12,0.0,0.0
14,282,-6.071723628323185,4.820591337197157e-15,3.669236224963858e-12,0.0,0.0
14,283,-6.071723628323185,4.820591337197157e-15,3.669236224963858e-12,0.0,0.0
14,284,-6.071723628323185,4.820591337197157e-15,3.669236224963858e-12,0.0,0.0
14,285,-6.071723628323185,4.820591337197157e-15,3.669236224963858e-12,0.0,0.0
14,286,-6.071723628323185,4.820591337197157e-15,3.669236224963858e-12,0.0,0.0
14,287,-6.071723628323185,4.820591337197157e-15,3.669236224963858e-12,0.0,0.0
14,288,-6.071723628323185,4.820591337197157e-15,3.669236224963858e-12,0.0,0.0
14,289,-6.071723628323185,4.820591337197157e-15,3.669236224963858e-12,0.0,0.0
14,290,-6.071723628323185,4.820591337197157e-15,3.669236224963858e-12,0.0,0.0
14,291,-6.071723628323185,4.820591337197157e-15,3.669236224963858e-12,0.0,0.0
14,292,-6.071723628323185,4.820591337197157e-15,3.669236224963858e-12,0.0,0.0
14,293,-6.071723628323185,4.820591337197157e-15,3.669236224963858e-12,0.0,0.0
14,294,-6.071723628323185,4.820591337197157e-15,3.669236224963858e-12,0.0,0.0
14,295,-6.071723628323185,4.820591337197157e-15,3.669236224963858e-12,0.0,0.0
14,296,-6.071723628323185,4.820591337197157e-15,3.669236224963858e-12,0.0,0.0
14,297,-6.071723628323185,4.820591337197157e-15,3.669236224963858e-12,0.0,0.0
14,298,-6.071723628323185,4.820591337197157e-15,3.669236224963858e-12,0.0,0.0
14,299,-6.071723628323185,4.820591337197157e-15,3.669236224963858e-12,0.0,0.0
14,300,-6.071723628323185,4.820591337197157e-15,3.669236224963858e-12,0.0,0.0
15,1,-5.929782325823684,0.2256710867065214,174.0243972643902,0.0006324166669131537,0.0509274393753023
15,2,-6.046236526207364,0.0340281685244872,26.24054150625869,0.0015336975004082458,0.02273658890638124
15,3,-6.064967508624025,0.06798066434362891,52.42272862990992,0.011602080107235844,3.9911096438152316
15,4,-6.0897393101191994,0.027668581868428573,21.336398707892492,0.003929076645053307,0.1656544060693178
15,5,-6.091724388594873,0.0034491139280278258,2.659755758618015,0.00192622381472143,0.015539651650844977
15,6,-6.091863961777954,0.007342736174014974,5.662290440494717,0.00872471125532712,4.532113407747099
15,7,-6.094277894758368,0.0006865344861252826,0.5294154067000274,0.033337122532318825,0.008741961046188455
15,8,-6.0943618872655065,2.0977512623303216e-09,1.6176635844909878e-06,0.13285469089851357,9.336482055528846e-12
15,9,-6.094361887265507,2.544441666667825e-15,1.9621252056631894e-12,0.0005840951655856755,1.4712179512344203e-12
15,10,-6.094361887265507,2.544441666667825e-15,1.9621252056631894e-12,0.0,0.0
15,11,-6.094361887265507,2.544441666667825e-15,1.9621252056631894e-12,0.0,0.0
15,12,-6.094361887265507,2.544441666667825e-15,1.9621252056631894e-12,0.0,0.0
15,13,-6.094361887265507,2.544441666667825e-15,1.9621252056631894e-12,0.0,0.0
15,14,-6.094361887265507,2.544441666667825e-15,1.9621252056631894e-12,0.0,0.0
15,15,-6.094361887265507,2.544441666667825e-15,1.9621252056631894e-12,0.0,0.0
15,16,-6.094361887265507,2.544441666667825e-15,1.9621252056631894e-12,0.0,0.0
15,17,-6.094361887265507,2.544441666667825e-15,1.9621252056631894e-12,0.0,0.0
15,18,-6.094361887265507,2.544441666667825e-15,1.9621252056631894e-12,0.0,0.0
15,19,-6.094361887265507,2.544441666667825e-15,1.9621252056631894e-12,0.0,0.0
15,20,-6.094361887265507,2.544441666667825e-15,1.9621252056631894e-12,0.0,0.0
15,21,-6.094361887265507,2.544441666667825e-15,1.9621252056631894e-12,0.0,0.0
15,22,-6.094361887265507,2.544441666667825e-15,1.9621252056631894e-12,0.0,0.0
15,23,-6.094361887265507,2.544441666667825e-15,1.9621252056631894e-12,0.0,0.0
15,24,-6.094361887265507,2.544441666667825e-15,1.9621252056631894e-12,0.0,0.0
15,25,-6.094361887265507,2.544441666667825e-15,1.9621252056631894e-12,0.0,0.0
15,26,-6.094361887265507,2.544441666667825e-15,1.9621252056631894e-12,0.0,0.0
15,27,-6.094361887265507,2.544441666667825e-15,1.9621252056631894e-12,0.0,0.0
15,28,-6.094361887265507,2.544441666667825e-15,1.9621252056631894e-12,0.0,0.0
15,29,-6.094361887265507,2.544441666667825e-15,1.9621252056631894e-12,0.0,0.0
15,30,-6.094361887265507,2.544441666667825e-15,1.9621252056631894e-12,0.0,0.0
15,31,-6.094361887265507,2.544441666667825e-15,1.9621252056631894e-12,0.0,0.0
15,32,-6.094361887265507,2.544441666667825e-15,1.9621252056631894e-12,0.0,0.0
15,33,-6.094361887265507,2.544441666667825e-15,1.9621252056631894e-12,0.0,0.0
15,34,-6.094361887265507,2.544441666667825e-15,1.9621252056631894e-12,0.0,0.0
15,35,-6.094361887265507,2.544441666667825e-15,1.9621252056631894e-12,0.0,0.0
15,36,-6.094361887265507,2.544441666667825e-15,1.9621252056631894e-12,0.0,0.0
15,37,-6.094361887265507,2.544441666667825e-15,1.9621252056631894e-12,0.0,0.0
15,38,-6.094361887265507,2.544441666667825e-15,1.9621252056631894e-12,0.0,0.0
15,39,-6.094361887265507,2.544441666667825e-15,1.9621252056631894e-12,0.0,0.0
15,40,-6.094361887265507,2.544441666667825e-15,1.9621252056631894e-12,0.0,0.0
15,41,-6.094361887265507,2.544441666667825e-15,1.9621252056631894e-12,0.0,0.0
15,42,-6.094361887265507,2.544441666667825e-15,1.9621252056631894e-12,0.0,0.0
15,43,-6.094361887265507,2.544441666667825e-15,1.9621252056631894e-12,0.0,0.0
15,44,-6.094361887265507,2.544441666667825e-15,1.9621252056631894e-12,0.0,0.0
15,45,-6.094361887265507,2.544441666667825e-15,1.9621252056631894e-12,0.0,0.0
15,46,-6.094361887265507,2.544441666667825e-15,1.9621252056631894e-12,0.0,0.0
15,47,-6.094361887265507,2.544441666667825e-15,1.9621252056631894e-12,0.0,0.0
15,48,-6.094361887265507,2.544441666667825e-15,1.9621252056631894e-12,0.0,0.0
15,49,-6.094361887265507,2.544441666667825e-15,1.9621252056631894e-12,0.0,0.0
15,50,-6.094361887265507,2.544441666667825e-15,1.9621252056631894e-12,0.0,0.0
15,51,-6.094361887265507,2.544441666667825e-15,1.9621252056631894e-12,0.0,0.0
15,52,-6.094361887265507,2.544441666667825e-15,1.9621252056631894e-12,0.0,0.0
15,53,-6.094361887265507,2.544441666667825e-15,1.9621252056631894e-12,0.0,0.0
15,54,-6.094361887265507,2.544441666667825e-15,1.9621252056631894e-12,0.0,0.0
15,55,-6.094361887265507,2.544441666667825e-15,1.9621252056631894e-12,0.0,0.0
15,56,-6.094361887265507,2.544441666667825e-15,1.9621252056631894e-12,0.0,0.0
15,57,-6.094361887265507,2.544441666667825e-15,1.9621252056631894e-12,0.0,0.0
15,58,-6.094361887265507,2.544441666667825e-15,1.9621252056631894e-12,0.0,0.0
15,59,-6.094361887265507,2.544441666667825e-15,1.9621252056631894e-12,0.0,0.0
15,60,-6.094361887265507,2.544441666667825e-15,1.9621252056631894e-12,0.0,0.0
15,61,-6.094361887265507,2.544441666667825e-15,1.9621252056631894e-12,0.0,0.0
15,62,-6.094361887265507,2.544441666667825e-15,1.9621252056631894e-12,0.0,0.0
15,63,-6.094361887265507,2.544441666667825e-15,1.9621252056631894e-12,0.0,0.0
15,64,-6.094361887265507,2.544441666667825e-15,1.9621252056631894e-12,0.0,0.0
15,65,-6.094361887265507,2.544441666667825e-15,1.9621252056631894e-12,0.0,0.0
15,66,-6.094361887265507,2.544441666667825e-15,1.9621252056631894e-12,0.0,0.0
15,67,-6.094361887265507,2.544441666667825e-15,1.9621252056631894e-12,0.0,0.0
15,68,-6.094361887265507,2.544441666667825e-15,1.9621252056631894e-12,0.0,0.0
15,69,-6.094361887265507,2.544441666667825e-15,1.9621252056631894e-12,0.0,0.0
15,70,-6.094361887265507,2.544441666667825e-15,1.9621252056631894e-12,0.0,0.0
15,71,-6.094361887265507,2.544441666667825e-15,1.9621252056631894e-12,0.0,0.0
15,72,-6.094361887265507,2.544441666667825e-15,1.9621252056631894e-12,0.0,0.0
15,73,-6.094361887265507,2.544441666667825e-15,1.9621252056631894e-12,0.0,0.0
15,74,-6.094361887265507,2.544441666667825e-15,1.9621252056631894e-12,0.0,0.0
15,75,-6.094361887265507,2.544441666667825e-15,1.9621252056631894e-12,0.0,0.0
15,76,-6.094361887265507,2.544441666667825e-15,1.9621252056631894e-12,0.0,0.0
15,77,-6.094361887265507,2.544441666667825e-15,1.9621252056631894e-12,0.0,0.0
15,78,-6.094361887265507,2.544441666667825e-15,1.9621252056631894e-12,0.0,0.0
15,79,-6.094361887265507,2.544441666667825e-15,1.9621252056631894e-12,0.0,0.0
15,80,-6.094361887265507,2.544441666667825e-15,1.9621252056631894e-12,0.0,0.0
15,81,-6.094361887265507,2.544441666667825e-15,1.9621252056631894e-12,0.0,0.0
15,82,-6.094361887265507,2.544441666667825e-15,1.9621252056631894e-12,0.0,0.0
15,83,-6.094361887265507,2.544441666667825e-15,1.9621252056631894e-12,0.0,0.0
15,84,-6.094361887265507,2.544441666667825e-15,1.9621252056631894e-12,0.0,0.0
15,85,-6.094361887265507,2.544441666667825e-15,1.9621252056631894e-12,0.0,0.0
15,86,-6.094361887265507,2.544441666667825e-15,1.9621252056631894e-12,0.0,0.0
15,87,-6.094361887265507,2.544441666667825e-15,1.9621252056631894e-12,0.0,0.0
15,88,-6.094361887265507,2.544441666667825e-15,1.9621252056631894e-12,0.0,0.0
15,89,-6.094361887265507,2.544441666667825e-15,1.9621252056631894e-12,0.0,0.0
15,90,-6.094361887265507,2.544441666667825e-15,1.9621252056631894e-12,0.0,0.0
15,91,-6.094361887265507,2.544441666667825e-15,1.9621252056631894e-12,0.0,0.0
15,92,-6.094361887265507,2.544441666667825e-15,1.9621252056631894e-12,0.0,0.0
15,93,-6.094361887265507,2.544441666667825e-15,1.9621252056631894e-12,0.0,0.0
15,94,-6.094361887265507,2.544441666667825e-15,1.9621252056631894e-12,0.0,0.0
15,95,-6.094361887265507,2.544441666667825e-15,1.9621252056631894e-12,0.0,0.0
15,96,-6.094361887265507,2.544441666667825e-15,1.9621252056631894e-12,0.0,0.0
15,97,-6.094361887265507,2.544441666667825e-15,1.9621252056631894e-12,0.0,0.0
15,98,-6.094361887265507,2.544441666667825e-15,1.9621252056631894e-12,0.0,0.0
15,99,-6.094361887265507,2.544441666667825e-15,1.9621252056631894e-12,0.0,0.0
15,100,-6.094361887265507,2.544441666667825e-15,1.9621252056631894e-12,0.0,0.0
15,101,-6.094361887265507,2.544441666667825e-15,1.9621252056631894e-12,0.0,0.0
15,102,-6.094361887265507,2.544441666667825e-15,1.9621252056631894e-12,0.0,0.0
15,103,-6.094361887265507,2.544441666667825e-15,1.9621252056631894e-12,0.0,0.0
15,104,-6.094361887265507,2.544441666667825e-15,1.9621252056631894e-12,0.0,0.0
15,105,-6.094361887265507,2.544441666667825e-15,1.9621252056631894e-12,0.0,0.0
15,106,-6.094361887265507,2.544441666667825e-15,1.9621252056631894e-12,0.0,0.0
15,107,-6.094361887265507,2.544441666667825e-15,1.9621252056631894e-12,0.0,0.0
15,108,-6.094361887265507,2.544441666667825e-15,1.9621252056631894e-12,0.0,0.0
15,109,-6.094361887265507,2.544441666667825e-15,1.9621252056631894e-12,0.0,0.0
15,110,-6.094361887265507,2.544441666667825e-15,1.9621252056631894e-12,0.0,0.0
15,111,-6.094361887265507,2.544441666667825e-15,1.9621252056631894e-12,0.0,0.0
15,112,-6.094361887265507,2.544441666667825e-15,1.9621252056631894e-12,0.0,0.0
15,113,-6.094361887265507,2.544441666667825e-15,1.9621252056631894e-12,0.0,0.0
15,114,-6.094361887265507,2.544441666667825e-15,1.9621252056631894e-12,0.0,0.0
15,115,-6.094361887265507,2.544441666667825e-15,1.9621252056631894e-12,0.0,0.0
15,116,-6.094361887265507,2.544441666667825e-15,1.9621252056631894e-12,0.0,0.0
15,117,-6.094361887265507,2.544441666667825e-15,1.9621252056631894e-12,0.0,0.0
15,118,-6.094361887265507,2.544441666667825e-15,1.9621252056631894e-12,0.0,0.0
15,119,-6.094361887265507,2.544441666667825e-15,1.9621252056631894e-12,0.0,0.0
15,120,-6.094361887265507,2.544441666667825e-15,1.9621252056631894e-12,0.0,0.0
15,121,-6.094361887265507,2.544441666667825e-15,1.9621252056631894e-12,0.0,0.0
15,122,-6.094361887265507,2.544441666667825e-15,1.9621252056631894e-12,0.0,0.0
15,123,-6.094361887265507,2.544441666667825e-15,1.9621252056631894e-12,0.0,0.0
15,124,-6.094361887265507,2.544441666667825e-15,1.9621252056631894e-12,0.0,0.0
15,125,-6.094361887265507,2.544441666667825e-15,1.9621252056631894e-12,0.0,0.0
15,126,-6.094361887265507,2.544441666667825e-15,1.9621252056631894e-12,0.0,0.0
15,127,-6.094361887265507,2.544441666667825e-15,1.9621252056631894e-12,0.0,0.0
15,128,-6.094361887265507,2.544441666667825e-15,1.9621252056631894e-12,0.0,0.0
15,129,-6.094361887265507,2.544441666667825e-15,1.9621252056631894e-12,0.0,0.0
15,130,-6.094361887265507,2.544441666667825e-15,1.9621252056631894e-12,0.0,0.0
15,131,-6.094361887265507,2.544441666667825e-15,1.9621252056631894e-12,0.0,0.0
15,132,-6.094361887265507,2.544441666667825e-15,1.9621252056631894e-12,0.0,0.0
15,133,-6.094361887265507,2.544441666667825e-15,1.9621252056631894e-12,0.0,0.0
15,134,-6.094361887265507,2.544441666667825e-15,1.9621252056631894e-12,0.0,0.0
15,135,-6.094361887265507,2.544441666667825e-15,1.9621252056631894e-12,0.0,0.0
15,136,-6.094361887265507,2.544441666667825e-15,1.9621252056631894e-12,0.0,0.0
15,137,-6.094361887265507,2.544441666667825e-15,1.9621252056631894e-12,0.0,0.0
15,138,-6.094361887265507,2.544441666667825e-15,1.9621252056631894e-12,0.0,0.0
15,139,-6.094361887265507,2.544441666667825e-15,1.9621252056631894e-12,0.0,0.0
15,140,-6.094361887265507,2.544441666667825e-15,1.9621252056631894e-12,0.0,0.0
15,141,-6.094361887265507,2.544441666667825e-15,1.9621252056631894e-12,0.0,0.0
15,142,-6.094361887265507,2.544441666667825e-15,1.9621252056631894e-12,0.0,0.0
15,143,-6.094361887265507,2.544441666667825e-15,1.9621252056631894e-12,0.0,0.0
15,144,-6.094361887265507,2.544441666667825e-15,1.9621252056631894e-12,0.0,0.0
15,145,-6.094361887265507,2.544441666667825e-15,1.9621252056631894e-12,0.0,0.0
15,146,-6.094361887265507,2.544441666667825e-15,1.9621252056631894e-12,0.0,0.0
15,147,-6.094361887265507,2.544441666667825e-15,1.9621252056631894e-12,0.0,0.0
15,148,-6.094361887265507,2.544441666667825e-15,1.9621252056631894e-12,0.0,0.0
15,149,-6.094361887265507,2.544441666667825e-15,1.9621252056631894e-12,0.0,0.0
15,150,-6.094361887265507,2.544441666667825e-15,1.9621252056631894e-12,0.0,0.0
15,151,-6.094361887265507,2.544441666667825e-15,1.9621252056631894e-12,0.0,0.0
15,152,-6.094361887265507,2.544441666667825e-15,1.9621252056631894e-12,0.0,0.0
15,153,-6.094361887265507,2.544441666667825e-15,1.9621252056631894e-12,0.0,0.0
15,154,-6.094361887265507,2.544441666667825e-15,1.9621252056631894e-12,0.0,0.0
15,155,-6.094361887265507,2.544441666667825e-15,1.9621252056631894e-12,0.0,0.0
15,156,-6.094361887265507,2.544441666667825e-15,1.9621252056631894e-12,0.0,0.0
15,157,-6.094361887265507,2.544441666667825e-15,1.9621252056631894e-12,0.0,0.0
15,158,-6.094361887265507,2.544441666667825e-15,1.9621252056631894e-12,0.0,0.0
15,159,-6.094361887265507,2.544441666667825e-15,1.9621252056631894e-12,0.0,0.0
15,160,-6.094361887265507,2.544441666667825e-15,1.9621252056631894e-12,0.0,0.0
15,161,-6.094361887265507,2.544441666667825e-15,1.9621252056631894e-12,0.0,0.0
15,162,-6.094361887265507,2.544441666667825e-15,1.9621252056631894e-12,0.0,0.0
15,163,-6.094361887265507,2.544441666667825e-15,1.9621252056631894e-12,0.0,0.0
15,164,-6.094361887265507,2.544441666667825e-15,1.9621252056631894e-12,0.0,0.0
15,165,-6.094361887265507,2.544441666667825e-15,1.9621252056631894e-12,0.0,0.0
15,166,-6.094361887265507,2.544441666667825e-15,1.9621252056631894e-12,0.0,0.0
15,167,-6.094361887265507,2.544441666667825e-15,1.9621252056631894e-12,0.0,0.0
15,168,-6.094361887265507,2.544441666667825e-15,1.9621252056631894e-12,0.0,0.0
15,169,-6.094361887265507,2.544441666667825e-15,1.9621252056631894e-12,0.0,0.0
15,170,-6.094361887265507,2.544441666667825e-15,1.9621252056631894e-12,0.0,0.0
15,171,-6.094361887265507,2.544441666667825e-15,1.9621252056631894e-12,0.0,0.0
15,172,-6.094361887265507,2.544441666667825e-15,1.9621252056631894e-12,0.0,0.0
15,173,-6.094361887265507,2.544441666667825e-15,1.9621252056631894e-12,0.0,0.0
15,174,-6.094361887265507,2.544441666667825e-15,1.9621252056631894e-12,0.0,0.0
15,175,-6.094361887265507,2.544441666667825e-15,1.9621252056631894e-12,0.0,0.0
15,176,-6.094361887265507,2.544441666667825e-15,1.9621252056631894e-12,0.0,0.0
15,177,-6.094361887265507,2.544441666667825e-15,1.9621252056631894e-12,0.0,0.0
15,178,-6.094361887265507,2.544441666667825e-15,1.9621252056631894e-12,0.0,0.0
15,179,-6.094361887265507,2.544441666667825e-15,1.9621252056631894e-12,0.0,0.0
15,180,-6.094361887265507,2.544441666667825e-15,1.9621252056631894e-12,0.0,0.0
15,181,-6.094361887265507,2.544441666667825e-15,1.9621252056631894e-12,0.0,0.0
15,182,-6.094361887265507,2.544441666667825e-15,1.9621252056631894e-12,0.0,0.0
15,183,-6.094361887265507,2.544441666667825e-15,1.9621252056631894e-12,0.0,0.0
15,184,-6.094361887265507,2.544441666667825e-15,1.9621252056631894e-12,0.0,0.0
15,185,-6.094361887265507,2.544441666667825e-15,1.9621252056631894e-12,0.0,0.0
15,186,-6.094361887265507,2.544441666667825e-15,1.9621252056631894e-12,0.0,0.0
15,187,-6.094361887265507,2.544441666667825e-15,1.9621252056631894e-12,0.0,0.0
15,188,-6.094361887265507,2.544441666667825e-15,1.9621252056631894e-12,0.0,0.0
15,189,-6.094361887265507,2.544441666667825e-15,1.9621252056631894e-12,0.0,0.0
15,190,-6.094361887265507,2.544441666667825e-15,1.9621252056631894e-12,0.0,0.0
15,191,-6.094361887265507,2.544441666667825e-15,1.9621252056631894e-12,0.0,0.0
15,192,-6.094361887265507,2.544441666667825e-15,1.9621252056631894e-12,0.0,0.0
15,193,-6.094361887265507,2.544441666667825e-15,1.9621252056631894e-12,0.0,0.0
15,194,-6.094361887265507,2.544441666667825e-15,1.9621252056631894e-12,0.0,0.0
15,195,-6.094361887265507,2.544441666667825e-15,1.9621252056631894e-12,0.0,0.0
15,196,-6.094361887265507,2.544441666667825e-15,1.9621252056631894e-12,0.0,0.0
15,197,-6.094361887265507,2.544441666667825e-15,1.9621252056631894e-12,0.0,0.0
15,198,-6.094361887265507,2.544441666667825e-15,1.9621252056631894e-12,0.0,0.0
15,199,-6.094361887265507,2.544441666667825e-15,1.9621252056631894e-12,0.0,0.0
15,200,-6.094361887265507,2.544441666667825e-15,1.9621252056631894e-12,0.0,0.0
15,201,-6.094361887265507,2.544441666667825e-15,1.9621252056631894e-12,0.0,0.0
15,202,-6.094361887265507,2.544441666667825e-15,1.9621252056631894e-12,0.0,0.0
15,203,-6.094361887265507,2.544441666667825e-15,1.9621252056631894e-12,0.0,0.0
15,204,-6.094361887265507,2.544441666667825e-15,1.9621252056631894e-12,0.0,0.0
15,205,-6.094361887265507,2.544441666667825e-15,1.9621252056631894e-12,0.0,0.0
15,206,-6.094361887265507,2.544441666667825e-15,1.9621252056631894e-12,0.0,0.0
15,207,-6.094361887265507,2.544441666667825e-15,1.9621252056631894e-12,0.0,0.0
15,208,-6.094361887265507,2.544441666667825e-15,1.9621252056631894e-12,0.0,0.0
15,209,-6.094361887265507,2.544441666667825e-15,1.9621252056631894e-12,0.0,0.0
15,210,-6.094361887265507,2.544441666667825e-15,1.9621252056631894e-12,0.0,0.0
15,211,-6.094361887265507,2.544441666667825e-15,1.9621252056631894e-12,0.0,0.0
15,212,-6.094361887265507,2.544441666667825e-15,1.9621252056631894e-12,0.0,0.0
15,213,-6.094361887265507,2.544441666667825e-15,1.9621252056631894e-12,0.0,0.0
15,214,-6.094361887265507,2.544441666667825e-15,1.9621252056631894e-12,0.0,0.0
15,215,-6.094361887265507,2.544441666667825e-15,1.9621252056631894e-12,0.0,0.0
15,216,-6.094361887265507,2.544441666667825e-15,1.9621252056631894e-12,0.0,0.0
15,217,-6.094361887265507,2.544441666667825e-15,1.9621252056631894e-12,0.0,0.0
15,218,-6.094361887265507,2.544441666667825e-15,1.9621252056631894e-12,0.0,0.0
15,219,-6.094361887265507,2.544441666667825e-15,1.9621252056631894e-12,0.0,0.0
15,220,-6.094361887265507,2.544441666667825e-15,1.9621252056631894e-12,0.0,0.0
15,221,-6.094361887265507,2.544441666667825e-15,1.9621252056631894e-12,0.0,0.0
15,222,-6.094361887265507,2.544441666667825e-15,1.9621252056631894e-12,0.0,0.0
15,223,-6.094361887265507,2.544441666667825e-15,1.9621252056631894e-12,0.0,0.0
15,224,-6.094361887265507,2.544441666667825e-15,1.9621252056631894e-12,0.0,0.0
15,225,-6.094361887265507,2.544441666667825e-15,1.9621252056631894e-12,0.0,0.0
15,226,-6.094361887265507,2.544441666667825e-15,1.9621252056631894e-12,0.0,0.0
15,227,-6.094361887265507,2.544441666667825e-15,1.9621252056631894e-12,0.0,0.0
15,228,-6.094361887265507,2.544441666667825e-15,1.9621252056631894e-12,0.0,0.0
15,229,-6.094361887265507,2.544441666667825e-15,1.9621252056631894e-12,0.0,0.0
15,230,-6.094361887265507,2.544441666667825e-15,1.9621252056631894e-12,0.0,0.0
15,231,-6.094361887265507,2.544441666667825e-15,1.9621252056631894e-12,0.0,0.0
15,232,-6.094361887265507,2.544441666667825e-15,1.9621252056631894e-12,0.0,0.0
15,233,-6.094361887265507,2.544441666667825e-15,1.9621252056631894e-12,0.0,0.0
15,234,-6.094361887265507,2.544441666667825e-15,1.9621252056631894e-12,0.0,0.0
15,235,-6.094361887265507,2.544441666667825e-15,1.9621252056631894e-12,0.0,0.0
15,236,-6.094361887265507,2.544441666667825e-15,1.9621252056631894e-12,0.0,0.0
15,237,-6.094361887265507,2.544441666667825e-15,1.9621252056631894e-12,0.0,0.0
15,238,-6.094361887265507,2.544441666667825e-15,1.9621252056631894e-12,0.0,0.0
15,239,-6.094361887265507,2.544441666667825e-15,1.9621252056631894e-12,0.0,0.0
15,240,-6.094361887265507,2.544441666667825e-15,1.9621252056631894e-12,0.0,0.0
15,241,-6.094361887265507,2.544441666667825e-15,1.9621252056631894e-12,0.0,0.0
15,242,-6.094361887265507,2.544441666667825e-15,1.9621252056631894e-12,0.0,0.0
15,243,-6.094361887265507,2.544441666667825e-15,1.9621252056631894e-12,0.0,0.0
15,244,-6.094361887265507,2.544441666667825e-15,1.9621252056631894e-12,0.0,0.0
15,245,-6.094361887265507,2.544441666667825e-15,1.9621252056631894e-12,0.0,0.0
15,246,-6.094361887265507,2.544441666667825e-15,1.9621252056631894e-12,0.0,0.0
15,247,-6.094361887265507,2.544441666667825e-15,1.9621252056631894e-12,0.0,0.0
15,248,-6.094361887265507,2.544441666667825e-15,1.9621252056631894e-12,0.0,0.0
15,249,-6.094361887265507,2.544441666667825e-15,1.9621252056631894e-12,0.0,0.0
15,250,-6.094361887265507,2.544441666667825e-15,1.9621252056631894e-12,0.0,0.0
15,251,-6.094361887265507,2.544441666667825e-15,1.9621252056631894e-12,0.0,0.0
15,252,-6.094361887265507,2.544441666667825e-15,1.9621252056631894e-12,0.0,0.0
15,253,-6.094361887265507,2.544441666667825e-15,1.9621252056631894e-12,0.0,0.0
15,254,-6.094361887265507,2.544441666667825e-15,1.9621252056631894e-12,0.0,0.0
15,255,-6.094361887265507,2.544441666667825e-15,1.9621252056631894e-12,0.0,0.0
15,256,-6.094361887265507,2.544441666667825e-15,1.9621252056631894e-12,0.0,0.0
15,257,-6.094361887265507,2.544441666667825e-15,1.9621252056631894e-12,0.0,0.0
15,258,-6.094361887265507,2.544441666667825e-15,1.9621252056631894e-12,0.0,0.0
15,259,-6.094361887265507,2.544441666667825e-15,1.9621252056631894e-12,0.0,0.0
15,260,-6.094361887265507,2.544441666667825e-15,1.9621252056631894e-12,0.0,0.0
15,261,-6.094361887265507,2.544441666667825e-15,1.9621252056631894e-12,0.0,0.0
15,262,-6.094361887265507,2.544441666667825e-15,1.9621252056631894e-12,0.0,0.0
15,263,-6.094361887265507,2.544441666667825e-15,1.9621252056631894e-12,0.0,0.0
15,264,-6.094361887265507,2.544441666667825e-15,1.9621252056631894e-12,0.0,0.0
15,265,-6.094361887265507,2.544441666667825e-15,1.9621252056631894e-12,0.0,0.0
15,266,-6.094361887265507,2.544441666667825e-15,1.9621252056631894e-12,0.0,0.0
15,267,-6.094361887265507,2.544441666667825e-15,1.9621252056631894e-12,0.0,0.0
15,268,-6.094361887265507,2.544441666667825e-15,1.9621252056631894e-12,0.0,0.0
15,269,-6.094361887265507,2.544441666667825e-15,1.9621252056631894e-12,0.0,0.0
15,270,-6.094361887265507,2.544441666667825e-15,1.9621252056631894e-12,0.0,0.0
15,271,-6.094361887265507,2.544441666667825e-15,1.9621252056631894e-12,0.0,0.0
15,272,-6.094361887265507,2.544441666667825e-15,1.9621252056631894e-12,0.0,0.0
15,273,-6.094361887265507,2.544441666667825e-15,1.9621252056631894e-12,0.0,0.0
15,274,-6.094361887265507,2.544441666667825e-15,1.9621252056631894e-12,0.0,0.0
15,275,-6.094361887265507,2.544441666667825e-15,1.9621252056631894e-12,0.0,0.0
15,276,-6.094361887265507,2.544441666667825e-15,1.9621252056631894e-12,0.0,0.0
15,277,-6.094361887265507,2.544441666667825e-15,1.9621252056631894e-12,0.0,0.0
15,278,-6.094361887265507,2.544441666667825e-15,1.9621252056631894e-12,0.0,0.0
15,279,-6.094361887265507,2.544441666667825e-15,1.9621252056631894e-12,0.0,0.0
15,280,-6.094361887265507,2.544441666667825e-15,1.9621252056631894e-12,0.0,0.0
15,281,-6.094361887265507,2.544441666667825e-15,1.9621252056631894e-12,0.0,0.0
15,282,-6.094361887265507,2.544441666667825e-15,1.9621252056631894e-12,0.0,0.0
15,283,-6.094361887265507,2.544441666667825e-15,1.9621252056631894e-12,0.0,0.0
15,284,-6.094361887265507,2.544441666667825e-15,1.9621252056631894e-12,0.0,0.0
15,285,-6.094361887265507,2.544441666667825e-15,1.9621252056631894e-12,0.0,0.0
15,286,-6.094361887265507,2.544441666667825e-15,1.9621252056631894e-12,0.0,0.0
15,287,-6.094361887265507,2.544441666667825e-15,1.9621252056631894e-12,0.0,0.0
15,288,-6.094361887265507,2.544441666667825e-15,1.9621252056631894e-12,0.0,0.0
15,289,-6.094361887265507,2.544441666667825e-15,1.9621252056631894e-12,0.0,0.0
15,290,-6.094361887265507,2.544441666667825e-15,1.9621252056631894e-12,0.0,0.0
15,291,-6.094361887265507,2.544441666667825e-15,1.9621252056631894e-12,0.0,0.0
15,292,-6.094361887265507,2.544441666667825e-15,1.9621252056631894e-12,0.0,0.0
15,293,-6.094361887265507,2.544441666667825e-15,1.9621252056631894e-12,0.0,0.0
15,294,-6.094361887265507,2.544441666667825e-15,1.9621252056631894e-12,0.0,0.0
15,295,-6.094361887265507,2.544441666667825e-15,1.9621252056631894e-12,0.0,0.0
15,296,-6.094361887265507,2.544441666667825e-15,1.9621252056631894e-12,0.0,0.0
15,297,-6.094361887265507,2.544441666667825e-15,1.9621252056631894e-12,0.0,0.0
15,298,-6.094361887265507,2.544441666667825e-15,1.9621252056631894e-12,0.0,0.0
15,299,-6.094361887265507,2.544441666667825e-15,1.9621252056631894e-12,0.0,0.0
15,300,-6.094361887265507,2.544441666667825e-15,1.9621252056631894e-12,0.0,0.0
16,1,-5.886576011625016,0.23868698367193592,179.101787859216,0.0006396834420795052,0.056971476174407
16,2,-6.015222732223313,0.04689039401746138,35.1847984031391,0.0015414912990419627,0.03859315571149782
16,3,-6.028822775099018,0.052961159164790717,39.740073579160104,0.0045306941156650115,1.27569601746931
16,4,-6.066327287763046,0.04827444407348485,36.22333781449284,0.01004801120396222,0.8308442113178884
16,5,-6.072356379534852,0.006250870381285258,4.6904194093095875,0.0019868143464714084,0.01676665485986431
16,6,-6.072990896569842,0.015504524233854131,11.634015259108216,0.012512629585019584,6.152277292024836
16,7,-6.077606155495396,0.0010091849046335061,0.7572546182443756,0.01483220857143301,0.0042366696641291685
16,8,-6.077721037841841,5.31015538443419e-10,3.9845420497231264e-07,0.08735046057142906,2.7686813004709404e-13
16,9,-6.077721037841841,5.31015538443419e-10,3.9845420497231264e-07,0.0,0.0
16,10,-6.077721037841841,5.31015538443419e-10,3.9845420497231264e-07,0.0,0.0
16,11,-6.077721037841841,5.31015538443419e-10,3.9845420497231264e-07,0.0,0.0
16,12,-6.077721037841841,5.31015538443419e-10,3.9845420497231264e-07,0.0,0.0
16,13,-6.077721037841841,5.31015538443419e-10,3.9845420497231264e-07,0.0,0.0
16,14,-6.077721037841841,5.31015538443419e-10,3.9845420497231264e-07,0.0,0.0
16,15,-6.077721037841841,5.31015538443419e-10,3.9845420497231264e-07,0.0,0.0
16,16,-6.077721037841841,5.31015538443419e-10,3.9845420497231264e-07,0.0,0.0
16,17,-6.077721037841841,5.31015538443419e-10,3.9845420497231264e-07,0.0,0.0
16,18,-6.077721037841841,5.31015538443419e-10,3.9845420497231264e-07,0.0,0.0
16,19,-6.077721037841841,5.31015538443419e-10,3.9845420497231264e-07,0.0,0.0
16,20,-6.077721037841841,5.31015538443419e-10,3.9845420497231264e-07,0.0,0.0
16,21,-6.077721037841841,5.31015538443419e-10,3.9845420497231264e-07,0.0,0.0
16,22,-6.077721037841841,5.31015538443419e-10,3.9845420497231264e-07,0.0,0.0
16,23,-6.077721037841841,5.31015538443419e-10,3.9845420497231264e-07,0.0,0.0
16,24,-6.077721037841841,5.31015538443419e-10,3.9845420497231264e-07,0.0,0.0
16,25,-6.077721037841841,5.31015538443419e-10,3.9845420497231264e-07,0.0,0.0
16,26,-6.077721037841841,5.31015538443419e-10,3.9845420497231264e-07,0.0,0.0
16,27,-6.077721037841841,5.31015538443419e-10,3.9845420497231264e-07,0.0,0.0
16,28,-6.077721037841841,5.31015538443419e-10,3.9845420497231264e-07,0.0,0.0
16,29,-6.077721037841841,5.31015538443419e-10,3.9845420497231264e-07,0.0,0.0
16,30,-6.077721037841841,5.31015538443419e-10,3.9845420497231264e-07,0.0,0.0
16,31,-6.077721037841841,5.31015538443419e-10,3.9845420497231264e-07,0.0,0.0
16,32,-6.077721037841841,5.31015538443419e-10,3.9845420497231264e-07,0.0,0.0
16,33,-6.077721037841841,5.31015538443419e-10,3.9845420497231264e-07,0.0,0.0
16,34,-6.077721037841841,5.31015538443419e-10,3.9845420497231264e-07,0.0,0.0
16,35,-6.077721037841841,5.31015538443419e-10,3.9845420497231264e-07,0.0,0.0
16,36,-6.077721037841841,5.31015538443419e-10,3.9845420497231264e-07,0.0,0.0
16,37,-6.077721037841841,5.31015538443419e-10,3.9845420497231264e-07,0.0,0.0
16,38,-6.077721037841841,5.31015538443419e-10,3.9845420497231264e-07,0.0,0.0
16,39,-6.077721037841841,5.31015538443419e-10,3.9845420497231264e-07,0.0,0.0
16,40,-6.077721037841841,5.31015538443419e-10,3.9845420497231264e-07,0.0,0.0
16,41,-6.077721037841841,5.31015538443419e-10,3.9845420497231264e-07,0.0,0.0
16,42,-6.077721037841841,5.31015538443419e-10,3.9845420497231264e-07,0.0,0.0
16,43,-6.077721037841841,5.31015538443419e-10,3.9845420497231264e-07,0.0,0.0
16,44,-6.077721037841841,5.31015538443419e-10,3.9845420497231264e-07,0.0,0.0
16,45,-6.077721037841841,5.31015538443419e-10,3.9845420497231264e-07,0.0,0.0
16,46,-6.077721037841841,5.31015538443419e-10,3.9845420497231264e-07,0.0,0.0
16,47,-6.077721037841841,5.31015538443419e-10,3.9845420497231264e-07,0.0,0.0
16,48,-6.077721037841841,5.31015538443419e-10,3.9845420497231264e-07,0.0,0.0
16,49,-6.077721037841841,5.31015538443419e-10,3.9845420497231264e-07,0.0,0.0
16,50,-6.077721037841841,5.31015538443419e-10,3.9845420497231264e-07,0.0,0.0
16,51,-6.077721037841841,5.31015538443419e-10,3.9845420497231264e-07,0.0,0.0
16,52,-6.077721037841841,5.31015538443419e-10,3.9845420497231264e-07,0.0,0.0
16,53,-6.077721037841841,5.31015538443419e-10,3.9845420497231264e-07,0.0,0.0
16,54,-6.077721037841841,5.31015538443419e-10,3.9845420497231264e-07,0.0,0.0
16,55,-6.077721037841841,5.31015538443419e-10,3.9845420497231264e-07,0.0,0.0
16,56,-6.077721037841841,5.31015538443419e-10,3.9845420497231264e-07,0.0,0.0
16,57,-6.077721037841841,5.31015538443419e-10,3.9845420497231264e-07,0.0,0.0
16,58,-6.077721037841841,5.31015538443419e-10,3.9845420497231264e-07,0.0,0.0
16,59,-6.077721037841841,5.31015538443419e-10,3.9845420497231264e-07,0.0,0.0
16,60,-6.077721037841841,5.31015538443419e-10,3.9845420497231264e-07,0.0,0.0
16,61,-6.077721037841841,5.31015538443419e-10,3.9845420497231264e-07,0.0,0.0
16,62,-6.077721037841841,5.31015538443419e-10,3.9845420497231264e-07,0.0,0.0
16,63,-6.077721037841841,5.31015538443419e-10,3.9845420497231264e-07,0.0,0.0
16,64,-6.077721037841841,5.31015538443419e-10,3.9845420497231264e-07,0.0,0.0
16,65,-6.077721037841841,5.31015538443419e-10,3.9845420497231264e-07,0.0,0.0
16,66,-6.077721037841841,5.31015538443419e-10,3.9845420497231264e-07,0.0,0.0
16,67,-6.077721037841841,5.31015538443419e-10,3.9845420497231264e-07,0.0,0.0
16,68,-6.077721037841841,5.31015538443419e-10,3.9845420497231264e-07,0.0,0.0
16,69,-6.077721037841841,5.31015538443419e-10,3.9845420497231264e-07,0.0,0.0
16,70,-6.077721037841841,5.31015538443419e-10,3.9845420497231264e-07,0.0,0.0
16,71,-6.077721037841841,5.31015538443419e-10,3.9845420497231264e-07,0.0,0.0
16,72,-6.077721037841841,5.31015538443419e-10,3.9845420497231264e-07,0.0,0.0
16,73,-6.077721037841841,5.31015538443419e-10,3.9845420497231264e-07,0.0,0.0
16,74,-6.077721037841841,5.31015538443419e-10,3.9845420497231264e-07,0.0,0.0
16,75,-6.077721037841841,5.31015538443419e-10,3.9845420497231264e-07,0.0,0.0
16,76,-6.077721037841841,5.31015538443419e-10,3.9845420497231264e-07,0.0,0.0
16,77,-6.077721037841841,5.31015538443419e-10,3.9845420497231264e-07,0.0,0.0
16,78,-6.077721037841841,5.31015538443419e-10,3.9845420497231264e-07,0.0,0.0
16,79,-6.077721037841841,5.31015538443419e-10,3.9845420497231264e-07,0.0,0.0
16,80,-6.077721037841841,5.31015538443419e-10,3.9845420497231264e-07,0.0,0.0
16,81,-6.077721037841841,5.31015538443419e-10,3.9845420497231264e-07,0.0,0.0
16,82,-6.077721037841841,5.31015538443419e-10,3.9845420497231264e-07,0.0,0.0
16,83,-6.077721037841841,5.31015538443419e-10,3.9845420497231264e-07,0.0,0.0
16,84,-6.077721037841841,5.31015538443419e-10,3.9845420497231264e-07,0.0,0.0
16,85,-6.077721037841841,5.31015538443419e-10,3.9845420497231264e-07,0.0,0.0
16,86,-6.077721037841841,5.31015538443419e-10,3.9845420497231264e-07,0.0,0.0
16,87,-6.077721037841841,5.31015538443419e-10,3.9845420497231264e-07,0.0,0.0
16,88,-6.077721037841841,5.31015538443419e-10,3.9845420497231264e-07,0.0,0.0
16,89,-6.077721037841841,5.31015538443419e-10,3.9845420497231264e-07,0.0,0.0
16,90,-6.077721037841841,5.31015538443419e-10,3.9845420497231264e-07,0.0,0.0
16,91,-6.077721037841841,5.31015538443419e-10,3.9845420497231264e-07,0.0,0.0
16,92,-6.077721037841841,5.31015538443419e-10,3.9845420497231264e-07,0.0,0.0
16,93,-6.077721037841841,5.31015538443419e-10,3.9845420497231264e-07,0.0,0.0
16,94,-6.077721037841841,5.31015538443419e-10,3.9845420497231264e-07,0.0,0.0
16,95,-6.077721037841841,5.31015538443419e-10,3.9845420497231264e-07,0.0,0.0
16,96,-6.077721037841841,5.31015538443419e-10,3.9845420497231264e-07,0.0,0.0
16,97,-6.077721037841841,5.31015538443419e-10,3.9845420497231264e-07,0.0,0.0
16,98,-6.077721037841841,5.31015538443419e-10,3.9845420497231264e-07,0.0,0.0
16,99,-6.077721037841841,5.31015538443419e-10,3.9845420497231264e-07,0.0,0.0
16,100,-6.077721037841841,5.31015538443419e-10,3.9845420497231264e-07,0.0,0.0
16,101,-6.077721037841841,5.31015538443419e-10,3.9845420497231264e-07,0.0,0.0
16,102,-6.077721037841841,5.31015538443419e-10,3.9845420497231264e-07,0.0,0.0
16,103,-6.077721037841841,5.31015538443419e-10,3.9845420497231264e-07,0.0,0.0
16,104,-6.077721037841841,5.31015538443419e-10,3.9845420497231264e-07,0.0,0.0
16,105,-6.077721037841841,5.31015538443419e-10,3.9845420497231264e-07,0.0,0.0
16,106,-6.077721037841841,5.31015538443419e-10,3.9845420497231264e-07,0.0,0.0
16,107,-6.077721037841841,5.31015538443419e-10,3.9845420497231264e-07,0.0,0.0
16,108,-6.077721037841841,5.31015538443419e-10,3.9845420497231264e-07,0.0,0.0
16,109,-6.077721037841841,5.31015538443419e-10,3.9845420497231264e-07,0.0,0.0
16,110,-6.077721037841841,5.31015538443419e-10,3.9845420497231264e-07,0.0,0.0
16,111,-6.077721037841841,5.31015538443419e-10,3.9845420497231264e-07,0.0,0.0
16,112,-6.077721037841841,5.31015538443419e-10,3.9845420497231264e-07,0.0,0.0
16,113,-6.077721037841841,5.31015538443419e-10,3.9845420497231264e-07,0.0,0.0
16,114,-6.077721037841841,5.31015538443419e-10,3.9845420497231264e-07,0.0,0.0
16,115,-6.077721037841841,5.31015538443419e-10,3.9845420497231264e-07,0.0,0.0
16,116,-6.077721037841841,5.31015538443419e-10,3.9845420497231264e-07,0.0,0.0
16,117,-6.077721037841841,5.31015538443419e-10,3.9845420497231264e-07,0.0,0.0
16,118,-6.077721037841841,5.31015538443419e-10,3.9845420497231264e-07,0.0,0.0
16,119,-6.077721037841841,5.31015538443419e-10,3.9845420497231264e-07,0.0,0.0
16,120,-6.077721037841841,5.31015538443419e-10,3.9845420497231264e-07,0.0,0.0
16,121,-6.077721037841841,5.31015538443419e-10,3.9845420497231264e-07,0.0,0.0
16,122,-6.077721037841841,5.31015538443419e-10,3.9845420497231264e-07,0.0,0.0
16,123,-6.077721037841841,5.31015538443419e-10,3.9845420497231264e-07,0.0,0.0
16,124,-6.077721037841841,5.31015538443419e-10,3.9845420497231264e-07,0.0,0.0
16,125,-6.077721037841841,5.31015538443419e-10,3.9845420497231264e-07,0.0,0.0
16,126,-6.077721037841841,5.31015538443419e-10,3.9845420497231264e-07,0.0,0.0
16,127,-6.077721037841841,5.31015538443419e-10,3.9845420497231264e-07,0.0,0.0
16,128,-6.077721037841841,5.31015538443419e-10,3.9845420497231264e-07,0.0,0.0
16,129,-6.077721037841841,5.31015538443419e-10,3.9845420497231264e-07,0.0,0.0
16,130,-6.077721037841841,5.31015538443419e-10,3.9845420497231264e-07,0.0,0.0
16,131,-6.077721037841841,5.31015538443419e-10,3.9845420497231264e-07,0.0,0.0
16,132,-6.077721037841841,5.31015538443419e-10,3.9845420497231264e-07,0.0,0.0
16,133,-6.077721037841841,5.31015538443419e-10,3.9845420497231264e-07,0.0,0.0
16,134,-6.077721037841841,5.31015538443419e-10,3.9845420497231264e-07,0.0,0.0
16,135,-6.077721037841841,5.31015538443419e-10,3.9845420497231264e-07,0.0,0.0
16,136,-6.077721037841841,5.31015538443419e-10,3.9845420497231264e-07,0.0,0.0
16,137,-6.077721037841841,5.31015538443419e-10,3.9845420497231264e-07,0.0,0.0
16,138,-6.077721037841841,5.31015538443419e-10,3.9845420497231264e-07,0.0,0.0
16,139,-6.077721037841841,5.31015538443419e-10,3.9845420497231264e-07,0.0,0.0
16,140,-6.077721037841841,5.31015538443419e-10,3.9845420497231264e-07,0.0,0.0
16,141,-6.077721037841841,5.31015538443419e-10,3.9845420497231264e-07,0.0,0.0
16,142,-6.077721037841841,5.31015538443419e-10,3.9845420497231264e-07,0.0,0.0
16,143,-6.077721037841841,5.31015538443419e-10,3.9845420497231264e-07,0.0,0.0
16,144,-6.077721037841841,5.31015538443419e-10,3.9845420497231264e-07,0.0,0.0
16,145,-6.077721037841841,5.31015538443419e-10,3.9845420497231264e-07,0.0,0.0
16,146,-6.077721037841841,5.31015538443419e-10,3.9845420497231264e-07,0.0,0.0
16,147,-6.077721037841841,5.31015538443419e-10,3.9845420497231264e-07,0.0,0.0
16,148,-6.077721037841841,5.31015538443419e-10,3.9845420497231264e-07,0.0,0.0
16,149,-6.077721037841841,5.31015538443419e-10,3.9845420497231264e-07,0.0,0.0
16,150,-6.077721037841841,5.31015538443419e-10,3.9845420497231264e-07,0.0,0.0
16,151,-6.077721037841841,5.31015538443419e-10,3.9845420497231264e-07,0.0,0.0
16,152,-6.077721037841841,5.31015538443419e-10,3.9845420497231264e-07,0.0,0.0
16,153,-6.077721037841841,5.31015538443419e-10,3.9845420497231264e-07,0.0,0.0
16,154,-6.077721037841841,5.31015538443419e-10,3.9845420497231264e-07,0.0,0.0
16,155,-6.077721037841841,5.31015538443419e-10,3.9845420497231264e-07,0.0,0.0
16,156,-6.077721037841841,5.31015538443419e-10,3.9845420497231264e-07,0.0,0.0
16,157,-6.077721037841841,5.31015538443419e-10,3.9845420497231264e-07,0.0,0.0
16,158,-6.077721037841841,5.31015538443419e-10,3.9845420497231264e-07,0.0,0.0
16,159,-6.077721037841841,5.31015538443419e-10,3.9845420497231264e-07,0.0,0.0
16,160,-6.077721037841841,5.31015538443419e-10,3.9845420497231264e-07,0.0,0.0
16,161,-6.077721037841841,5.31015538443419e-10,3.9845420497231264e-07,0.0,0.0
16,162,-6.077721037841841,5.31015538443419e-10,3.9845420497231264e-07,0.0,0.0
16,163,-6.077721037841841,5.31015538443419e-10,3.9845420497231264e-07,0.0,0.0
16,164,-6.077721037841841,5.31015538443419e-10,3.9845420497231264e-07,0.0,0.0
16,165,-6.077721037841841,5.31015538443419e-10,3.9845420497231264e-07,0.0,0.0
16,166,-6.077721037841841,5.31015538443419e-10,3.9845420497231264e-07,0.0,0.0
16,167,-6.077721037841841,5.31015538443419e-10,3.9845420497231264e-07,0.0,0.0
16,168,-6.077721037841841,5.31015538443419e-10,3.9845420497231264e-07,0.0,0.0
16,169,-6.077721037841841,5.31015538443419e-10,3.9845420497231264e-07,0.0,0.0
16,170,-6.077721037841841,5.31015538443419e-10,3.9845420497231264e-07,0.0,0.0
16,171,-6.077721037841841,5.31015538443419e-10,3.9845420497231264e-07,0.0,0.0
16,172,-6.077721037841841,5.31015538443419e-10,3.9845420497231264e-07,0.0,0.0
16,173,-6.077721037841841,5.31015538443419e-10,3.9845420497231264e-07,0.0,0.0
16,174,-6.077721037841841,5.31015538443419e-10,3.9845420497231264e-07,0.0,0.0
16,175,-6.077721037841841,5.31015538443419e-10,3.9845420497231264e-07,0.0,0.0
16,176,-6.077721037841841,5.31015538443419e-10,3.9845420497231264e-07,0.0,0.0
16,177,-6.077721037841841,5.31015538443419e-10,3.9845420497231264e-07,0.0,0.0
16,178,-6.077721037841841,5.31015538443419e-10,3.9845420497231264e-07,0.0,0.0
16,179,-6.077721037841841,5.31015538443419e-10,3.9845420497231264e-07,0.0,0.0
16,180,-6.077721037841841,5.31015538443419e-10,3.9845420497231264e-07,0.0,0.0
16,181,-6.077721037841841,5.31015538443419e-10,3.9845420497231264e-07,0.0,0.0
16,182,-6.077721037841841,5.31015538443419e-10,3.9845420497231264e-07,0.0,0.0
16,183,-6.077721037841841,5.31015538443419e-10,3.9845420497231264e-07,0.0,0.0
16,184,-6.077721037841841,5.31015538443419e-10,3.9845420497231264e-07,0.0,0.0
16,185,-6.077721037841841,5.31015538443419e-10,3.9845420497231264e-07,0.0,0.0
16,186,-6.077721037841841,5.31015538443419e-10,3.9845420497231264e-07,0.0,0.0
16,187,-6.077721037841841,5.31015538443419e-10,3.9845420497231264e-07,0.0,0.0
16,188,-6.077721037841841,5.31015538443419e-10,3.9845420497231264e-07,0.0,0.0
16,189,-6.077721037841841,5.31015538443419e-10,3.9845420497231264e-07,0.0,0.0
16,190,-6.077721037841841,5.31015538443419e-10,3.9845420497231264e-07,0.0,0.0
16,191,-6.077721037841841,5.31015538443419e-10,3.9845420497231264e-07,0.0,0.0
16,192,-6.077721037841841,5.31015538443419e-10,3.9845420497231264e-07,0.0,0.0
16,193,-6.077721037841841,5.31015538443419e-10,3.9845420497231264e-07,0.0,0.0
16,194,-6.077721037841841,5.31015538443419e-10,3.9845420497231264e-07,0.0,0.0
16,195,-6.077721037841841,5.31015538443419e-10,3.9845420497231264e-07,0.0,0.0
16,196,-6.077721037841841,5.31015538443419e-10,3.9845420497231264e-07,0.0,0.0
16,197,-6.077721037841841,5.31015538443419e-10,3.9845420497231264e-07,0.0,0.0
16,198,-6.077721037841841,5.31015538443419e-10,3.9845420497231264e-07,0.0,0.0
16,199,-6.077721037841841,5.31015538443419e-10,3.9845420497231264e-07,0.0,0.0
16,200,-6.077721037841841,5.31015538443419e-10,3.9845420497231264e-07,0.0,0.0
16,201,-6.077721037841841,5.31015538443419e-10,3.9845420497231264e-07,0.0,0.0
16,202,-6.077721037841841,5.31015538443419e-10,3.9845420497231264e-07,0.0,0.0
16,203,-6.077721037841841,5.31015538443419e-10,3.9845420497231264e-07,0.0,0.0
16,204,-6.077721037841841,5.31015538443419e-10,3.9845420497231264e-07,0.0,0.0
16,205,-6.077721037841841,5.31015538443419e-10,3.9845420497231264e-07,0.0,0.0
16,206,-6.077721037841841,5.31015538443419e-10,3.9845420497231264e-07,0.0,0.0
16,207,-6.077721037841841,5.31015538443419e-10,3.9845420497231264e-07,0.0,0.0
16,208,-6.077721037841841,5.31015538443419e-10,3.9845420497231264e-07,0.0,0.0
16,209,-6.077721037841841,5.31015538443419e-10,3.9845420497231264e-07,0.0,0.0
16,210,-6.077721037841841,5.31015538443419e-10,3.9845420497231264e-07,0.0,0.0
16,211,-6.077721037841841,5.31015538443419e-10,3.9845420497231264e-07,0.0,0.0
16,212,-6.077721037841841,5.31015538443419e-10,3.9845420497231264e-07,0.0,0.0
16,213,-6.077721037841841,5.31015538443419e-10,3.9845420497231264e-07,0.0,0.0
16,214,-6.077721037841841,5.31015538443419e-10,3.9845420497231264e-07,0.0,0.0
16,215,-6.077721037841841,5.31015538443419e-10,3.9845420497231264e-07,0.0,0.0
16,216,-6.077721037841841,5.31015538443419e-10,3.9845420497231264e-07,0.0,0.0
16,217,-6.077721037841841,5.31015538443419e-10,3.9845420497231264e-07,0.0,0.0
16,218,-6.077721037841841,5.31015538443419e-10,3.9845420497231264e-07,0.0,0.0
16,219,-6.077721037841841,5.31015538443419e-10,3.9845420497231264e-07,0.0,0.0
16,220,-6.077721037841841,5.31015538443419e-10,3.9845420497231264e-07,0.0,0.0
16,221,-6.077721037841841,5.31015538443419e-10,3.9845420497231264e-07,0.0,0.0
16,222,-6.077721037841841,5.31015538443419e-10,3.9845420497231264e-07,0.0,0.0
16,223,-6.077721037841841,5.31015538443419e-10,3.9845420497231264e-07,0.0,0.0
16,224,-6.077721037841841,5.31015538443419e-10,3.9845420497231264e-07,0.0,0.0
16,225,-6.077721037841841,5.31015538443419e-10,3.9845420497231264e-07,0.0,0.0
16,226,-6.077721037841841,5.31015538443419e-10,3.9845420497231264e-07,0.0,0.0
16,227,-6.077721037841841,5.31015538443419e-10,3.9845420497231264e-07,0.0,0.0
16,228,-6.077721037841841,5.31015538443419e-10,3.9845420497231264e-07,0.0,0.0
16,229,-6.077721037841841,5.31015538443419e-10,3.9845420497231264e-07,0.0,0.0
16,230,-6.077721037841841,5.31015538443419e-10,3.9845420497231264e-07,0.0,0.0
16,231,-6.077721037841841,5.31015538443419e-10,3.9845420497231264e-07,0.0,0.0
16,232,-6.077721037841841,5.31015538443419e-10,3.9845420497231264e-07,0.0,0.0
16,233,-6.077721037841841,5.31015538443419e-10,3.9845420497231264e-07,0.0,0.0
16,234,-6.077721037841841,5.31015538443419e-10,3.9845420497231264e-07,0.0,0.0
16,235,-6.077721037841841,5.31015538443419e-10,3.9845420497231264e-07,0.0,0.0
16,236,-6.077721037841841,5.31015538443419e-10,3.9845420497231264e-07,0.0,0.0
16,237,-6.077721037841841,5.31015538443419e-10,3.9845420497231264e-07,0.0,0.0
16,238,-6.077721037841841,5.31015538443419e-10,3.9845420497231264e-07,0.0,0.0
16,239,-6.077721037841841,5.31015538443419e-10,3.9845420497231264e-07,0.0,0.0
16,240,-6.077721037841841,5.31015538443419e-10,3.9845420497231264e-07,0.0,0.0
16,241,-6.077721037841841,5.31015538443419e-10,3.9845420497231264e-07,0.0,0.0
16,242,-6.077721037841841,5.31015538443419e-10,3.9845420497231264e-07,0.0,0.0
16,243,-6.077721037841841,5.31015538443419e-10,3.9845420497231264e-07,0.0,0.0
16,244,-6.077721037841841,5.31015538443419e-10,3.9845420497231264e-07,0.0,0.0
16,245,-6.077721037841841,5.31015538443419e-10,3.9845420497231264e-07,0.0,0.0
16,246,-6.077721037841841,5.31015538443419e-10,3.9845420497231264e-07,0.0,0.0
16,247,-6.077721037841841,5.31015538443419e-10,3.9845420497231264e-07,0.0,0.0
16,248,-6.077721037841841,5.31015538443419e-10,3.9845420497231264e-07,0.0,0.0
16,249,-6.077721037841841,5.31015538443419e-10,3.9845420497231264e-07,0.0,0.0
16,250,-6.077721037841841,5.31015538443419e-10,3.9845420497231264e-07,0.0,0.0
16,251,-6.077721037841841,5.31015538443419e-10,3.9845420497231264e-07,0.0,0.0
16,252,-6.077721037841841,5.31015538443419e-10,3.9845420497231264e-07,0.0,0.0
16,253,-6.077721037841841,5.31015538443419e-10,3.9845420497231264e-07,0.0,0.0
16,254,-6.077721037841841,5.31015538443419e-10,3.9845420497231264e-07,0.0,0.0
16,255,-6.077721037841841,5.31015538443419e-10,3.9845420497231264e-07,0.0,0.0
16,256,-6.077721037841841,5.31015538443419e-10,3.9845420497231264e-07,0.0,0.0
16,257,-6.077721037841841,5.31015538443419e-10,3.9845420497231264e-07,0.0,0.0
16,258,-6.077721037841841,5.31015538443419e-10,3.9845420497231264e-07,0.0,0.0
16,259,-6.077721037841841,5.31015538443419e-10,3.9845420497231264e-07,0.0,0.0
16,260,-6.077721037841841,5.31015538443419e-10,3.9845420497231264e-07,0.0,0.0
16,261,-6.077721037841841,5.31015538443419e-10,3.9845420497231264e-07,0.0,0.0
16,262,-6.077721037841841,5.31015538443419e-10,3.9845420497231264e-07,0.0,0.0
16,263,-6.077721037841841,5.31015538443419e-10,3.9845420497231264e-07,0.0,0.0
16,264,-6.077721037841841,5.31015538443419e-10,3.9845420497231264e-07,0.0,0.0
16,265,-6.077721037841841,5.31015538443419e-10,3.9845420497231264e-07,0.0,0.0
16,266,-6.077721037841841,5.31015538443419e-10,3.9845420497231264e-07,0.0,0.0
16,267,-6.077721037841841,5.31015538443419e-10,3.9845420497231264e-07,0.0,0.0
16,268,-6.077721037841841,5.31015538443419e-10,3.9845420497231264e-07,0.0,0.0
16,269,-6.077721037841841,5.31015538443419e-10,3.9845420497231264e-07,0.0,0.0
16,270,-6.077721037841841,5.31015538443419e-10,3.9845420497231264e-07,0.0,0.0
16,271,-6.077721037841841,5.31015538443419e-10,3.9845420497231264e-07,0.0,0.0
16,272,-6.077721037841841,5.31015538443419e-10,3.9845420497231264e-07,0.0,0.0
16,273,-6.077721037841841,5.31015538443419e-10,3.9845420497231264e-07,0.0,0.0
16,274,-6.077721037841841,5.31015538443419e-10,3.9845420497231264e-07,0.0,0.0
16,275,-6.077721037841841,5.31015538443419e-10,3.9845420497231264e-07,0.0,0.0
16,276,-6.077721037841841,5.31015538443419e-10,3.9845420497231264e-07,0.0,0.0
16,277,-6.077721037841841,5.31015538443419e-10,3.9845420497231264e-07,0.0,0.0
16,278,-6.077721037841841,5.31015538443419e-10,3.9845420497231264e-07,0.0,0.0
16,279,-6.077721037841841,5.31015538443419e-10,3.9845420497231264e-07,0.0,0.0
16,280,-6.077721037841841,5.31015538443419e-10,3.9845420497231264e-07,0.0,0.0
16,281,-6.077721037841841,5.31015538443419e-10,3.9845420497231264e-07,0.0,0.0
16,282,-6.077721037841841,5.31015538443419e-10,3.9845420497231264e-07,0.0,0.0
16,283,-6.077721037841841,5.31015538443419e-10,3.9845420497231264e-07,0.0,0.0
16,284,-6.077721037841841,5.31015538443419e-10,3.9845420497231264e-07,0.0,0.0
16,285,-6.077721037841841,5.31015538443419e-10,3.9845420497231264e-07,0.0,0.0
16,286,-6.077721037841841,5.31015538443419e-10,3.9845420497231264e-07,0.0,0.0
16,287,-6.077721037841841,5.31015538443419e-10,3.9845420497231264e-07,0.0,0.0
16,288,-6.077721037841841,5.31015538443419e-10,3.9845420497231264e-07,0.0,0.0
16,289,-6.077721037841841,5.31015538443419e-10,3.9845420497231264e-07,0.0,0.0
16,290,-6.077721037841841,5.31015538443419e-10,3.9845420497231264e-07,0.0,0.0
16,291,-6.077721037841841,5.31015538443419e-10,3.9845420497231264e-07,0.0,0.0
16,292,-6.077721037841841,5.31015538443419e-10,3.9845420497231264e-07,0.0,0.0
16,293,-6.077721037841841,5.31015538443419e-10,3.9845420497231264e-07,0.0,0.0
16,294,-6.077721037841841,5.31015538443419e-10,3.9845420497231264e-07,0.0,0.0
16,295,-6.077721037841841,5.31015538443419e-10,3.9845420497231264e-07,0.0,0.0
16,296,-6.077721037841841,5.31015538443419e-10,3.9845420497231264e-07,0.0,0.0
16,297,-6.077721037841841,5.31015538443419e-10,3.9845420497231264e-07,0.0,0.0
16,298,-6.077721037841841,5.31015538443419e-10,3.9845420497231264e-07,0.0,0.0
16,299,-6.077721037841841,5.31015538443419e-10,3.9845420497231264e-07,0.0,0.0
16,300,-6.077721037841841,5.31015538443419e-10,3.9845420497231264e-07,0.0,0.0
17,1,-5.913305278131451,0.22654437972018682,173.57204003250834,0.0006301775117828005,0.0513223559828042
17,2,-6.029736396430399,0.04240418674995612,32.48891545753715,0.0015161890691037995,0.035035707529241664
17,3,-6.0408986326456615,0.05369617534389273,41.140524906839,0.004419652548103677,1.6035009774641984
17,4,-6.077006698261573,0.035450307106149805,27.161045141765896,0.009129728598561655,0.43586630584561353
17,5,-6.0801503071079965,0.0051579296962454,3.951863122039724,0.001859639780961371,0.021169511326791346
17,6,-6.083985618876049,0.006090953413988591,4.666720097469559,0.10754883403481881,1.394503854744304
17,7,-6.08407907835153,0.0003919373286102665,0.3002915445344576,0.0018830485154783133,0.004140594497956083
17,8,-6.0840941699325155,1.3791399350582864e-10,1.0566588865017748e-07,0.07344018791709041,1.2381789379787534e-13
17,9,-6.0840941699325155,1.3791399350582864e-10,1.0566588865017748e-07,0.0,0.0
17,10,-6.0840941699325155,1.3791399350582864e-10,1.0566588865017748e-07,0.0,0.0
17,11,-6.0840941699325155,1.3791399350582864e-10,1.0566588865017748e-07,0.0,0.0
17,12,-6.0840941699325155,1.3791399350582864e-10,1.0566588865017748e-07,0.0,0.0
17,13,-6.0840941699325155,1.3791399350582864e-10,1.0566588865017748e-07,0.0,0.0
17,14,-6.0840941699325155,1.3791399350582864e-10,1.0566588865017748e-07,0.0,0.0
17,15,-6.0840941699325155,1.3791399350582864e-10,1.0566588865017748e-07,0.0,0.0
17,16,-6.0840941699325155,1.3791399350582864e-10,1.0566588865017748e-07,0.0,0.0
17,17,-6.0840941699325155,1.3791399350582864e-10,1.0566588865017748e-07,0.0,0.0
17,18,-6.0840941699325155,1.3791399350582864e-10,1.0566588865017748e-07,0.0,0.0
17,19,-6.0840941699325155,1.3791399350582864e-10,1.0566588865017748e-07,0.0,0.0
17,20,-6.0840941699325155,1.3791399350582864e-10,1.0566588865017748e-07,0.0,0.0
17,21,-6.0840941699325155,1.3791399350582864e-10,1.0566588865017748e-07,0.0,0.0
17,22,-6.0840941699325155,1.3791399350582864e-10,1.0566588865017748e-07,0.0,0.0
17,23,-6.0840941699325155,1.3791399350582864e-10,1.0566588865017748e-07,0.0,0.0
17,24,-6.0840941699325155,1.3791399350582864e-10,1.0566588865017748e-07,0.0,0.0
17,25,-6.0840941699325155,1.3791399350582864e-10,1.0566588865017748e-07,0.0,0.0
17,26,-6.0840941699325155,1.3791399350582864e-10,1.0566588865017748e-07,0.0,0.0
17,27,-6.0840941699325155,1.3791399350582864e-10,1.0566588865017748e-07,0.0,0.0
17,28,-6.0840941699325155,1.3791399350582864e-10,1.0566588865017748e-07,0.0,0.0
17,29,-6.0840941699325155,1.3791399350582864e-10,1.0566588865017748e-07,0.0,0.0
17,30,-6.0840941699325155,1.3791399350582864e-10,1.0566588865017748e-07,0.0,0.0
17,31,-6.0840941699325155,1.3791399350582864e-10,1.0566588865017748e-07,0.0,0.0
17,32,-6.0840941699325155,1.3791399350582864e-10,1.0566588865017748e-07,0.0,0.0
17,33,-6.0840941699325155,1.3791399350582864e-10,1.0566588865017748e-07,0.0,0.0
17,34,-6.0840941699325155,1.3791399350582864e-10,1.0566588865017748e-07,0.0,0.0
17,35,-6.0840941699325155,1.3791399350582864e-10,1.0566588865017748e-07,0.0,0.0
17,36,-6.0840941699325155,1.3791399350582864e-10,1.0566588865017748e-07,0.0,0.0
17,37,-6.0840941699325155,1.3791399350582864e-10,1.0566588865017748e-07,0.0,0.0
17,38,-6.0840941699325155,1.3791399350582864e-10,1.0566588865017748e-07,0.0,0.0
17,39,-6.0840941699325155,1.3791399350582864e-10,1.0566588865017748e-07,0.0,0.0
17,40,-6.0840941699325155,1.3791399350582864e-10,1.0566588865017748e-07,0.0,0.0
17,41,-6.0840941699325155,1.3791399350582864e-10,1.0566588865017748e-07,0.0,0.0
17,42,-6.0840941699325155,1.3791399350582864e-10,1.0566588865017748e-07,0.0,0.0
17,43,-6.0840941699325155,1.3791399350582864e-10,1.0566588865017748e-07,0.0,0.0
17,44,-6.0840941699325155,1.3791399350582864e-10,1.0566588865017748e-07,0.0,0.0
17,45,-6.0840941699325155,1.3791399350582864e-10,1.0566588865017748e-07,0.0,0.0
17,46,-6.0840941699325155,1.3791399350582864e-10,1.0566588865017748e-07,0.0,0.0
17,47,-6.0840941699325155,1.3791399350582864e-10,1.0566588865017748e-07,0.0,0.0
17,48,-6.0840941699325155,1.3791399350582864e-10,1.0566588865017748e-07,0.0,0.0
17,49,-6.0840941699325155,1.3791399350582864e-10,1.0566588865017748e-07,0.0,0.0
17,50,-6.0840941699325155,1.3791399350582864e-10,1.0566588865017748e-07,0.0,0.0
17,51,-6.0840941699325155,1.3791399350582864e-10,1.0566588865017748e-07,0.0,0.0
17,52,-6.0840941699325155,1.3791399350582864e-10,1.0566588865017748e-07,0.0,0.0
17,53,-6.0840941699325155,1.3791399350582864e-10,1.0566588865017748e-07,0.0,0.0
17,54,-6.0840941699325155,1.3791399350582864e-10,1.0566588865017748e-07,0.0,0.0
17,55,-6.0840941699325155,1.3791399350582864e-10,1.0566588865017748e-07,0.0,0.0
17,56,-6.0840941699325155,1.3791399350582864e-10,1.0566588865017748e-07,0.0,0.0
17,57,-6.0840941699325155,1.3791399350582864e-10,1.0566588865017748e-07,0.0,0.0
17,58,-6.0840941699325155,1.3791399350582864e-10,1.0566588865017748e-07,0.0,0.0
17,59,-6.0840941699325155,1.3791399350582864e-10,1.0566588865017748e-07,0.0,0.0
17,60,-6.0840941699325155,1.3791399350582864e-10,1.0566588865017748e-07,0.0,0.0
17,61,-6.0840941699325155,1.3791399350582864e-10,1.0566588865017748e-07,0.0,0.0
17,62,-6.0840941699325155,1.3791399350582864e-10,1.0566588865017748e-07,0.0,0.0
17,63,-6.0840941699325155,1.3791399350582864e-10,1.0566588865017748e-07,0.0,0.0
17,64,-6.0840941699325155,1.3791399350582864e-10,1.0566588865017748e-07,0.0,0.0
17,65,-6.0840941699325155,1.3791399350582864e-10,1.0566588865017748e-07,0.0,0.0
17,66,-6.0840941699325155,1.3791399350582864e-10,1.0566588865017748e-07,0.0,0.0
17,67,-6.0840941699325155,1.3791399350582864e-10,1.0566588865017748e-07,0.0,0.0
17,68,-6.0840941699325155,1.3791399350582864e-10,1.0566588865017748e-07,0.0,0.0
17,69,-6.0840941699325155,1.3791399350582864e-10,1.0566588865017748e-07,0.0,0.0
17,70,-6.0840941699325155,1.3791399350582864e-10,1.0566588865017748e-07,0.0,0.0
17,71,-6.0840941699325155,1.3791399350582864e-10,1.0566588865017748e-07,0.0,0.0
17,72,-6.0840941699325155,1.3791399350582864e-10,1.0566588865017748e-07,0.0,0.0
17,73,-6.0840941699325155,1.3791399350582864e-10,1.0566588865017748e-07,0.0,0.0
17,74,-6.0840941699325155,1.3791399350582864e-10,1.0566588865017748e-07,0.0,0.0
17,75,-6.0840941699325155,1.3791399350582864e-10,1.0566588865017748e-07,0.0,0.0
17,76,-6.0840941699325155,1.3791399350582864e-10,1.0566588865017748e-07,0.0,0.0
17,77,-6.0840941699325155,1.3791399350582864e-10,1.0566588865017748e-07,0.0,0.0
17,78,-6.0840941699325155,1.3791399350582864e-10,1.0566588865017748e-07,0.0,0.0
17,79,-6.0840941699325155,1.3791399350582864e-10,1.0566588865017748e-07,0.0,0.0
17,80,-6.0840941699325155,1.3791399350582864e-10,1.0566588865017748e-07,0.0,0.0
17,81,-6.0840941699325155,1.3791399350582864e-10,1.0566588865017748e-07,0.0,0.0
17,82,-6.0840941699325155,1.3791399350582864e-10,1.0566588865017748e-07,0.0,0.0
17,83,-6.0840941699325155,1.3791399350582864e-10,1.0566588865017748e-07,0.0,0.0
17,84,-6.0840941699325155,1.3791399350582864e-10,1.0566588865017748e-07,0.0,0.0
17,85,-6.0840941699325155,1.3791399350582864e-10,1.0566588865017748e-07,0.0,0.0
17,86,-6.0840941699325155,1.3791399350582864e-10,1.0566588865017748e-07,0.0,0.0
17,87,-6.0840941699325155,1.3791399350582864e-10,1.0566588865017748e-07,0.0,0.0
17,88,-6.0840941699325155,1.3791399350582864e-10,1.0566588865017748e-07,0.0,0.0
17,89,-6.0840941699325155,1.3791399350582864e-10,1.0566588865017748e-07,0.0,0.0
17,90,-6.0840941699325155,1.3791399350582864e-10,1.0566588865017748e-07,0.0,0.0
17,91,-6.0840941699325155,1.3791399350582864e-10,1.0566588865017748e-07,0.0,0.0
17,92,-6.0840941699325155,1.3791399350582864e-10,1.0566588865017748e-07,0.0,0.0
17,93,-6.0840941699325155,1.3791399350582864e-10,1.0566588865017748e-07,0.0,0.0
17,94,-6.0840941699325155,1.3791399350582864e-10,1.0566588865017748e-07,0.0,0.0
17,95,-6.0840941699325155,1.3791399350582864e-10,1.0566588865017748e-07,0.0,0.0
17,96,-6.0840941699325155,1.3791399350582864e-10,1.0566588865017748e-07,0.0,0.0
17,97,-6.0840941699325155,1.3791399350582864e-10,1.0566588865017748e-07,0.0,0.0
17,98,-6.0840941699325155,1.3791399350582864e-10,1.0566588865017748e-07,0.0,0.0
17,99,-6.0840941699325155,1.3791399350582864e-10,1.0566588865017748e-07,0.0,0.0
17,100,-6.0840941699325155,1.3791399350582864e-10,1.0566588865017748e-07,0.0,0.0
17,101,-6.0840941699325155,1.3791399350582864e-10,1.0566588865017748e-07,0.0,0.0
17,102,-6.0840941699325155,1.3791399350582864e-10,1.0566588865017748e-07,0.0,0.0
17,103,-6.0840941699325155,1.3791399350582864e-10,1.0566588865017748e-07,0.0,0.0
17,104,-6.0840941699325155,1.3791399350582864e-10,1.0566588865017748e-07,0.0,0.0
17,105,-6.0840941699325155,1.3791399350582864e-10,1.0566588865017748e-07,0.0,0.0
17,106,-6.0840941699325155,1.3791399350582864e-10,1.0566588865017748e-07,0.0,0.0
17,107,-6.0840941699325155,1.3791399350582864e-10,1.0566588865017748e-07,0.0,0.0
17,108,-6.0840941699325155,1.3791399350582864e-10,1.0566588865017748e-07,0.0,0.0
17,109,-6.0840941699325155,1.3791399350582864e-10,1.0566588865017748e-07,0.0,0.0
17,110,-6.0840941699325155,1.3791399350582864e-10,1.0566588865017748e-07,0.0,0.0
17,111,-6.0840941699325155,1.3791399350582864e-10,1.0566588865017748e-07,0.0,0.0
17,112,-6.0840941699325155,1.3791399350582864e-10,1.0566588865017748e-07,0.0,0.0
17,113,-6.0840941699325155,1.3791399350582864e-10,1.0566588865017748e-07,0.0,0.0
17,114,-6.0840941699325155,1.3791399350582864e-10,1.0566588865017748e-07,0.0,0.0
17,115,-6.0840941699325155,1.3791399350582864e-10,1.0566588865017748e-07,0.0,0.0
17,116,-6.0840941699325155,1.3791399350582864e-10,1.0566588865017748e-07,0.0,0.0
17,117,-6.0840941699325155,1.3791399350582864e-10,1.0566588865017748e-07,0.0,0.0
17,118,-6.0840941699325155,1.3791399350582864e-10,1.0566588865017748e-07,0.0,0.0
17,119,-6.0840941699325155,1.3791399350582864e-10,1.0566588865017748e-07,0.0,0.0
17,120,-6.0840941699325155,1.3791399350582864e-10,1.0566588865017748e-07,0.0,0.0
17,121,-6.0840941699325155,1.3791399350582864e-10,1.0566588865017748e-07,0.0,0.0
17,122,-6.0840941699325155,1.3791399350582864e-10,1.0566588865017748e-07,0.0,0.0
17,123,-6.0840941699325155,1.3791399350582864e-10,1.0566588865017748e-07,0.0,0.0
17,124,-6.0840941699325155,1.3791399350582864e-10,1.0566588865017748e-07,0.0,0.0
17,125,-6.0840941699325155,1.3791399350582864e-10,1.0566588865017748e-07,0.0,0.0
17,126,-6.0840941699325155,1.3791399350582864e-10,1.0566588865017748e-07,0.0,0.0
17,127,-6.0840941699325155,1.3791399350582864e-10,1.0566588865017748e-07,0.0,0.0
17,128,-6.0840941699325155,1.3791399350582864e-10,1.0566588865017748e-07,0.0,0.0
17,129,-6.0840941699325155,1.3791399350582864e-10,1.0566588865017748e-07,0.0,0.0
17,130,-6.0840941699325155,1.3791399350582864e-10,1.0566588865017748e-07,0.0,0.0
17,131,-6.0840941699325155,1.3791399350582864e-10,1.0566588865017748e-07,0.0,0.0
17,132,-6.0840941699325155,1.3791399350582864e-10,1.0566588865017748e-07,0.0,0.0
17,133,-6.0840941699325155,1.3791399350582864e-10,1.0566588865017748e-07,0.0,0.0
17,134,-6.0840941699325155,1.3791399350582864e-10,1.0566588865017748e-07,0.0,0.0
17,135,-6.0840941699325155,1.3791399350582864e-10,1.0566588865017748e-07,0.0,0.0
17,136,-6.0840941699325155,1.3791399350582864e-10,1.0566588865017748e-07,0.0,0.0
17,137,-6.0840941699325155,1.3791399350582864e-10,1.0566588865017748e-07,0.0,0.0
17,138,-6.0840941699325155,1.3791399350582864e-10,1.0566588865017748e-07,0.0,0.0
17,139,-6.0840941699325155,1.3791399350582864e-10,1.0566588865017748e-07,0.0,0.0
17,140,-6.0840941699325155,1.3791399350582864e-10,1.0566588865017748e-07,0.0,0.0
17,141,-6.0840941699325155,1.3791399350582864e-10,1.0566588865017748e-07,0.0,0.0
17,142,-6.0840941699325155,1.3791399350582864e-10,1.0566588865017748e-07,0.0,0.0
17,143,-6.0840941699325155,1.3791399350582864e-10,1.0566588865017748e-07,0.0,0.0
17,144,-6.0840941699325155,1.3791399350582864e-10,1.0566588865017748e-07,0.0,0.0
17,145,-6.0840941699325155,1.3791399350582864e-10,1.0566588865017748e-07,0.0,0.0
17,146,-6.0840941699325155,1.3791399350582864e-10,1.0566588865017748e-07,0.0,0.0
17,147,-6.0840941699325155,1.3791399350582864e-10,1.0566588865017748e-07,0.0,0.0
17,148,-6.0840941699325155,1.3791399350582864e-10,1.0566588865017748e-07,0.0,0.0
17,149,-6.0840941699325155,1.3791399350582864e-10,1.0566588865017748e-07,0.0,0.0
17,150,-6.0840941699325155,1.3791399350582864e-10,1.0566588865017748e-07,0.0,0.0
17,151,-6.0840941699325155,1.3791399350582864e-10,1.0566588865017748e-07,0.0,0.0
17,152,-6.0840941699325155,1.3791399350582864e-10,1.0566588865017748e-07,0.0,0.0
17,153,-6.0840941699325155,1.3791399350582864e-10,1.0566588865017748e-07,0.0,0.0
17,154,-6.0840941699325155,1.3791399350582864e-10,1.0566588865017748e-07,0.0,0.0
17,155,-6.0840941699325155,1.3791399350582864e-10,1.0566588865017748e-07,0.0,0.0
17,156,-6.0840941699325155,1.3791399350582864e-10,1.0566588865017748e-07,0.0,0.0
17,157,-6.0840941699325155,1.3791399350582864e-10,1.0566588865017748e-07,0.0,0.0
17,158,-6.0840941699325155,1.3791399350582864e-10,1.0566588865017748e-07,0.0,0.0
17,159,-6.0840941699325155,1.3791399350582864e-10,1.0566588865017748e-07,0.0,0.0
17,160,-6.0840941699325155,1.3791399350582864e-10,1.0566588865017748e-07,0.0,0.0
17,161,-6.0840941699325155,1.3791399350582864e-10,1.0566588865017748e-07,0.0,0.0
17,162,-6.0840941699325155,1.3791399350582864e-10,1.0566588865017748e-07,0.0,0.0
17,163,-6.0840941699325155,1.3791399350582864e-10,1.0566588865017748e-07,0.0,0.0
17,164,-6.0840941699325155,1.3791399350582864e-10,1.0566588865017748e-07,0.0,0.0
17,165,-6.0840941699325155,1.3791399350582864e-10,1.0566588865017748e-07,0.0,0.0
17,166,-6.0840941699325155,1.3791399350582864e-10,1.0566588865017748e-07,0.0,0.0
17,167,-6.0840941699325155,1.3791399350582864e-10,1.0566588865017748e-07,0.0,0.0
17,168,-6.0840941699325155,1.3791399350582864e-10,1.0566588865017748e-07,0.0,0.0
17,169,-6.0840941699325155,1.3791399350582864e-10,1.0566588865017748e-07,0.0,0.0
17,170,-6.0840941699325155,1.3791399350582864e-10,1.0566588865017748e-07,0.0,0.0
17,171,-6.0840941699325155,1.3791399350582864e-10,1.0566588865017748e-07,0.0,0.0
17,172,-6.0840941699325155,1.3791399350582864e-10,1.0566588865017748e-07,0.0,0.0
17,173,-6.0840941699325155,1.3791399350582864e-10,1.0566588865017748e-07,0.0,0.0
17,174,-6.0840941699325155,1.3791399350582864e-10,1.0566588865017748e-07,0.0,0.0
17,175,-6.0840941699325155,1.3791399350582864e-10,1.0566588865017748e-07,0.0,0.0
17,176,-6.0840941699325155,1.3791399350582864e-10,1.0566588865017748e-07,0.0,0.0
17,177,-6.0840941699325155,1.3791399350582864e-10,1.0566588865017748e-07,0.0,0.0
17,178,-6.0840941699325155,1.3791399350582864e-10,1.0566588865017748e-07,0.0,0.0
17,179,-6.0840941699325155,1.3791399350582864e-10,1.0566588865017748e-07,0.0,0.0
17,180,-6.0840941699325155,1.3791399350582864e-10,1.0566588865017748e-07,0.0,0.0
17,181,-6.0840941699325155,1.3791399350582864e-10,1.0566588865017748e-07,0.0,0.0
17,182,-6.0840941699325155,1.3791399350582864e-10,1.0566588865017748e-07,0.0,0.0
17,183,-6.0840941699325155,1.3791399350582864e-10,1.0566588865017748e-07,0.0,0.0
17,184,-6.0840941699325155,1.3791399350582864e-10,1.0566588865017748e-07,0.0,0.0
17,185,-6.0840941699325155,1.3791399350582864e-10,1.0566588865017748e-07,0.0,0.0
17,186,-6.0840941699325155,1.3791399350582864e-10,1.0566588865017748e-07,0.0,0.0
17,187,-6.0840941699325155,1.3791399350582864e-10,1.0566588865017748e-07,0.0,0.0
17,188,-6.0840941699325155,1.3791399350582864e-10,1.0566588865017748e-07,0.0,0.0
17,189,-6.0840941699325155,1.3791399350582864e-10,1.0566588865017748e-07,0.0,0.0
17,190,-6.0840941699325155,1.3791399350582864e-10,1.0566588865017748e-07,0.0,0.0
17,191,-6.0840941699325155,1.3791399350582864e-10,1.0566588865017748e-07,0.0,0.0
17,192,-6.0840941699325155,1.3791399350582864e-10,1.0566588865017748e-07,0.0,0.0
17,193,-6.0840941699325155,1.3791399350582864e-10,1.0566588865017748e-07,0.0,0.0
17,194,-6.0840941699325155,1.3791399350582864e-10,1.0566588865017748e-07,0.0,0.0
17,195,-6.0840941699325155,1.3791399350582864e-10,1.0566588865017748e-07,0.0,0.0
17,196,-6.0840941699325155,1.3791399350582864e-10,1.0566588865017748e-07,0.0,0.0
17,197,-6.0840941699325155,1.3791399350582864e-10,1.0566588865017748e-07,0.0,0.0
17,198,-6.0840941699325155,1.3791399350582864e-10,1.0566588865017748e-07,0.0,0.0
17,199,-6.0840941699325155,1.3791399350582864e-10,1.0566588865017748e-07,0.0,0.0
17,200,-6.0840941699325155,1.3791399350582864e-10,1.0566588865017748e-07,0.0,0.0
17,201,-6.0840941699325155,1.3791399350582864e-10,1.0566588865017748e-07,0.0,0.0
17,202,-6.0840941699325155,1.3791399350582864e-10,1.0566588865017748e-07,0.0,0.0
17,203,-6.0840941699325155,1.3791399350582864e-10,1.0566588865017748e-07,0.0,0.0
17,204,-6.0840941699325155,1.3791399350582864e-10,1.0566588865017748e-07,0.0,0.0
17,205,-6.0840941699325155,1.3791399350582864e-10,1.0566588865017748e-07,0.0,0.0
17,206,-6.0840941699325155,1.3791399350582864e-10,1.0566588865017748e-07,0.0,0.0
17,207,-6.0840941699325155,1.3791399350582864e-10,1.0566588865017748e-07,0.0,0.0
17,208,-6.0840941699325155,1.3791399350582864e-10,1.0566588865017748e-07,0.0,0.0
17,209,-6.0840941699325155,1.3791399350582864e-10,1.0566588865017748e-07,0.0,0.0
17,210,-6.0840941699325155,1.3791399350582864e-10,1.0566588865017748e-07,0.0,0.0
17,211,-6.0840941699325155,1.3791399350582864e-10,1.0566588865017748e-07,0.0,0.0
17,212,-6.0840941699325155,1.3791399350582864e-10,1.0566588865017748e-07,0.0,0.0
17,213,-6.0840941699325155,1.3791399350582864e-10,1.0566588865017748e-07,0.0,0.0
17,214,-6.0840941699325155,1.3791399350582864e-10,1.0566588865017748e-07,0.0,0.0
17,215,-6.0840941699325155,1.3791399350582864e-10,1.0566588865017748e-07,0.0,0.0
17,216,-6.0840941699325155,1.3791399350582864e-10,1.0566588865017748e-07,0.0,0.0
17,217,-6.0840941699325155,1.3791399350582864e-10,1.0566588865017748e-07,0.0,0.0
17,218,-6.0840941699325155,1.3791399350582864e-10,1.0566588865017748e-07,0.0,0.0
17,219,-6.0840941699325155,1.3791399350582864e-10,1.0566588865017748e-07,0.0,0.0
17,220,-6.0840941699325155,1.3791399350582864e-10,1.0566588865017748e-07,0.0,0.0
17,221,-6.0840941699325155,1.3791399350582864e-10,1.0566588865017748e-07,0.0,0.0
17,222,-6.0840941699325155,1.3791399350582864e-10,1.0566588865017748e-07,0.0,0.0
17,223,-6.0840941699325155,1.3791399350582864e-10,1.0566588865017748e-07,0.0,0.0
17,224,-6.0840941699325155,1.3791399350582864e-10,1.0566588865017748e-07,0.0,0.0
17,225,-6.0840941699325155,1.3791399350582864e-10,1.0566588865017748e-07,0.0,0.0
17,226,-6.0840941699325155,1.3791399350582864e-10,1.0566588865017748e-07,0.0,0.0
17,227,-6.0840941699325155,1.3791399350582864e-10,1.0566588865017748e-07,0.0,0.0
17,228,-6.0840941699325155,1.3791399350582864e-10,1.0566588865017748e-07,0.0,0.0
17,229,-6.0840941699325155,1.3791399350582864e-10,1.0566588865017748e-07,0.0,0.0
17,230,-6.0840941699325155,1.3791399350582864e-10,1.0566588865017748e-07,0.0,0.0
17,231,-6.0840941699325155,1.3791399350582864e-10,1.0566588865017748e-07,0.0,0.0
17,232,-6.0840941699325155,1.3791399350582864e-10,1.0566588865017748e-07,0.0,0.0
17,233,-6.0840941699325155,1.3791399350582864e-10,1.0566588865017748e-07,0.0,0.0
17,234,-6.0840941699325155,1.3791399350582864e-10,1.0566588865017748e-07,0.0,0.0
17,235,-6.0840941699325155,1.3791399350582864e-10,1.0566588865017748e-07,0.0,0.0
17,236,-6.0840941699325155,1.3791399350582864e-10,1.0566588865017748e-07,0.0,0.0
17,237,-6.0840941699325155,1.3791399350582864e-10,1.0566588865017748e-07,0.0,0.0
17,238,-6.0840941699325155,1.3791399350582864e-10,1.0566588865017748e-07,0.0,0.0
17,239,-6.0840941699325155,1.3791399350582864e-10,1.0566588865017748e-07,0.0,0.0
17,240,-6.0840941699325155,1.3791399350582864e-10,1.0566588865017748e-07,0.0,0.0
17,241,-6.0840941699325155,1.3791399350582864e-10,1.0566588865017748e-07,0.0,0.0
17,242,-6.0840941699325155,1.3791399350582864e-10,1.0566588865017748e-07,0.0,0.0
17,243,-6.0840941699325155,1.3791399350582864e-10,1.0566588865017748e-07,0.0,0.0
17,244,-6.0840941699325155,1.3791399350582864e-10,1.0566588865017748e-07,0.0,0.0
17,245,-6.0840941699325155,1.3791399350582864e-10,1.0566588865017748e-07,0.0,0.0
17,246,-6.0840941699325155,1.3791399350582864e-10,1.0566588865017748e-07,0.0,0.0
17,247,-6.0840941699325155,1.3791399350582864e-10,1.0566588865017748e-07,0.0,0.0
17,248,-6.0840941699325155,1.3791399350582864e-10,1.0566588865017748e-07,0.0,0.0
17,249,-6.0840941699325155,1.3791399350582864e-10,1.0566588865017748e-07,0.0,0.0
17,250,-6.0840941699325155,1.3791399350582864e-10,1.0566588865017748e-07,0.0,0.0
17,251,-6.0840941699325155,1.3791399350582864e-10,1.0566588865017748e-07,0.0,0.0
17,252,-6.0840941699325155,1.3791399350582864e-10,1.0566588865017748e-07,0.0,0.0
17,253,-6.0840941699325155,1.3791399350582864e-10,1.0566588865017748e-07,0.0,0.0
17,254,-6.0840941699325155,1.3791399350582864e-10,1.0566588865017748e-07,0.0,0.0
17,255,-6.0840941699325155,1.3791399350582864e-10,1.0566588865017748e-07,0.0,0.0
17,256,-6.0840941699325155,1.3791399350582864e-10,1.0566588865017748e-07,0.0,0.0
17,257,-6.0840941699325155,1.3791399350582864e-10,1.0566588865017748e-07,0.0,0.0
17,258,-6.0840941699325155,1.3791399350582864e-10,1.0566588865017748e-07,0.0,0.0
17,259,-6.0840941699325155,1.3791399350582864e-10,1.0566588865017748e-07,0.0,0.0
17,260,-6.0840941699325155,1.3791399350582864e-10,1.0566588865017748e-07,0.0,0.0
17,261,-6.0840941699325155,1.3791399350582864e-10,1.0566588865017748e-07,0.0,0.0
17,262,-6.0840941699325155,1.3791399350582864e-10,1.0566588865017748e-07,0.0,0.0
17,263,-6.0840941699325155,1.3791399350582864e-10,1.0566588865017748e-07,0.0,0.0
17,264,-6.0840941699325155,1.3791399350582864e-10,1.0566588865017748e-07,0.0,0.0
17,265,-6.0840941699325155,1.3791399350582864e-10,1.0566588865017748e-07,0.0,0.0
17,266,-6.0840941699325155,1.3791399350582864e-10,1.0566588865017748e-07,0.0,0.0
17,267,-6.0840941699325155,1.3791399350582864e-10,1.0566588865017748e-07,0.0,0.0
17,268,-6.0840941699325155,1.3791399350582864e-10,1.0566588865017748e-07,0.0,0.0
17,269,-6.0840941699325155,1.3791399350582864e-10,1.0566588865017748e-07,0.0,0.0
17,270,-6.0840941699325155,1.3791399350582864e-10,1.0566588865017748e-07,0.0,0.0
17,271,-6.0840941699325155,1.3791399350582864e-10,1.0566588865017748e-07,0.0,0.0
17,272,-6.0840941699325155,1.3791399350582864e-10,1.0566588865017748e-07,0.0,0.0
17,273,-6.0840941699325155,1.3791399350582864e-10,1.0566588865017748e-07,0.0,0.0
17,274,-6.0840941699325155,1.3791399350582864e-10,1.0566588865017748e-07,0.0,0.0
17,275,-6.0840941699325155,1.3791399350582864e-10,1.0566588865017748e-07,0.0,0.0
17,276,-6.0840941699325155,1.3791399350582864e-10,1.0566588865017748e-07,0.0,0.0
17,277,-6.0840941699325155,1.3791399350582864e-10,1.0566588865017748e-07,0.0,0.0
17,278,-6.0840941699325155,1.3791399350582864e-10,1.0566588865017748e-07,0.0,0.0
17,279,-6.0840941699325155,1.3791399350582864e-10,1.0566588865017748e-07,0.0,0.0
17,280,-6.0840941699325155,1.3791399350582864e-10,1.0566588865017748e-07,0.0,0.0
17,281,-6.0840941699325155,1.3791399350582864e-10,1.0566588865017748e-07,0.0,0.0
17,282,-6.0840941699325155,1.3791399350582864e-10,1.0566588865017748e-07,0.0,0.0
17,283,-6.0840941699325155,1.3791399350582864e-10,1.0566588865017748e-07,0.0,0.0
17,284,-6.0840941699325155,1.3791399350582864e-10,1.0566588865017748e-07,0.0,0.0
17,285,-6.0840941699325155,1.3791399350582864e-10,1.0566588865017748e-07,0.0,0.0
17,286,-6.0840941699325155,1.3791399350582864e-10,1.0566588865017748e-07,0.0,0.0
17,287,-6.0840941699325155,1.3791399350582864e-10,1.0566588865017748e-07,0.0,0.0
17,288,-6.0840941699325155,1.3791399350582864e-10,1.0566588865017748e-07,0.0,0.0
17,289,-6.0840941699325155,1.3791399350582864e-10,1.0566588865017748e-07,0.0,0.0
17,290,-6.0840941699325155,1.3791399350582864e-10,1.0566588865017748e-07,0.0,0.0
17,291,-6.0840941699325155,1.3791399350582864e-10,1.0566588865017748e-07,0.0,0.0
17,292,-6.0840941699325155,1.3791399350582864e-10,1.0566588865017748e-07,0.0,0.0
17,293,-6.0840941699325155,1.3791399350582864e-10,1.0566588865017748e-07,0.0,0.0
17,294,-6.0840941699325155,1.3791399350582864e-10,1.0566588865017748e-07,0.0,0.0
17,295,-6.0840941699325155,1.3791399350582864e-10,1.0566588865017748e-07,0.0,0.0
17,296,-6.0840941699325155,1.3791399350582864e-10,1.0566588865017748e-07,0.0,0.0
17,297,-6.0840941699325155,1.3791399350582864e-10,1.0566588865017748e-07,0.0,0.0
17,298,-6.0840941699325155,1.3791399350582864e-10,1.0566588865017748e-07,0.0,0.0
17,299,-6.0840941699325155,1.3791399350582864e-10,1.0566588865017748e-07,0.0,0.0
17,300,-6.0840941699325155,1.3791399350582864e-10,1.0566588865017748e-07,0.0,0.0
18,1,-5.903227054463823,0.2339908798558203,177.64593546841576,0.0006353693276525705,0.05475173185570092
18,2,-6.031588299351718,0.03613505426490839,27.433742383664725,0.0015894018287510043,0.023848417254986175
18,3,-6.0395325425784065,0.04176677529897811,31.70934642434753,0.004412595809857153,1.335993881523139
18,4,-6.0656253607085455,0.03887099357257535,29.510868201537566,0.011034695816896116,0.8661425847949631
18,5,-6.069849477517536,0.003333082917474204,2.5304773982359694,0.002093905838236697,0.007352600208672678
18,6,-6.069942430572344,0.005990001296914962,4.547610507311889,0.006280309698608637,3.2296956403114336
18,7,-6.072191168849121,0.0005213319385534839,0.3957953402754926,0.04709808960925746,0.007574863851130534
18,8,-6.072260291281203,5.3398940734216475e-09,4.054048937974631e-06,0.1913426498703724,1.0491476688786279e-10
18,9,-6.072260291281203,1.6883529290416317e-14,1.2817979729177894e-11,0.0005844465342871199,9.996804224051998e-12
18,10,-6.072260291281203,1.6883529290416317e-14,1.2817979729177894e-11,0.0,0.0
18,11,-6.072260291281203,1.6883529290416317e-14,1.2817979729177894e-11,0.0,0.0
18,12,-6.072260291281203,1.6883529290416317e-14,1.2817979729177894e-11,0.0,0.0
18,13,-6.072260291281203,1.6883529290416317e-14,1.2817979729177894e-11,0.0,0.0
18,14,-6.072260291281203,1.6883529290416317e-14,1.2817979729177894e-11,0.0,0.0
18,15,-6.072260291281203,1.6883529290416317e-14,1.2817979729177894e-11,0.0,0.0
18,16,-6.072260291281203,1.6883529290416317e-14,1.2817979729177894e-11,0.0,0.0
18,17,-6.072260291281203,1.6883529290416317e-14,1.2817979729177894e-11,0.0,0.0
18,18,-6.072260291281203,1.6883529290416317e-14,1.2817979729177894e-11,0.0,0.0
18,19,-6.072260291281203,1.6883529290416317e-14,1.2817979729177894e-11,0.0,0.0
18,20,-6.072260291281203,1.6883529290416317e-14,1.2817979729177894e-11,0.0,0.0
18,21,-6.072260291281203,1.6883529290416317e-14,1.2817979729177894e-11,0.0,0.0
18,22,-6.072260291281203,1.6883529290416317e-14,1.2817979729177894e-11,0.0,0.0
18,23,-6.072260291281203,1.6883529290416317e-14,1.2817979729177894e-11,0.0,0.0
18,24,-6.072260291281203,1.6883529290416317e-14,1.2817979729177894e-11,0.0,0.0
18,25,-6.072260291281203,1.6883529290416317e-14,1.2817979729177894e-11,0.0,0.0
18,26,-6.072260291281203,1.6883529290416317e-14,1.2817979729177894e-11,0.0,0.0
18,27,-6.072260291281203,1.6883529290416317e-14,1.2817979729177894e-11,0.0,0.0
18,28,-6.072260291281203,1.6883529290416317e-14,1.2817979729177894e-11,0.0,0.0
18,29,-6.072260291281203,1.6883529290416317e-14,1.2817979729177894e-11,0.0,0.0
18,30,-6.072260291281203,1.6883529290416317e-14,1.2817979729177894e-11,0.0,0.0
18,31,-6.072260291281203,1.6883529290416317e-14,1.2817979729177894e-11,0.0,0.0
18,32,-6.072260291281203,1.6883529290416317e-14,1.2817979729177894e-11,0.0,0.0
18,33,-6.072260291281203,1.6883529290416317e-14,1.2817979729177894e-11,0.0,0.0
18,34,-6.072260291281203,1.6883529290416317e-14,1.2817979729177894e-11,0.0,0.0
18,35,-6.072260291281203,1.6883529290416317e-14,1.2817979729177894e-11,0.0,0.0
18,36,-6.072260291281203,1.6883529290416317e-14,1.2817979729177894e-11,0.0,0.0
18,37,-6.072260291281203,1.6883529290416317e-14,1.2817979729177894e-11,0.0,0.0
18,38,-6.072260291281203,1.6883529290416317e-14,1.2817979729177894e-11,0.0,0.0
18,39,-6.072260291281203,1.6883529290416317e-14,1.2817979729177894e-11,0.0,0.0
18,40,-6.072260291281203,1.6883529290416317e-14,1.2817979729177894e-11,0.0,0.0
18,41,-6.072260291281203,1.6883529290416317e-14,1.2817979729177894e-11,0.0,0.0
18,42,-6.072260291281203,1.6883529290416317e-14,1.2817979729177894e-11,0.0,0.0
18,43,-6.072260291281203,1.6883529290416317e-14,1.2817979729177894e-11,0.0,0.0
18,44,-6.072260291281203,1.6883529290416317e-14,1.2817979729177894e-11,0.0,0.0
18,45,-6.072260291281203,1.6883529290416317e-14,1.2817979729177894e-11,0.0,0.0
18,46,-6.072260291281203,1.6883529290416317e-14,1.2817979729177894e-11,0.0,0.0
18,47,-6.072260291281203,1.6883529290416317e-14,1.2817979729177894e-11,0.0,0.0
18,48,-6.072260291281203,1.6883529290416317e-14,1.2817979729177894e-11,0.0,0.0
18,49,-6.072260291281203,1.6883529290416317e-14,1.2817979729177894e-11,0.0,0.0
18,50,-6.072260291281203,1.6883529290416317e-14,1.2817979729177894e-11,0.0,0.0
18,51,-6.072260291281203,1.6883529290416317e-14,1.2817979729177894e-11,0.0,0.0
18,52,-6.072260291281203,1.6883529290416317e-14,1.2817979729177894e-11,0.0,0.0
18,53,-6.072260291281203,1.6883529290416317e-14,1.2817979729177894e-11,0.0,0.0
18,54,-6.072260291281203,1.6883529290416317e-14,1.2817979729177894e-11,0.0,0.0
18,55,-6.072260291281203,1.6883529290416317e-14,1.2817979729177894e-11,0.0,0.0
18,56,-6.072260291281203,1.6883529290416317e-14,1.2817979729177894e-11,0.0,0.0
18,57,-6.072260291281203,1.6883529290416317e-14,1.2817979729177894e-11,0.0,0.0
18,58,-6.072260291281203,1.6883529290416317e-14,1.2817979729177894e-11,0.0,0.0
18,59,-6.072260291281203,1.6883529290416317e-14,1.2817979729177894e-11,0.0,0.0
18,60,-6.072260291281203,1.6883529290416317e-14,1.2817979729177894e-11,0.0,0.0
18,61,-6.072260291281203,1.6883529290416317e-14,1.2817979729177894e-11,0.0,0.0
18,62,-6.072260291281203,1.6883529290416317e-14,1.2817979729177894e-11,0.0,0.0
18,63,-6.072260291281203,1.6883529290416317e-14,1.2817979729177894e-11,0.0,0.0
18,64,-6.072260291281203,1.6883529290416317e-14,1.2817979729177894e-11,0.0,0.0
18,65,-6.072260291281203,1.6883529290416317e-14,1.2817979729177894e-11,0.0,0.0
18,66,-6.072260291281203,1.6883529290416317e-14,1.2817979729177894e-11,0.0,0.0
18,67,-6.072260291281203,1.6883529290416317e-14,1.2817979729177894e-11,0.0,0.0
18,68,-6.072260291281203,1.6883529290416317e-14,1.2817979729177894e-11,0.0,0.0
18,69,-6.072260291281203,1.6883529290416317e-14,1.2817979729177894e-11,0.0,0.0
18,70,-6.072260291281203,1.6883529290416317e-14,1.2817979729177894e-11,0.0,0.0
18,71,-6.072260291281203,1.6883529290416317e-14,1.2817979729177894e-11,0.0,0.0
18,72,-6.072260291281203,1.6883529290416317e-14,1.2817979729177894e-11,0.0,0.0
18,73,-6.072260291281203,1.6883529290416317e-14,1.2817979729177894e-11,0.0,0.0
18,74,-6.072260291281203,1.6883529290416317e-14,1.2817979729177894e-11,0.0,0.0
18,75,-6.072260291281203,1.6883529290416317e-14,1.2817979729177894e-11,0.0,0.0
18,76,-6.072260291281203,1.6883529290416317e-14,1.2817979729177894e-11,0.0,0.0
18,77,-6.072260291281203,1.6883529290416317e-14,1.2817979729177894e-11,0.0,0.0
18,78,-6.072260291281203,1.6883529290416317e-14,1.2817979729177894e-11,0.0,0.0
18,79,-6.072260291281203,1.6883529290416317e-14,1.2817979729177894e-11,0.0,0.0
18,80,-6.072260291281203,1.6883529290416317e-14,1.2817979729177894e-11,0.0,0.0
18,81,-6.072260291281203,1.6883529290416317e-14,1.2817979729177894e-11,0.0,0.0
18,82,-6.072260291281203,1.6883529290416317e-14,1.2817979729177894e-11,0.0,0.0
18,83,-6.072260291281203,1.6883529290416317e-14,1.2817979729177894e-11,0.0,0.0
18,84,-6.072260291281203,1.6883529290416317e-14,1.2817979729177894e-11,0.0,0.0
18,85,-6.072260291281203,1.6883529290416317e-14,1.2817979729177894e-11,0.0,0.0
18,86,-6.072260291281203,1.6883529290416317e-14,1.2817979729177894e-11,0.0,0.0
18,87,-6.072260291281203,1.6883529290416317e-14,1.2817979729177894e-11,0.0,0.0
18,88,-6.072260291281203,1.6883529290416317e-14,1.2817979729177894e-11,0.0,0.0
18,89,-6.072260291281203,1.6883529290416317e-14,1.2817979729177894e-11,0.0,0.0
18,90,-6.072260291281203,1.6883529290416317e-14,1.2817979729177894e-11,0.0,0.0
18,91,-6.072260291281203,1.6883529290416317e-14,1.2817979729177894e-11,0.0,0.0
18,92,-6.072260291281203,1.6883529290416317e-14,1.2817979729177894e-11,0.0,0.0
18,93,-6.072260291281203,1.6883529290416317e-14,1.2817979729177894e-11,0.0,0.0
18,94,-6.072260291281203,1.6883529290416317e-14,1.2817979729177894e-11,0.0,0.0
18,95,-6.072260291281203,1.6883529290416317e-14,1.2817979729177894e-11,0.0,0.0
18,96,-6.072260291281203,1.6883529290416317e-14,1.2817979729177894e-11,0.0,0.0
18,97,-6.072260291281203,1.6883529290416317e-14,1.2817979729177894e-11,0.0,0.0
18,98,-6.072260291281203,1.6883529290416317e-14,1.2817979729177894e-11,0.0,0.0
18,99,-6.072260291281203,1.6883529290416317e-14,1.2817979729177894e-11,0.0,0.0
18,100,-6.072260291281203,1.6883529290416317e-14,1.2817979729177894e-11,0.0,0.0
18,101,-6.072260291281203,1.6883529290416317e-14,1.2817979729177894e-11,0.0,0.0
18,102,-6.072260291281203,1.6883529290416317e-14,1.2817979729177894e-11,0.0,0.0
18,103,-6.072260291281203,1.6883529290416317e-14,1.2817979729177894e-11,0.0,0.0
18,104,-6.072260291281203,1.6883529290416317e-14,1.2817979729177894e-11,0.0,0.0
18,105,-6.072260291281203,1.6883529290416317e-14,1.2817979729177894e-11,0.0,0.0
18,106,-6.072260291281203,1.6883529290416317e-14,1.2817979729177894e-11,0.0,0.0
18,107,-6.072260291281203,1.6883529290416317e-14,1.2817979729177894e-11,0.0,0.0
18,108,-6.072260291281203,1.6883529290416317e-14,1.2817979729177894e-11,0.0,0.0
18,109,-6.072260291281203,1.6883529290416317e-14,1.2817979729177894e-11,0.0,0.0
18,110,-6.072260291281203,1.6883529290416317e-14,1.2817979729177894e-11,0.0,0.0
18,111,-6.072260291281203,1.6883529290416317e-14,1.2817979729177894e-11,0.0,0.0
18,112,-6.072260291281203,1.6883529290416317e-14,1.2817979729177894e-11,0.0,0.0
18,113,-6.072260291281203,1.6883529290416317e-14,1.2817979729177894e-11,0.0,0.0
18,114,-6.072260291281203,1.6883529290416317e-14,1.2817979729177894e-11,0.0,0.0
18,115,-6.072260291281203,1.6883529290416317e-14,1.2817979729177894e-11,0.0,0.0
18,116,-6.072260291281203,1.6883529290416317e-14,1.2817979729177894e-11,0.0,0.0
18,117,-6.072260291281203,1.6883529290416317e-14,1.2817979729177894e-11,0.0,0.0
18,118,-6.072260291281203,1.6883529290416317e-14,1.2817979729177894e-11,0.0,0.0
18,119,-6.072260291281203,1.6883529290416317e-14,1.2817979729177894e-11,0.0,0.0
18,120,-6.072260291281203,1.6883529290416317e-14,1.2817979729177894e-11,0.0,0.0
18,121,-6.072260291281203,1.6883529290416317e-14,1.2817979729177894e-11,0.0,0.0
18,122,-6.072260291281203,1.6883529290416317e-14,1.2817979729177894e-11,0.0,0.0
18,123,-6.072260291281203,1.6883529290416317e-14,1.2817979729177894e-11,0.0,0.0
18,124,-6.072260291281203,1.6883529290416317e-14,1.2817979729177894e-11,0.0,0.0
18,125,-6.072260291281203,1.6883529290416317e-14,1.2817979729177894e-11,0.0,0.0
18,126,-6.072260291281203,1.6883529290416317e-14,1.2817979729177894e-11,0.0,0.0
18,127,-6.072260291281203,1.6883529290416317e-14,1.2817979729177894e-11,0.0,0.0
18,128,-6.072260291281203,1.6883529290416317e-14,1.2817979729177894e-11,0.0,0.0
18,129,-6.072260291281203,1.6883529290416317e-14,1.2817979729177894e-11,0.0,0.0
18,130,-6.072260291281203,1.6883529290416317e-14,1.2817979729177894e-11,0.0,0.0
18,131,-6.072260291281203,1.6883529290416317e-14,1.2817979729177894e-11,0.0,0.0
18,132,-6.072260291281203,1.6883529290416317e-14,1.2817979729177894e-11,0.0,0.0
18,133,-6.072260291281203,1.6883529290416317e-14,1.2817979729177894e-11,0.0,0.0
18,134,-6.072260291281203,1.6883529290416317e-14,1.2817979729177894e-11,0.0,0.0
18,135,-6.072260291281203,1.6883529290416317e-14,1.2817979729177894e-11,0.0,0.0
18,136,-6.072260291281203,1.6883529290416317e-14,1.2817979729177894e-11,0.0,0.0
18,137,-6.072260291281203,1.6883529290416317e-14,1.2817979729177894e-11,0.0,0.0
18,138,-6.072260291281203,1.6883529290416317e-14,1.2817979729177894e-11,0.0,0.0
18,139,-6.072260291281203,1.6883529290416317e-14,1.2817979729177894e-11,0.0,0.0
18,140,-6.072260291281203,1.6883529290416317e-14,1.2817979729177894e-11,0.0,0.0
18,141,-6.072260291281203,1.6883529290416317e-14,1.2817979729177894e-11,0.0,0.0
18,142,-6.072260291281203,1.6883529290416317e-14,1.2817979729177894e-11,0.0,0.0
18,143,-6.072260291281203,1.6883529290416317e-14,1.2817979729177894e-11,0.0,0.0
18,144,-6.072260291281203,1.6883529290416317e-14,1.2817979729177894e-11,0.0,0.0
18,145,-6.072260291281203,1.6883529290416317e-14,1.2817979729177894e-11,0.0,0.0
18,146,-6.072260291281203,1.6883529290416317e-14,1.2817979729177894e-11,0.0,0.0
18,147,-6.072260291281203,1.6883529290416317e-14,1.2817979729177894e-11,0.0,0.0
18,148,-6.072260291281203,1.6883529290416317e-14,1.2817979729177894e-11,0.0,0.0
18,149,-6.072260291281203,1.6883529290416317e-14,1.2817979729177894e-11,0.0,0.0
18,150,-6.072260291281203,1.6883529290416317e-14,1.2817979729177894e-11,0.0,0.0
18,151,-6.072260291281203,1.6883529290416317e-14,1.2817979729177894e-11,0.0,0.0
18,152,-6.072260291281203,1.6883529290416317e-14,1.2817979729177894e-11,0.0,0.0
18,153,-6.072260291281203,1.6883529290416317e-14,1.2817979729177894e-11,0.0,0.0
18,154,-6.072260291281203,1.6883529290416317e-14,1.2817979729177894e-11,0.0,0.0
18,155,-6.072260291281203,1.6883529290416317e-14,1.2817979729177894e-11,0.0,0.0
18,156,-6.072260291281203,1.6883529290416317e-14,1.2817979729177894e-11,0.0,0.0
18,157,-6.072260291281203,1.6883529290416317e-14,1.2817979729177894e-11,0.0,0.0
18,158,-6.072260291281203,1.6883529290416317e-14,1.2817979729177894e-11,0.0,0.0
18,159,-6.072260291281203,1.6883529290416317e-14,1.2817979729177894e-11,0.0,0.0
18,160,-6.072260291281203,1.6883529290416317e-14,1.2817979729177894e-11,0.0,0.0
18,161,-6.072260291281203,1.6883529290416317e-14,1.2817979729177894e-11,0.0,0.0
18,162,-6.072260291281203,1.6883529290416317e-14,1.2817979729177894e-11,0.0,0.0
18,163,-6.072260291281203,1.6883529290416317e-14,1.2817979729177894e-11,0.0,0.0
18,164,-6.072260291281203,1.6883529290416317e-14,1.2817979729177894e-11,0.0,0.0
18,165,-6.072260291281203,1.6883529290416317e-14,1.2817979729177894e-11,0.0,0.0
18,166,-6.072260291281203,1.6883529290416317e-14,1.2817979729177894e-11,0.0,0.0
18,167,-6.072260291281203,1.6883529290416317e-14,1.2817979729177894e-11,0.0,0.0
18,168,-6.072260291281203,1.6883529290416317e-14,1.2817979729177894e-11,0.0,0.0
18,169,-6.072260291281203,1.6883529290416317e-14,1.2817979729177894e-11,0.0,0.0
18,170,-6.072260291281203,1.6883529290416317e-14,1.2817979729177894e-11,0.0,0.0
18,171,-6.072260291281203,1.6883529290416317e-14,1.2817979729177894e-11,0.0,0.0
18,172,-6.072260291281203,1.6883529290416317e-14,1.2817979729177894e-11,0.0,0.0
18,173,-6.072260291281203,1.6883529290416317e-14,1.2817979729177894e-11,0.0,0.0
18,174,-6.072260291281203,1.6883529290416317e-14,1.2817979729177894e-11,0.0,0.0
18,175,-6.072260291281203,1.6883529290416317e-14,1.2817979729177894e-11,0.0,0.0
18,176,-6.072260291281203,1.6883529290416317e-14,1.2817979729177894e-11,0.0,0.0
18,177,-6.072260291281203,1.6883529290416317e-14,1.2817979729177894e-11,0.0,0.0
18,178,-6.072260291281203,1.6883529290416317e-14,1.2817979729177894e-11,0.0,0.0
18,179,-6.072260291281203,1.6883529290416317e-14,1.2817979729177894e-11,0.0,0.0
18,180,-6.072260291281203,1.6883529290416317e-14,1.2817979729177894e-11,0.0,0.0
18,181,-6.072260291281203,1.6883529290416317e-14,1.2817979729177894e-11,0.0,0.0
18,182,-6.072260291281203,1.6883529290416317e-14,1.2817979729177894e-11,0.0,0.0
18,183,-6.072260291281203,1.6883529290416317e-14,1.2817979729177894e-11,0.0,0.0
18,184,-6.072260291281203,1.6883529290416317e-14,1.2817979729177894e-11,0.0,0.0
18,185,-6.072260291281203,1.6883529290416317e-14,1.2817979729177894e-11,0.0,0.0
18,186,-6.072260291281203,1.6883529290416317e-14,1.2817979729177894e-11,0.0,0.0
18,187,-6.072260291281203,1.6883529290416317e-14,1.2817979729177894e-11,0.0,0.0
18,188,-6.072260291281203,1.6883529290416317e-14,1.2817979729177894e-11,0.0,0.0
18,189,-6.072260291281203,1.6883529290416317e-14,1.2817979729177894e-11,0.0,0.0
18,190,-6.072260291281203,1.6883529290416317e-14,1.2817979729177894e-11,0.0,0.0
18,191,-6.072260291281203,1.6883529290416317e-14,1.2817979729177894e-11,0.0,0.0
18,192,-6.072260291281203,1.6883529290416317e-14,1.2817979729177894e-11,0.0,0.0
18,193,-6.072260291281203,1.6883529290416317e-14,1.2817979729177894e-11,0.0,0.0
18,194,-6.072260291281203,1.6883529290416317e-14,1.2817979729177894e-11,0.0,0.0
18,195,-6.072260291281203,1.6883529290416317e-14,1.2817979729177894e-11,0.0,0.0
18,196,-6.072260291281203,1.6883529290416317e-14,1.2817979729177894e-11,0.0,0.0
18,197,-6.072260291281203,1.6883529290416317e-14,1.2817979729177894e-11,0.0,0.0
18,198,-6.072260291281203,1.6883529290416317e-14,1.2817979729177894e-11,0.0,0.0
18,199,-6.072260291281203,1.6883529290416317e-14,1.2817979729177894e-11,0.0,0.0
18,200,-6.072260291281203,1.6883529290416317e-14,1.2817979729177894e-11,0.0,0.0
18,201,-6.072260291281203,1.6883529290416317e-14,1.2817979729177894e-11,0.0,0.0
18,202,-6.072260291281203,1.6883529290416317e-14,1.2817979729177894e-11,0.0,0.0
18,203,-6.072260291281203,1.6883529290416317e-14,1.2817979729177894e-11,0.0,0.0
18,204,-6.072260291281203,1.6883529290416317e-14,1.2817979729177894e-11,0.0,0.0
18,205,-6.072260291281203,1.6883529290416317e-14,1.2817979729177894e-11,0.0,0.0
18,206,-6.072260291281203,1.6883529290416317e-14,1.2817979729177894e-11,0.0,0.0
18,207,-6.072260291281203,1.6883529290416317e-14,1.2817979729177894e-11,0.0,0.0
18,208,-6.072260291281203,1.6883529290416317e-14,1.2817979729177894e-11,0.0,0.0
18,209,-6.072260291281203,1.6883529290416317e-14,1.2817979729177894e-11,0.0,0.0
18,210,-6.072260291281203,1.6883529290416317e-14,1.2817979729177894e-11,0.0,0.0
18,211,-6.072260291281203,1.6883529290416317e-14,1.2817979729177894e-11,0.0,0.0
18,212,-6.072260291281203,1.6883529290416317e-14,1.2817979729177894e-11,0.0,0.0
18,213,-6.072260291281203,1.6883529290416317e-14,1.2817979729177894e-11,0.0,0.0
18,214,-6.072260291281203,1.6883529290416317e-14,1.2817979729177894e-11,0.0,0.0
18,215,-6.072260291281203,1.6883529290416317e-14,1.2817979729177894e-11,0.0,0.0
18,216,-6.072260291281203,1.6883529290416317e-14,1.2817979729177894e-11,0.0,0.0
18,217,-6.072260291281203,1.6883529290416317e-14,1.2817979729177894e-11,0.0,0.0
18,218,-6.072260291281203,1.6883529290416317e-14,1.2817979729177894e-11,0.0,0.0
18,219,-6.072260291281203,1.6883529290416317e-14,1.2817979729177894e-11,0.0,0.0
18,220,-6.072260291281203,1.6883529290416317e-14,1.2817979729177894e-11,0.0,0.0
18,221,-6.072260291281203,1.6883529290416317e-14,1.2817979729177894e-11,0.0,0.0
18,222,-6.072260291281203,1.6883529290416317e-14,1.2817979729177894e-11,0.0,0.0
18,223,-6.072260291281203,1.6883529290416317e-14,1.2817979729177894e-11,0.0,0.0
18,224,-6.072260291281203,1.6883529290416317e-14,1.2817979729177894e-11,0.0,0.0
18,225,-6.072260291281203,1.6883529290416317e-14,1.2817979729177894e-11,0.0,0.0
18,226,-6.072260291281203,1.6883529290416317e-14,1.2817979729177894e-11,0.0,0.0
18,227,-6.072260291281203,1.6883529290416317e-14,1.2817979729177894e-11,0.0,0.0
18,228,-6.072260291281203,1.6883529290416317e-14,1.2817979729177894e-11,0.0,0.0
18,229,-6.072260291281203,1.6883529290416317e-14,1.2817979729177894e-11,0.0,0.0
18,230,-6.072260291281203,1.6883529290416317e-14,1.2817979729177894e-11,0.0,0.0
18,231,-6.072260291281203,1.6883529290416317e-14,1.2817979729177894e-11,0.0,0.0
18,232,-6.072260291281203,1.6883529290416317e-14,1.2817979729177894e-11,0.0,0.0
18,233,-6.072260291281203,1.6883529290416317e-14,1.2817979729177894e-11,0.0,0.0
18,234,-6.072260291281203,1.6883529290416317e-14,1.2817979729177894e-11,0.0,0.0
18,235,-6.072260291281203,1.6883529290416317e-14,1.2817979729177894e-11,0.0,0.0
18,236,-6.072260291281203,1.6883529290416317e-14,1.2817979729177894e-11,0.0,0.0
18,237,-6.072260291281203,1.6883529290416317e-14,1.2817979729177894e-11,0.0,0.0
18,238,-6.072260291281203,1.6883529290416317e-14,1.2817979729177894e-11,0.0,0.0
18,239,-6.072260291281203,1.6883529290416317e-14,1.2817979729177894e-11,0.0,0.0
18,240,-6.072260291281203,1.6883529290416317e-14,1.2817979729177894e-11,0.0,0.0
18,241,-6.072260291281203,1.6883529290416317e-14,1.2817979729177894e-11,0.0,0.0
18,242,-6.072260291281203,1.6883529290416317e-14,1.2817979729177894e-11,0.0,0.0
18,243,-6.072260291281203,1.6883529290416317e-14,1.2817979729177894e-11,0.0,0.0
18,244,-6.072260291281203,1.6883529290416317e-14,1.2817979729177894e-11,0.0,0.0
18,245,-6.072260291281203,1.6883529290416317e-14,1.2817979729177894e-11,0.0,0.0
18,246,-6.072260291281203,1.6883529290416317e-14,1.2817979729177894e-11,0.0,0.0
18,247,-6.072260291281203,1.6883529290416317e-14,1.2817979729177894e-11,0.0,0.0
18,248,-6.072260291281203,1.6883529290416317e-14,1.2817979729177894e-11,0.0,0.0
18,249,-6.072260291281203,1.6883529290416317e-14,1.2817979729177894e-11,0.0,0.0
18,250,-6.072260291281203,1.6883529290416317e-14,1.2817979729177894e-11,0.0,0.0
18,251,-6.072260291281203,1.6883529290416317e-14,1.2817979729177894e-11,0.0,0.0
18,252,-6.072260291281203,1.6883529290416317e-14,1.2817979729177894e-11,0.0,0.0
18,253,-6.072260291281203,1.6883529290416317e-14,1.2817979729177894e-11,0.0,0.0
18,254,-6.072260291281203,1.6883529290416317e-14,1.2817979729177894e-11,0.0,0.0
18,255,-6.072260291281203,1.6883529290416317e-14,1.2817979729177894e-11,0.0,0.0
18,256,-6.072260291281203,1.6883529290416317e-14,1.2817979729177894e-11,0.0,0.0
18,257,-6.072260291281203,1.6883529290416317e-14,1.2817979729177894e-11,0.0,0.0
18,258,-6.072260291281203,1.6883529290416317e-14,1.2817979729177894e-11,0.0,0.0
18,259,-6.072260291281203,1.6883529290416317e-14,1.2817979729177894e-11,0.0,0.0
18,260,-6.072260291281203,1.6883529290416317e-14,1.2817979729177894e-11,0.0,0.0
18,261,-6.072260291281203,1.6883529290416317e-14,1.2817979729177894e-11,0.0,0.0
18,262,-6.072260291281203,1.6883529290416317e-14,1.2817979729177894e-11,0.0,0.0
18,263,-6.072260291281203,1.6883529290416317e-14,1.2817979729177894e-11,0.0,0.0
18,264,-6.072260291281203,1.6883529290416317e-14,1.2817979729177894e-11,0.0,0.0
18,265,-6.072260291281203,1.6883529290416317e-14,1.2817979729177894e-11,0.0,0.0
18,266,-6.072260291281203,1.6883529290416317e-14,1.2817979729177894e-11,0.0,0.0
18,267,-6.072260291281203,1.6883529290416317e-14,1.2817979729177894e-11,0.0,0.0
18,268,-6.072260291281203,1.6883529290416317e-14,1.2817979729177894e-11,0.0,0.0
18,269,-6.072260291281203,1.6883529290416317e-14,1.2817979729177894e-11,0.0,0.0
18,270,-6.072260291281203,1.6883529290416317e-14,1.2817979729177894e-11,0.0,0.0
18,271,-6.072260291281203,1.6883529290416317e-14,1.2817979729177894e-11,0.0,0.0
18,272,-6.072260291281203,1.6883529290416317e-14,1.2817979729177894e-11,0.0,0.0
18,273,-6.072260291281203,1.6883529290416317e-14,1.2817979729177894e-11,0.0,0.0
18,274,-6.072260291281203,1.6883529290416317e-14,1.2817979729177894e-11,0.0,0.0
18,275,-6.072260291281203,1.6883529290416317e-14,1.2817979729177894e-11,0.0,0.0
18,276,-6.072260291281203,1.6883529290416317e-14,1.2817979729177894e-11,0.0,0.0
18,277,-6.072260291281203,1.6883529290416317e-14,1.2817979729177894e-11,0.0,0.0
18,278,-6.072260291281203,1.6883529290416317e-14,1.2817979729177894e-11,0.0,0.0
18,279,-6.072260291281203,1.6883529290416317e-14,1.2817979729177894e-11,0.0,0.0
18,280,-6.072260291281203,1.6883529290416317e-14,1.2817979729177894e-11,0.0,0.0
18,281,-6.072260291281203,1.6883529290416317e-14,1.2817979729177894e-11,0.0,0.0
18,282,-6.072260291281203,1.6883529290416317e-14,1.2817979729177894e-11,0.0,0.0
18,283,-6.072260291281203,1.6883529290416317e-14,1.2817979729177894e-11,0.0,0.0
18,284,-6.072260291281203,1.6883529290416317e-14,1.2817979729177894e-11,0.0,0.0
18,285,-6.072260291281203,1.6883529290416317e-14,1.2817979729177894e-11,0.0,0.0
18,286,-6.072260291281203,1.6883529290416317e-14,1.2817979729177894e-11,0.0,0.0
18,287,-6.072260291281203,1.6883529290416317e-14,1.2817979729177894e-11,0.0,0.0
18,288,-6.072260291281203,1.6883529290416317e-14,1.2817979729177894e-11,0.0,0.0
18,289,-6.072260291281203,1.6883529290416317e-14,1.2817979729177894e-11,0.0,0.0
18,290,-6.072260291281203,1.6883529290416317e-14,1.2817979729177894e-11,0.0,0.0
18,291,-6.072260291281203,1.6883529290416317e-14,1.2817979729177894e-11,0.0,0.0
18,292,-6.072260291281203,1.6883529290416317e-14,1.2817979729177894e-11,0.0,0.0
18,293,-6.072260291281203,1.6883529290416317e-14,1.2817979729177894e-11,0.0,0.0
18,294,-6.072260291281203,1.6883529290416317e-14,1.2817979729177894e-11,0.0,0.0
18,295,-6.072260291281203,1.6883529290416317e-14,1.2817979729177894e-11,0.0,0.0
18,296,-6.072260291281203,1.6883529290416317e-14,1.2817979729177894e-11,0.0,0.0
18,297,-6.072260291281203,1.6883529290416317e-14,1.2817979729177894e-11,0.0,0.0
18,298,-6.072260291281203,1.6883529290416317e-14,1.2817979729177894e-11,0.0,0.0
18,299,-6.072260291281203,1.6883529290416317e-14,1.2817979729177894e-11,0.0,0.0
18,300,-6.072260291281203,1.6883529290416317e-14,1.2817979729177894e-11,0.0,0.0
19,1,-5.9144330420938545,0.23104473382172327,175.85113111286984,0.0006393040412620007,0.05338166902675096
19,2,-6.029920754579105,0.04395026234223028,33.451112335467116,0.0014661224383713744,0.03618518482408028
19,3,-6.042430211912141,0.0573734115905916,43.667644603380985,0.004676251694287164,1.70411306714494
19,4,-6.07892062134034,0.03977249452053349,30.27135928582952,0.008203537866609259,0.4805563399202189
19,5,-6.082769300310405,0.004493963252014222,3.420413475669833,0.0018370692226315837,0.0127671326945745
19,6,-6.083172429801829,0.01150553748433341,8.757013186211484,0.015103862951113486,6.554729738157971
19,7,-6.085721312747822,0.0002885400123239085,0.21961153019671217,0.014590820120817855,0.000628924145949354
19,8,-6.085729760963263,1.8073558090548167e-09,1.3756018502933865e-06,0.07699308533331728,3.9235141806684264e-11
19,9,-6.085729760963263,6.397291910151354e-15,4.869061500996459e-12,0.0005865006392314358,1.2528671367839962e-11
19,10,-6.085729760963263,6.397291910151354e-15,4.869061500996459e-12,0.0,0.0
19,11,-6.085729760963263,6.397291910151354e-15,4.869061500996459e-12,0.0,0.0
19,12,-6.085729760963263,6.397291910151354e-15,4.869061500996459e-12,0.0,0.0
19,13,-6.085729760963263,6.397291910151354e-15,4.869061500996459e-12,0.0,0.0
19,14,-6.085729760963263,6.397291910151354e-15,4.869061500996459e-12,0.0,0.0
19,15,-6.085729760963263,6.397291910151354e-15,4.869061500996459e-12,0.0,0.0
19,16,-6.085729760963263,6.397291910151354e-15,4.869061500996459e-12,0.0,0.0
19,17,-6.085729760963263,6.397291910151354e-15,4.869061500996459e-12,0.0,0.0
19,18,-6.085729760963263,6.397291910151354e-15,4.869061500996459e-12,0.0,0.0
19,19,-6.085729760963263,6.397291910151354e-15,4.869061500996459e-12,0.0,0.0
19,20,-6.085729760963263,6.397291910151354e-15,4.869061500996459e-12,0.0,0.0
19,21,-6.085729760963263,6.397291910151354e-15,4.869061500996459e-12,0.0,0.0
19,22,-6.085729760963263,6.397291910151354e-15,4.869061500996459e-12,0.0,0.0
19,23,-6.085729760963263,6.397291910151354e-15,4.869061500996459e-12,0.0,0.0
19,24,-6.085729760963263,6.397291910151354e-15,4.869061500996459e-12,0.0,0.0
19,25,-6.085729760963263,6.397291910151354e-15,4.869061500996459e-12,0.0,0.0
19,26,-6.085729760963263,6.397291910151354e-15,4.869061500996459e-12,0.0,0.0
19,27,-6.085729760963263,6.397291910151354e-15,4.869061500996459e-12,0.0,0.0
19,28,-6.085729760963263,6.397291910151354e-15,4.869061500996459e-12,0.0,0.0
19,29,-6.085729760963263,6.397291910151354e-15,4.869061500996459e-12,0.0,0.0
19,30,-6.085729760963263,6.397291910151354e-15,4.869061500996459e-12,0.0,0.0
19,31,-6.085729760963263,6.397291910151354e-15,4.869061500996459e-12,0.0,0.0
19,32,-6.085729760963263,6.397291910151354e-15,4.869061500996459e-12,0.0,0.0
19,33,-6.085729760963263,6.397291910151354e-15,4.869061500996459e-12,0.0,0.0
19,34,-6.085729760963263,6.397291910151354e-15,4.869061500996459e-12,0.0,0.0
19,35,-6.085729760963263,6.397291910151354e-15,4.869061500996459e-12,0.0,0.0
19,36,-6.085729760963263,6.397291910151354e-15,4.869061500996459e-12,0.0,0.0
19,37,-6.085729760963263,6.397291910151354e-15,4.869061500996459e-12,0.0,0.0
19,38,-6.085729760963263,6.397291910151354e-15,4.869061500996459e-12,0.0,0.0
19,39,-6.085729760963263,6.397291910151354e-15,4.869061500996459e-12,0.0,0.0
19,40,-6.085729760963263,6.397291910151354e-15,4.869061500996459e-12,0.0,0.0
19,41,-6.085729760963263,6.397291910151354e-15,4.869061500996459e-12,0.0,0.0
19,42,-6.085729760963263,6.397291910151354e-15,4.869061500996459e-12,0.0,0.0
19,43,-6.085729760963263,6.397291910151354e-15,4.869061500996459e-12,0.0,0.0
19,44,-6.085729760963263,6.397291910151354e-15,4.869061500996459e-12,0.0,0.0
19,45,-6.085729760963263,6.397291910151354e-15,4.869061500996459e-12,0.0,0.0
19,46,-6.085729760963263,6.397291910151354e-15,4.869061500996459e-12,0.0,0.0
19,47,-6.085729760963263,6.397291910151354e-15,4.869061500996459e-12,0.0,0.0
19,48,-6.085729760963263,6.397291910151354e-15,4.869061500996459e-12,0.0,0.0
19,49,-6.085729760963263,6.397291910151354e-15,4.869061500996459e-12,0.0,0.0
19,50,-6.085729760963263,6.397291910151354e-15,4.869061500996459e-12,0.0,0.0
19,51,-6.085729760963263,6.397291910151354e-15,4.869061500996459e-12,0.0,0.0
19,52,-6.085729760963263,6.397291910151354e-15,4.869061500996459e-12,0.0,0.0
19,53,-6.085729760963263,6.397291910151354e-15,4.869061500996459e-12,0.0,0.0
19,54,-6.085729760963263,6.397291910151354e-15,4.869061500996459e-12,0.0,0.0
19,55,-6.085729760963263,6.397291910151354e-15,4.869061500996459e-12,0.0,0.0
19,56,-6.085729760963263,6.397291910151354e-15,4.869061500996459e-12,0.0,0.0
19,57,-6.085729760963263,6.397291910151354e-15,4.869061500996459e-12,0.0,0.0
19,58,-6.085729760963263,6.397291910151354e-15,4.869061500996459e-12,0.0,0.0
19,59,-6.085729760963263,6.397291910151354e-15,4.869061500996459e-12,0.0,0.0
19,60,-6.085729760963263,6.397291910151354e-15,4.869061500996459e-12,0.0,0.0
19,61,-6.085729760963263,6.397291910151354e-15,4.869061500996459e-12,0.0,0.0
19,62,-6.085729760963263,6.397291910151354e-15,4.869061500996459e-12,0.0,0.0
19,63,-6.085729760963263,6.397291910151354e-15,4.869061500996459e-12,0.0,0.0
19,64,-6.085729760963263,6.397291910151354e-15,4.869061500996459e-12,0.0,0.0
19,65,-6.085729760963263,6.397291910151354e-15,4.869061500996459e-12,0.0,0.0
19,66,-6.085729760963263,6.397291910151354e-15,4.869061500996459e-12,0.0,0.0
19,67,-6.085729760963263,6.397291910151354e-15,4.869061500996459e-12,0.0,0.0
19,68,-6.085729760963263,6.397291910151354e-15,4.869061500996459e-12,0.0,0.0
19,69,-6.085729760963263,6.397291910151354e-15,4.869061500996459e-12,0.0,0.0
19,70,-6.085729760963263,6.397291910151354e-15,4.869061500996459e-12,0.0,0.0
19,71,-6.085729760963263,6.397291910151354e-15,4.869061500996459e-12,0.0,0.0
19,72,-6.085729760963263,6.397291910151354e-15,4.869061500996459e-12,0.0,0.0
19,73,-6.085729760963263,6.397291910151354e-15,4.869061500996459e-12,0.0,0.0
19,74,-6.085729760963263,6.397291910151354e-15,4.869061500996459e-12,0.0,0.0
19,75,-6.085729760963263,6.397291910151354e-15,4.869061500996459e-12,0.0,0.0
19,76,-6.085729760963263,6.397291910151354e-15,4.869061500996459e-12,0.0,0.0
19,77,-6.085729760963263,6.397291910151354e-15,4.869061500996459e-12,0.0,0.0
19,78,-6.085729760963263,6.397291910151354e-15,4.869061500996459e-12,0.0,0.0
19,79,-6.085729760963263,6.397291910151354e-15,4.869061500996459e-12,0.0,0.0
19,80,-6.085729760963263,6.397291910151354e-15,4.869061500996459e-12,0.0,0.0
19,81,-6.085729760963263,6.397291910151354e-15,4.869061500996459e-12,0.0,0.0
19,82,-6.085729760963263,6.397291910151354e-15,4.869061500996459e-12,0.0,0.0
19,83,-6.085729760963263,6.397291910151354e-15,4.869061500996459e-12,0.0,0.0
19,84,-6.085729760963263,6.397291910151354e-15,4.869061500996459e-12,0.0,0.0
19,85,-6.085729760963263,6.397291910151354e-15,4.869061500996459e-12,0.0,0.0
19,86,-6.085729760963263,6.397291910151354e-15,4.869061500996459e-12,0.0,0.0
19,87,-6.085729760963263,6.397291910151354e-15,4.869061500996459e-12,0.0,0.0
19,88,-6.085729760963263,6.397291910151354e-15,4.869061500996459e-12,0.0,0.0
19,89,-6.085729760963263,6.397291910151354e-15,4.869061500996459e-12,0.0,0.0
19,90,-6.085729760963263,6.397291910151354e-15,4.869061500996459e-12,0.0,0.0
19,91,-6.085729760963263,6.397291910151354e-15,4.869061500996459e-12,0.0,0.0
19,92,-6.085729760963263,6.397291910151354e-15,4.869061500996459e-12,0.0,0.0
19,93,-6.085729760963263,6.397291910151354e-15,4.869061500996459e-12,0.0,0.0
19,94,-6.085729760963263,6.397291910151354e-15,4.869061500996459e-12,0.0,0.0
19,95,-6.085729760963263,6.397291910151354e-15,4.869061500996459e-12,0.0,0.0
19,96,-6.085729760963263,6.397291910151354e-15,4.869061500996459e-12,0.0,0.0
19,97,-6.085729760963263,6.397291910151354e-15,4.869061500996459e-12,0.0,0.0
19,98,-6.085729760963263,6.397291910151354e-15,4.869061500996459e-12,0.0,0.0
19,99,-6.085729760963263,6.397291910151354e-15,4.869061500996459e-12,0.0,0.0
19,100,-6.085729760963263,6.397291910151354e-15,4.869061500996459e-12,0.0,0.0
19,101,-6.085729760963263,6.397291910151354e-15,4.869061500996459e-12,0.0,0.0
19,102,-6.085729760963263,6.397291910151354e-15,4.869061500996459e-12,0.0,0.0
19,103,-6.085729760963263,6.397291910151354e-15,4.869061500996459e-12,0.0,0.0
19,104,-6.085729760963263,6.397291910151354e-15,4.869061500996459e-12,0.0,0.0
19,105,-6.085729760963263,6.397291910151354e-15,4.869061500996459e-12,0.0,0.0
19,106,-6.085729760963263,6.397291910151354e-15,4.869061500996459e-12,0.0,0.0
19,107,-6.085729760963263,6.397291910151354e-15,4.869061500996459e-12,0.0,0.0
19,108,-6.085729760963263,6.397291910151354e-15,4.869061500996459e-12,0.0,0.0
19,109,-6.085729760963263,6.397291910151354e-15,4.869061500996459e-12,0.0,0.0
19,110,-6.085729760963263,6.397291910151354e-15,4.869061500996459e-12,0.0,0.0
19,111,-6.085729760963263,6.397291910151354e-15,4.869061500996459e-12,0.0,0.0
19,112,-6.085729760963263,6.397291910151354e-15,4.869061500996459e-12,0.0,0.0
19,113,-6.085729760963263,6.397291910151354e-15,4.869061500996459e-12,0.0,0.0
19,114,-6.085729760963263,6.397291910151354e-15,4.869061500996459e-12,0.0,0.0
19,115,-6.085729760963263,6.397291910151354e-15,4.869061500996459e-12,0.0,0.0
19,116,-6.085729760963263,6.397291910151354e-15,4.869061500996459e-12,0.0,0.0
19,117,-6.085729760963263,6.397291910151354e-15,4.869061500996459e-12,0.0,0.0
19,118,-6.085729760963263,6.397291910151354e-15,4.869061500996459e-12,0.0,0.0
19,119,-6.085729760963263,6.397291910151354e-15,4.869061500996459e-12,0.0,0.0
19,120,-6.085729760963263,6.397291910151354e-15,4.869061500996459e-12,0.0,0.0
19,121,-6.085729760963263,6.397291910151354e-15,4.869061500996459e-12,0.0,0.0
19,122,-6.085729760963263,6.397291910151354e-15,4.869061500996459e-12,0.0,0.0
19,123,-6.085729760963263,6.397291910151354e-15,4.869061500996459e-12,0.0,0.0
19,124,-6.085729760963263,6.397291910151354e-15,4.869061500996459e-12,0.0,0.0
19,125,-6.085729760963263,6.397291910151354e-15,4.869061500996459e-12,0.0,0.0
19,126,-6.085729760963263,6.397291910151354e-15,4.869061500996459e-12,0.0,0.0
19,127,-6.085729760963263,6.397291910151354e-15,4.869061500996459e-12,0.0,0.0
19,128,-6.085729760963263,6.397291910151354e-15,4.869061500996459e-12,0.0,0.0
19,129,-6.085729760963263,6.397291910151354e-15,4.869061500996459e-12,0.0,0.0
19,130,-6.085729760963263,6.397291910151354e-15,4.869061500996459e-12,0.0,0.0
19,131,-6.085729760963263,6.397291910151354e-15,4.869061500996459e-12,0.0,0.0
19,132,-6.085729760963263,6.397291910151354e-15,4.869061500996459e-12,0.0,0.0
19,133,-6.085729760963263,6.397291910151354e-15,4.869061500996459e-12,0.0,0.0
19,134,-6.085729760963263,6.397291910151354e-15,4.869061500996459e-12,0.0,0.0
19,135,-6.085729760963263,6.397291910151354e-15,4.869061500996459e-12,0.0,0.0
19,136,-6.085729760963263,6.397291910151354e-15,4.869061500996459e-12,0.0,0.0
19,137,-6.085729760963263,6.397291910151354e-15,4.869061500996459e-12,0.0,0.0
19,138,-6.085729760963263,6.397291910151354e-15,4.869061500996459e-12,0.0,0.0
19,139,-6.085729760963263,6.397291910151354e-15,4.869061500996459e-12,0.0,0.0
19,140,-6.085729760963263,6.397291910151354e-15,4.869061500996459e-12,0.0,0.0
19,141,-6.085729760963263,6.397291910151354e-15,4.869061500996459e-12,0.0,0.0
19,142,-6.085729760963263,6.397291910151354e-15,4.869061500996459e-12,0.0,0.0
19,143,-6.085729760963263,6.397291910151354e-15,4.869061500996459e-12,0.0,0.0
19,144,-6.085729760963263,6.397291910151354e-15,4.869061500996459e-12,0.0,0.0
19,145,-6.085729760963263,6.397291910151354e-15,4.869061500996459e-12,0.0,0.0
19,146,-6.085729760963263,6.397291910151354e-15,4.869061500996459e-12,0.0,0.0
19,147,-6.085729760963263,6.397291910151354e-15,4.869061500996459e-12,0.0,0.0
19,148,-6.085729760963263,6.397291910151354e-15,4.869061500996459e-12,0.0,0.0
19,149,-6.085729760963263,6.397291910151354e-15,4.869061500996459e-12,0.0,0.0
19,150,-6.085729760963263,6.397291910151354e-15,4.869061500996459e-12,0.0,0.0
19,151,-6.085729760963263,6.397291910151354e-15,4.869061500996459e-12,0.0,0.0
19,152,-6.085729760963263,6.397291910151354e-15,4.869061500996459e-12,0.0,0.0
19,153,-6.085729760963263,6.397291910151354e-15,4.869061500996459e-12,0.0,0.0
19,154,-6.085729760963263,6.397291910151354e-15,4.869061500996459e-12,0.0,0.0
19,155,-6.085729760963263,6.397291910151354e-15,4.869061500996459e-12,0.0,0.0
19,156,-6.085729760963263,6.397291910151354e-15,4.869061500996459e-12,0.0,0.0
19,157,-6.085729760963263,6.397291910151354e-15,4.869061500996459e-12,0.0,0.0
19,158,-6.085729760963263,6.397291910151354e-15,4.869061500996459e-12,0.0,0.0
19,159,-6.085729760963263,6.397291910151354e-15,4.869061500996459e-12,0.0,0.0
19,160,-6.085729760963263,6.397291910151354e-15,4.869061500996459e-12,0.0,0.0
19,161,-6.085729760963263,6.397291910151354e-15,4.869061500996459e-12,0.0,0.0
19,162,-6.085729760963263,6.397291910151354e-15,4.869061500996459e-12,0.0,0.0
19,163,-6.085729760963263,6.397291910151354e-15,4.869061500996459e-12,0.0,0.0
19,164,-6.085729760963263,6.397291910151354e-15,4.869061500996459e-12,0.0,0.0
19,165,-6.085729760963263,6.397291910151354e-15,4.869061500996459e-12,0.0,0.0
19,166,-6.085729760963263,6.397291910151354e-15,4.869061500996459e-12,0.0,0.0
19,167,-6.085729760963263,6.397291910151354e-15,4.869061500996459e-12,0.0,0.0
19,168,-6.085729760963263,6.397291910151354e-15,4.869061500996459e-12,0.0,0.0
19,169,-6.085729760963263,6.397291910151354e-15,4.869061500996459e-12,0.0,0.0
19,170,-6.085729760963263,6.397291910151354e-15,4.869061500996459e-12,0.0,0.0
19,171,-6.085729760963263,6.397291910151354e-15,4.869061500996459e-12,0.0,0.0
19,172,-6.085729760963263,6.397291910151354e-15,4.869061500996459e-12,0.0,0.0
19,173,-6.085729760963263,6.397291910151354e-15,4.869061500996459e-12,0.0,0.0
19,174,-6.085729760963263,6.397291910151354e-15,4.869061500996459e-12,0.0,0.0
19,175,-6.085729760963263,6.397291910151354e-15,4.869061500996459e-12,0.0,0.0
19,176,-6.085729760963263,6.397291910151354e-15,4.869061500996459e-12,0.0,0.0
19,177,-6.085729760963263,6.397291910151354e-15,4.869061500996459e-12,0.0,0.0
19,178,-6.085729760963263,6.397291910151354e-15,4.869061500996459e-12,0.0,0.0
19,179,-6.085729760963263,6.397291910151354e-15,4.869061500996459e-12,0.0,0.0
19,180,-6.085729760963263,6.397291910151354e-15,4.869061500996459e-12,0.0,0.0
19,181,-6.085729760963263,6.397291910151354e-15,4.869061500996459e-12,0.0,0.0
19,182,-6.085729760963263,6.397291910151354e-15,4.869061500996459e-12,0.0,0.0
19,183,-6.085729760963263,6.397291910151354e-15,4.869061500996459e-12,0.0,0.0
19,184,-6.085729760963263,6.397291910151354e-15,4.869061500996459e-12,0.0,0.0
19,185,-6.085729760963263,6.397291910151354e-15,4.869061500996459e-12,0.0,0.0
19,186,-6.085729760963263,6.397291910151354e-15,4.869061500996459e-12,0.0,0.0
19,187,-6.085729760963263,6.397291910151354e-15,4.869061500996459e-12,0.0,0.0
19,188,-6.085729760963263,6.397291910151354e-15,4.869061500996459e-12,0.0,0.0
19,189,-6.085729760963263,6.397291910151354e-15,4.869061500996459e-12,0.0,0.0
19,190,-6.085729760963263,6.397291910151354e-15,4.869061500996459e-12,0.0,0.0
19,191,-6.085729760963263,6.397291910151354e-15,4.869061500996459e-12,0.0,0.0
19,192,-6.085729760963263,6.397291910151354e-15,4.869061500996459e-12,0.0,0.0
19,193,-6.085729760963263,6.397291910151354e-15,4.869061500996459e-12,0.0,0.0
19,194,-6.085729760963263,6.397291910151354e-15,4.869061500996459e-12,0.0,0.0
19,195,-6.085729760963263,6.397291910151354e-15,4.869061500996459e-12,0.0,0.0
19,196,-6.085729760963263,6.397291910151354e-15,4.869061500996459e-12,0.0,0.0
19,197,-6.085729760963263,6.397291910151354e-15,4.869061500996459e-12,0.0,0.0
19,198,-6.085729760963263,6.397291910151354e-15,4.869061500996459e-12,0.0,0.0
19,199,-6.085729760963263,6.397291910151354e-15,4.869061500996459e-12,0.0,0.0
19,200,-6.085729760963263,6.397291910151354e-15,4.869061500996459e-12,0.0,0.0
19,201,-6.085729760963263,6.397291910151354e-15,4.869061500996459e-12,0.0,0.0
19,202,-6.085729760963263,6.397291910151354e-15,4.869061500996459e-12,0.0,0.0
19,203,-6.085729760963263,6.397291910151354e-15,4.869061500996459e-12,0.0,0.0
19,204,-6.085729760963263,6.397291910151354e-15,4.869061500996459e-12,0.0,0.0
19,205,-6.085729760963263,6.397291910151354e-15,4.869061500996459e-12,0.0,0.0
19,206,-6.085729760963263,6.397291910151354e-15,4.869061500996459e-12,0.0,0.0
19,207,-6.085729760963263,6.397291910151354e-15,4.869061500996459e-12,0.0,0.0
19,208,-6.085729760963263,6.397291910151354e-15,4.869061500996459e-12,0.0,0.0
19,209,-6.085729760963263,6.397291910151354e-15,4.869061500996459e-12,0.0,0.0
19,210,-6.085729760963263,6.397291910151354e-15,4.869061500996459e-12,0.0,0.0
19,211,-6.085729760963263,6.397291910151354e-15,4.869061500996459e-12,0.0,0.0
19,212,-6.085729760963263,6.397291910151354e-15,4.869061500996459e-12,0.0,0.0
19,213,-6.085729760963263,6.397291910151354e-15,4.869061500996459e-12,0.0,0.0
19,214,-6.085729760963263,6.397291910151354e-15,4.869061500996459e-12,0.0,0.0
19,215,-6.085729760963263,6.397291910151354e-15,4.869061500996459e-12,0.0,0.0
19,216,-6.085729760963263,6.397291910151354e-15,4.869061500996459e-12,0.0,0.0
19,217,-6.085729760963263,6.397291910151354e-15,4.869061500996459e-12,0.0,0.0
19,218,-6.085729760963263,6.397291910151354e-15,4.869061500996459e-12,0.0,0.0
19,219,-6.085729760963263,6.397291910151354e-15,4.869061500996459e-12,0.0,0.0
19,220,-6.085729760963263,6.397291910151354e-15,4.869061500996459e-12,0.0,0.0
19,221,-6.085729760963263,6.397291910151354e-15,4.869061500996459e-12,0.0,0.0
19,222,-6.085729760963263,6.397291910151354e-15,4.869061500996459e-12,0.0,0.0
19,223,-6.085729760963263,6.397291910151354e-15,4.869061500996459e-12,0.0,0.0
19,224,-6.085729760963263,6.397291910151354e-15,4.869061500996459e-12,0.0,0.0
19,225,-6.085729760963263,6.397291910151354e-15,4.869061500996459e-12,0.0,0.0
19,226,-6.085729760963263,6.397291910151354e-15,4.869061500996459e-12,0.0,0.0
19,227,-6.085729760963263,6.397291910151354e-15,4.869061500996459e-12,0.0,0.0
19,228,-6.085729760963263,6.397291910151354e-15,4.869061500996459e-12,0.0,0.0
19,229,-6.085729760963263,6.397291910151354e-15,4.869061500996459e-12,0.0,0.0
19,230,-6.085729760963263,6.397291910151354e-15,4.869061500996459e-12,0.0,0.0
19,231,-6.085729760963263,6.397291910151354e-15,4.869061500996459e-12,0.0,0.0
19,232,-6.085729760963263,6.397291910151354e-15,4.869061500996459e-12,0.0,0.0
19,233,-6.085729760963263,6.397291910151354e-15,4.869061500996459e-12,0.0,0.0
19,234,-6.085729760963263,6.397291910151354e-15,4.869061500996459e-12,0.0,0.0
19,235,-6.085729760963263,6.397291910151354e-15,4.869061500996459e-12,0.0,0.0
19,236,-6.085729760963263,6.397291910151354e-15,4.869061500996459e-12,0.0,0.0
19,237,-6.085729760963263,6.397291910151354e-15,4.869061500996459e-12,0.0,0.0
19,238,-6.085729760963263,6.397291910151354e-15,4.869061500996459e-12,0.0,0.0
19,239,-6.085729760963263,6.397291910151354e-15,4.869061500996459e-12,0.0,0.0
19,240,-6.085729760963263,6.397291910151354e-15,4.869061500996459e-12,0.0,0.0
19,241,-6.085729760963263,6.397291910151354e-15,4.869061500996459e-12,0.0,0.0
19,242,-6.085729760963263,6.397291910151354e-15,4.869061500996459e-12,0.0,0.0
19,243,-6.085729760963263,6.397291910151354e-15,4.869061500996459e-12,0.0,0.0
19,244,-6.085729760963263,6.397291910151354e-15,4.869061500996459e-12,0.0,0.0
19,245,-6.085729760963263,6.397291910151354e-15,4.869061500996459e-12,0.0,0.0
19,246,-6.085729760963263,6.397291910151354e-15,4.869061500996459e-12,0.0,0.0
19,247,-6.085729760963263,6.397291910151354e-15,4.869061500996459e-12,0.0,0.0
19,248,-6.085729760963263,6.397291910151354e-15,4.869061500996459e-12,0.0,0.0
19,249,-6.085729760963263,6.397291910151354e-15,4.869061500996459e-12,0.0,0.0
19,250,-6.085729760963263,6.397291910151354e-15,4.869061500996459e-12,0.0,0.0
19,251,-6.085729760963263,6.397291910151354e-15,4.869061500996459e-12,0.0,0.0
19,252,-6.085729760963263,6.397291910151354e-15,4.869061500996459e-12,0.0,0.0
19,253,-6.085729760963263,6.397291910151354e-15,4.869061500996459e-12,0.0,0.0
19,254,-6.085729760963263,6.397291910151354e-15,4.869061500996459e-12,0.0,0.0
19,255,-6.085729760963263,6.397291910151354e-15,4.869061500996459e-12,0.0,0.0
19,256,-6.085729760963263,6.397291910151354e-15,4.869061500996459e-12,0.0,0.0
19,257,-6.085729760963263,6.397291910151354e-15,4.869061500996459e-12,0.0,0.0
19,258,-6.085729760963263,6.397291910151354e-15,4.869061500996459e-12,0.0,0.0
19,259,-6.085729760963263,6.397291910151354e-15,4.869061500996459e-12,0.0,0.0
19,260,-6.085729760963263,6.397291910151354e-15,4.869061500996459e-12,0.0,0.0
19,261,-6.085729760963263,6.397291910151354e-15,4.869061500996459e-12,0.0,0.0
19,262,-6.085729760963263,6.397291910151354e-15,4.869061500996459e-12,0.0,0.0
19,263,-6.085729760963263,6.397291910151354e-15,4.869061500996459e-12,0.0,0.0
19,264,-6.085729760963263,6.397291910151354e-15,4.869061500996459e-12,0.0,0.0
19,265,-6.085729760963263,6.397291910151354e-15,4.869061500996459e-12,0.0,0.0
19,266,-6.085729760963263,6.397291910151354e-15,4.869061500996459e-12,0.0,0.0
19,267,-6.085729760963263,6.397291910151354e-15,4.869061500996459e-12,0.0,0.0
19,268,-6.085729760963263,6.397291910151354e-15,4.869061500996459e-12,0.0,0.0
19,269,-6.085729760963263,6.397291910151354e-15,4.869061500996459e-12,0.0,0.0
19,270,-6.085729760963263,6.397291910151354e-15,4.869061500996459e-12,0.0,0.0
19,271,-6.085729760963263,6.397291910151354e-15,4.869061500996459e-12,0.0,0.0
19,272,-6.085729760963263,6.397291910151354e-15,4.869061500996459e-12,0.0,0.0
19,273,-6.085729760963263,6.397291910151354e-15,4.869061500996459e-12,0.0,0.0
19,274,-6.085729760963263,6.397291910151354e-15,4.869061500996459e-12,0.0,0.0
19,275,-6.085729760963263,6.397291910151354e-15,4.869061500996459e-12,0.0,0.0
19,276,-6.085729760963263,6.397291910151354e-15,4.869061500996459e-12,0.0,0.0
19,277,-6.085729760963263,6.397291910151354e-15,4.869061500996459e-12,0.0,0.0
19,278,-6.085729760963263,6.397291910151354e-15,4.869061500996459e-12,0.0,0.0
19,279,-6.085729760963263,6.397291910151354e-15,4.869061500996459e-12,0.0,0.0
19,280,-6.085729760963263,6.397291910151354e-15,4.869061500996459e-12,0.0,0.0
19,281,-6.085729760963263,6.397291910151354e-15,4.869061500996459e-12,0.0,0.0
19,282,-6.085729760963263,6.397291910151354e-15,4.869061500996459e-12,0.0,0.0
19,283,-6.085729760963263,6.397291910151354e-15,4.869061500996459e-12,0.0,0.0
19,284,-6.085729760963263,6.397291910151354e-15,4.869061500996459e-12,0.0,0.0
19,285,-6.085729760963263,6.397291910151354e-15,4.869061500996459e-12,0.0,0.0
19,286,-6.085729760963263,6.397291910151354e-15,4.869061500996459e-12,0.0,0.0
19,287,-6.085729760963263,6.397291910151354e-15,4.869061500996459e-12,0.0,0.0
19,288,-6.085729760963263,6.397291910151354e-15,4.869061500996459e-12,0.0,0.0
19,289,-6.085729760963263,6.397291910151354e-15,4.869061500996459e-12,0.0,0.0
19,290,-6.085729760963263,6.397291910151354e-15,4.869061500996459e-12,0.0,0.0
19,291,-6.085729760963263,6.397291910151354e-15,4.869061500996459e-12,0.0,0.0
19,292,-6.085729760963263,6.397291910151354e-15,4.869061500996459e-12,0.0,0.0
19,293,-6.085729760963263,6.397291910151354e-15,4.869061500996459e-12,0.0,0.0
19,294,-6.085729760963263,6.397291910151354e-15,4.869061500996459e-12,0.0,0.0
19,295,-6.085729760963263,6.397291910151354e-15,4.869061500996459e-12,0.0,0.0
19,296,-6.085729760963263,6.397291910151354e-15,4.869061500996459e-12,0.0,0.0
19,297,-6.085729760963263,6.397291910151354e-15,4.869061500996459e-12,0.0,0.0
19,298,-6.085729760963263,6.397291910151354e-15,4.869061500996459e-12,0.0,0.0
19,299,-6.085729760963263,6.397291910151354e-15,4.869061500996459e-12,0.0,0.0
19,300,-6.085729760963263,6.397291910151354e-15,4.869061500996459e-12,0.0,0.0
