seed,iteration,reduced_objective,relative_residual,residual_norm,alpha,beta
0,1,-6.889574204857912,0.1542599648980242,55.342502038017244,0.007629444827838439,0.023796136770339656
0,2,-6.90935166855206,0.0290072797791811,10.40668874362766,0.006404109897825388,0.03535961691212278
0,3,-6.91014371058905,0.003773672777214247,1.3538476655420566,0.007328049691961167,0.016924446339014645
0,4,-6.9101567757936015,0.0006041824697168043,0.21675727453808596,0.0071452385459414665,0.025633491357777993
0,5,-6.910157129802891,9.567927121099918e-05,0.034326017547658266,0.0075528407285422846,0.02507837990182716
0,6,-6.910157138760729,1.2118704668779369e-05,0.0043477219657959455,0.007620781482262629,0.01604267134619585
0,7,-6.9101571389065395,1.3211820249373962e-07,4.7398895076908e-05,0.007732262774691672,0.00011885375548334951
0,8,-6.910157138906557,2.9766146950707567e-20,1.0678940899360686e-17,0.007902378218892423,5.0759803268892145e-26
0,9,-6.910157138906557,2.9766146950707567e-20,1.0678940899360686e-17,0.0,0.0
0,10,-6.910157138906557,2.9766146950707567e-20,1.0678940899360686e-17,0.0,0.0
0,11,-6.910157138906557,2.9766146950707567e-20,1.0678940899360686e-17,0.0,0.0
0,12,-6.910157138906557,2.9766146950707567e-20,1.0678940899360686e-17,0.0,0.0
0,13,-6.910157138906557,2.9766146950707567e-20,1.0678940899360686e-17,0.0,0.0
0,14,-6.910157138906557,2.9766146950707567e-20,1.0678940899360686e-17,0.0,0.0
0,15,-6.910157138906557,2.9766146950707567e-20,1.0678940899360686e-17,0.0,0.0
0,16,-6.910157138906557,2.9766146950707567e-20,1.0678940899360686e-17,0.0,0.0
0,17,-6.910157138906557,2.9766146950707567e-20,1.0678940899360686e-17,0.0,0.0
0,18,-6.910157138906557,2.9766146950707567e-20,1.0678940899360686e-17,0.0,0.0
0,19,-6.910157138906557,2.9766146950707567e-20,1.0678940899360686e-17,0.0,0.0
0,20,-6.910157138906557,2.9766146950707567e-20,1.0678940899360686e-17,0.0,0.0
0,21,-6.910157138906557,2.9766146950707567e-20,1.0678940899360686e-17,0.0,0.0
0,22,-6.910157138906557,2.9766146950707567e-20,1.0678940899360686e-17,0.0,0.0
0,23,-6.910157138906557,2.9766146950707567e-20,1.0678940899360686e-17,0.0,0.0
0,24,-6.910157138906557,2.9766146950707567e-20,1.0678940899360686e-17,0.0,0.0
0,25,-6.910157138906557,2.9766146950707567e-20,1.0678940899360686e-17,0.0,0.0
0,26,-6.910157138906557,2.9766146950707567e-20,1.0678940899360686e-17,0.0,0.0
0,27,-6.910157138906557,2.9766146950707567e-20,1.0678940899360686e-17,0.0,0.0
0,28,-6.910157138906557,2.9766146950707567e-20,1.0678940899360686e-17,0.0,0.0
0,29,-6.910157138906557,2.9766146950707567e-20,1.0678940899360686e-17,0.0,0.0
0,30,-6.910157138906557,2.9766146950707567e-20,1.0678940899360686e-17,0.0,0.0
0,31,-6.910157138906557,2.9766146950707567e-20,1.0678940899360686e-17,0.0,0.0
0,32,-6.910157138906557,2.9766146950707567e-20,1.0678940899360686e-17,0.0,0.0
0,33,-6.910157138906557,2.9766146950707567e-20,1.0678940899360686e-17,0.0,0.0
0,34,-6.910157138906557,2.9766146950707567e-20,1.0678940899360686e-17,0.0,0.0
0,35,-6.910157138906557,2.9766146950707567e-20,1.0678940899360686e-17,0.0,0.0
0,36,-6.910157138906557,2.9766146950707567e-20,1.0678940899360686e-17,0.0,0.0
0,37,-6.910157138906557,2.9766146950707567e-20,1.0678940899360686e-17,0.0,0.0
0,38,-6.910157138906557,2.9766146950707567e-20,1.0678940899360686e-17,0.0,0.0
0,39,-6.910157138906557,2.9766146950707567e-20,1.0678940899360686e-17,0.0,0.0
0,40,-6.910157138906557,2.9766146950707567e-20,1.0678940899360686e-17,0.0,0.0
0,41,-6.910157138906557,2.9766146950707567e-20,1.0678940899360686e-17,0.0,0.0
0,42,-6.910157138906557,2.9766146950707567e-20,1.0678940899360686e-17,0.0,0.0
0,43,-6.910157138906557,2.9766146950707567e-20,1.0678940899360686e-17,0.0,0.0
0,44,-6.910157138906557,2.9766146950707567e-20,1.0678940899360686e-17,0.0,0.0
0,45,-6.910157138906557,2.9766146950707567e-20,1.0678940899360686e-17,0.0,0.0
0,46,-6.910157138906557,2.9766146950707567e-20,1.0678940899360686e-17,0.0,0.0
0,47,-6.910157138906557,2.9766146950707567e-20,1.0678940899360686e-17,0.0,0.0
0,48,-6.910157138906557,2.9766146950707567e-20,1.0678940899360686e-17,0.0,0.0
0,49,-6.910157138906557,2.9766146950707567e-20,1.0678940899360686e-17,0.0,0.0
0,50,-6.910157138906557,2.9766146950707567e-20,1.0678940899360686e-17,0.0,0.0
0,51,-6.910157138906557,2.9766146950707567e-20,1.0678940899360686e-17,0.0,0.0
0,52,-6.910157138906557,2.9766146950707567e-20,1.0678940899360686e-17,0.0,0.0
0,53,-6.910157138906557,2.9766146950707567e-20,1.0678940899360686e-17,0.0,0.0
0,54,-6.910157138906557,2.9766146950707567e-20,1.0678940899360686e-17,0.0,0.0
0,55,-6.910157138906557,2.9766146950707567e-20,1.0678940899360686e-17,0.0,0.0
0,56,-6.910157138906557,2.9766146950707567e-20,1.0678940899360686e-17,0.0,0.0
0,57,-6.910157138906557,2.9766146950707567e-20,1.0678940899360686e-17,0.0,0.0
0,58,-6.910157138906557,2.9766146950707567e-20,1.0678940899360686e-17,0.0,0.0
0,59,-6.910157138906557,2.9766146950707567e-20,1.0678940899360686e-17,0.0,0.0
0,60,-6.910157138906557,2.9766146950707567e-20,1.0678940899360686e-17,0.0,0.0
0,61,-6.910157138906557,2.9766146950707567e-20,1.0678940899360686e-17,0.0,0.0
0,62,-6.910157138906557,2.9766146950707567e-20,1.0678940899360686e-17,0.0,0.0
0,63,-6.910157138906557,2.9766146950707567e-20,1.0678940899360686e-17,0.0,0.0
0,64,-6.910157138906557,2.9766146950707567e-20,1.0678940899360686e-17,0.0,0.0
0,65,-6.910157138906557,2.9766146950707567e-20,1.0678940899360686e-17,0.0,0.0
0,66,-6.910157138906557,2.9766146950707567e-20,1.0678940899360686e-17,0.0,0.0
0,67,-6.910157138906557,2.9766146950707567e-20,1.0678940899360686e-17,0.0,0.0
0,68,-6.910157138906557,2.9766146950707567e-20,1.0678940899360686e-17,0.0,0.0
0,69,-6.910157138906557,2.9766146950707567e-20,1.0678940899360686e-17,0.0,0.0
0,70,-6.910157138906557,2.9766146950707567e-20,1.0678940899360686e-17,0.0,0.0
0,71,-6.910157138906557,2.9766146950707567e-20,1.0678940899360686e-17,0.0,0.0
0,72,-6.910157138906557,2.9766146950707567e-20,1.0678940899360686e-17,0.0,0.0
0,73,-6.910157138906557,2.9766146950707567e-20,1.0678940899360686e-17,0.0,0.0
0,74,-6.910157138906557,2.9766146950707567e-20,1.0678940899360686e-17,0.0,0.0
0,75,-6.910157138906557,2.9766146950707567e-20,1.0678940899360686e-17,0.0,0.0
0,76,-6.910157138906557,2.9766146950707567e-20,1.0678940899360686e-17,0.0,0.0
0,77,-6.910157138906557,2.9766146950707567e-20,1.0678940899360686e-17,0.0,0.0
0,78,-6.910157138906557,2.9766146950707567e-20,1.0678940899360686e-17,0.0,0.0
0,79,-6.910157138906557,2.9766146950707567e-20,1.0678940899360686e-17,0.0,0.0
0,80,-6.910157138906557,2.9766146950707567e-20,1.0678940899360686e-17,0.0,0.0
0,81,-6.910157138906557,2.9766146950707567e-20,1.0678940899360686e-17,0.0,0.0
0,82,-6.910157138906557,2.9766146950707567e-20,1.0678940899360686e-17,0.0,0.0
0,83,-6.910157138906557,2.9766146950707567e-20,1.0678940899360686e-17,0.0,0.0
0,84,-6.910157138906557,2.9766146950707567e-20,1.0678940899360686e-17,0.0,0.0
0,85,-6.910157138906557,2.9766146950707567e-20,1.0678940899360686e-17,0.0,0.0
0,86,-6.910157138906557,2.9766146950707567e-20,1.0678940899360686e-17,0.0,0.0
0,87,-6.910157138906557,2.9766146950707567e-20,1.0678940899360686e-17,0.0,0.0
0,88,-6.910157138906557,2.9766146950707567e-20,1.0678940899360686e-17,0.0,0.0
0,89,-6.910157138906557,2.9766146950707567e-20,1.0678940899360686e-17,0.0,0.0
0,90,-6.910157138906557,2.9766146950707567e-20,1.0678940899360686e-17,0.0,0.0
0,91,-6.910157138906557,2.9766146950707567e-20,1.0678940899360686e-17,0.0,0.0
0,92,-6.910157138906557,2.9766146950707567e-20,1.0678940899360686e-17,0.0,0.0
0,93,-6.910157138906557,2.9766146950707567e-20,1.0678940899360686e-17,0.0,0.0
0,94,-6.910157138906557,2.9766146950707567e-20,1.0678940899360686e-17,0.0,0.0
0,95,-6.910157138906557,2.9766146950707567e-20,1.0678940899360686e-17,0.0,0.0
0,96,-6.910157138906557,2.9766146950707567e-20,1.0678940899360686e-17,0.0,0.0
0,97,-6.910157138906557,2.9766146950707567e-20,1.0678940899360686e-17,0.0,0.0
0,98,-6.910157138906557,2.9766146950707567e-20,1.0678940899360686e-17,0.0,0.0
0,99,-6.910157138906557,2.9766146950707567e-20,1.0678940899360686e-17,0.0,0.0
0,100,-6.910157138906557,2.9766146950707567e-20,1.0678940899360686e-17,0.0,0.0
0,101,-6.910157138906557,2.9766146950707567e-20,1.0678940899360686e-17,0.0,0.0
0,102,-6.910157138906557,2.9766146950707567e-20,1.0678940899360686e-17,0.0,0.0
0,103,-6.910157138906557,2.9766146950707567e-20,1.0678940899360686e-17,0.0,0.0
0,104,-6.910157138906557,2.9766146950707567e-20,1.0678940899360686e-17,0.0,0.0
0,105,-6.910157138906557,2.9766146950707567e-20,1.0678940899360686e-17,0.0,0.0
0,106,-6.910157138906557,2.9766146950707567e-20,1.0678940899360686e-17,0.0,0.0
0,107,-6.910157138906557,2.9766146950707567e-20,1.0678940899360686e-17,0.0,0.0
0,108,-6.910157138906557,2.9766146950707567e-20,1.0678940899360686e-17,0.0,0.0
0,109,-6.910157138906557,2.9766146950707567e-20,1.0678940899360686e-17,0.0,0.0
0,110,-6.910157138906557,2.9766146950707567e-20,1.0678940899360686e-17,0.0,0.0
0,111,-6.910157138906557,2.9766146950707567e-20,1.0678940899360686e-17,0.0,0.0
0,112,-6.910157138906557,2.9766146950707567e-20,1.0678940899360686e-17,0.0,0.0
0,113,-6.910157138906557,2.9766146950707567e-20,1.0678940899360686e-17,0.0,0.0
0,114,-6.910157138906557,2.9766146950707567e-20,1.0678940899360686e-17,0.0,0.0
0,115,-6.910157138906557,2.9766146950707567e-20,1.0678940899360686e-17,0.0,0.0
0,116,-6.910157138906557,2.9766146950707567e-20,1.0678940899360686e-17,0.0,0.0
0,117,-6.910157138906557,2.9766146950707567e-20,1.0678940899360686e-17,0.0,0.0
0,118,-6.910157138906557,2.9766146950707567e-20,1.0678940899360686e-17,0.0,0.0
0,119,-6.910157138906557,2.9766146950707567e-20,1.0678940899360686e-17,0.0,0.0
0,120,-6.910157138906557,2.9766146950707567e-20,1.0678940899360686e-17,0.0,0.0
0,121,-6.910157138906557,2.9766146950707567e-20,1.0678940899360686e-17,0.0,0.0
0,122,-6.910157138906557,2.9766146950707567e-20,1.0678940899360686e-17,0.0,0.0
0,123,-6.910157138906557,2.9766146950707567e-20,1.0678940899360686e-17,0.0,0.0
0,124,-6.910157138906557,2.9766146950707567e-20,1.0678940899360686e-17,0.0,0.0
0,125,-6.910157138906557,2.9766146950707567e-20,1.0678940899360686e-17,0.0,0.0
0,126,-6.910157138906557,2.9766146950707567e-20,1.0678940899360686e-17,0.0,0.0
0,127,-6.910157138906557,2.9766146950707567e-20,1.0678940899360686e-17,0.0,0.0
0,128,-6.910157138906557,2.9766146950707567e-20,1.0678940899360686e-17,0.0,0.0
0,129,-6.910157138906557,2.9766146950707567e-20,1.0678940899360686e-17,0.0,0.0
0,130,-6.910157138906557,2.9766146950707567e-20,1.0678940899360686e-17,0.0,0.0
0,131,-6.910157138906557,2.9766146950707567e-20,1.0678940899360686e-17,0.0,0.0
0,132,-6.910157138906557,2.9766146950707567e-20,1.0678940899360686e-17,0.0,0.0
0,133,-6.910157138906557,2.9766146950707567e-20,1.0678940899360686e-17,0.0,0.0
0,134,-6.910157138906557,2.9766146950707567e-20,1.0678940899360686e-17,0.0,0.0
0,135,-6.910157138906557,2.9766146950707567e-20,1.0678940899360686e-17,0.0,0.0
0,136,-6.910157138906557,2.9766146950707567e-20,1.0678940899360686e-17,0.0,0.0
0,137,-6.910157138906557,2.9766146950707567e-20,1.0678940899360686e-17,0.0,0.0
0,138,-6.910157138906557,2.9766146950707567e-20,1.0678940899360686e-17,0.0,0.0
0,139,-6.910157138906557,2.9766146950707567e-20,1.0678940899360686e-17,0.0,0.0
0,140,-6.910157138906557,2.9766146950707567e-20,1.0678940899360686e-17,0.0,0.0
0,141,-6.910157138906557,2.9766146950707567e-20,1.0678940899360686e-17,0.0,0.0
0,142,-6.910157138906557,2.9766146950707567e-20,1.0678940899360686e-17,0.0,0.0
0,143,-6.910157138906557,2.9766146950707567e-20,1.0678940899360686e-17,0.0,0.0
0,144,-6.910157138906557,2.9766146950707567e-20,1.0678940899360686e-17,0.0,0.0
0,145,-6.910157138906557,2.9766146950707567e-20,1.0678940899360686e-17,0.0,0.0
0,146,-6.910157138906557,2.9766146950707567e-20,1.0678940899360686e-17,0.0,0.0
0,147,-6.910157138906557,2.9766146950707567e-20,1.0678940899360686e-17,0.0,0.0
0,148,-6.910157138906557,2.9766146950707567e-20,1.0678940899360686e-17,0.0,0.0
0,149,-6.910157138906557,2.9766146950707567e-20,1.0678940899360686e-17,0.0,0.0
0,150,-6.910157138906557,2.9766146950707567e-20,1.0678940899360686e-17,0.0,0.0
0,151,-6.910157138906557,2.9766146950707567e-20,1.0678940899360686e-17,0.0,0.0
0,152,-6.910157138906557,2.9766146950707567e-20,1.0678940899360686e-17,0.0,0.0
0,153,-6.910157138906557,2.9766146950707567e-20,1.0678940899360686e-17,0.0,0.0
0,154,-6.910157138906557,2.9766146950707567e-20,1.0678940899360686e-17,0.0,0.0
0,155,-6.910157138906557,2.9766146950707567e-20,1.0678940899360686e-17,0.0,0.0
0,156,-6.910157138906557,2.9766146950707567e-20,1.0678940899360686e-17,0.0,0.0
0,157,-6.910157138906557,2.9766146950707567e-20,1.0678940899360686e-17,0.0,0.0
0,158,-6.910157138906557,2.9766146950707567e-20,1.0678940899360686e-17,0.0,0.0
0,159,-6.910157138906557,2.9766146950707567e-20,1.0678940899360686e-17,0.0,0.0
0,160,-6.910157138906557,2.9766146950707567e-20,1.0678940899360686e-17,0.0,0.0
0,161,-6.910157138906557,2.9766146950707567e-20,1.0678940899360686e-17,0.0,0.0
0,162,-6.910157138906557,2.9766146950707567e-20,1.0678940899360686e-17,0.0,0.0
0,163,-6.910157138906557,2.9766146950707567e-20,1.0678940899360686e-17,0.0,0.0
0,164,-6.910157138906557,2.9766146950707567e-20,1.0678940899360686e-17,0.0,0.0
0,165,-6.910157138906557,2.9766146950707567e-20,1.0678940899360686e-17,0.0,0.0
0,166,-6.910157138906557,2.9766146950707567e-20,1.0678940899360686e-17,0.0,0.0
0,167,-6.910157138906557,2.9766146950707567e-20,1.0678940899360686e-17,0.0,0.0
0,168,-6.910157138906557,2.9766146950707567e-20,1.0678940899360686e-17,0.0,0.0
0,169,-6.910157138906557,2.9766146950707567e-20,1.0678940899360686e-17,0.0,0.0
0,170,-6.910157138906557,2.9766146950707567e-20,1.0678940899360686e-17,0.0,0.0
0,171,-6.910157138906557,2.9766146950707567e-20,1.0678940899360686e-17,0.0,0.0
0,172,-6.910157138906557,2.9766146950707567e-20,1.0678940899360686e-17,0.0,0.0
0,173,-6.910157138906557,2.9766146950707567e-20,1.0678940899360686e-17,0.0,0.0
0,174,-6.910157138906557,2.9766146950707567e-20,1.0678940899360686e-17,0.0,0.0
0,175,-6.910157138906557,2.9766146950707567e-20,1.0678940899360686e-17,0.0,0.0
0,176,-6.910157138906557,2.9766146950707567e-20,1.0678940899360686e-17,0.0,0.0
0,177,-6.910157138906557,2.9766146950707567e-20,1.0678940899360686e-17,0.0,0.0
0,178,-6.910157138906557,2.9766146950707567e-20,1.0678940899360686e-17,0.0,0.0
0,179,-6.910157138906557,2.9766146950707567e-20,1.0678940899360686e-17,0.0,0.0
0,180,-6.910157138906557,2.9766146950707567e-20,1.0678940899360686e-17,0.0,0.0
0,181,-6.910157138906557,2.9766146950707567e-20,1.0678940899360686e-17,0.0,0.0
0,182,-6.910157138906557,2.9766146950707567e-20,1.0678940899360686e-17,0.0,0.0
0,183,-6.910157138906557,2.9766146950707567e-20,1.0678940899360686e-17,0.0,0.0
0,184,-6.910157138906557,2.9766146950707567e-20,1.0678940899360686e-17,0.0,0.0
0,185,-6.910157138906557,2.9766146950707567e-20,1.0678940899360686e-17,0.0,0.0
0,186,-6.910157138906557,2.9766146950707567e-20,1.0678940899360686e-17,0.0,0.0
0,187,-6.910157138906557,2.9766146950707567e-20,1.0678940899360686e-17,0.0,0.0
0,188,-6.910157138906557,2.9766146950707567e-20,1.0678940899360686e-17,0.0,0.0
0,189,-6.910157138906557,2.9766146950707567e-20,1.0678940899360686e-17,0.0,0.0
0,190,-6.910157138906557,2.9766146950707567e-20,1.0678940899360686e-17,0.0,0.0
0,191,-6.910157138906557,2.9766146950707567e-20,1.0678940899360686e-17,0.0,0.0
0,192,-6.910157138906557,2.9766146950707567e-20,1.0678940899360686e-17,0.0,0.0
0,193,-6.910157138906557,2.9766146950707567e-20,1.0678940899360686e-17,0.0,0.0
0,194,-6.910157138906557,2.9766146950707567e-20,1.0678940899360686e-17,0.0,0.0
0,195,-6.910157138906557,2.9766146950707567e-20,1.0678940899360686e-17,0.0,0.0
0,196,-6.910157138906557,2.9766146950707567e-20,1.0678940899360686e-17,0.0,0.0
0,197,-6.910157138906557,2.9766146950707567e-20,1.0678940899360686e-17,0.0,0.0
0,198,-6.910157138906557,2.9766146950707567e-20,1.0678940899360686e-17,0.0,0.0
0,199,-6.910157138906557,2.9766146950707567e-20,1.0678940899360686e-17,0.0,0.0
0,200,-6.910157138906557,2.9766146950707567e-20,1.0678940899360686e-17,0.0,0.0
0,201,-6.910157138906557,2.9766146950707567e-20,1.0678940899360686e-17,0.0,0.0
0,202,-6.910157138906557,2.9766146950707567e-20,1.0678940899360686e-17,0.0,0.0
0,203,-6.910157138906557,2.9766146950707567e-20,1.0678940899360686e-17,0.0,0.0
0,204,-6.910157138906557,2.9766146950707567e-20,1.0678940899360686e-17,0.0,0.0
0,205,-6.910157138906557,2.9766146950707567e-20,1.0678940899360686e-17,0.0,0.0
0,206,-6.910157138906557,2.9766146950707567e-20,1.0678940899360686e-17,0.0,0.0
0,207,-6.910157138906557,2.9766146950707567e-20,1.0678940899360686e-17,0.0,0.0
0,208,-6.910157138906557,2.9766146950707567e-20,1.0678940899360686e-17,0.0,0.0
0,209,-6.910157138906557,2.9766146950707567e-20,1.0678940899360686e-17,0.0,0.0
0,210,-6.910157138906557,2.9766146950707567e-20,1.0678940899360686e-17,0.0,0.0
0,211,-6.910157138906557,2.9766146950707567e-20,1.0678940899360686e-17,0.0,0.0
0,212,-6.910157138906557,2.9766146950707567e-20,1.0678940899360686e-17,0.0,0.0
0,213,-6.910157138906557,2.9766146950707567e-20,1.0678940899360686e-17,0.0,0.0
0,214,-6.910157138906557,2.9766146950707567e-20,1.0678940899360686e-17,0.0,0.0
0,215,-6.910157138906557,2.9766146950707567e-20,1.0678940899360686e-17,0.0,0.0
0,216,-6.910157138906557,2.9766146950707567e-20,1.0678940899360686e-17,0.0,0.0
0,217,-6.910157138906557,2.9766146950707567e-20,1.0678940899360686e-17,0.0,0.0
0,218,-6.910157138906557,2.9766146950707567e-20,1.0678940899360686e-17,0.0,0.0
0,219,-6.910157138906557,2.9766146950707567e-20,1.0678940899360686e-17,0.0,0.0
0,220,-6.910157138906557,2.9766146950707567e-20,1.0678940899360686e-17,0.0,0.0
0,221,-6.910157138906557,2.9766146950707567e-20,1.0678940899360686e-17,0.0,0.0
0,222,-6.910157138906557,2.9766146950707567e-20,1.0678940899360686e-17,0.0,0.0
0,223,-6.910157138906557,2.9766146950707567e-20,1.0678940899360686e-17,0.0,0.0
0,224,-6.910157138906557,2.9766146950707567e-20,1.0678940899360686e-17,0.0,0.0
0,225,-6.910157138906557,2.9766146950707567e-20,1.0678940899360686e-17,0.0,0.0
0,226,-6.910157138906557,2.9766146950707567e-20,1.0678940899360686e-17,0.0,0.0
0,227,-6.910157138906557,2.9766146950707567e-20,1.0678940899360686e-17,0.0,0.0
0,228,-6.910157138906557,2.9766146950707567e-20,1.0678940899360686e-17,0.0,0.0
0,229,-6.910157138906557,2.9766146950707567e-20,1.0678940899360686e-17,0.0,0.0
0,230,-6.910157138906557,2.9766146950707567e-20,1.0678940899360686e-17,0.0,0.0
0,231,-6.910157138906557,2.9766146950707567e-20,1.0678940899360686e-17,0.0,0.0
0,232,-6.910157138906557,2.9766146950707567e-20,1.0678940899360686e-17,0.0,0.0
0,233,-6.910157138906557,2.9766146950707567e-20,1.0678940899360686e-17,0.0,0.0
0,234,-6.910157138906557,2.9766146950707567e-20,1.0678940899360686e-17,0.0,0.0
0,235,-6.910157138906557,2.9766146950707567e-20,1.0678940899360686e-17,0.0,0.0
0,236,-6.910157138906557,2.9766146950707567e-20,1.0678940899360686e-17,0.0,0.0
0,237,-6.910157138906557,2.9766146950707567e-20,1.0678940899360686e-17,0.0,0.0
0,238,-6.910157138906557,2.9766146950707567e-20,1.0678940899360686e-17,0.0,0.0
0,239,-6.910157138906557,2.9766146950707567e-20,1.0678940899360686e-17,0.0,0.0
0,240,-6.910157138906557,2.9766146950707567e-20,1.0678940899360686e-17,0.0,0.0
0,241,-6.910157138906557,2.9766146950707567e-20,1.0678940899360686e-17,0.0,0.0
0,242,-6.910157138906557,2.9766146950707567e-20,1.0678940899360686e-17,0.0,0.0
0,243,-6.910157138906557,2.9766146950707567e-20,1.0678940899360686e-17,0.0,0.0
0,244,-6.910157138906557,2.9766146950707567e-20,1.0678940899360686e-17,0.0,0.0
0,245,-6.910157138906557,2.9766146950707567e-20,1.0678940899360686e-17,0.0,0.0
0,246,-6.910157138906557,2.9766146950707567e-20,1.0678940899360686e-17,0.0,0.0
0,247,-6.910157138906557,2.9766146950707567e-20,1.0678940899360686e-17,0.0,0.0
0,248,-6.910157138906557,2.9766146950707567e-20,1.0678940899360686e-17,0.0,0.0
0,249,-6.910157138906557,2.9766146950707567e-20,1.0678940899360686e-17,0.0,0.0
0,250,-6.910157138906557,2.9766146950707567e-20,1.0678940899360686e-17,0.0,0.0
0,251,-6.910157138906557,2.9766146950707567e-20,1.0678940899360686e-17,0.0,0.0
0,252,-6.910157138906557,2.9766146950707567e-20,1.0678940899360686e-17,0.0,0.0
0,253,-6.910157138906557,2.9766146950707567e-20,1.0678940899360686e-17,0.0,0.0
0,254,-6.910157138906557,2.9766146950707567e-20,1.0678940899360686e-17,0.0,0.0
0,255,-6.910157138906557,2.9766146950707567e-20,1.0678940899360686e-17,0.0,0.0
0,256,-6.910157138906557,2.9766146950707567e-20,1.0678940899360686e-17,0.0,0.0
0,257,-6.910157138906557,2.9766146950707567e-20,1.0678940899360686e-17,0.0,0.0
0,258,-6.910157138906557,2.9766146950707567e-20,1.0678940899360686e-17,0.0,0.0
0,259,-6.910157138906557,2.9766146950707567e-20,1.0678940899360686e-17,0.0,0.0
0,260,-6.910157138906557,2.9766146950707567e-20,1.0678940899360686e-17,0.0,0.0
0,261,-6.910157138906557,2.9766146950707567e-20,1.0678940899360686e-17,0.0,0.0
0,262,-6.910157138906557,2.9766146950707567e-20,1.0678940899360686e-17,0.0,0.0
0,263,-6.910157138906557,2.9766146950707567e-20,1.0678940899360686e-17,0.0,0.0
0,264,-6.910157138906557,2.9766146950707567e-20,1.0678940899360686e-17,0.0,0.0
0,265,-6.910157138906557,2.9766146950707567e-20,1.0678940899360686e-17,0.0,0.0
0,266,-6.910157138906557,2.9766146950707567e-20,1.0678940899360686e-17,0.0,0.0
0,267,-6.910157138906557,2.9766146950707567e-20,1.0678940899360686e-17,0.0,0.0
0,268,-6.910157138906557,2.9766146950707567e-20,1.0678940899360686e-17,0.0,0.0
0,269,-6.910157138906557,2.9766146950707567e-20,1.0678940899360686e-17,0.0,0.0
0,270,-6.910157138906557,2.9766146950707567e-20,1.0678940899360686e-17,0.0,0.0
0,271,-6.910157138906557,2.9766146950707567e-20,1.0678940899360686e-17,0.0,0.0
0,272,-6.910157138906557,2.9766146950707567e-20,1.0678940899360686e-17,0.0,0.0
0,273,-6.910157138906557,2.9766146950707567e-20,1.0678940899360686e-17,0.0,0.0
0,274,-6.910157138906557,2.9766146950707567e-20,1.0678940899360686e-17,0.0,0.0
0,275,-6.910157138906557,2.9766146950707567e-20,1.0678940899360686e-17,0.0,0.0
0,276,-6.910157138906557,2.9766146950707567e-20,1.0678940899360686e-17,0.0,0.0
0,277,-6.910157138906557,2.9766146950707567e-20,1.0678940899360686e-17,0.0,0.0
0,278,-6.910157138906557,2.9766146950707567e-20,1.0678940899360686e-17,0.0,0.0
0,279,-6.910157138906557,2.9766146950707567e-20,1.0678940899360686e-17,0.0,0.0
0,280,-6.910157138906557,2.9766146950707567e-20,1.0678940899360686e-17,0.0,0.0
0,281,-6.910157138906557,2.9766146950707567e-20,1.0678940899360686e-17,0.0,0.0
0,282,-6.910157138906557,2.9766146950707567e-20,1.0678940899360686e-17,0.0,0.0
0,283,-6.910157138906557,2.9766146950707567e-20,1.0678940899360686e-17,0.0,0.0
0,284,-6.910157138906557,2.9766146950707567e-20,1.0678940899360686e-17,0.0,0.0
0,285,-6.910157138906557,2.9766146950707567e-20,1.0678940899360686e-17,0.0,0.0
0,286,-6.910157138906557,2.9766146950707567e-20,1.0678940899360686e-17,0.0,0.0
0,287,-6.910157138906557,2.9766146950707567e-20,1.0678940899360686e-17,0.0,0.0
0,288,-6.910157138906557,2.9766146950707567e-20,1.0678940899360686e-17,0.0,0.0
0,289,-6.910157138906557,2.9766146950707567e-20,1.0678940899360686e-17,0.0,0.0
0,290,-6.910157138906557,2.9766146950707567e-20,1.0678940899360686e-17,0.0,0.0
0,291,-6.910157138906557,2.9766146950707567e-20,1.0678940899360686e-17,0.0,0.0
0,292,-6.910157138906557,2.9766146950707567e-20,1.0678940899360686e-17,0.0,0.0
0,293,-6.910157138906557,2.9766146950707567e-20,1.0678940899360686e-17,0.0,0.0
0,294,-6.910157138906557,2.9766146950707567e-20,1.0678940899360686e-17,0.0,0.0
0,295,-6.910157138906557,2.9766146950707567e-20,1.0678940899360686e-17,0.0,0.0
0,296,-6.910157138906557,2.9766146950707567e-20,1.0678940899360686e-17,0.0,0.0
0,297,-6.910157138906557,2.9766146950707567e-20,1.0678940899360686e-17,0.0,0.0
0,298,-6.910157138906557,2.9766146950707567e-20,1.0678940899360686e-17,0.0,0.0
0,299,-6.910157138906557,2.9766146950707567e-20,1.0678940899360686e-17,0.0,0.0
0,300,-6.910157138906557,2.9766146950707567e-20,1.0678940899360686e-17,0.0,0.0
1,1,-7.09686339120193,0.06769768421400102,30.61081153258387,0.005909170867810772,0.0045829764479386045
1,2,-7.10169616226808,0.023567294566592505,10.656406060070966,0.00624633095088046,0.1211914090107018
1,3,-7.10234734019956,0.001925178101949184,0.8705063508396351,0.006963811657700953,0.006673019072031309
1,4,-7.102351022487839,0.0002565081994884365,0.11598512182901294,0.0059031654552834595,0.017752547290422804
1,5,-7.102351113374163,2.3183612968024596e-05,0.01048291703694344,0.008207404752753373,0.008168827618077495
1,6,-7.102351113963605,3.767197320565576e-06,0.0017034108112377393,0.00651609628521131,0.026404290432817855
1,7,-7.102351113981023,6.02506065641304e-08,2.724347196911973e-05,0.007293002283424211,0.00025579150067909183
1,8,-7.102351113981029,1.3281470407098804e-20,6.005472598178014e-18,0.007054158506767261,4.859252546796842e-26
1,9,-7.102351113981029,1.3281470407098804e-20,6.005472598178014e-18,0.0,0.0
1,10,-7.102351113981029,1.3281470407098804e-20,6.005472598178014e-18,0.0,0.0
1,11,-7.102351113981029,1.3281470407098804e-20,6.005472598178014e-18,0.0,0.0
1,12,-7.102351113981029,1.3281470407098804e-20,6.005472598178014e-18,0.0,0.0
1,13,-7.102351113981029,1.3281470407098804e-20,6.005472598178014e-18,0.0,0.0
1,14,-7.102351113981029,1.3281470407098804e-20,6.005472598178014e-18,0.0,0.0
1,15,-7.102351113981029,1.3281470407098804e-20,6.005472598178014e-18,0.0,0.0
1,16,-7.102351113981029,1.3281470407098804e-20,6.005472598178014e-18,0.0,0.0
1,17,-7.102351113981029,1.3281470407098804e-20,6.005472598178014e-18,0.0,0.0
1,18,-7.102351113981029,1.3281470407098804e-20,6.005472598178014e-18,0.0,0.0
1,19,-7.102351113981029,1.3281470407098804e-20,6.005472598178014e-18,0.0,0.0
1,20,-7.102351113981029,1.3281470407098804e-20,6.005472598178014e-18,0.0,0.0
1,21,-7.102351113981029,1.3281470407098804e-20,6.005472598178014e-18,0.0,0.0
1,22,-7.102351113981029,1.3281470407098804e-20,6.005472598178014e-18,0.0,0.0
1,23,-7.102351113981029,1.3281470407098804e-20,6.005472598178014e-18,0.0,0.0
1,24,-7.102351113981029,1.3281470407098804e-20,6.005472598178014e-18,0.0,0.0
1,25,-7.102351113981029,1.3281470407098804e-20,6.005472598178014e-18,0.0,0.0
1,26,-7.102351113981029,1.3281470407098804e-20,6.005472598178014e-18,0.0,0.0
1,27,-7.102351113981029,1.3281470407098804e-20,6.005472598178014e-18,0.0,0.0
1,28,-7.102351113981029,1.3281470407098804e-20,6.005472598178014e-18,0.0,0.0
1,29,-7.102351113981029,1.3281470407098804e-20,6.005472598178014e-18,0.0,0.0
1,30,-7.102351113981029,1.3281470407098804e-20,6.005472598178014e-18,0.0,0.0
1,31,-7.102351113981029,1.3281470407098804e-20,6.005472598178014e-18,0.0,0.0
1,32,-7.102351113981029,1.3281470407098804e-20,6.005472598178014e-18,0.0,0.0
1,33,-7.102351113981029,1.3281470407098804e-20,6.005472598178014e-18,0.0,0.0
1,34,-7.102351113981029,1.3281470407098804e-20,6.005472598178014e-18,0.0,0.0
1,35,-7.102351113981029,1.3281470407098804e-20,6.005472598178014e-18,0.0,0.0
1,36,-7.102351113981029,1.3281470407098804e-20,6.005472598178014e-18,0.0,0.0
1,37,-7.102351113981029,1.3281470407098804e-20,6.005472598178014e-18,0.0,0.0
1,38,-7.102351113981029,1.3281470407098804e-20,6.005472598178014e-18,0.0,0.0
1,39,-7.102351113981029,1.3281470407098804e-20,6.005472598178014e-18,0.0,0.0
1,40,-7.102351113981029,1.3281470407098804e-20,6.005472598178014e-18,0.0,0.0
1,41,-7.102351113981029,1.3281470407098804e-20,6.005472598178014e-18,0.0,0.0
1,42,-7.102351113981029,1.3281470407098804e-20,6.005472598178014e-18,0.0,0.0
1,43,-7.102351113981029,1.3281470407098804e-20,6.005472598178014e-18,0.0,0.0
1,44,-7.102351113981029,1.3281470407098804e-20,6.005472598178014e-18,0.0,0.0
1,45,-7.102351113981029,1.3281470407098804e-20,6.005472598178014e-18,0.0,0.0
1,46,-7.102351113981029,1.3281470407098804e-20,6.005472598178014e-18,0.0,0.0
1,47,-7.102351113981029,1.3281470407098804e-20,6.005472598178014e-18,0.0,0.0
1,48,-7.102351113981029,1.3281470407098804e-20,6.005472598178014e-18,0.0,0.0
1,49,-7.102351113981029,1.3281470407098804e-20,6.005472598178014e-18,0.0,0.0
1,50,-7.102351113981029,1.3281470407098804e-20,6.005472598178014e-18,0.0,0.0
1,51,-7.102351113981029,1.3281470407098804e-20,6.005472598178014e-18,0.0,0.0
1,52,-7.102351113981029,1.3281470407098804e-20,6.005472598178014e-18,0.0,0.0
1,53,-7.102351113981029,1.3281470407098804e-20,6.005472598178014e-18,0.0,0.0
1,54,-7.102351113981029,1.3281470407098804e-20,6.005472598178014e-18,0.0,0.0
1,55,-7.102351113981029,1.3281470407098804e-20,6.005472598178014e-18,0.0,0.0
1,56,-7.102351113981029,1.3281470407098804e-20,6.005472598178014e-18,0.0,0.0
1,57,-7.102351113981029,1.3281470407098804e-20,6.005472598178014e-18,0.0,0.0
1,58,-7.102351113981029,1.3281470407098804e-20,6.005472598178014e-18,0.0,0.0
1,59,-7.102351113981029,1.3281470407098804e-20,6.005472598178014e-18,0.0,0.0
1,60,-7.102351113981029,1.3281470407098804e-20,6.005472598178014e-18,0.0,0.0
1,61,-7.102351113981029,1.3281470407098804e-20,6.005472598178014e-18,0.0,0.0
1,62,-7.102351113981029,1.3281470407098804e-20,6.005472598178014e-18,0.0,0.0
1,63,-7.102351113981029,1.3281470407098804e-20,6.005472598178014e-18,0.0,0.0
1,64,-7.102351113981029,1.3281470407098804e-20,6.005472598178014e-18,0.0,0.0
1,65,-7.102351113981029,1.3281470407098804e-20,6.005472598178014e-18,0.0,0.0
1,66,-7.102351113981029,1.3281470407098804e-20,6.005472598178014e-18,0.0,0.0
1,67,-7.102351113981029,1.3281470407098804e-20,6.005472598178014e-18,0.0,0.0
1,68,-7.102351113981029,1.3281470407098804e-20,6.005472598178014e-18,0.0,0.0
1,69,-7.102351113981029,1.3281470407098804e-20,6.005472598178014e-18,0.0,0.0
1,70,-7.102351113981029,1.3281470407098804e-20,6.005472598178014e-18,0.0,0.0
1,71,-7.102351113981029,1.3281470407098804e-20,6.005472598178014e-18,0.0,0.0
1,72,-7.102351113981029,1.3281470407098804e-20,6.005472598178014e-18,0.0,0.0
1,73,-7.102351113981029,1.3281470407098804e-20,6.005472598178014e-18,0.0,0.0
1,74,-7.102351113981029,1.3281470407098804e-20,6.005472598178014e-18,0.0,0.0
1,75,-7.102351113981029,1.3281470407098804e-20,6.005472598178014e-18,0.0,0.0
1,76,-7.102351113981029,1.3281470407098804e-20,6.005472598178014e-18,0.0,0.0
1,77,-7.102351113981029,1.3281470407098804e-20,6.005472598178014e-18,0.0,0.0
1,78,-7.102351113981029,1.3281470407098804e-20,6.005472598178014e-18,0.0,0.0
1,79,-7.102351113981029,1.3281470407098804e-20,6.005472598178014e-18,0.0,0.0
1,80,-7.102351113981029,1.3281470407098804e-20,6.005472598178014e-18,0.0,0.0
1,81,-7.102351113981029,1.3281470407098804e-20,6.005472598178014e-18,0.0,0.0
1,82,-7.102351113981029,1.3281470407098804e-20,6.005472598178014e-18,0.0,0.0
1,83,-7.102351113981029,1.3281470407098804e-20,6.005472598178014e-18,0.0,0.0
1,84,-7.102351113981029,1.3281470407098804e-20,6.005472598178014e-18,0.0,0.0
1,85,-7.102351113981029,1.3281470407098804e-20,6.005472598178014e-18,0.0,0.0
1,86,-7.102351113981029,1.3281470407098804e-20,6.005472598178014e-18,0.0,0.0
1,87,-7.102351113981029,1.3281470407098804e-20,6.005472598178014e-18,0.0,0.0
1,88,-7.102351113981029,1.3281470407098804e-20,6.005472598178014e-18,0.0,0.0
1,89,-7.102351113981029,1.3281470407098804e-20,6.005472598178014e-18,0.0,0.0
1,90,-7.102351113981029,1.3281470407098804e-20,6.005472598178014e-18,0.0,0.0
1,91,-7.102351113981029,1.3281470407098804e-20,6.005472598178014e-18,0.0,0.0
1,92,-7.102351113981029,1.3281470407098804e-20,6.005472598178014e-18,0.0,0.0
1,93,-7.102351113981029,1.3281470407098804e-20,6.005472598178014e-18,0.0,0.0
1,94,-7.102351113981029,1.3281470407098804e-20,6.005472598178014e-18,0.0,0.0
1,95,-7.102351113981029,1.3281470407098804e-20,6.005472598178014e-18,0.0,0.0
1,96,-7.102351113981029,1.3281470407098804e-20,6.005472598178014e-18,0.0,0.0
1,97,-7.102351113981029,1.3281470407098804e-20,6.005472598178014e-18,0.0,0.0
1,98,-7.102351113981029,1.3281470407098804e-20,6.005472598178014e-18,0.0,0.0
1,99,-7.102351113981029,1.3281470407098804e-20,6.005472598178014e-18,0.0,0.0
1,100,-7.102351113981029,1.3281470407098804e-20,6.005472598178014e-18,0.0,0.0
1,101,-7.102351113981029,1.3281470407098804e-20,6.005472598178014e-18,0.0,0.0
1,102,-7.102351113981029,1.3281470407098804e-20,6.005472598178014e-18,0.0,0.0
1,103,-7.102351113981029,1.3281470407098804e-20,6.005472598178014e-18,0.0,0.0
1,104,-7.102351113981029,1.3281470407098804e-20,6.005472598178014e-18,0.0,0.0
1,105,-7.102351113981029,1.3281470407098804e-20,6.005472598178014e-18,0.0,0.0
1,106,-7.102351113981029,1.3281470407098804e-20,6.005472598178014e-18,0.0,0.0
1,107,-7.102351113981029,1.3281470407098804e-20,6.005472598178014e-18,0.0,0.0
1,108,-7.102351113981029,1.3281470407098804e-20,6.005472598178014e-18,0.0,0.0
1,109,-7.102351113981029,1.3281470407098804e-20,6.005472598178014e-18,0.0,0.0
1,110,-7.102351113981029,1.3281470407098804e-20,6.005472598178014e-18,0.0,0.0
1,111,-7.102351113981029,1.3281470407098804e-20,6.005472598178014e-18,0.0,0.0
1,112,-7.102351113981029,1.3281470407098804e-20,6.005472598178014e-18,0.0,0.0
1,113,-7.102351113981029,1.3281470407098804e-20,6.005472598178014e-18,0.0,0.0
1,114,-7.102351113981029,1.3281470407098804e-20,6.005472598178014e-18,0.0,0.0
1,115,-7.102351113981029,1.3281470407098804e-20,6.005472598178014e-18,0.0,0.0
1,116,-7.102351113981029,1.3281470407098804e-20,6.005472598178014e-18,0.0,0.0
1,117,-7.102351113981029,1.3281470407098804e-20,6.005472598178014e-18,0.0,0.0
1,118,-7.102351113981029,1.3281470407098804e-20,6.005472598178014e-18,0.0,0.0
1,119,-7.102351113981029,1.3281470407098804e-20,6.005472598178014e-18,0.0,0.0
1,120,-7.102351113981029,1.3281470407098804e-20,6.005472598178014e-18,0.0,0.0
1,121,-7.102351113981029,1.3281470407098804e-20,6.005472598178014e-18,0.0,0.0
1,122,-7.102351113981029,1.3281470407098804e-20,6.005472598178014e-18,0.0,0.0
1,123,-7.102351113981029,1.3281470407098804e-20,6.005472598178014e-18,0.0,0.0
1,124,-7.102351113981029,1.3281470407098804e-20,6.005472598178014e-18,0.0,0.0
1,125,-7.102351113981029,1.3281470407098804e-20,6.005472598178014e-18,0.0,0.0
1,126,-7.102351113981029,1.3281470407098804e-20,6.005472598178014e-18,0.0,0.0
1,127,-7.102351113981029,1.3281470407098804e-20,6.005472598178014e-18,0.0,0.0
1,128,-7.102351113981029,1.3281470407098804e-20,6.005472598178014e-18,0.0,0.0
1,129,-7.102351113981029,1.3281470407098804e-20,6.005472598178014e-18,0.0,0.0
1,130,-7.102351113981029,1.3281470407098804e-20,6.005472598178014e-18,0.0,0.0
1,131,-7.102351113981029,1.3281470407098804e-20,6.005472598178014e-18,0.0,0.0
1,132,-7.102351113981029,1.3281470407098804e-20,6.005472598178014e-18,0.0,0.0
1,133,-7.102351113981029,1.3281470407098804e-20,6.005472598178014e-18,0.0,0.0
1,134,-7.102351113981029,1.3281470407098804e-20,6.005472598178014e-18,0.0,0.0
1,135,-7.102351113981029,1.3281470407098804e-20,6.005472598178014e-18,0.0,0.0
1,136,-7.102351113981029,1.3281470407098804e-20,6.005472598178014e-18,0.0,0.0
1,137,-7.102351113981029,1.3281470407098804e-20,6.005472598178014e-18,0.0,0.0
1,138,-7.102351113981029,1.3281470407098804e-20,6.005472598178014e-18,0.0,0.0
1,139,-7.102351113981029,1.3281470407098804e-20,6.005472598178014e-18,0.0,0.0
1,140,-7.102351113981029,1.3281470407098804e-20,6.005472598178014e-18,0.0,0.0
1,141,-7.102351113981029,1.3281470407098804e-20,6.005472598178014e-18,0.0,0.0
1,142,-7.102351113981029,1.3281470407098804e-20,6.005472598178014e-18,0.0,0.0
1,143,-7.102351113981029,1.3281470407098804e-20,6.005472598178014e-18,0.0,0.0
1,144,-7.102351113981029,1.3281470407098804e-20,6.005472598178014e-18,0.0,0.0
1,145,-7.102351113981029,1.3281470407098804e-20,6.005472598178014e-18,0.0,0.0
1,146,-7.102351113981029,1.3281470407098804e-20,6.005472598178014e-18,0.0,0.0
1,147,-7.102351113981029,1.3281470407098804e-20,6.005472598178014e-18,0.0,0.0
1,148,-7.102351113981029,1.3281470407098804e-20,6.005472598178014e-18,0.0,0.0
1,149,-7.102351113981029,1.3281470407098804e-20,6.005472598178014e-18,0.0,0.0
1,150,-7.102351113981029,1.3281470407098804e-20,6.005472598178014e-18,0.0,0.0
1,151,-7.102351113981029,1.3281470407098804e-20,6.005472598178014e-18,0.0,0.0
1,152,-7.102351113981029,1.3281470407098804e-20,6.005472598178014e-18,0.0,0.0
1,153,-7.102351113981029,1.3281470407098804e-20,6.005472598178014e-18,0.0,0.0
1,154,-7.102351113981029,1.3281470407098804e-20,6.005472598178014e-18,0.0,0.0
1,155,-7.102351113981029,1.3281470407098804e-20,6.005472598178014e-18,0.0,0.0
1,156,-7.102351113981029,1.3281470407098804e-20,6.005472598178014e-18,0.0,0.0
1,157,-7.102351113981029,1.3281470407098804e-20,6.005472598178014e-18,0.0,0.0
1,158,-7.102351113981029,1.3281470407098804e-20,6.005472598178014e-18,0.0,0.0
1,159,-7.102351113981029,1.3281470407098804e-20,6.005472598178014e-18,0.0,0.0
1,160,-7.102351113981029,1.3281470407098804e-20,6.005472598178014e-18,0.0,0.0
1,161,-7.102351113981029,1.3281470407098804e-20,6.005472598178014e-18,0.0,0.0
1,162,-7.102351113981029,1.3281470407098804e-20,6.005472598178014e-18,0.0,0.0
1,163,-7.102351113981029,1.3281470407098804e-20,6.005472598178014e-18,0.0,0.0
1,164,-7.102351113981029,1.3281470407098804e-20,6.005472598178014e-18,0.0,0.0
1,165,-7.102351113981029,1.3281470407098804e-20,6.005472598178014e-18,0.0,0.0
1,166,-7.102351113981029,1.3281470407098804e-20,6.005472598178014e-18,0.0,0.0
1,167,-7.102351113981029,1.3281470407098804e-20,6.005472598178014e-18,0.0,0.0
1,168,-7.102351113981029,1.3281470407098804e-20,6.005472598178014e-18,0.0,0.0
1,169,-7.102351113981029,1.3281470407098804e-20,6.005472598178014e-18,0.0,0.0
1,170,-7.102351113981029,1.3281470407098804e-20,6.005472598178014e-18,0.0,0.0
1,171,-7.102351113981029,1.3281470407098804e-20,6.005472598178014e-18,0.0,0.0
1,172,-7.102351113981029,1.3281470407098804e-20,6.005472598178014e-18,0.0,0.0
1,173,-7.102351113981029,1.3281470407098804e-20,6.005472598178014e-18,0.0,0.0
1,174,-7.102351113981029,1.3281470407098804e-20,6.005472598178014e-18,0.0,0.0
1,175,-7.102351113981029,1.3281470407098804e-20,6.005472598178014e-18,0.0,0.0
1,176,-7.102351113981029,1.3281470407098804e-20,6.005472598178014e-18,0.0,0.0
1,177,-7.102351113981029,1.3281470407098804e-20,6.005472598178014e-18,0.0,0.0
1,178,-7.102351113981029,1.3281470407098804e-20,6.005472598178014e-18,0.0,0.0
1,179,-7.102351113981029,1.3281470407098804e-20,6.005472598178014e-18,0.0,0.0
1,180,-7.102351113981029,1.3281470407098804e-20,6.005472598178014e-18,0.0,0.0
1,181,-7.102351113981029,1.3281470407098804e-20,6.005472598178014e-18,0.0,0.0
1,182,-7.102351113981029,1.3281470407098804e-20,6.005472598178014e-18,0.0,0.0
1,183,-7.102351113981029,1.3281470407098804e-20,6.005472598178014e-18,0.0,0.0
1,184,-7.102351113981029,1.3281470407098804e-20,6.005472598178014e-18,0.0,0.0
1,185,-7.102351113981029,1.3281470407098804e-20,6.005472598178014e-18,0.0,0.0
1,186,-7.102351113981029,1.3281470407098804e-20,6.005472598178014e-18,0.0,0.0
1,187,-7.102351113981029,1.3281470407098804e-20,6.005472598178014e-18,0.0,0.0
1,188,-7.102351113981029,1.3281470407098804e-20,6.005472598178014e-18,0.0,0.0
1,189,-7.102351113981029,1.3281470407098804e-20,6.005472598178014e-18,0.0,0.0
1,190,-7.102351113981029,1.3281470407098804e-20,6.005472598178014e-18,0.0,0.0
1,191,-7.102351113981029,1.3281470407098804e-20,6.005472598178014e-18,0.0,0.0
1,192,-7.102351113981029,1.3281470407098804e-20,6.005472598178014e-18,0.0,0.0
1,193,-7.102351113981029,1.3281470407098804e-20,6.005472598178014e-18,0.0,0.0
1,194,-7.102351113981029,1.3281470407098804e-20,6.005472598178014e-18,0.0,0.0
1,195,-7.102351113981029,1.3281470407098804e-20,6.005472598178014e-18,0.0,0.0
1,196,-7.102351113981029,1.3281470407098804e-20,6.005472598178014e-18,0.0,0.0
1,197,-7.102351113981029,1.3281470407098804e-20,6.005472598178014e-18,0.0,0.0
1,198,-7.102351113981029,1.3281470407098804e-20,6.005472598178014e-18,0.0,0.0
1,199,-7.102351113981029,1.3281470407098804e-20,6.005472598178014e-18,0.0,0.0
1,200,-7.102351113981029,1.3281470407098804e-20,6.005472598178014e-18,0.0,0.0
1,201,-7.102351113981029,1.3281470407098804e-20,6.005472598178014e-18,0.0,0.0
1,202,-7.102351113981029,1.3281470407098804e-20,6.005472598178014e-18,0.0,0.0
1,203,-7.102351113981029,1.3281470407098804e-20,6.005472598178014e-18,0.0,0.0
1,204,-7.102351113981029,1.3281470407098804e-20,6.005472598178014e-18,0.0,0.0
1,205,-7.102351113981029,1.3281470407098804e-20,6.005472598178014e-18,0.0,0.0
1,206,-7.102351113981029,1.3281470407098804e-20,6.005472598178014e-18,0.0,0.0
1,207,-7.102351113981029,1.3281470407098804e-20,6.005472598178014e-18,0.0,0.0
1,208,-7.102351113981029,1.3281470407098804e-20,6.005472598178014e-18,0.0,0.0
1,209,-7.102351113981029,1.3281470407098804e-20,6.005472598178014e-18,0.0,0.0
1,210,-7.102351113981029,1.3281470407098804e-20,6.005472598178014e-18,0.0,0.0
1,211,-7.102351113981029,1.3281470407098804e-20,6.005472598178014e-18,0.0,0.0
1,212,-7.102351113981029,1.3281470407098804e-20,6.005472598178014e-18,0.0,0.0
1,213,-7.102351113981029,1.3281470407098804e-20,6.005472598178014e-18,0.0,0.0
1,214,-7.102351113981029,1.3281470407098804e-20,6.005472598178014e-18,0.0,0.0
1,215,-7.102351113981029,1.3281470407098804e-20,6.005472598178014e-18,0.0,0.0
1,216,-7.102351113981029,1.3281470407098804e-20,6.005472598178014e-18,0.0,0.0
1,217,-7.102351113981029,1.3281470407098804e-20,6.005472598178014e-18,0.0,0.0
1,218,-7.102351113981029,1.3281470407098804e-20,6.005472598178014e-18,0.0,0.0
1,219,-7.102351113981029,1.3281470407098804e-20,6.005472598178014e-18,0.0,0.0
1,220,-7.102351113981029,1.3281470407098804e-20,6.005472598178014e-18,0.0,0.0
1,221,-7.102351113981029,1.3281470407098804e-20,6.005472598178014e-18,0.0,0.0
1,222,-7.102351113981029,1.3281470407098804e-20,6.005472598178014e-18,0.0,0.0
1,223,-7.102351113981029,1.3281470407098804e-20,6.005472598178014e-18,0.0,0.0
1,224,-7.102351113981029,1.3281470407098804e-20,6.005472598178014e-18,0.0,0.0
1,225,-7.102351113981029,1.3281470407098804e-20,6.005472598178014e-18,0.0,0.0
1,226,-7.102351113981029,1.3281470407098804e-20,6.005472598178014e-18,0.0,0.0
1,227,-7.102351113981029,1.3281470407098804e-20,6.005472598178014e-18,0.0,0.0
1,228,-7.102351113981029,1.3281470407098804e-20,6.005472598178014e-18,0.0,0.0
1,229,-7.102351113981029,1.3281470407098804e-20,6.005472598178014e-18,0.0,0.0
1,230,-7.102351113981029,1.3281470407098804e-20,6.005472598178014e-18,0.0,0.0
1,231,-7.102351113981029,1.3281470407098804e-20,6.005472598178014e-18,0.0,0.0
1,232,-7.102351113981029,1.3281470407098804e-20,6.005472598178014e-18,0.0,0.0
1,233,-7.102351113981029,1.3281470407098804e-20,6.005472598178014e-18,0.0,0.0
1,234,-7.102351113981029,1.3281470407098804e-20,6.005472598178014e-18,0.0,0.0
1,235,-7.102351113981029,1.3281470407098804e-20,6.005472598178014e-18,0.0,0.0
1,236,-7.102351113981029,1.3281470407098804e-20,6.005472598178014e-18,0.0,0.0
1,237,-7.102351113981029,1.3281470407098804e-20,6.005472598178014e-18,0.0,0.0
1,238,-7.102351113981029,1.3281470407098804e-20,6.005472598178014e-18,0.0,0.0
1,239,-7.102351113981029,1.3281470407098804e-20,6.005472598178014e-18,0.0,0.0
1,240,-7.102351113981029,1.3281470407098804e-20,6.005472598178014e-18,0.0,0.0
1,241,-7.102351113981029,1.3281470407098804e-20,6.005472598178014e-18,0.0,0.0
1,242,-7.102351113981029,1.3281470407098804e-20,6.005472598178014e-18,0.0,0.0
1,243,-7.102351113981029,1.3281470407098804e-20,6.005472598178014e-18,0.0,0.0
1,244,-7.102351113981029,1.3281470407098804e-20,6.005472598178014e-18,0.0,0.0
1,245,-7.102351113981029,1.3281470407098804e-20,6.005472598178014e-18,0.0,0.0
1,246,-7.102351113981029,1.3281470407098804e-20,6.005472598178014e-18,0.0,0.0
1,247,-7.102351113981029,1.3281470407098804e-20,6.005472598178014e-18,0.0,0.0
1,248,-7.102351113981029,1.3281470407098804e-20,6.005472598178014e-18,0.0,0.0
1,249,-7.102351113981029,1.3281470407098804e-20,6.005472598178014e-18,0.0,0.0
1,250,-7.102351113981029,1.3281470407098804e-20,6.005472598178014e-18,0.0,0.0
1,251,-7.102351113981029,1.3281470407098804e-20,6.005472598178014e-18,0.0,0.0
1,252,-7.102351113981029,1.3281470407098804e-20,6.005472598178014e-18,0.0,0.0
1,253,-7.102351113981029,1.3281470407098804e-20,6.005472598178014e-18,0.0,0.0
1,254,-7.102351113981029,1.3281470407098804e-20,6.005472598178014e-18,0.0,0.0
1,255,-7.102351113981029,1.3281470407098804e-20,6.005472598178014e-18,0.0,0.0
1,256,-7.102351113981029,1.3281470407098804e-20,6.005472598178014e-18,0.0,0.0
1,257,-7.102351113981029,1.3281470407098804e-20,6.005472598178014e-18,0.0,0.0
1,258,-7.102351113981029,1.3281470407098804e-20,6.005472598178014e-18,0.0,0.0
1,259,-7.102351113981029,1.3281470407098804e-20,6.005472598178014e-18,0.0,0.0
1,260,-7.102351113981029,1.3281470407098804e-20,6.005472598178014e-18,0.0,0.0
1,261,-7.102351113981029,1.3281470407098804e-20,6.005472598178014e-18,0.0,0.0
1,262,-7.102351113981029,1.3281470407098804e-20,6.005472598178014e-18,0.0,0.0
1,263,-7.102351113981029,1.3281470407098804e-20,6.005472598178014e-18,0.0,0.0
1,264,-7.102351113981029,1.3281470407098804e-20,6.005472598178014e-18,0.0,0.0
1,265,-7.102351113981029,1.3281470407098804e-20,6.005472598178014e-18,0.0,0.0
1,266,-7.102351113981029,1.3281470407098804e-20,6.005472598178014e-18,0.0,0.0
1,267,-7.102351113981029,1.3281470407098804e-20,6.005472598178014e-18,0.0,0.0
1,268,-7.102351113981029,1.3281470407098804e-20,6.005472598178014e-18,0.0,0.0
1,269,-7.102351113981029,1.3281470407098804e-20,6.005472598178014e-18,0.0,0.0
1,270,-7.102351113981029,1.3281470407098804e-20,6.005472598178014e-18,0.0,0.0
1,271,-7.102351113981029,1.3281470407098804e-20,6.005472598178014e-18,0.0,0.0
1,272,-7.102351113981029,1.3281470407098804e-20,6.005472598178014e-18,0.0,0.0
1,273,-7.102351113981029,1.3281470407098804e-20,6.005472598178014e-18,0.0,0.0
1,274,-7.102351113981029,1.3281470407098804e-20,6.005472598178014e-18,0.0,0.0
1,275,-7.102351113981029,1.3281470407098804e-20,6.005472598178014e-18,0.0,0.0
1,276,-7.102351113981029,1.3281470407098804e-20,6.005472598178014e-18,0.0,0.0
1,277,-7.102351113981029,1.3281470407098804e-20,6.005472598178014e-18,0.0,0.0
1,278,-7.102351113981029,1.3281470407098804e-20,6.005472598178014e-18,0.0,0.0
1,279,-7.102351113981029,1.3281470407098804e-20,6.005472598178014e-18,0.0,0.0
1,280,-7.102351113981029,1.3281470407098804e-20,6.005472598178014e-18,0.0,0.0
1,281,-7.102351113981029,1.3281470407098804e-20,6.005472598178014e-18,0.0,0.0
1,282,-7.102351113981029,1.3281470407098804e-20,6.005472598178014e-18,0.0,0.0
1,283,-7.102351113981029,1.3281470407098804e-20,6.005472598178014e-18,0.0,0.0
1,284,-7.102351113981029,1.3281470407098804e-20,6.005472598178014e-18,0.0,0.0
1,285,-7.102351113981029,1.3281470407098804e-20,6.005472598178014e-18,0.0,0.0
1,286,-7.102351113981029,1.3281470407098804e-20,6.005472598178014e-18,0.0,0.0
1,287,-7.102351113981029,1.3281470407098804e-20,6.005472598178014e-18,0.0,0.0
1,288,-7.102351113981029,1.3281470407098804e-20,6.005472598178014e-18,0.0,0.0
1,289,-7.102351113981029,1.3281470407098804e-20,6.005472598178014e-18,0.0,0.0
1,290,-7.102351113981029,1.3281470407098804e-20,6.005472598178014e-18,0.0,0.0
1,291,-7.102351113981029,1.3281470407098804e-20,6.005472598178014e-18,0.0,0.0
1,292,-7.102351113981029,1.3281470407098804e-20,6.005472598178014e-18,0.0,0.0
1,293,-7.102351113981029,1.3281470407098804e-20,6.005472598178014e-18,0.0,0.0
1,294,-7.102351113981029,1.3281470407098804e-20,6.005472598178014e-18,0.0,0.0
1,295,-7.102351113981029,1.3281470407098804e-20,6.005472598178014e-18,0.0,0.0
1,296,-7.102351113981029,1.3281470407098804e-20,6.005472598178014e-18,0.0,0.0
1,297,-7.102351113981029,1.3281470407098804e-20,6.005472598178014e-18,0.0,0.0
1,298,-7.102351113981029,1.3281470407098804e-20,6.005472598178014e-18,0.0,0.0
1,299,-7.102351113981029,1.3281470407098804e-20,6.005472598178014e-18,0.0,0.0
1,300,-7.102351113981029,1.3281470407098804e-20,6.005472598178014e-18,0.0,0.0
2,1,-5.74403069601043,0.12916902145780007,30.140247358992124,0.005736195569965995,0.016684636104365613
2,2,-5.764657713251046,0.015973156735721174,3.7271699489948813,0.007165235045073852,0.015292016829612226
2,3,-5.764950826006891,0.004276014932701808,0.9977635994128987,0.006728201850079637,0.0716633193137871
2,4,-5.764971280074206,0.0007909813412220843,0.18456726707161517,0.006552622410914836,0.034217955043103154
2,5,-5.764972038598361,8.38018708767537e-05,0.019554294743936454,0.007101587332043974,0.011224705387386028
2,6,-5.764972046207607,1.098908917404023e-05,0.0025641896347709317,0.006346771243584131,0.017195545849821983
2,7,-5.764972046358237,1.3659019485280124e-06,0.00031871900965212114,0.007306481731646881,0.015449543586540717
2,8,-5.764972046360309,6.4122686085274254e-21,1.496236170345673e-18,0.0065031453500368226,2.2038618341830264e-29
2,9,-5.764972046360309,6.4122686085274254e-21,1.496236170345673e-18,0.0,0.0
2,10,-5.764972046360309,6.4122686085274254e-21,1.496236170345673e-18,0.0,0.0
2,11,-5.764972046360309,6.4122686085274254e-21,1.496236170345673e-18,0.0,0.0
2,12,-5.764972046360309,6.4122686085274254e-21,1.496236170345673e-18,0.0,0.0
2,13,-5.764972046360309,6.4122686085274254e-21,1.496236170345673e-18,0.0,0.0
2,14,-5.764972046360309,6.4122686085274254e-21,1.496236170345673e-18,0.0,0.0
2,15,-5.764972046360309,6.4122686085274254e-21,1.496236170345673e-18,0.0,0.0
2,16,-5.764972046360309,6.4122686085274254e-21,1.496236170345673e-18,0.0,0.0
2,17,-5.764972046360309,6.4122686085274254e-21,1.496236170345673e-18,0.0,0.0
2,18,-5.764972046360309,6.4122686085274254e-21,1.496236170345673e-18,0.0,0.0
2,19,-5.764972046360309,6.4122686085274254e-21,1.496236170345673e-18,0.0,0.0
2,20,-5.764972046360309,6.4122686085274254e-21,1.496236170345673e-18,0.0,0.0
2,21,-5.764972046360309,6.4122686085274254e-21,1.496236170345673e-18,0.0,0.0
2,22,-5.764972046360309,6.4122686085274254e-21,1.496236170345673e-18,0.0,0.0
2,23,-5.764972046360309,6.4122686085274254e-21,1.496236170345673e-18,0.0,0.0
2,24,-5.764972046360309,6.4122686085274254e-21,1.496236170345673e-18,0.0,0.0
2,25,-5.764972046360309,6.4122686085274254e-21,1.496236170345673e-18,0.0,0.0
2,26,-5.764972046360309,6.4122686085274254e-21,1.496236170345673e-18,0.0,0.0
2,27,-5.764972046360309,6.4122686085274254e-21,1.496236170345673e-18,0.0,0.0
2,28,-5.764972046360309,6.4122686085274254e-21,1.496236170345673e-18,0.0,0.0
2,29,-5.764972046360309,6.4122686085274254e-21,1.496236170345673e-18,0.0,0.0
2,30,-5.764972046360309,6.4122686085274254e-21,1.496236170345673e-18,0.0,0.0
2,31,-5.764972046360309,6.4122686085274254e-21,1.496236170345673e-18,0.0,0.0
2,32,-5.764972046360309,6.4122686085274254e-21,1.496236170345673e-18,0.0,0.0
2,33,-5.764972046360309,6.4122686085274254e-21,1.496236170345673e-18,0.0,0.0
2,34,-5.764972046360309,6.4122686085274254e-21,1.496236170345673e-18,0.0,0.0
2,35,-5.764972046360309,6.4122686085274254e-21,1.496236170345673e-18,0.0,0.0
2,36,-5.764972046360309,6.4122686085274254e-21,1.496236170345673e-18,0.0,0.0
2,37,-5.764972046360309,6.4122686085274254e-21,1.496236170345673e-18,0.0,0.0
2,38,-5.764972046360309,6.4122686085274254e-21,1.496236170345673e-18,0.0,0.0
2,39,-5.764972046360309,6.4122686085274254e-21,1.496236170345673e-18,0.0,0.0
2,40,-5.764972046360309,6.4122686085274254e-21,1.496236170345673e-18,0.0,0.0
2,41,-5.764972046360309,6.4122686085274254e-21,1.496236170345673e-18,0.0,0.0
2,42,-5.764972046360309,6.4122686085274254e-21,1.496236170345673e-18,0.0,0.0
2,43,-5.764972046360309,6.4122686085274254e-21,1.496236170345673e-18,0.0,0.0
2,44,-5.764972046360309,6.4122686085274254e-21,1.496236170345673e-18,0.0,0.0
2,45,-5.764972046360309,6.4122686085274254e-21,1.496236170345673e-18,0.0,0.0
2,46,-5.764972046360309,6.4122686085274254e-21,1.496236170345673e-18,0.0,0.0
2,47,-5.764972046360309,6.4122686085274254e-21,1.496236170345673e-18,0.0,0.0
2,48,-5.764972046360309,6.4122686085274254e-21,1.496236170345673e-18,0.0,0.0
2,49,-5.764972046360309,6.4122686085274254e-21,1.496236170345673e-18,0.0,0.0
2,50,-5.764972046360309,6.4122686085274254e-21,1.496236170345673e-18,0.0,0.0
2,51,-5.764972046360309,6.4122686085274254e-21,1.496236170345673e-18,0.0,0.0
2,52,-5.764972046360309,6.4122686085274254e-21,1.496236170345673e-18,0.0,0.0
2,53,-5.764972046360309,6.4122686085274254e-21,1.496236170345673e-18,0.0,0.0
2,54,-5.764972046360309,6.4122686085274254e-21,1.496236170345673e-18,0.0,0.0
2,55,-5.764972046360309,6.4122686085274254e-21,1.496236170345673e-18,0.0,0.0
2,56,-5.764972046360309,6.4122686085274254e-21,1.496236170345673e-18,0.0,0.0
2,57,-5.764972046360309,6.4122686085274254e-21,1.496236170345673e-18,0.0,0.0
2,58,-5.764972046360309,6.4122686085274254e-21,1.496236170345673e-18,0.0,0.0
2,59,-5.764972046360309,6.4122686085274254e-21,1.496236170345673e-18,0.0,0.0
2,60,-5.764972046360309,6.4122686085274254e-21,1.496236170345673e-18,0.0,0.0
2,61,-5.764972046360309,6.4122686085274254e-21,1.496236170345673e-18,0.0,0.0
2,62,-5.764972046360309,6.4122686085274254e-21,1.496236170345673e-18,0.0,0.0
2,63,-5.764972046360309,6.4122686085274254e-21,1.496236170345673e-18,0.0,0.0
2,64,-5.764972046360309,6.4122686085274254e-21,1.496236170345673e-18,0.0,0.0
2,65,-5.764972046360309,6.4122686085274254e-21,1.496236170345673e-18,0.0,0.0
2,66,-5.764972046360309,6.4122686085274254e-21,1.496236170345673e-18,0.0,0.0
2,67,-5.764972046360309,6.4122686085274254e-21,1.496236170345673e-18,0.0,0.0
2,68,-5.764972046360309,6.4122686085274254e-21,1.496236170345673e-18,0.0,0.0
2,69,-5.764972046360309,6.4122686085274254e-21,1.496236170345673e-18,0.0,0.0
2,70,-5.764972046360309,6.4122686085274254e-21,1.496236170345673e-18,0.0,0.0
2,71,-5.764972046360309,6.4122686085274254e-21,1.496236170345673e-18,0.0,0.0
2,72,-5.764972046360309,6.4122686085274254e-21,1.496236170345673e-18,0.0,0.0
2,73,-5.764972046360309,6.4122686085274254e-21,1.496236170345673e-18,0.0,0.0
2,74,-5.764972046360309,6.4122686085274254e-21,1.496236170345673e-18,0.0,0.0
2,75,-5.764972046360309,6.4122686085274254e-21,1.496236170345673e-18,0.0,0.0
2,76,-5.764972046360309,6.4122686085274254e-21,1.496236170345673e-18,0.0,0.0
2,77,-5.764972046360309,6.4122686085274254e-21,1.496236170345673e-18,0.0,0.0
2,78,-5.764972046360309,6.4122686085274254e-21,1.496236170345673e-18,0.0,0.0
2,79,-5.764972046360309,6.4122686085274254e-21,1.496236170345673e-18,0.0,0.0
2,80,-5.764972046360309,6.4122686085274254e-21,1.496236170345673e-18,0.0,0.0
2,81,-5.764972046360309,6.4122686085274254e-21,1.496236170345673e-18,0.0,0.0
2,82,-5.764972046360309,6.4122686085274254e-21,1.496236170345673e-18,0.0,0.0
2,83,-5.764972046360309,6.4122686085274254e-21,1.496236170345673e-18,0.0,0.0
2,84,-5.764972046360309,6.4122686085274254e-21,1.496236170345673e-18,0.0,0.0
2,85,-5.764972046360309,6.4122686085274254e-21,1.496236170345673e-18,0.0,0.0
2,86,-5.764972046360309,6.4122686085274254e-21,1.496236170345673e-18,0.0,0.0
2,87,-5.764972046360309,6.4122686085274254e-21,1.496236170345673e-18,0.0,0.0
2,88,-5.764972046360309,6.4122686085274254e-21,1.496236170345673e-18,0.0,0.0
2,89,-5.764972046360309,6.4122686085274254e-21,1.496236170345673e-18,0.0,0.0
2,90,-5.764972046360309,6.4122686085274254e-21,1.496236170345673e-18,0.0,0.0
2,91,-5.764972046360309,6.4122686085274254e-21,1.496236170345673e-18,0.0,0.0
2,92,-5.764972046360309,6.4122686085274254e-21,1.496236170345673e-18,0.0,0.0
2,93,-5.764972046360309,6.4122686085274254e-21,1.496236170345673e-18,0.0,0.0
2,94,-5.764972046360309,6.4122686085274254e-21,1.496236170345673e-18,0.0,0.0
2,95,-5.764972046360309,6.4122686085274254e-21,1.496236170345673e-18,0.0,0.0
2,96,-5.764972046360309,6.4122686085274254e-21,1.496236170345673e-18,0.0,0.0
2,97,-5.764972046360309,6.4122686085274254e-21,1.496236170345673e-18,0.0,0.0
2,98,-5.764972046360309,6.4122686085274254e-21,1.496236170345673e-18,0.0,0.0
2,99,-5.764972046360309,6.4122686085274254e-21,1.496236170345673e-18,0.0,0.0
2,100,-5.764972046360309,6.4122686085274254e-21,1.496236170345673e-18,0.0,0.0
2,101,-5.764972046360309,6.4122686085274254e-21,1.496236170345673e-18,0.0,0.0
2,102,-5.764972046360309,6.4122686085274254e-21,1.496236170345673e-18,0.0,0.0
2,103,-5.764972046360309,6.4122686085274254e-21,1.496236170345673e-18,0.0,0.0
2,104,-5.764972046360309,6.4122686085274254e-21,1.496236170345673e-18,0.0,0.0
2,105,-5.764972046360309,6.4122686085274254e-21,1.496236170345673e-18,0.0,0.0
2,106,-5.764972046360309,6.4122686085274254e-21,1.496236170345673e-18,0.0,0.0
2,107,-5.764972046360309,6.4122686085274254e-21,1.496236170345673e-18,0.0,0.0
2,108,-5.764972046360309,6.4122686085274254e-21,1.496236170345673e-18,0.0,0.0
2,109,-5.764972046360309,6.4122686085274254e-21,1.496236170345673e-18,0.0,0.0
2,110,-5.764972046360309,6.4122686085274254e-21,1.496236170345673e-18,0.0,0.0
2,111,-5.764972046360309,6.4122686085274254e-21,1.496236170345673e-18,0.0,0.0
2,112,-5.764972046360309,6.4122686085274254e-21,1.496236170345673e-18,0.0,0.0
2,113,-5.764972046360309,6.4122686085274254e-21,1.496236170345673e-18,0.0,0.0
2,114,-5.764972046360309,6.4122686085274254e-21,1.496236170345673e-18,0.0,0.0
2,115,-5.764972046360309,6.4122686085274254e-21,1.496236170345673e-18,0.0,0.0
2,116,-5.764972046360309,6.4122686085274254e-21,1.496236170345673e-18,0.0,0.0
2,117,-5.764972046360309,6.4122686085274254e-21,1.496236170345673e-18,0.0,0.0
2,118,-5.764972046360309,6.4122686085274254e-21,1.496236170345673e-18,0.0,0.0
2,119,-5.764972046360309,6.4122686085274254e-21,1.496236170345673e-18,0.0,0.0
2,120,-5.764972046360309,6.4122686085274254e-21,1.496236170345673e-18,0.0,0.0
2,121,-5.764972046360309,6.4122686085274254e-21,1.496236170345673e-18,0.0,0.0
2,122,-5.764972046360309,6.4122686085274254e-21,1.496236170345673e-18,0.0,0.0
2,123,-5.764972046360309,6.4122686085274254e-21,1.496236170345673e-18,0.0,0.0
2,124,-5.764972046360309,6.4122686085274254e-21,1.496236170345673e-18,0.0,0.0
2,125,-5.764972046360309,6.4122686085274254e-21,1.496236170345673e-18,0.0,0.0
2,126,-5.764972046360309,6.4122686085274254e-21,1.496236170345673e-18,0.0,0.0
2,127,-5.764972046360309,6.4122686085274254e-21,1.496236170345673e-18,0.0,0.0
2,128,-5.764972046360309,6.4122686085274254e-21,1.496236170345673e-18,0.0,0.0
2,129,-5.764972046360309,6.4122686085274254e-21,1.496236170345673e-18,0.0,0.0
2,130,-5.764972046360309,6.4122686085274254e-21,1.496236170345673e-18,0.0,0.0
2,131,-5.764972046360309,6.4122686085274254e-21,1.496236170345673e-18,0.0,0.0
2,132,-5.764972046360309,6.4122686085274254e-21,1.496236170345673e-18,0.0,0.0
2,133,-5.764972046360309,6.4122686085274254e-21,1.496236170345673e-18,0.0,0.0
2,134,-5.764972046360309,6.4122686085274254e-21,1.496236170345673e-18,0.0,0.0
2,135,-5.764972046360309,6.4122686085274254e-21,1.496236170345673e-18,0.0,0.0
2,136,-5.764972046360309,6.4122686085274254e-21,1.496236170345673e-18,0.0,0.0
2,137,-5.764972046360309,6.4122686085274254e-21,1.496236170345673e-18,0.0,0.0
2,138,-5.764972046360309,6.4122686085274254e-21,1.496236170345673e-18,0.0,0.0
2,139,-5.764972046360309,6.4122686085274254e-21,1.496236170345673e-18,0.0,0.0
2,140,-5.764972046360309,6.4122686085274254e-21,1.496236170345673e-18,0.0,0.0
2,141,-5.764972046360309,6.4122686085274254e-21,1.496236170345673e-18,0.0,0.0
2,142,-5.764972046360309,6.4122686085274254e-21,1.496236170345673e-18,0.0,0.0
2,143,-5.764972046360309,6.4122686085274254e-21,1.496236170345673e-18,0.0,0.0
2,144,-5.764972046360309,6.4122686085274254e-21,1.496236170345673e-18,0.0,0.0
2,145,-5.764972046360309,6.4122686085274254e-21,1.496236170345673e-18,0.0,0.0
2,146,-5.764972046360309,6.4122686085274254e-21,1.496236170345673e-18,0.0,0.0
2,147,-5.764972046360309,6.4122686085274254e-21,1.496236170345673e-18,0.0,0.0
2,148,-5.764972046360309,6.4122686085274254e-21,1.496236170345673e-18,0.0,0.0
2,149,-5.764972046360309,6.4122686085274254e-21,1.496236170345673e-18,0.0,0.0
2,150,-5.764972046360309,6.4122686085274254e-21,1.496236170345673e-18,0.0,0.0
2,151,-5.764972046360309,6.4122686085274254e-21,1.496236170345673e-18,0.0,0.0
2,152,-5.764972046360309,6.4122686085274254e-21,1.496236170345673e-18,0.0,0.0
2,153,-5.764972046360309,6.4122686085274254e-21,1.496236170345673e-18,0.0,0.0
2,154,-5.764972046360309,6.4122686085274254e-21,1.496236170345673e-18,0.0,0.0
2,155,-5.764972046360309,6.4122686085274254e-21,1.496236170345673e-18,0.0,0.0
2,156,-5.764972046360309,6.4122686085274254e-21,1.496236170345673e-18,0.0,0.0
2,157,-5.764972046360309,6.4122686085274254e-21,1.496236170345673e-18,0.0,0.0
2,158,-5.764972046360309,6.4122686085274254e-21,1.496236170345673e-18,0.0,0.0
2,159,-5.764972046360309,6.4122686085274254e-21,1.496236170345673e-18,0.0,0.0
2,160,-5.764972046360309,6.4122686085274254e-21,1.496236170345673e-18,0.0,0.0
2,161,-5.764972046360309,6.4122686085274254e-21,1.496236170345673e-18,0.0,0.0
2,162,-5.764972046360309,6.4122686085274254e-21,1.496236170345673e-18,0.0,0.0
2,163,-5.764972046360309,6.4122686085274254e-21,1.496236170345673e-18,0.0,0.0
2,164,-5.764972046360309,6.4122686085274254e-21,1.496236170345673e-18,0.0,0.0
2,165,-5.764972046360309,6.4122686085274254e-21,1.496236170345673e-18,0.0,0.0
2,166,-5.764972046360309,6.4122686085274254e-21,1.496236170345673e-18,0.0,0.0
2,167,-5.764972046360309,6.4122686085274254e-21,1.496236170345673e-18,0.0,0.0
2,168,-5.764972046360309,6.4122686085274254e-21,1.496236170345673e-18,0.0,0.0
2,169,-5.764972046360309,6.4122686085274254e-21,1.496236170345673e-18,0.0,0.0
2,170,-5.764972046360309,6.4122686085274254e-21,1.496236170345673e-18,0.0,0.0
2,171,-5.764972046360309,6.4122686085274254e-21,1.496236170345673e-18,0.0,0.0
2,172,-5.764972046360309,6.4122686085274254e-21,1.496236170345673e-18,0.0,0.0
2,173,-5.764972046360309,6.4122686085274254e-21,1.496236170345673e-18,0.0,0.0
2,174,-5.764972046360309,6.4122686085274254e-21,1.496236170345673e-18,0.0,0.0
2,175,-5.764972046360309,6.4122686085274254e-21,1.496236170345673e-18,0.0,0.0
2,176,-5.764972046360309,6.4122686085274254e-21,1.496236170345673e-18,0.0,0.0
2,177,-5.764972046360309,6.4122686085274254e-21,1.496236170345673e-18,0.0,0.0
2,178,-5.764972046360309,6.4122686085274254e-21,1.496236170345673e-18,0.0,0.0
2,179,-5.764972046360309,6.4122686085274254e-21,1.496236170345673e-18,0.0,0.0
2,180,-5.764972046360309,6.4122686085274254e-21,1.496236170345673e-18,0.0,0.0
2,181,-5.764972046360309,6.4122686085274254e-21,1.496236170345673e-18,0.0,0.0
2,182,-5.764972046360309,6.4122686085274254e-21,1.496236170345673e-18,0.0,0.0
2,183,-5.764972046360309,6.4122686085274254e-21,1.496236170345673e-18,0.0,0.0
2,184,-5.764972046360309,6.4122686085274254e-21,1.496236170345673e-18,0.0,0.0
2,185,-5.764972046360309,6.4122686085274254e-21,1.496236170345673e-18,0.0,0.0
2,186,-5.764972046360309,6.4122686085274254e-21,1.496236170345673e-18,0.0,0.0
2,187,-5.764972046360309,6.4122686085274254e-21,1.496236170345673e-18,0.0,0.0
2,188,-5.764972046360309,6.4122686085274254e-21,1.496236170345673e-18,0.0,0.0
2,189,-5.764972046360309,6.4122686085274254e-21,1.496236170345673e-18,0.0,0.0
2,190,-5.764972046360309,6.4122686085274254e-21,1.496236170345673e-18,0.0,0.0
2,191,-5.764972046360309,6.4122686085274254e-21,1.496236170345673e-18,0.0,0.0
2,192,-5.764972046360309,6.4122686085274254e-21,1.496236170345673e-18,0.0,0.0
2,193,-5.764972046360309,6.4122686085274254e-21,1.496236170345673e-18,0.0,0.0
2,194,-5.764972046360309,6.4122686085274254e-21,1.496236170345673e-18,0.0,0.0
2,195,-5.764972046360309,6.4122686085274254e-21,1.496236170345673e-18,0.0,0.0
2,196,-5.764972046360309,6.4122686085274254e-21,1.496236170345673e-18,0.0,0.0
2,197,-5.764972046360309,6.4122686085274254e-21,1.496236170345673e-18,0.0,0.0
2,198,-5.764972046360309,6.4122686085274254e-21,1.496236170345673e-18,0.0,0.0
2,199,-5.764972046360309,6.4122686085274254e-21,1.496236170345673e-18,0.0,0.0
2,200,-5.764972046360309,6.4122686085274254e-21,1.496236170345673e-18,0.0,0.0
2,201,-5.764972046360309,6.4122686085274254e-21,1.496236170345673e-18,0.0,0.0
2,202,-5.764972046360309,6.4122686085274254e-21,1.496236170345673e-18,0.0,0.0
2,203,-5.764972046360309,6.4122686085274254e-21,1.496236170345673e-18,0.0,0.0
2,204,-5.764972046360309,6.4122686085274254e-21,1.496236170345673e-18,0.0,0.0
2,205,-5.764972046360309,6.4122686085274254e-21,1.496236170345673e-18,0.0,0.0
2,206,-5.764972046360309,6.4122686085274254e-21,1.496236170345673e-18,0.0,0.0
2,207,-5.764972046360309,6.4122686085274254e-21,1.496236170345673e-18,0.0,0.0
2,208,-5.764972046360309,6.4122686085274254e-21,1.496236170345673e-18,0.0,0.0
2,209,-5.764972046360309,6.4122686085274254e-21,1.496236170345673e-18,0.0,0.0
2,210,-5.764972046360309,6.4122686085274254e-21,1.496236170345673e-18,0.0,0.0
2,211,-5.764972046360309,6.4122686085274254e-21,1.496236170345673e-18,0.0,0.0
2,212,-5.764972046360309,6.4122686085274254e-21,1.496236170345673e-18,0.0,0.0
2,213,-5.764972046360309,6.4122686085274254e-21,1.496236170345673e-18,0.0,0.0
2,214,-5.764972046360309,6.4122686085274254e-21,1.496236170345673e-18,0.0,0.0
2,215,-5.764972046360309,6.4122686085274254e-21,1.496236170345673e-18,0.0,0.0
2,216,-5.764972046360309,6.4122686085274254e-21,1.496236170345673e-18,0.0,0.0
2,217,-5.764972046360309,6.4122686085274254e-21,1.496236170345673e-18,0.0,0.0
2,218,-5.764972046360309,6.4122686085274254e-21,1.496236170345673e-18,0.0,0.0
2,219,-5.764972046360309,6.4122686085274254e-21,1.496236170345673e-18,0.0,0.0
2,220,-5.764972046360309,6.4122686085274254e-21,1.496236170345673e-18,0.0,0.0
2,221,-5.764972046360309,6.4122686085274254e-21,1.496236170345673e-18,0.0,0.0
2,222,-5.764972046360309,6.4122686085274254e-21,1.496236170345673e-18,0.0,0.0
2,223,-5.764972046360309,6.4122686085274254e-21,1.496236170345673e-18,0.0,0.0
2,224,-5.764972046360309,6.4122686085274254e-21,1.496236170345673e-18,0.0,0.0
2,225,-5.764972046360309,6.4122686085274254e-21,1.496236170345673e-18,0.0,0.0
2,226,-5.764972046360309,6.4122686085274254e-21,1.496236170345673e-18,0.0,0.0
2,227,-5.764972046360309,6.4122686085274254e-21,1.496236170345673e-18,0.0,0.0
2,228,-5.764972046360309,6.4122686085274254e-21,1.496236170345673e-18,0.0,0.0
2,229,-5.764972046360309,6.4122686085274254e-21,1.496236170345673e-18,0.0,0.0
2,230,-5.764972046360309,6.4122686085274254e-21,1.496236170345673e-18,0.0,0.0
2,231,-5.764972046360309,6.4122686085274254e-21,1.496236170345673e-18,0.0,0.0
2,232,-5.764972046360309,6.4122686085274254e-21,1.496236170345673e-18,0.0,0.0
2,233,-5.764972046360309,6.4122686085274254e-21,1.496236170345673e-18,0.0,0.0
2,234,-5.764972046360309,6.4122686085274254e-21,1.496236170345673e-18,0.0,0.0
2,235,-5.764972046360309,6.4122686085274254e-21,1.496236170345673e-18,0.0,0.0
2,236,-5.764972046360309,6.4122686085274254e-21,1.496236170345673e-18,0.0,0.0
2,237,-5.764972046360309,6.4122686085274254e-21,1.496236170345673e-18,0.0,0.0
2,238,-5.764972046360309,6.4122686085274254e-21,1.496236170345673e-18,0.0,0.0
2,239,-5.764972046360309,6.4122686085274254e-21,1.496236170345673e-18,0.0,0.0
2,240,-5.764972046360309,6.4122686085274254e-21,1.496236170345673e-18,0.0,0.0
2,241,-5.764972046360309,6.4122686085274254e-21,1.496236170345673e-18,0.0,0.0
2,242,-5.764972046360309,6.4122686085274254e-21,1.496236170345673e-18,0.0,0.0
2,243,-5.764972046360309,6.4122686085274254e-21,1.496236170345673e-18,0.0,0.0
2,244,-5.764972046360309,6.4122686085274254e-21,1.496236170345673e-18,0.0,0.0
2,245,-5.764972046360309,6.4122686085274254e-21,1.496236170345673e-18,0.0,0.0
2,246,-5.764972046360309,6.4122686085274254e-21,1.496236170345673e-18,0.0,0.0
2,247,-5.764972046360309,6.4122686085274254e-21,1.496236170345673e-18,0.0,0.0
2,248,-5.764972046360309,6.4122686085274254e-21,1.496236170345673e-18,0.0,0.0
2,249,-5.764972046360309,6.4122686085274254e-21,1.496236170345673e-18,0.0,0.0
2,250,-5.764972046360309,6.4122686085274254e-21,1.496236170345673e-18,0.0,0.0
2,251,-5.764972046360309,6.4122686085274254e-21,1.496236170345673e-18,0.0,0.0
2,252,-5.764972046360309,6.4122686085274254e-21,1.496236170345673e-18,0.0,0.0
2,253,-5.764972046360309,6.4122686085274254e-21,1.496236170345673e-18,0.0,0.0
2,254,-5.764972046360309,6.4122686085274254e-21,1.496236170345673e-18,0.0,0.0
2,255,-5.764972046360309,6.4122686085274254e-21,1.496236170345673e-18,0.0,0.0
2,256,-5.764972046360309,6.4122686085274254e-21,1.496236170345673e-18,0.0,0.0
2,257,-5.764972046360309,6.4122686085274254e-21,1.496236170345673e-18,0.0,0.0
2,258,-5.764972046360309,6.4122686085274254e-21,1.496236170345673e-18,0.0,0.0
2,259,-5.764972046360309,6.4122686085274254e-21,1.496236170345673e-18,0.0,0.0
2,260,-5.764972046360309,6.4122686085274254e-21,1.496236170345673e-18,0.0,0.0
2,261,-5.764972046360309,6.4122686085274254e-21,1.496236170345673e-18,0.0,0.0
2,262,-5.764972046360309,6.4122686085274254e-21,1.496236170345673e-18,0.0,0.0
2,263,-5.764972046360309,6.4122686085274254e-21,1.496236170345673e-18,0.0,0.0
2,264,-5.764972046360309,6.4122686085274254e-21,1.496236170345673e-18,0.0,0.0
2,265,-5.764972046360309,6.4122686085274254e-21,1.496236170345673e-18,0.0,0.0
2,266,-5.764972046360309,6.4122686085274254e-21,1.496236170345673e-18,0.0,0.0
2,267,-5.764972046360309,6.4122686085274254e-21,1.496236170345673e-18,0.0,0.0
2,268,-5.764972046360309,6.4122686085274254e-21,1.496236170345673e-18,0.0,0.0
2,269,-5.764972046360309,6.4122686085274254e-21,1.496236170345673e-18,0.0,0.0
2,270,-5.764972046360309,6.4122686085274254e-21,1.496236170345673e-18,0.0,0.0
2,271,-5.764972046360309,6.4122686085274254e-21,1.496236170345673e-18,0.0,0.0
2,272,-5.764972046360309,6.4122686085274254e-21,1.496236170345673e-18,0.0,0.0
2,273,-5.764972046360309,6.4122686085274254e-21,1.496236170345673e-18,0.0,0.0
2,274,-5.764972046360309,6.4122686085274254e-21,1.496236170345673e-18,0.0,0.0
2,275,-5.764972046360309,6.4122686085274254e-21,1.496236170345673e-18,0.0,0.0
2,276,-5.764972046360309,6.4122686085274254e-21,1.496236170345673e-18,0.0,0.0
2,277,-5.764972046360309,6.4122686085274254e-21,1.496236170345673e-18,0.0,0.0
2,278,-5.764972046360309,6.4122686085274254e-21,1.496236170345673e-18,0.0,0.0
2,279,-5.764972046360309,6.4122686085274254e-21,1.496236170345673e-18,0.0,0.0
2,280,-5.764972046360309,6.4122686085274254e-21,1.496236170345673e-18,0.0,0.0
2,281,-5.764972046360309,6.4122686085274254e-21,1.496236170345673e-18,0.0,0.0
2,282,-5.764972046360309,6.4122686085274254e-21,1.496236170345673e-18,0.0,0.0
2,283,-5.764972046360309,6.4122686085274254e-21,1.496236170345673e-18,0.0,0.0
2,284,-5.764972046360309,6.4122686085274254e-21,1.496236170345673e-18,0.0,0.0
2,285,-5.764972046360309,6.4122686085274254e-21,1.496236170345673e-18,0.0,0.0
2,286,-5.764972046360309,6.4122686085274254e-21,1.496236170345673e-18,0.0,0.0
2,287,-5.764972046360309,6.4122686085274254e-21,1.496236170345673e-18,0.0,0.0
2,288,-5.764972046360309,6.4122686085274254e-21,1.496236170345673e-18,0.0,0.0
2,289,-5.764972046360309,6.4122686085274254e-21,1.496236170345673e-18,0.0,0.0
2,290,-5.764972046360309,6.4122686085274254e-21,1.496236170345673e-18,0.0,0.0
2,291,-5.764972046360309,6.4122686085274254e-21,1.496236170345673e-18,0.0,0.0
2,292,-5.764972046360309,6.4122686085274254e-21,1.496236170345673e-18,0.0,0.0
2,293,-5.764972046360309,6.4122686085274254e-21,1.496236170345673e-18,0.0,0.0
2,294,-5.764972046360309,6.4122686085274254e-21,1.496236170345673e-18,0.0,0.0
2,295,-5.764972046360309,6.4122686085274254e-21,1.496236170345673e-18,0.0,0.0
2,296,-5.764972046360309,6.4122686085274254e-21,1.496236170345673e-18,0.0,0.0
2,297,-5.764972046360309,6.4122686085274254e-21,1.496236170345673e-18,0.0,0.0
2,298,-5.764972046360309,6.4122686085274254e-21,1.496236170345673e-18,0.0,0.0
2,299,-5.764972046360309,6.4122686085274254e-21,1.496236170345673e-18,0.0,0.0
2,300,-5.764972046360309,6.4122686085274254e-21,1.496236170345673e-18,0.0,0.0
3,1,-7.380636523334028,0.22342316971629433,94.68134710255626,0.008935055945232572,0.049917912766076065
3,2,-7.422672501513934,0.04956031061539181,21.00246352177768,0.007684612764562806,0.04920527025647905
3,3,-7.4248288151464985,0.008143160544346746,3.4508749069766043,0.00818965261631882,0.02699715220117147
3,4,-7.424869688232762,0.0006101315374227428,0.25855902029450956,0.005756387981377932,0.005613851934528492
3,5,-7.424870010405575,8.017279250008506e-05,0.033975294525275763,0.00808257059691348,0.017266609750043124
3,6,-7.424870015045032,5.4146708394077555e-06,0.002294606820962429,0.0067409445914764715,0.004561315365173171
3,7,-7.4248700150686755,5.089997112162466e-07,0.0002157017931218242,0.007531176287758211,0.008836717072842738
3,8,-7.424870015068894,1.1199849515440918e-19,4.746225921037595e-17,0.00790146673688906,4.841604421121947e-26
3,9,-7.424870015068894,1.1199849515440918e-19,4.746225921037595e-17,0.0,0.0
3,10,-7.424870015068894,1.1199849515440918e-19,4.746225921037595e-17,0.0,0.0
3,11,-7.424870015068894,1.1199849515440918e-19,4.746225921037595e-17,0.0,0.0
3,12,-7.424870015068894,1.1199849515440918e-19,4.746225921037595e-17,0.0,0.0
3,13,-7.424870015068894,1.1199849515440918e-19,4.746225921037595e-17,0.0,0.0
3,14,-7.424870015068894,1.1199849515440918e-19,4.746225921037595e-17,0.0,0.0
3,15,-7.424870015068894,1.1199849515440918e-19,4.746225921037595e-17,0.0,0.0
3,16,-7.424870015068894,1.1199849515440918e-19,4.746225921037595e-17,0.0,0.0
3,17,-7.424870015068894,1.1199849515440918e-19,4.746225921037595e-17,0.0,0.0
3,18,-7.424870015068894,1.1199849515440918e-19,4.746225921037595e-17,0.0,0.0
3,19,-7.424870015068894,1.1199849515440918e-19,4.746225921037595e-17,0.0,0.0
3,20,-7.424870015068894,1.1199849515440918e-19,4.746225921037595e-17,0.0,0.0
3,21,-7.424870015068894,1.1199849515440918e-19,4.746225921037595e-17,0.0,0.0
3,22,-7.424870015068894,1.1199849515440918e-19,4.746225921037595e-17,0.0,0.0
3,23,-7.424870015068894,1.1199849515440918e-19,4.746225921037595e-17,0.0,0.0
3,24,-7.424870015068894,1.1199849515440918e-19,4.746225921037595e-17,0.0,0.0
3,25,-7.424870015068894,1.1199849515440918e-19,4.746225921037595e-17,0.0,0.0
3,26,-7.424870015068894,1.1199849515440918e-19,4.746225921037595e-17,0.0,0.0
3,27,-7.424870015068894,1.1199849515440918e-19,4.746225921037595e-17,0.0,0.0
3,28,-7.424870015068894,1.1199849515440918e-19,4.746225921037595e-17,0.0,0.0
3,29,-7.424870015068894,1.1199849515440918e-19,4.746225921037595e-17,0.0,0.0
3,30,-7.424870015068894,1.1199849515440918e-19,4.746225921037595e-17,0.0,0.0
3,31,-7.424870015068894,1.1199849515440918e-19,4.746225921037595e-17,0.0,0.0
3,32,-7.424870015068894,1.1199849515440918e-19,4.746225921037595e-17,0.0,0.0
3,33,-7.424870015068894,1.1199849515440918e-19,4.746225921037595e-17,0.0,0.0
3,34,-7.424870015068894,1.1199849515440918e-19,4.746225921037595e-17,0.0,0.0
3,35,-7.424870015068894,1.1199849515440918e-19,4.746225921037595e-17,0.0,0.0
3,36,-7.424870015068894,1.1199849515440918e-19,4.746225921037595e-17,0.0,0.0
3,37,-7.424870015068894,1.1199849515440918e-19,4.746225921037595e-17,0.0,0.0
3,38,-7.424870015068894,1.1199849515440918e-19,4.746225921037595e-17,0.0,0.0
3,39,-7.424870015068894,1.1199849515440918e-19,4.746225921037595e-17,0.0,0.0
3,40,-7.424870015068894,1.1199849515440918e-19,4.746225921037595e-17,0.0,0.0
3,41,-7.424870015068894,1.1199849515440918e-19,4.746225921037595e-17,0.0,0.0
3,42,-7.424870015068894,1.1199849515440918e-19,4.746225921037595e-17,0.0,0.0
3,43,-7.424870015068894,1.1199849515440918e-19,4.746225921037595e-17,0.0,0.0
3,44,-7.424870015068894,1.1199849515440918e-19,4.746225921037595e-17,0.0,0.0
3,45,-7.424870015068894,1.1199849515440918e-19,4.746225921037595e-17,0.0,0.0
3,46,-7.424870015068894,1.1199849515440918e-19,4.746225921037595e-17,0.0,0.0
3,47,-7.424870015068894,1.1199849515440918e-19,4.746225921037595e-17,0.0,0.0
3,48,-7.424870015068894,1.1199849515440918e-19,4.746225921037595e-17,0.0,0.0
3,49,-7.424870015068894,1.1199849515440918e-19,4.746225921037595e-17,0.0,0.0
3,50,-7.424870015068894,1.1199849515440918e-19,4.746225921037595e-17,0.0,0.0
3,51,-7.424870015068894,1.1199849515440918e-19,4.746225921037595e-17,0.0,0.0
3,52,-7.424870015068894,1.1199849515440918e-19,4.746225921037595e-17,0.0,0.0
3,53,-7.424870015068894,1.1199849515440918e-19,4.746225921037595e-17,0.0,0.0
3,54,-7.424870015068894,1.1199849515440918e-19,4.746225921037595e-17,0.0,0.0
3,55,-7.424870015068894,1.1199849515440918e-19,4.746225921037595e-17,0.0,0.0
3,56,-7.424870015068894,1.1199849515440918e-19,4.746225921037595e-17,0.0,0.0
3,57,-7.424870015068894,1.1199849515440918e-19,4.746225921037595e-17,0.0,0.0
3,58,-7.424870015068894,1.1199849515440918e-19,4.746225921037595e-17,0.0,0.0
3,59,-7.424870015068894,1.1199849515440918e-19,4.746225921037595e-17,0.0,0.0
3,60,-7.424870015068894,1.1199849515440918e-19,4.746225921037595e-17,0.0,0.0
3,61,-7.424870015068894,1.1199849515440918e-19,4.746225921037595e-17,0.0,0.0
3,62,-7.424870015068894,1.1199849515440918e-19,4.746225921037595e-17,0.0,0.0
3,63,-7.424870015068894,1.1199849515440918e-19,4.746225921037595e-17,0.0,0.0
3,64,-7.424870015068894,1.1199849515440918e-19,4.746225921037595e-17,0.0,0.0
3,65,-7.424870015068894,1.1199849515440918e-19,4.746225921037595e-17,0.0,0.0
3,66,-7.424870015068894,1.1199849515440918e-19,4.746225921037595e-17,0.0,0.0
3,67,-7.424870015068894,1.1199849515440918e-19,4.746225921037595e-17,0.0,0.0
3,68,-7.424870015068894,1.1199849515440918e-19,4.746225921037595e-17,0.0,0.0
3,69,-7.424870015068894,1.1199849515440918e-19,4.746225921037595e-17,0.0,0.0
3,70,-7.424870015068894,1.1199849515440918e-19,4.746225921037595e-17,0.0,0.0
3,71,-7.424870015068894,1.1199849515440918e-19,4.746225921037595e-17,0.0,0.0
3,72,-7.424870015068894,1.1199849515440918e-19,4.746225921037595e-17,0.0,0.0
3,73,-7.424870015068894,1.1199849515440918e-19,4.746225921037595e-17,0.0,0.0
3,74,-7.424870015068894,1.1199849515440918e-19,4.746225921037595e-17,0.0,0.0
3,75,-7.424870015068894,1.1199849515440918e-19,4.746225921037595e-17,0.0,0.0
3,76,-7.424870015068894,1.1199849515440918e-19,4.746225921037595e-17,0.0,0.0
3,77,-7.424870015068894,1.1199849515440918e-19,4.746225921037595e-17,0.0,0.0
3,78,-7.424870015068894,1.1199849515440918e-19,4.746225921037595e-17,0.0,0.0
3,79,-7.424870015068894,1.1199849515440918e-19,4.746225921037595e-17,0.0,0.0
3,80,-7.424870015068894,1.1199849515440918e-19,4.746225921037595e-17,0.0,0.0
3,81,-7.424870015068894,1.1199849515440918e-19,4.746225921037595e-17,0.0,0.0
3,82,-7.424870015068894,1.1199849515440918e-19,4.746225921037595e-17,0.0,0.0
3,83,-7.424870015068894,1.1199849515440918e-19,4.746225921037595e-17,0.0,0.0
3,84,-7.424870015068894,1.1199849515440918e-19,4.746225921037595e-17,0.0,0.0
3,85,-7.424870015068894,1.1199849515440918e-19,4.746225921037595e-17,0.0,0.0
3,86,-7.424870015068894,1.1199849515440918e-19,4.746225921037595e-17,0.0,0.0
3,87,-7.424870015068894,1.1199849515440918e-19,4.746225921037595e-17,0.0,0.0
3,88,-7.424870015068894,1.1199849515440918e-19,4.746225921037595e-17,0.0,0.0
3,89,-7.424870015068894,1.1199849515440918e-19,4.746225921037595e-17,0.0,0.0
3,90,-7.424870015068894,1.1199849515440918e-19,4.746225921037595e-17,0.0,0.0
3,91,-7.424870015068894,1.1199849515440918e-19,4.746225921037595e-17,0.0,0.0
3,92,-7.424870015068894,1.1199849515440918e-19,4.746225921037595e-17,0.0,0.0
3,93,-7.424870015068894,1.1199849515440918e-19,4.746225921037595e-17,0.0,0.0
3,94,-7.424870015068894,1.1199849515440918e-19,4.746225921037595e-17,0.0,0.0
3,95,-7.424870015068894,1.1199849515440918e-19,4.746225921037595e-17,0.0,0.0
3,96,-7.424870015068894,1.1199849515440918e-19,4.746225921037595e-17,0.0,0.0
3,97,-7.424870015068894,1.1199849515440918e-19,4.746225921037595e-17,0.0,0.0
3,98,-7.424870015068894,1.1199849515440918e-19,4.746225921037595e-17,0.0,0.0
3,99,-7.424870015068894,1.1199849515440918e-19,4.746225921037595e-17,0.0,0.0
3,100,-7.424870015068894,1.1199849515440918e-19,4.746225921037595e-17,0.0,0.0
3,101,-7.424870015068894,1.1199849515440918e-19,4.746225921037595e-17,0.0,0.0
3,102,-7.424870015068894,1.1199849515440918e-19,4.746225921037595e-17,0.0,0.0
3,103,-7.424870015068894,1.1199849515440918e-19,4.746225921037595e-17,0.0,0.0
3,104,-7.424870015068894,1.1199849515440918e-19,4.746225921037595e-17,0.0,0.0
3,105,-7.424870015068894,1.1199849515440918e-19,4.746225921037595e-17,0.0,0.0
3,106,-7.424870015068894,1.1199849515440918e-19,4.746225921037595e-17,0.0,0.0
3,107,-7.424870015068894,1.1199849515440918e-19,4.746225921037595e-17,0.0,0.0
3,108,-7.424870015068894,1.1199849515440918e-19,4.746225921037595e-17,0.0,0.0
3,109,-7.424870015068894,1.1199849515440918e-19,4.746225921037595e-17,0.0,0.0
3,110,-7.424870015068894,1.1199849515440918e-19,4.746225921037595e-17,0.0,0.0
3,111,-7.424870015068894,1.1199849515440918e-19,4.746225921037595e-17,0.0,0.0
3,112,-7.424870015068894,1.1199849515440918e-19,4.746225921037595e-17,0.0,0.0
3,113,-7.424870015068894,1.1199849515440918e-19,4.746225921037595e-17,0.0,0.0
3,114,-7.424870015068894,1.1199849515440918e-19,4.746225921037595e-17,0.0,0.0
3,115,-7.424870015068894,1.1199849515440918e-19,4.746225921037595e-17,0.0,0.0
3,116,-7.424870015068894,1.1199849515440918e-19,4.746225921037595e-17,0.0,0.0
3,117,-7.424870015068894,1.1199849515440918e-19,4.746225921037595e-17,0.0,0.0
3,118,-7.424870015068894,1.1199849515440918e-19,4.746225921037595e-17,0.0,0.0
3,119,-7.424870015068894,1.1199849515440918e-19,4.746225921037595e-17,0.0,0.0
3,120,-7.424870015068894,1.1199849515440918e-19,4.746225921037595e-17,0.0,0.0
3,121,-7.424870015068894,1.1199849515440918e-19,4.746225921037595e-17,0.0,0.0
3,122,-7.424870015068894,1.1199849515440918e-19,4.746225921037595e-17,0.0,0.0
3,123,-7.424870015068894,1.1199849515440918e-19,4.746225921037595e-17,0.0,0.0
3,124,-7.424870015068894,1.1199849515440918e-19,4.746225921037595e-17,0.0,0.0
3,125,-7.424870015068894,1.1199849515440918e-19,4.746225921037595e-17,0.0,0.0
3,126,-7.424870015068894,1.1199849515440918e-19,4.746225921037595e-17,0.0,0.0
3,127,-7.424870015068894,1.1199849515440918e-19,4.746225921037595e-17,0.0,0.0
3,128,-7.424870015068894,1.1199849515440918e-19,4.746225921037595e-17,0.0,0.0
3,129,-7.424870015068894,1.1199849515440918e-19,4.746225921037595e-17,0.0,0.0
3,130,-7.424870015068894,1.1199849515440918e-19,4.746225921037595e-17,0.0,0.0
3,131,-7.424870015068894,1.1199849515440918e-19,4.746225921037595e-17,0.0,0.0
3,132,-7.424870015068894,1.1199849515440918e-19,4.746225921037595e-17,0.0,0.0
3,133,-7.424870015068894,1.1199849515440918e-19,4.746225921037595e-17,0.0,0.0
3,134,-7.424870015068894,1.1199849515440918e-19,4.746225921037595e-17,0.0,0.0
3,135,-7.424870015068894,1.1199849515440918e-19,4.746225921037595e-17,0.0,0.0
3,136,-7.424870015068894,1.1199849515440918e-19,4.746225921037595e-17,0.0,0.0
3,137,-7.424870015068894,1.1199849515440918e-19,4.746225921037595e-17,0.0,0.0
3,138,-7.424870015068894,1.1199849515440918e-19,4.746225921037595e-17,0.0,0.0
3,139,-7.424870015068894,1.1199849515440918e-19,4.746225921037595e-17,0.0,0.0
3,140,-7.424870015068894,1.1199849515440918e-19,4.746225921037595e-17,0.0,0.0
3,141,-7.424870015068894,1.1199849515440918e-19,4.746225921037595e-17,0.0,0.0
3,142,-7.424870015068894,1.1199849515440918e-19,4.746225921037595e-17,0.0,0.0
3,143,-7.424870015068894,1.1199849515440918e-19,4.746225921037595e-17,0.0,0.0
3,144,-7.424870015068894,1.1199849515440918e-19,4.746225921037595e-17,0.0,0.0
3,145,-7.424870015068894,1.1199849515440918e-19,4.746225921037595e-17,0.0,0.0
3,146,-7.424870015068894,1.1199849515440918e-19,4.746225921037595e-17,0.0,0.0
3,147,-7.424870015068894,1.1199849515440918e-19,4.746225921037595e-17,0.0,0.0
3,148,-7.424870015068894,1.1199849515440918e-19,4.746225921037595e-17,0.0,0.0
3,149,-7.424870015068894,1.1199849515440918e-19,4.746225921037595e-17,0.0,0.0
3,150,-7.424870015068894,1.1199849515440918e-19,4.746225921037595e-17,0.0,0.0
3,151,-7.424870015068894,1.1199849515440918e-19,4.746225921037595e-17,0.0,0.0
3,152,-7.424870015068894,1.1199849515440918e-19,4.746225921037595e-17,0.0,0.0
3,153,-7.424870015068894,1.1199849515440918e-19,4.746225921037595e-17,0.0,0.0
3,154,-7.424870015068894,1.1199849515440918e-19,4.746225921037595e-17,0.0,0.0
3,155,-7.424870015068894,1.1199849515440918e-19,4.746225921037595e-17,0.0,0.0
3,156,-7.424870015068894,1.1199849515440918e-19,4.746225921037595e-17,0.0,0.0
3,157,-7.424870015068894,1.1199849515440918e-19,4.746225921037595e-17,0.0,0.0
3,158,-7.424870015068894,1.1199849515440918e-19,4.746225921037595e-17,0.0,0.0
3,159,-7.424870015068894,1.1199849515440918e-19,4.746225921037595e-17,0.0,0.0
3,160,-7.424870015068894,1.1199849515440918e-19,4.746225921037595e-17,0.0,0.0
3,161,-7.424870015068894,1.1199849515440918e-19,4.746225921037595e-17,0.0,0.0
3,162,-7.424870015068894,1.1199849515440918e-19,4.746225921037595e-17,0.0,0.0
3,163,-7.424870015068894,1.1199849515440918e-19,4.746225921037595e-17,0.0,0.0
3,164,-7.424870015068894,1.1199849515440918e-19,4.746225921037595e-17,0.0,0.0
3,165,-7.424870015068894,1.1199849515440918e-19,4.746225921037595e-17,0.0,0.0
3,166,-7.424870015068894,1.1199849515440918e-19,4.746225921037595e-17,0.0,0.0
3,167,-7.424870015068894,1.1199849515440918e-19,4.746225921037595e-17,0.0,0.0
3,168,-7.424870015068894,1.1199849515440918e-19,4.746225921037595e-17,0.0,0.0
3,169,-7.424870015068894,1.1199849515440918e-19,4.746225921037595e-17,0.0,0.0
3,170,-7.424870015068894,1.1199849515440918e-19,4.746225921037595e-17,0.0,0.0
3,171,-7.424870015068894,1.1199849515440918e-19,4.746225921037595e-17,0.0,0.0
3,172,-7.424870015068894,1.1199849515440918e-19,4.746225921037595e-17,0.0,0.0
3,173,-7.424870015068894,1.1199849515440918e-19,4.746225921037595e-17,0.0,0.0
3,174,-7.424870015068894,1.1199849515440918e-19,4.746225921037595e-17,0.0,0.0
3,175,-7.424870015068894,1.1199849515440918e-19,4.746225921037595e-17,0.0,0.0
3,176,-7.424870015068894,1.1199849515440918e-19,4.746225921037595e-17,0.0,0.0
3,177,-7.424870015068894,1.1199849515440918e-19,4.746225921037595e-17,0.0,0.0
3,178,-7.424870015068894,1.1199849515440918e-19,4.746225921037595e-17,0.0,0.0
3,179,-7.424870015068894,1.1199849515440918e-19,4.746225921037595e-17,0.0,0.0
3,180,-7.424870015068894,1.1199849515440918e-19,4.746225921037595e-17,0.0,0.0
3,181,-7.424870015068894,1.1199849515440918e-19,4.746225921037595e-17,0.0,0.0
3,182,-7.424870015068894,1.1199849515440918e-19,4.746225921037595e-17,0.0,0.0
3,183,-7.424870015068894,1.1199849515440918e-19,4.746225921037595e-17,0.0,0.0
3,184,-7.424870015068894,1.1199849515440918e-19,4.746225921037595e-17,0.0,0.0
3,185,-7.424870015068894,1.1199849515440918e-19,4.746225921037595e-17,0.0,0.0
3,186,-7.424870015068894,1.1199849515440918e-19,4.746225921037595e-17,0.0,0.0
3,187,-7.424870015068894,1.1199849515440918e-19,4.746225921037595e-17,0.0,0.0
3,188,-7.424870015068894,1.1199849515440918e-19,4.746225921037595e-17,0.0,0.0
3,189,-7.424870015068894,1.1199849515440918e-19,4.746225921037595e-17,0.0,0.0
3,190,-7.424870015068894,1.1199849515440918e-19,4.746225921037595e-17,0.0,0.0
3,191,-7.424870015068894,1.1199849515440918e-19,4.746225921037595e-17,0.0,0.0
3,192,-7.424870015068894,1.1199849515440918e-19,4.746225921037595e-17,0.0,0.0
3,193,-7.424870015068894,1.1199849515440918e-19,4.746225921037595e-17,0.0,0.0
3,194,-7.424870015068894,1.1199849515440918e-19,4.746225921037595e-17,0.0,0.0
3,195,-7.424870015068894,1.1199849515440918e-19,4.746225921037595e-17,0.0,0.0
3,196,-7.424870015068894,1.1199849515440918e-19,4.746225921037595e-17,0.0,0.0
3,197,-7.424870015068894,1.1199849515440918e-19,4.746225921037595e-17,0.0,0.0
3,198,-7.424870015068894,1.1199849515440918e-19,4.746225921037595e-17,0.0,0.0
3,199,-7.424870015068894,1.1199849515440918e-19,4.746225921037595e-17,0.0,0.0
3,200,-7.424870015068894,1.1199849515440918e-19,4.746225921037595e-17,0.0,0.0
3,201,-7.424870015068894,1.1199849515440918e-19,4.746225921037595e-17,0.0,0.0
3,202,-7.424870015068894,1.1199849515440918e-19,4.746225921037595e-17,0.0,0.0
3,203,-7.424870015068894,1.1199849515440918e-19,4.746225921037595e-17,0.0,0.0
3,204,-7.424870015068894,1.1199849515440918e-19,4.746225921037595e-17,0.0,0.0
3,205,-7.424870015068894,1.1199849515440918e-19,4.746225921037595e-17,0.0,0.0
3,206,-7.424870015068894,1.1199849515440918e-19,4.746225921037595e-17,0.0,0.0
3,207,-7.424870015068894,1.1199849515440918e-19,4.746225921037595e-17,0.0,0.0
3,208,-7.424870015068894,1.1199849515440918e-19,4.746225921037595e-17,0.0,0.0
3,209,-7.424870015068894,1.1199849515440918e-19,4.746225921037595e-17,0.0,0.0
3,210,-7.424870015068894,1.1199849515440918e-19,4.746225921037595e-17,0.0,0.0
3,211,-7.424870015068894,1.1199849515440918e-19,4.746225921037595e-17,0.0,0.0
3,212,-7.424870015068894,1.1199849515440918e-19,4.746225921037595e-17,0.0,0.0
3,213,-7.424870015068894,1.1199849515440918e-19,4.746225921037595e-17,0.0,0.0
3,214,-7.424870015068894,1.1199849515440918e-19,4.746225921037595e-17,0.0,0.0
3,215,-7.424870015068894,1.1199849515440918e-19,4.746225921037595e-17,0.0,0.0
3,216,-7.424870015068894,1.1199849515440918e-19,4.746225921037595e-17,0.0,0.0
3,217,-7.424870015068894,1.1199849515440918e-19,4.746225921037595e-17,0.0,0.0
3,218,-7.424870015068894,1.1199849515440918e-19,4.746225921037595e-17,0.0,0.0
3,219,-7.424870015068894,1.1199849515440918e-19,4.746225921037595e-17,0.0,0.0
3,220,-7.424870015068894,1.1199849515440918e-19,4.746225921037595e-17,0.0,0.0
3,221,-7.424870015068894,1.1199849515440918e-19,4.746225921037595e-17,0.0,0.0
3,222,-7.424870015068894,1.1199849515440918e-19,4.746225921037595e-17,0.0,0.0
3,223,-7.424870015068894,1.1199849515440918e-19,4.746225921037595e-17,0.0,0.0
3,224,-7.424870015068894,1.1199849515440918e-19,4.746225921037595e-17,0.0,0.0
3,225,-7.424870015068894,1.1199849515440918e-19,4.746225921037595e-17,0.0,0.0
3,226,-7.424870015068894,1.1199849515440918e-19,4.746225921037595e-17,0.0,0.0
3,227,-7.424870015068894,1.1199849515440918e-19,4.746225921037595e-17,0.0,0.0
3,228,-7.424870015068894,1.1199849515440918e-19,4.746225921037595e-17,0.0,0.0
3,229,-7.424870015068894,1.1199849515440918e-19,4.746225921037595e-17,0.0,0.0
3,230,-7.424870015068894,1.1199849515440918e-19,4.746225921037595e-17,0.0,0.0
3,231,-7.424870015068894,1.1199849515440918e-19,4.746225921037595e-17,0.0,0.0
3,232,-7.424870015068894,1.1199849515440918e-19,4.746225921037595e-17,0.0,0.0
3,233,-7.424870015068894,1.1199849515440918e-19,4.746225921037595e-17,0.0,0.0
3,234,-7.424870015068894,1.1199849515440918e-19,4.746225921037595e-17,0.0,0.0
3,235,-7.424870015068894,1.1199849515440918e-19,4.746225921037595e-17,0.0,0.0
3,236,-7.424870015068894,1.1199849515440918e-19,4.746225921037595e-17,0.0,0.0
3,237,-7.424870015068894,1.1199849515440918e-19,4.746225921037595e-17,0.0,0.0
3,238,-7.424870015068894,1.1199849515440918e-19,4.746225921037595e-17,0.0,0.0
3,239,-7.424870015068894,1.1199849515440918e-19,4.746225921037595e-17,0.0,0.0
3,240,-7.424870015068894,1.1199849515440918e-19,4.746225921037595e-17,0.0,0.0
3,241,-7.424870015068894,1.1199849515440918e-19,4.746225921037595e-17,0.0,0.0
3,242,-7.424870015068894,1.1199849515440918e-19,4.746225921037595e-17,0.0,0.0
3,243,-7.424870015068894,1.1199849515440918e-19,4.746225921037595e-17,0.0,0.0
3,244,-7.424870015068894,1.1199849515440918e-19,4.746225921037595e-17,0.0,0.0
3,245,-7.424870015068894,1.1199849515440918e-19,4.746225921037595e-17,0.0,0.0
3,246,-7.424870015068894,1.1199849515440918e-19,4.746225921037595e-17,0.0,0.0
3,247,-7.424870015068894,1.1199849515440918e-19,4.746225921037595e-17,0.0,0.0
3,248,-7.424870015068894,1.1199849515440918e-19,4.746225921037595e-17,0.0,0.0
3,249,-7.424870015068894,1.1199849515440918e-19,4.746225921037595e-17,0.0,0.0
3,250,-7.424870015068894,1.1199849515440918e-19,4.746225921037595e-17,0.0,0.0
3,251,-7.424870015068894,1.1199849515440918e-19,4.746225921037595e-17,0.0,0.0
3,252,-7.424870015068894,1.1199849515440918e-19,4.746225921037595e-17,0.0,0.0
3,253,-7.424870015068894,1.1199849515440918e-19,4.746225921037595e-17,0.0,0.0
3,254,-7.424870015068894,1.1199849515440918e-19,4.746225921037595e-17,0.0,0.0
3,255,-7.424870015068894,1.1199849515440918e-19,4.746225921037595e-17,0.0,0.0
3,256,-7.424870015068894,1.1199849515440918e-19,4.746225921037595e-17,0.0,0.0
3,257,-7.424870015068894,1.1199849515440918e-19,4.746225921037595e-17,0.0,0.0
3,258,-7.424870015068894,1.1199849515440918e-19,4.746225921037595e-17,0.0,0.0
3,259,-7.424870015068894,1.1199849515440918e-19,4.746225921037595e-17,0.0,0.0
3,260,-7.424870015068894,1.1199849515440918e-19,4.746225921037595e-17,0.0,0.0
3,261,-7.424870015068894,1.1199849515440918e-19,4.746225921037595e-17,0.0,0.0
3,262,-7.424870015068894,1.1199849515440918e-19,4.746225921037595e-17,0.0,0.0
3,263,-7.424870015068894,1.1199849515440918e-19,4.746225921037595e-17,0.0,0.0
3,264,-7.424870015068894,1.1199849515440918e-19,4.746225921037595e-17,0.0,0.0
3,265,-7.424870015068894,1.1199849515440918e-19,4.746225921037595e-17,0.0,0.0
3,266,-7.424870015068894,1.1199849515440918e-19,4.746225921037595e-17,0.0,0.0
3,267,-7.424870015068894,1.1199849515440918e-19,4.746225921037595e-17,0.0,0.0
3,268,-7.424870015068894,1.1199849515440918e-19,4.746225921037595e-17,0.0,0.0
3,269,-7.424870015068894,1.1199849515440918e-19,4.746225921037595e-17,0.0,0.0
3,270,-7.424870015068894,1.1199849515440918e-19,4.746225921037595e-17,0.0,0.0
3,271,-7.424870015068894,1.1199849515440918e-19,4.746225921037595e-17,0.0,0.0
3,272,-7.424870015068894,1.1199849515440918e-19,4.746225921037595e-17,0.0,0.0
3,273,-7.424870015068894,1.1199849515440918e-19,4.746225921037595e-17,0.0,0.0
3,274,-7.424870015068894,1.1199849515440918e-19,4.746225921037595e-17,0.0,0.0
3,275,-7.424870015068894,1.1199849515440918e-19,4.746225921037595e-17,0.0,0.0
3,276,-7.424870015068894,1.1199849515440918e-19,4.746225921037595e-17,0.0,0.0
3,277,-7.424870015068894,1.1199849515440918e-19,4.746225921037595e-17,0.0,0.0
3,278,-7.424870015068894,1.1199849515440918e-19,4.746225921037595e-17,0.0,0.0
3,279,-7.424870015068894,1.1199849515440918e-19,4.746225921037595e-17,0.0,0.0
3,280,-7.424870015068894,1.1199849515440918e-19,4.746225921037595e-17,0.0,0.0
3,281,-7.424870015068894,1.1199849515440918e-19,4.746225921037595e-17,0.0,0.0
3,282,-7.424870015068894,1.1199849515440918e-19,4.746225921037595e-17,0.0,0.0
3,283,-7.424870015068894,1.1199849515440918e-19,4.746225921037595e-17,0.0,0.0
3,284,-7.424870015068894,1.1199849515440918e-19,4.746225921037595e-17,0.0,0.0
3,285,-7.424870015068894,1.1199849515440918e-19,4.746225921037595e-17,0.0,0.0
3,286,-7.424870015068894,1.1199849515440918e-19,4.746225921037595e-17,0.0,0.0
3,287,-7.424870015068894,1.1199849515440918e-19,4.746225921037595e-17,0.0,0.0
3,288,-7.424870015068894,1.1199849515440918e-19,4.746225921037595e-17,0.0,0.0
3,289,-7.424870015068894,1.1199849515440918e-19,4.746225921037595e-17,0.0,0.0
3,290,-7.424870015068894,1.1199849515440918e-19,4.746225921037595e-17,0.0,0.0
3,291,-7.424870015068894,1.1199849515440918e-19,4.746225921037595e-17,0.0,0.0
3,292,-7.424870015068894,1.1199849515440918e-19,4.746225921037595e-17,0.0,0.0
3,293,-7.424870015068894,1.1199849515440918e-19,4.746225921037595e-17,0.0,0.0
3,294,-7.424870015068894,1.1199849515440918e-19,4.746225921037595e-17,0.0,0.0
3,295,-7.424870015068894,1.1199849515440918e-19,4.746225921037595e-17,0.0,0.0
3,296,-7.424870015068894,1.1199849515440918e-19,4.746225921037595e-17,0.0,0.0
3,297,-7.424870015068894,1.1199849515440918e-19,4.746225921037595e-17,0.0,0.0
3,298,-7.424870015068894,1.1199849515440918e-19,4.746225921037595e-17,0.0,0.0
3,299,-7.424870015068894,1.1199849515440918e-19,4.746225921037595e-17,0.0,0.0
3,300,-7.424870015068894,1.1199849515440918e-19,4.746225921037595e-17,0.0,0.0
4,1,-6.796420191295451,0.2570657575272265,102.7659206998549,0.005598065959208851,0.06608280369304678
4,2,-6.87641501286303,0.03630296776967473,14.512659884670377,0.007055013843058903,0.01994324385823103
4,3,-6.87815537627853,0.005979304117731194,2.39031716520237,0.008015174389241115,0.027127953086450586
4,4,-6.87820230736566,0.0020782320295910576,0.8308046548215714,0.00797452218618988,0.12080552076317706
4,5,-6.878206901098769,0.00019226927816392276,0.07686254903366246,0.006461512999100648,0.00855917141205608
4,6,-6.87820693409806,1.824655232260568e-05,0.0072943349867671484,0.0054230341624927625,0.009006205285280714
4,7,-6.8782069344696755,1.2583136029133504e-06,0.0005030298752211148,0.006780921315567377,0.004755718603705437
4,8,-6.87820693447169,1.3258985772023953e-20,5.3004798986656346e-18,0.007734761971581877,1.1103063562909518e-28
4,9,-6.87820693447169,1.3258985772023953e-20,5.3004798986656346e-18,0.0,0.0
4,10,-6.87820693447169,1.3258985772023953e-20,5.3004798986656346e-18,0.0,0.0
4,11,-6.87820693447169,1.3258985772023953e-20,5.3004798986656346e-18,0.0,0.0
4,12,-6.87820693447169,1.3258985772023953e-20,5.3004798986656346e-18,0.0,0.0
4,13,-6.87820693447169,1.3258985772023953e-20,5.3004798986656346e-18,0.0,0.0
4,14,-6.87820693447169,1.3258985772023953e-20,5.3004798986656346e-18,0.0,0.0
4,15,-6.87820693447169,1.3258985772023953e-20,5.3004798986656346e-18,0.0,0.0
4,16,-6.87820693447169,1.3258985772023953e-20,5.3004798986656346e-18,0.0,0.0
4,17,-6.87820693447169,1.3258985772023953e-20,5.3004798986656346e-18,0.0,0.0
4,18,-6.87820693447169,1.3258985772023953e-20,5.3004798986656346e-18,0.0,0.0
4,19,-6.87820693447169,1.3258985772023953e-20,5.3004798986656346e-18,0.0,0.0
4,20,-6.87820693447169,1.3258985772023953e-20,5.3004798986656346e-18,0.0,0.0
4,21,-6.87820693447169,1.3258985772023953e-20,5.3004798986656346e-18,0.0,0.0
4,22,-6.87820693447169,1.3258985772023953e-20,5.3004798986656346e-18,0.0,0.0
4,23,-6.87820693447169,1.3258985772023953e-20,5.3004798986656346e-18,0.0,0.0
4,24,-6.87820693447169,1.3258985772023953e-20,5.3004798986656346e-18,0.0,0.0
4,25,-6.87820693447169,1.3258985772023953e-20,5.3004798986656346e-18,0.0,0.0
4,26,-6.87820693447169,1.3258985772023953e-20,5.3004798986656346e-18,0.0,0.0
4,27,-6.87820693447169,1.3258985772023953e-20,5.3004798986656346e-18,0.0,0.0
4,28,-6.87820693447169,1.3258985772023953e-20,5.3004798986656346e-18,0.0,0.0
4,29,-6.87820693447169,1.3258985772023953e-20,5.3004798986656346e-18,0.0,0.0
4,30,-6.87820693447169,1.3258985772023953e-20,5.3004798986656346e-18,0.0,0.0
4,31,-6.87820693447169,1.3258985772023953e-20,5.3004798986656346e-18,0.0,0.0
4,32,-6.87820693447169,1.3258985772023953e-20,5.3004798986656346e-18,0.0,0.0
4,33,-6.87820693447169,1.3258985772023953e-20,5.3004798986656346e-18,0.0,0.0
4,34,-6.87820693447169,1.3258985772023953e-20,5.3004798986656346e-18,0.0,0.0
4,35,-6.87820693447169,1.3258985772023953e-20,5.3004798986656346e-18,0.0,0.0
4,36,-6.87820693447169,1.3258985772023953e-20,5.3004798986656346e-18,0.0,0.0
4,37,-6.87820693447169,1.3258985772023953e-20,5.3004798986656346e-18,0.0,0.0
4,38,-6.87820693447169,1.3258985772023953e-20,5.3004798986656346e-18,0.0,0.0
4,39,-6.87820693447169,1.3258985772023953e-20,5.3004798986656346e-18,0.0,0.0
4,40,-6.87820693447169,1.3258985772023953e-20,5.3004798986656346e-18,0.0,0.0
4,41,-6.87820693447169,1.3258985772023953e-20,5.3004798986656346e-18,0.0,0.0
4,42,-6.87820693447169,1.3258985772023953e-20,5.3004798986656346e-18,0.0,0.0
4,43,-6.87820693447169,1.3258985772023953e-20,5.3004798986656346e-18,0.0,0.0
4,44,-6.87820693447169,1.3258985772023953e-20,5.3004798986656346e-18,0.0,0.0
4,45,-6.87820693447169,1.3258985772023953e-20,5.3004798986656346e-18,0.0,0.0
4,46,-6.87820693447169,1.3258985772023953e-20,5.3004798986656346e-18,0.0,0.0
4,47,-6.87820693447169,1.3258985772023953e-20,5.3004798986656346e-18,0.0,0.0
4,48,-6.87820693447169,1.3258985772023953e-20,5.3004798986656346e-18,0.0,0.0
4,49,-6.87820693447169,1.3258985772023953e-20,5.3004798986656346e-18,0.0,0.0
4,50,-6.87820693447169,1.3258985772023953e-20,5.3004798986656346e-18,0.0,0.0
4,51,-6.87820693447169,1.3258985772023953e-20,5.3004798986656346e-18,0.0,0.0
4,52,-6.87820693447169,1.3258985772023953e-20,5.3004798986656346e-18,0.0,0.0
4,53,-6.87820693447169,1.3258985772023953e-20,5.3004798986656346e-18,0.0,0.0
4,54,-6.87820693447169,1.3258985772023953e-20,5.3004798986656346e-18,0.0,0.0
4,55,-6.87820693447169,1.3258985772023953e-20,5.3004798986656346e-18,0.0,0.0
4,56,-6.87820693447169,1.3258985772023953e-20,5.3004798986656346e-18,0.0,0.0
4,57,-6.87820693447169,1.3258985772023953e-20,5.3004798986656346e-18,0.0,0.0
4,58,-6.87820693447169,1.3258985772023953e-20,5.3004798986656346e-18,0.0,0.0
4,59,-6.87820693447169,1.3258985772023953e-20,5.3004798986656346e-18,0.0,0.0
4,60,-6.87820693447169,1.3258985772023953e-20,5.3004798986656346e-18,0.0,0.0
4,61,-6.87820693447169,1.3258985772023953e-20,5.3004798986656346e-18,0.0,0.0
4,62,-6.87820693447169,1.3258985772023953e-20,5.3004798986656346e-18,0.0,0.0
4,63,-6.87820693447169,1.3258985772023953e-20,5.3004798986656346e-18,0.0,0.0
4,64,-6.87820693447169,1.3258985772023953e-20,5.3004798986656346e-18,0.0,0.0
4,65,-6.87820693447169,1.3258985772023953e-20,5.3004798986656346e-18,0.0,0.0
4,66,-6.87820693447169,1.3258985772023953e-20,5.3004798986656346e-18,0.0,0.0
4,67,-6.87820693447169,1.3258985772023953e-20,5.3004798986656346e-18,0.0,0.0
4,68,-6.87820693447169,1.3258985772023953e-20,5.3004798986656346e-18,0.0,0.0
4,69,-6.87820693447169,1.3258985772023953e-20,5.3004798986656346e-18,0.0,0.0
4,70,-6.87820693447169,1.3258985772023953e-20,5.3004798986656346e-18,0.0,0.0
4,71,-6.87820693447169,1.3258985772023953e-20,5.3004798986656346e-18,0.0,0.0
4,72,-6.87820693447169,1.3258985772023953e-20,5.3004798986656346e-18,0.0,0.0
4,73,-6.87820693447169,1.3258985772023953e-20,5.3004798986656346e-18,0.0,0.0
4,74,-6.87820693447169,1.3258985772023953e-20,5.3004798986656346e-18,0.0,0.0
4,75,-6.87820693447169,1.3258985772023953e-20,5.3004798986656346e-18,0.0,0.0
4,76,-6.87820693447169,1.3258985772023953e-20,5.3004798986656346e-18,0.0,0.0
4,77,-6.87820693447169,1.3258985772023953e-20,5.3004798986656346e-18,0.0,0.0
4,78,-6.87820693447169,1.3258985772023953e-20,5.3004798986656346e-18,0.0,0.0
4,79,-6.87820693447169,1.3258985772023953e-20,5.3004798986656346e-18,0.0,0.0
4,80,-6.87820693447169,1.3258985772023953e-20,5.3004798986656346e-18,0.0,0.0
4,81,-6.87820693447169,1.3258985772023953e-20,5.3004798986656346e-18,0.0,0.0
4,82,-6.87820693447169,1.3258985772023953e-20,5.3004798986656346e-18,0.0,0.0
4,83,-6.87820693447169,1.3258985772023953e-20,5.3004798986656346e-18,0.0,0.0
4,84,-6.87820693447169,1.3258985772023953e-20,5.3004798986656346e-18,0.0,0.0
4,85,-6.87820693447169,1.3258985772023953e-20,5.3004798986656346e-18,0.0,0.0
4,86,-6.87820693447169,1.3258985772023953e-20,5.3004798986656346e-18,0.0,0.0
4,87,-6.87820693447169,1.3258985772023953e-20,5.3004798986656346e-18,0.0,0.0
4,88,-6.87820693447169,1.3258985772023953e-20,5.3004798986656346e-18,0.0,0.0
4,89,-6.87820693447169,1.3258985772023953e-20,5.3004798986656346e-18,0.0,0.0
4,90,-6.87820693447169,1.3258985772023953e-20,5.3004798986656346e-18,0.0,0.0
4,91,-6.87820693447169,1.3258985772023953e-20,5.3004798986656346e-18,0.0,0.0
4,92,-6.87820693447169,1.3258985772023953e-20,5.3004798986656346e-18,0.0,0.0
4,93,-6.87820693447169,1.3258985772023953e-20,5.3004798986656346e-18,0.0,0.0
4,94,-6.87820693447169,1.3258985772023953e-20,5.3004798986656346e-18,0.0,0.0
4,95,-6.87820693447169,1.3258985772023953e-20,5.3004798986656346e-18,0.0,0.0
4,96,-6.87820693447169,1.3258985772023953e-20,5.3004798986656346e-18,0.0,0.0
4,97,-6.87820693447169,1.3258985772023953e-20,5.3004798986656346e-18,0.0,0.0
4,98,-6.87820693447169,1.3258985772023953e-20,5.3004798986656346e-18,0.0,0.0
4,99,-6.87820693447169,1.3258985772023953e-20,5.3004798986656346e-18,0.0,0.0
4,100,-6.87820693447169,1.3258985772023953e-20,5.3004798986656346e-18,0.0,0.0
4,101,-6.87820693447169,1.3258985772023953e-20,5.3004798986656346e-18,0.0,0.0
4,102,-6.87820693447169,1.3258985772023953e-20,5.3004798986656346e-18,0.0,0.0
4,103,-6.87820693447169,1.3258985772023953e-20,5.3004798986656346e-18,0.0,0.0
4,104,-6.87820693447169,1.3258985772023953e-20,5.3004798986656346e-18,0.0,0.0
4,105,-6.87820693447169,1.3258985772023953e-20,5.3004798986656346e-18,0.0,0.0
4,106,-6.87820693447169,1.3258985772023953e-20,5.3004798986656346e-18,0.0,0.0
4,107,-6.87820693447169,1.3258985772023953e-20,5.3004798986656346e-18,0.0,0.0
4,108,-6.87820693447169,1.3258985772023953e-20,5.3004798986656346e-18,0.0,0.0
4,109,-6.87820693447169,1.3258985772023953e-20,5.3004798986656346e-18,0.0,0.0
4,110,-6.87820693447169,1.3258985772023953e-20,5.3004798986656346e-18,0.0,0.0
4,111,-6.87820693447169,1.3258985772023953e-20,5.3004798986656346e-18,0.0,0.0
4,112,-6.87820693447169,1.3258985772023953e-20,5.3004798986656346e-18,0.0,0.0
4,113,-6.87820693447169,1.3258985772023953e-20,5.3004798986656346e-18,0.0,0.0
4,114,-6.87820693447169,1.3258985772023953e-20,5.3004798986656346e-18,0.0,0.0
4,115,-6.87820693447169,1.3258985772023953e-20,5.3004798986656346e-18,0.0,0.0
4,116,-6.87820693447169,1.3258985772023953e-20,5.3004798986656346e-18,0.0,0.0
4,117,-6.87820693447169,1.3258985772023953e-20,5.3004798986656346e-18,0.0,0.0
4,118,-6.87820693447169,1.3258985772023953e-20,5.3004798986656346e-18,0.0,0.0
4,119,-6.87820693447169,1.3258985772023953e-20,5.3004798986656346e-18,0.0,0.0
4,120,-6.87820693447169,1.3258985772023953e-20,5.3004798986656346e-18,0.0,0.0
4,121,-6.87820693447169,1.3258985772023953e-20,5.3004798986656346e-18,0.0,0.0
4,122,-6.87820693447169,1.3258985772023953e-20,5.3004798986656346e-18,0.0,0.0
4,123,-6.87820693447169,1.3258985772023953e-20,5.3004798986656346e-18,0.0,0.0
4,124,-6.87820693447169,1.3258985772023953e-20,5.3004798986656346e-18,0.0,0.0
4,125,-6.87820693447169,1.3258985772023953e-20,5.3004798986656346e-18,0.0,0.0
4,126,-6.87820693447169,1.3258985772023953e-20,5.3004798986656346e-18,0.0,0.0
4,127,-6.87820693447169,1.3258985772023953e-20,5.3004798986656346e-18,0.0,0.0
4,128,-6.87820693447169,1.3258985772023953e-20,5.3004798986656346e-18,0.0,0.0
4,129,-6.87820693447169,1.3258985772023953e-20,5.3004798986656346e-18,0.0,0.0
4,130,-6.87820693447169,1.3258985772023953e-20,5.3004798986656346e-18,0.0,0.0
4,131,-6.87820693447169,1.3258985772023953e-20,5.3004798986656346e-18,0.0,0.0
4,132,-6.87820693447169,1.3258985772023953e-20,5.3004798986656346e-18,0.0,0.0
4,133,-6.87820693447169,1.3258985772023953e-20,5.3004798986656346e-18,0.0,0.0
4,134,-6.87820693447169,1.3258985772023953e-20,5.3004798986656346e-18,0.0,0.0
4,135,-6.87820693447169,1.3258985772023953e-20,5.3004798986656346e-18,0.0,0.0
4,136,-6.87820693447169,1.3258985772023953e-20,5.3004798986656346e-18,0.0,0.0
4,137,-6.87820693447169,1.3258985772023953e-20,5.3004798986656346e-18,0.0,0.0
4,138,-6.87820693447169,1.3258985772023953e-20,5.3004798986656346e-18,0.0,0.0
4,139,-6.87820693447169,1.3258985772023953e-20,5.3004798986656346e-18,0.0,0.0
4,140,-6.87820693447169,1.3258985772023953e-20,5.3004798986656346e-18,0.0,0.0
4,141,-6.87820693447169,1.3258985772023953e-20,5.3004798986656346e-18,0.0,0.0
4,142,-6.87820693447169,1.3258985772023953e-20,5.3004798986656346e-18,0.0,0.0
4,143,-6.87820693447169,1.3258985772023953e-20,5.3004798986656346e-18,0.0,0.0
4,144,-6.87820693447169,1.3258985772023953e-20,5.3004798986656346e-18,0.0,0.0
4,145,-6.87820693447169,1.3258985772023953e-20,5.3004798986656346e-18,0.0,0.0
4,146,-6.87820693447169,1.3258985772023953e-20,5.3004798986656346e-18,0.0,0.0
4,147,-6.87820693447169,1.3258985772023953e-20,5.3004798986656346e-18,0.0,0.0
4,148,-6.87820693447169,1.3258985772023953e-20,5.3004798986656346e-18,0.0,0.0
4,149,-6.87820693447169,1.3258985772023953e-20,5.3004798986656346e-18,0.0,0.0
4,150,-6.87820693447169,1.3258985772023953e-20,5.3004798986656346e-18,0.0,0.0
4,151,-6.87820693447169,1.3258985772023953e-20,5.3004798986656346e-18,0.0,0.0
4,152,-6.87820693447169,1.3258985772023953e-20,5.3004798986656346e-18,0.0,0.0
4,153,-6.87820693447169,1.3258985772023953e-20,5.3004798986656346e-18,0.0,0.0
4,154,-6.87820693447169,1.3258985772023953e-20,5.3004798986656346e-18,0.0,0.0
4,155,-6.87820693447169,1.3258985772023953e-20,5.3004798986656346e-18,0.0,0.0
4,156,-6.87820693447169,1.3258985772023953e-20,5.3004798986656346e-18,0.0,0.0
4,157,-6.87820693447169,1.3258985772023953e-20,5.3004798986656346e-18,0.0,0.0
4,158,-6.87820693447169,1.3258985772023953e-20,5.3004798986656346e-18,0.0,0.0
4,159,-6.87820693447169,1.3258985772023953e-20,5.3004798986656346e-18,0.0,0.0
4,160,-6.87820693447169,1.3258985772023953e-20,5.3004798986656346e-18,0.0,0.0
4,161,-6.87820693447169,1.3258985772023953e-20,5.3004798986656346e-18,0.0,0.0
4,162,-6.87820693447169,1.3258985772023953e-20,5.3004798986656346e-18,0.0,0.0
4,163,-6.87820693447169,1.3258985772023953e-20,5.3004798986656346e-18,0.0,0.0
4,164,-6.87820693447169,1.3258985772023953e-20,5.3004798986656346e-18,0.0,0.0
4,165,-6.87820693447169,1.3258985772023953e-20,5.3004798986656346e-18,0.0,0.0
4,166,-6.87820693447169,1.3258985772023953e-20,5.3004798986656346e-18,0.0,0.0
4,167,-6.87820693447169,1.3258985772023953e-20,5.3004798986656346e-18,0.0,0.0
4,168,-6.87820693447169,1.3258985772023953e-20,5.3004798986656346e-18,0.0,0.0
4,169,-6.87820693447169,1.3258985772023953e-20,5.3004798986656346e-18,0.0,0.0
4,170,-6.87820693447169,1.3258985772023953e-20,5.3004798986656346e-18,0.0,0.0
4,171,-6.87820693447169,1.3258985772023953e-20,5.3004798986656346e-18,0.0,0.0
4,172,-6.87820693447169,1.3258985772023953e-20,5.3004798986656346e-18,0.0,0.0
4,173,-6.87820693447169,1.3258985772023953e-20,5.3004798986656346e-18,0.0,0.0
4,174,-6.87820693447169,1.3258985772023953e-20,5.3004798986656346e-18,0.0,0.0
4,175,-6.87820693447169,1.3258985772023953e-20,5.3004798986656346e-18,0.0,0.0
4,176,-6.87820693447169,1.3258985772023953e-20,5.3004798986656346e-18,0.0,0.0
4,177,-6.87820693447169,1.3258985772023953e-20,5.3004798986656346e-18,0.0,0.0
4,178,-6.87820693447169,1.3258985772023953e-20,5.3004798986656346e-18,0.0,0.0
4,179,-6.87820693447169,1.3258985772023953e-20,5.3004798986656346e-18,0.0,0.0
4,180,-6.87820693447169,1.3258985772023953e-20,5.3004798986656346e-18,0.0,0.0
4,181,-6.87820693447169,1.3258985772023953e-20,5.3004798986656346e-18,0.0,0.0
4,182,-6.87820693447169,1.3258985772023953e-20,5.3004798986656346e-18,0.0,0.0
4,183,-6.87820693447169,1.3258985772023953e-20,5.3004798986656346e-18,0.0,0.0
4,184,-6.87820693447169,1.3258985772023953e-20,5.3004798986656346e-18,0.0,0.0
4,185,-6.87820693447169,1.3258985772023953e-20,5.3004798986656346e-18,0.0,0.0
4,186,-6.87820693447169,1.3258985772023953e-20,5.3004798986656346e-18,0.0,0.0
4,187,-6.87820693447169,1.3258985772023953e-20,5.3004798986656346e-18,0.0,0.0
4,188,-6.87820693447169,1.3258985772023953e-20,5.3004798986656346e-18,0.0,0.0
4,189,-6.87820693447169,1.3258985772023953e-20,5.3004798986656346e-18,0.0,0.0
4,190,-6.87820693447169,1.3258985772023953e-20,5.3004798986656346e-18,0.0,0.0
4,191,-6.87820693447169,1.3258985772023953e-20,5.3004798986656346e-18,0.0,0.0
4,192,-6.87820693447169,1.3258985772023953e-20,5.3004798986656346e-18,0.0,0.0
4,193,-6.87820693447169,1.3258985772023953e-20,5.3004798986656346e-18,0.0,0.0
4,194,-6.87820693447169,1.3258985772023953e-20,5.3004798986656346e-18,0.0,0.0
4,195,-6.87820693447169,1.3258985772023953e-20,5.3004798986656346e-18,0.0,0.0
4,196,-6.87820693447169,1.3258985772023953e-20,5.3004798986656346e-18,0.0,0.0
4,197,-6.87820693447169,1.3258985772023953e-20,5.3004798986656346e-18,0.0,0.0
4,198,-6.87820693447169,1.3258985772023953e-20,5.3004798986656346e-18,0.0,0.0
4,199,-6.87820693447169,1.3258985772023953e-20,5.3004798986656346e-18,0.0,0.0
4,200,-6.87820693447169,1.3258985772023953e-20,5.3004798986656346e-18,0.0,0.0
4,201,-6.87820693447169,1.3258985772023953e-20,5.3004798986656346e-18,0.0,0.0
4,202,-6.87820693447169,1.3258985772023953e-20,5.3004798986656346e-18,0.0,0.0
4,203,-6.87820693447169,1.3258985772023953e-20,5.3004798986656346e-18,0.0,0.0
4,204,-6.87820693447169,1.3258985772023953e-20,5.3004798986656346e-18,0.0,0.0
4,205,-6.87820693447169,1.3258985772023953e-20,5.3004798986656346e-18,0.0,0.0
4,206,-6.87820693447169,1.3258985772023953e-20,5.3004798986656346e-18,0.0,0.0
4,207,-6.87820693447169,1.3258985772023953e-20,5.3004798986656346e-18,0.0,0.0
4,208,-6.87820693447169,1.3258985772023953e-20,5.3004798986656346e-18,0.0,0.0
4,209,-6.87820693447169,1.3258985772023953e-20,5.3004798986656346e-18,0.0,0.0
4,210,-6.87820693447169,1.3258985772023953e-20,5.3004798986656346e-18,0.0,0.0
4,211,-6.87820693447169,1.3258985772023953e-20,5.3004798986656346e-18,0.0,0.0
4,212,-6.87820693447169,1.3258985772023953e-20,5.3004798986656346e-18,0.0,0.0
4,213,-6.87820693447169,1.3258985772023953e-20,5.3004798986656346e-18,0.0,0.0
4,214,-6.87820693447169,1.3258985772023953e-20,5.3004798986656346e-18,0.0,0.0
4,215,-6.87820693447169,1.3258985772023953e-20,5.3004798986656346e-18,0.0,0.0
4,216,-6.87820693447169,1.3258985772023953e-20,5.3004798986656346e-18,0.0,0.0
4,217,-6.87820693447169,1.3258985772023953e-20,5.3004798986656346e-18,0.0,0.0
4,218,-6.87820693447169,1.3258985772023953e-20,5.3004798986656346e-18,0.0,0.0
4,219,-6.87820693447169,1.3258985772023953e-20,5.3004798986656346e-18,0.0,0.0
4,220,-6.87820693447169,1.3258985772023953e-20,5.3004798986656346e-18,0.0,0.0
4,221,-6.87820693447169,1.3258985772023953e-20,5.3004798986656346e-18,0.0,0.0
4,222,-6.87820693447169,1.3258985772023953e-20,5.3004798986656346e-18,0.0,0.0
4,223,-6.87820693447169,1.3258985772023953e-20,5.3004798986656346e-18,0.0,0.0
4,224,-6.87820693447169,1.3258985772023953e-20,5.3004798986656346e-18,0.0,0.0
4,225,-6.87820693447169,1.3258985772023953e-20,5.3004798986656346e-18,0.0,0.0
4,226,-6.87820693447169,1.3258985772023953e-20,5.3004798986656346e-18,0.0,0.0
4,227,-6.87820693447169,1.3258985772023953e-20,5.3004798986656346e-18,0.0,0.0
4,228,-6.87820693447169,1.3258985772023953e-20,5.3004798986656346e-18,0.0,0.0
4,229,-6.87820693447169,1.3258985772023953e-20,5.3004798986656346e-18,0.0,0.0
4,230,-6.87820693447169,1.3258985772023953e-20,5.3004798986656346e-18,0.0,0.0
4,231,-6.87820693447169,1.3258985772023953e-20,5.3004798986656346e-18,0.0,0.0
4,232,-6.87820693447169,1.3258985772023953e-20,5.3004798986656346e-18,0.0,0.0
4,233,-6.87820693447169,1.3258985772023953e-20,5.3004798986656346e-18,0.0,0.0
4,234,-6.87820693447169,1.3258985772023953e-20,5.3004798986656346e-18,0.0,0.0
4,235,-6.87820693447169,1.3258985772023953e-20,5.3004798986656346e-18,0.0,0.0
4,236,-6.87820693447169,1.3258985772023953e-20,5.3004798986656346e-18,0.0,0.0
4,237,-6.87820693447169,1.3258985772023953e-20,5.3004798986656346e-18,0.0,0.0
4,238,-6.87820693447169,1.3258985772023953e-20,5.3004798986656346e-18,0.0,0.0
4,239,-6.87820693447169,1.3258985772023953e-20,5.3004798986656346e-18,0.0,0.0
4,240,-6.87820693447169,1.3258985772023953e-20,5.3004798986656346e-18,0.0,0.0
4,241,-6.87820693447169,1.3258985772023953e-20,5.3004798986656346e-18,0.0,0.0
4,242,-6.87820693447169,1.3258985772023953e-20,5.3004798986656346e-18,0.0,0.0
4,243,-6.87820693447169,1.3258985772023953e-20,5.3004798986656346e-18,0.0,0.0
4,244,-6.87820693447169,1.3258985772023953e-20,5.3004798986656346e-18,0.0,0.0
4,245,-6.87820693447169,1.3258985772023953e-20,5.3004798986656346e-18,0.0,0.0
4,246,-6.87820693447169,1.3258985772023953e-20,5.3004798986656346e-18,0.0,0.0
4,247,-6.87820693447169,1.3258985772023953e-20,5.3004798986656346e-18,0.0,0.0
4,248,-6.87820693447169,1.3258985772023953e-20,5.3004798986656346e-18,0.0,0.0
4,249,-6.87820693447169,1.3258985772023953e-20,5.3004798986656346e-18,0.0,0.0
4,250,-6.87820693447169,1.3258985772023953e-20,5.3004798986656346e-18,0.0,0.0
4,251,-6.87820693447169,1.3258985772023953e-20,5.3004798986656346e-18,0.0,0.0
4,252,-6.87820693447169,1.3258985772023953e-20,5.3004798986656346e-18,0.0,0.0
4,253,-6.87820693447169,1.3258985772023953e-20,5.3004798986656346e-18,0.0,0.0
4,254,-6.87820693447169,1.3258985772023953e-20,5.3004798986656346e-18,0.0,0.0
4,255,-6.87820693447169,1.3258985772023953e-20,5.3004798986656346e-18,0.0,0.0
4,256,-6.87820693447169,1.3258985772023953e-20,5.3004798986656346e-18,0.0,0.0
4,257,-6.87820693447169,1.3258985772023953e-20,5.3004798986656346e-18,0.0,0.0
4,258,-6.87820693447169,1.3258985772023953e-20,5.3004798986656346e-18,0.0,0.0
4,259,-6.87820693447169,1.3258985772023953e-20,5.3004798986656346e-18,0.0,0.0
4,260,-6.87820693447169,1.3258985772023953e-20,5.3004798986656346e-18,0.0,0.0
4,261,-6.87820693447169,1.3258985772023953e-20,5.3004798986656346e-18,0.0,0.0
4,262,-6.87820693447169,1.3258985772023953e-20,5.3004798986656346e-18,0.0,0.0
4,263,-6.87820693447169,1.3258985772023953e-20,5.3004798986656346e-18,0.0,0.0
4,264,-6.87820693447169,1.3258985772023953e-20,5.3004798986656346e-18,0.0,0.0
4,265,-6.87820693447169,1.3258985772023953e-20,5.3004798986656346e-18,0.0,0.0
4,266,-6.87820693447169,1.3258985772023953e-20,5.3004798986656346e-18,0.0,0.0
4,267,-6.87820693447169,1.3258985772023953e-20,5.3004798986656346e-18,0.0,0.0
4,268,-6.87820693447169,1.3258985772023953e-20,5.3004798986656346e-18,0.0,0.0
4,269,-6.87820693447169,1.3258985772023953e-20,5.3004798986656346e-18,0.0,0.0
4,270,-6.87820693447169,1.3258985772023953e-20,5.3004798986656346e-18,0.0,0.0
4,271,-6.87820693447169,1.3258985772023953e-20,5.3004798986656346e-18,0.0,0.0
4,272,-6.87820693447169,1.3258985772023953e-20,5.3004798986656346e-18,0.0,0.0
4,273,-6.87820693447169,1.3258985772023953e-20,5.3004798986656346e-18,0.0,0.0
4,274,-6.87820693447169,1.3258985772023953e-20,5.3004798986656346e-18,0.0,0.0
4,275,-6.87820693447169,1.3258985772023953e-20,5.3004798986656346e-18,0.0,0.0
4,276,-6.87820693447169,1.3258985772023953e-20,5.3004798986656346e-18,0.0,0.0
4,277,-6.87820693447169,1.3258985772023953e-20,5.3004798986656346e-18,0.0,0.0
4,278,-6.87820693447169,1.3258985772023953e-20,5.3004798986656346e-18,0.0,0.0
4,279,-6.87820693447169,1.3258985772023953e-20,5.3004798986656346e-18,0.0,0.0
4,280,-6.87820693447169,1.3258985772023953e-20,5.3004798986656346e-18,0.0,0.0
4,281,-6.87820693447169,1.3258985772023953e-20,5.3004798986656346e-18,0.0,0.0
4,282,-6.87820693447169,1.3258985772023953e-20,5.3004798986656346e-18,0.0,0.0
4,283,-6.87820693447169,1.3258985772023953e-20,5.3004798986656346e-18,0.0,0.0
4,284,-6.87820693447169,1.3258985772023953e-20,5.3004798986656346e-18,0.0,0.0
4,285,-6.87820693447169,1.3258985772023953e-20,5.3004798986656346e-18,0.0,0.0
4,286,-6.87820693447169,1.3258985772023953e-20,5.3004798986656346e-18,0.0,0.0
4,287,-6.87820693447169,1.3258985772023953e-20,5.3004798986656346e-18,0.0,0.0
4,288,-6.87820693447169,1.3258985772023953e-20,5.3004798986656346e-18,0.0,0.0
4,289,-6.87820693447169,1.3258985772023953e-20,5.3004798986656346e-18,0.0,0.0
4,290,-6.87820693447169,1.3258985772023953e-20,5.3004798986656346e-18,0.0,0.0
4,291,-6.87820693447169,1.3258985772023953e-20,5.3004798986656346e-18,0.0,0.0
4,292,-6.87820693447169,1.3258985772023953e-20,5.3004798986656346e-18,0.0,0.0
4,293,-6.87820693447169,1.3258985772023953e-20,5.3004798986656346e-18,0.0,0.0
4,294,-6.87820693447169,1.3258985772023953e-20,5.3004798986656346e-18,0.0,0.0
4,295,-6.87820693447169,1.3258985772023953e-20,5.3004798986656346e-18,0.0,0.0
4,296,-6.87820693447169,1.3258985772023953e-20,5.3004798986656346e-18,0.0,0.0
4,297,-6.87820693447169,1.3258985772023953e-20,5.3004798986656346e-18,0.0,0.0
4,298,-6.87820693447169,1.3258985772023953e-20,5.3004798986656346e-18,0.0,0.0
4,299,-6.87820693447169,1.3258985772023953e-20,5.3004798986656346e-18,0.0,0.0
4,300,-6.87820693447169,1.3258985772023953e-20,5.3004798986656346e-18,0.0,0.0
5,1,-5.989027019780423,0.2091005254255417,51.76800190783424,0.006510117531394551,0.043723029733237606
5,2,-6.037642833920506,0.03224963276057631,7.984193472870817,0.007417468352376409,0.023786979528580443
5,3,-6.038642438090956,0.008800027760675514,2.17866431935803,0.006572006749271598,0.07445922941181693
5,4,-6.0387114701632845,0.0018599820008911093,0.46048450416235415,0.006098658965814543,0.04467344029832871
5,5,-6.038715416243419,0.00016637844677586515,0.04119109568274377,0.007803973502947368,0.008001596516746208
5,6,-6.038715447918943,6.832110820887691e-06,0.0016914578540176458,0.007828848675411637,0.0016862255799762493
5,7,-6.038715447973599,2.878991315375278e-07,7.127654395113269e-05,0.008011360302873955,0.001775705357928701
5,8,-6.03871544797368,1.3689290616431546e-19,3.389122152161564e-17,0.006658471625647067,2.2608990806354534e-25
5,9,-6.03871544797368,1.3689290616431546e-19,3.389122152161564e-17,0.0,0.0
5,10,-6.03871544797368,1.3689290616431546e-19,3.389122152161564e-17,0.0,0.0
5,11,-6.03871544797368,1.3689290616431546e-19,3.389122152161564e-17,0.0,0.0
5,12,-6.03871544797368,1.3689290616431546e-19,3.389122152161564e-17,0.0,0.0
5,13,-6.03871544797368,1.3689290616431546e-19,3.389122152161564e-17,0.0,0.0
5,14,-6.03871544797368,1.3689290616431546e-19,3.389122152161564e-17,0.0,0.0
5,15,-6.03871544797368,1.3689290616431546e-19,3.389122152161564e-17,0.0,0.0
5,16,-6.03871544797368,1.3689290616431546e-19,3.389122152161564e-17,0.0,0.0
5,17,-6.03871544797368,1.3689290616431546e-19,3.389122152161564e-17,0.0,0.0
5,18,-6.03871544797368,1.3689290616431546e-19,3.389122152161564e-17,0.0,0.0
5,19,-6.03871544797368,1.3689290616431546e-19,3.389122152161564e-17,0.0,0.0
5,20,-6.03871544797368,1.3689290616431546e-19,3.389122152161564e-17,0.0,0.0
5,21,-6.03871544797368,1.3689290616431546e-19,3.389122152161564e-17,0.0,0.0
5,22,-6.03871544797368,1.3689290616431546e-19,3.389122152161564e-17,0.0,0.0
5,23,-6.03871544797368,1.3689290616431546e-19,3.389122152161564e-17,0.0,0.0
5,24,-6.03871544797368,1.3689290616431546e-19,3.389122152161564e-17,0.0,0.0
5,25,-6.03871544797368,1.3689290616431546e-19,3.389122152161564e-17,0.0,0.0
5,26,-6.03871544797368,1.3689290616431546e-19,3.389122152161564e-17,0.0,0.0
5,27,-6.03871544797368,1.3689290616431546e-19,3.389122152161564e-17,0.0,0.0
5,28,-6.03871544797368,1.3689290616431546e-19,3.389122152161564e-17,0.0,0.0
5,29,-6.03871544797368,1.3689290616431546e-19,3.389122152161564e-17,0.0,0.0
5,30,-6.03871544797368,1.3689290616431546e-19,3.389122152161564e-17,0.0,0.0
5,31,-6.03871544797368,1.3689290616431546e-19,3.389122152161564e-17,0.0,0.0
5,32,-6.03871544797368,1.3689290616431546e-19,3.389122152161564e-17,0.0,0.0
5,33,-6.03871544797368,1.3689290616431546e-19,3.389122152161564e-17,0.0,0.0
5,34,-6.03871544797368,1.3689290616431546e-19,3.389122152161564e-17,0.0,0.0
5,35,-6.03871544797368,1.3689290616431546e-19,3.389122152161564e-17,0.0,0.0
5,36,-6.03871544797368,1.3689290616431546e-19,3.389122152161564e-17,0.0,0.0
5,37,-6.03871544797368,1.3689290616431546e-19,3.389122152161564e-17,0.0,0.0
5,38,-6.03871544797368,1.3689290616431546e-19,3.389122152161564e-17,0.0,0.0
5,39,-6.03871544797368,1.3689290616431546e-19,3.389122152161564e-17,0.0,0.0
5,40,-6.03871544797368,1.3689290616431546e-19,3.389122152161564e-17,0.0,0.0
5,41,-6.03871544797368,1.3689290616431546e-19,3.389122152161564e-17,0.0,0.0
5,42,-6.03871544797368,1.3689290616431546e-19,3.389122152161564e-17,0.0,0.0
5,43,-6.03871544797368,1.3689290616431546e-19,3.389122152161564e-17,0.0,0.0
5,44,-6.03871544797368,1.3689290616431546e-19,3.389122152161564e-17,0.0,0.0
5,45,-6.03871544797368,1.3689290616431546e-19,3.389122152161564e-17,0.0,0.0
5,46,-6.03871544797368,1.3689290616431546e-19,3.389122152161564e-17,0.0,0.0
5,47,-6.03871544797368,1.3689290616431546e-19,3.389122152161564e-17,0.0,0.0
5,48,-6.03871544797368,1.3689290616431546e-19,3.389122152161564e-17,0.0,0.0
5,49,-6.03871544797368,1.3689290616431546e-19,3.389122152161564e-17,0.0,0.0
5,50,-6.03871544797368,1.3689290616431546e-19,3.389122152161564e-17,0.0,0.0
5,51,-6.03871544797368,1.3689290616431546e-19,3.389122152161564e-17,0.0,0.0
5,52,-6.03871544797368,1.3689290616431546e-19,3.389122152161564e-17,0.0,0.0
5,53,-6.03871544797368,1.3689290616431546e-19,3.389122152161564e-17,0.0,0.0
5,54,-6.03871544797368,1.3689290616431546e-19,3.389122152161564e-17,0.0,0.0
5,55,-6.03871544797368,1.3689290616431546e-19,3.389122152161564e-17,0.0,0.0
5,56,-6.03871544797368,1.3689290616431546e-19,3.389122152161564e-17,0.0,0.0
5,57,-6.03871544797368,1.3689290616431546e-19,3.389122152161564e-17,0.0,0.0
5,58,-6.03871544797368,1.3689290616431546e-19,3.389122152161564e-17,0.0,0.0
5,59,-6.03871544797368,1.3689290616431546e-19,3.389122152161564e-17,0.0,0.0
5,60,-6.03871544797368,1.3689290616431546e-19,3.389122152161564e-17,0.0,0.0
5,61,-6.03871544797368,1.3689290616431546e-19,3.389122152161564e-17,0.0,0.0
5,62,-6.03871544797368,1.3689290616431546e-19,3.389122152161564e-17,0.0,0.0
5,63,-6.03871544797368,1.3689290616431546e-19,3.389122152161564e-17,0.0,0.0
5,64,-6.03871544797368,1.3689290616431546e-19,3.389122152161564e-17,0.0,0.0
5,65,-6.03871544797368,1.3689290616431546e-19,3.389122152161564e-17,0.0,0.0
5,66,-6.03871544797368,1.3689290616431546e-19,3.389122152161564e-17,0.0,0.0
5,67,-6.03871544797368,1.3689290616431546e-19,3.389122152161564e-17,0.0,0.0
5,68,-6.03871544797368,1.3689290616431546e-19,3.389122152161564e-17,0.0,0.0
5,69,-6.03871544797368,1.3689290616431546e-19,3.389122152161564e-17,0.0,0.0
5,70,-6.03871544797368,1.3689290616431546e-19,3.389122152161564e-17,0.0,0.0
5,71,-6.03871544797368,1.3689290616431546e-19,3.389122152161564e-17,0.0,0.0
5,72,-6.03871544797368,1.3689290616431546e-19,3.389122152161564e-17,0.0,0.0
5,73,-6.03871544797368,1.3689290616431546e-19,3.389122152161564e-17,0.0,0.0
5,74,-6.03871544797368,1.3689290616431546e-19,3.389122152161564e-17,0.0,0.0
5,75,-6.03871544797368,1.3689290616431546e-19,3.389122152161564e-17,0.0,0.0
5,76,-6.03871544797368,1.3689290616431546e-19,3.389122152161564e-17,0.0,0.0
5,77,-6.03871544797368,1.3689290616431546e-19,3.389122152161564e-17,0.0,0.0
5,78,-6.03871544797368,1.3689290616431546e-19,3.389122152161564e-17,0.0,0.0
5,79,-6.03871544797368,1.3689290616431546e-19,3.389122152161564e-17,0.0,0.0
5,80,-6.03871544797368,1.3689290616431546e-19,3.389122152161564e-17,0.0,0.0
5,81,-6.03871544797368,1.3689290616431546e-19,3.389122152161564e-17,0.0,0.0
5,82,-6.03871544797368,1.3689290616431546e-19,3.389122152161564e-17,0.0,0.0
5,83,-6.03871544797368,1.3689290616431546e-19,3.389122152161564e-17,0.0,0.0
5,84,-6.03871544797368,1.3689290616431546e-19,3.389122152161564e-17,0.0,0.0
5,85,-6.03871544797368,1.3689290616431546e-19,3.389122152161564e-17,0.0,0.0
5,86,-6.03871544797368,1.3689290616431546e-19,3.389122152161564e-17,0.0,0.0
5,87,-6.03871544797368,1.3689290616431546e-19,3.389122152161564e-17,0.0,0.0
5,88,-6.03871544797368,1.3689290616431546e-19,3.389122152161564e-17,0.0,0.0
5,89,-6.03871544797368,1.3689290616431546e-19,3.389122152161564e-17,0.0,0.0
5,90,-6.03871544797368,1.3689290616431546e-19,3.389122152161564e-17,0.0,0.0
5,91,-6.03871544797368,1.3689290616431546e-19,3.389122152161564e-17,0.0,0.0
5,92,-6.03871544797368,1.3689290616431546e-19,3.389122152161564e-17,0.0,0.0
5,93,-6.03871544797368,1.3689290616431546e-19,3.389122152161564e-17,0.0,0.0
5,94,-6.03871544797368,1.3689290616431546e-19,3.389122152161564e-17,0.0,0.0
5,95,-6.03871544797368,1.3689290616431546e-19,3.389122152161564e-17,0.0,0.0
5,96,-6.03871544797368,1.3689290616431546e-19,3.389122152161564e-17,0.0,0.0
5,97,-6.03871544797368,1.3689290616431546e-19,3.389122152161564e-17,0.0,0.0
5,98,-6.03871544797368,1.3689290616431546e-19,3.389122152161564e-17,0.0,0.0
5,99,-6.03871544797368,1.3689290616431546e-19,3.389122152161564e-17,0.0,0.0
5,100,-6.03871544797368,1.3689290616431546e-19,3.389122152161564e-17,0.0,0.0
5,101,-6.03871544797368,1.3689290616431546e-19,3.389122152161564e-17,0.0,0.0
5,102,-6.03871544797368,1.3689290616431546e-19,3.389122152161564e-17,0.0,0.0
5,103,-6.03871544797368,1.3689290616431546e-19,3.389122152161564e-17,0.0,0.0
5,104,-6.03871544797368,1.3689290616431546e-19,3.389122152161564e-17,0.0,0.0
5,105,-6.03871544797368,1.3689290616431546e-19,3.389122152161564e-17,0.0,0.0
5,106,-6.03871544797368,1.3689290616431546e-19,3.389122152161564e-17,0.0,0.0
5,107,-6.03871544797368,1.3689290616431546e-19,3.389122152161564e-17,0.0,0.0
5,108,-6.03871544797368,1.3689290616431546e-19,3.389122152161564e-17,0.0,0.0
5,109,-6.03871544797368,1.3689290616431546e-19,3.389122152161564e-17,0.0,0.0
5,110,-6.03871544797368,1.3689290616431546e-19,3.389122152161564e-17,0.0,0.0
5,111,-6.03871544797368,1.3689290616431546e-19,3.389122152161564e-17,0.0,0.0
5,112,-6.03871544797368,1.3689290616431546e-19,3.389122152161564e-17,0.0,0.0
5,113,-6.03871544797368,1.3689290616431546e-19,3.389122152161564e-17,0.0,0.0
5,114,-6.03871544797368,1.3689290616431546e-19,3.389122152161564e-17,0.0,0.0
5,115,-6.03871544797368,1.3689290616431546e-19,3.389122152161564e-17,0.0,0.0
5,116,-6.03871544797368,1.3689290616431546e-19,3.389122152161564e-17,0.0,0.0
5,117,-6.03871544797368,1.3689290616431546e-19,3.389122152161564e-17,0.0,0.0
5,118,-6.03871544797368,1.3689290616431546e-19,3.389122152161564e-17,0.0,0.0
5,119,-6.03871544797368,1.3689290616431546e-19,3.389122152161564e-17,0.0,0.0
5,120,-6.03871544797368,1.3689290616431546e-19,3.389122152161564e-17,0.0,0.0
5,121,-6.03871544797368,1.3689290616431546e-19,3.389122152161564e-17,0.0,0.0
5,122,-6.03871544797368,1.3689290616431546e-19,3.389122152161564e-17,0.0,0.0
5,123,-6.03871544797368,1.3689290616431546e-19,3.389122152161564e-17,0.0,0.0
5,124,-6.03871544797368,1.3689290616431546e-19,3.389122152161564e-17,0.0,0.0
5,125,-6.03871544797368,1.3689290616431546e-19,3.389122152161564e-17,0.0,0.0
5,126,-6.03871544797368,1.3689290616431546e-19,3.389122152161564e-17,0.0,0.0
5,127,-6.03871544797368,1.3689290616431546e-19,3.389122152161564e-17,0.0,0.0
5,128,-6.03871544797368,1.3689290616431546e-19,3.389122152161564e-17,0.0,0.0
5,129,-6.03871544797368,1.3689290616431546e-19,3.389122152161564e-17,0.0,0.0
5,130,-6.03871544797368,1.3689290616431546e-19,3.389122152161564e-17,0.0,0.0
5,131,-6.03871544797368,1.3689290616431546e-19,3.389122152161564e-17,0.0,0.0
5,132,-6.03871544797368,1.3689290616431546e-19,3.389122152161564e-17,0.0,0.0
5,133,-6.03871544797368,1.3689290616431546e-19,3.389122152161564e-17,0.0,0.0
5,134,-6.03871544797368,1.3689290616431546e-19,3.389122152161564e-17,0.0,0.0
5,135,-6.03871544797368,1.3689290616431546e-19,3.389122152161564e-17,0.0,0.0
5,136,-6.03871544797368,1.3689290616431546e-19,3.389122152161564e-17,0.0,0.0
5,137,-6.03871544797368,1.3689290616431546e-19,3.389122152161564e-17,0.0,0.0
5,138,-6.03871544797368,1.3689290616431546e-19,3.389122152161564e-17,0.0,0.0
5,139,-6.03871544797368,1.3689290616431546e-19,3.389122152161564e-17,0.0,0.0
5,140,-6.03871544797368,1.3689290616431546e-19,3.389122152161564e-17,0.0,0.0
5,141,-6.03871544797368,1.3689290616431546e-19,3.389122152161564e-17,0.0,0.0
5,142,-6.03871544797368,1.3689290616431546e-19,3.389122152161564e-17,0.0,0.0
5,143,-6.03871544797368,1.3689290616431546e-19,3.389122152161564e-17,0.0,0.0
5,144,-6.03871544797368,1.3689290616431546e-19,3.389122152161564e-17,0.0,0.0
5,145,-6.03871544797368,1.3689290616431546e-19,3.389122152161564e-17,0.0,0.0
5,146,-6.03871544797368,1.3689290616431546e-19,3.389122152161564e-17,0.0,0.0
5,147,-6.03871544797368,1.3689290616431546e-19,3.389122152161564e-17,0.0,0.0
5,148,-6.03871544797368,1.3689290616431546e-19,3.389122152161564e-17,0.0,0.0
5,149,-6.03871544797368,1.3689290616431546e-19,3.389122152161564e-17,0.0,0.0
5,150,-6.03871544797368,1.3689290616431546e-19,3.389122152161564e-17,0.0,0.0
5,151,-6.03871544797368,1.3689290616431546e-19,3.389122152161564e-17,0.0,0.0
5,152,-6.03871544797368,1.3689290616431546e-19,3.389122152161564e-17,0.0,0.0
5,153,-6.03871544797368,1.3689290616431546e-19,3.389122152161564e-17,0.0,0.0
5,154,-6.03871544797368,1.3689290616431546e-19,3.389122152161564e-17,0.0,0.0
5,155,-6.03871544797368,1.3689290616431546e-19,3.389122152161564e-17,0.0,0.0
5,156,-6.03871544797368,1.3689290616431546e-19,3.389122152161564e-17,0.0,0.0
5,157,-6.03871544797368,1.3689290616431546e-19,3.389122152161564e-17,0.0,0.0
5,158,-6.03871544797368,1.3689290616431546e-19,3.389122152161564e-17,0.0,0.0
5,159,-6.03871544797368,1.3689290616431546e-19,3.389122152161564e-17,0.0,0.0
5,160,-6.03871544797368,1.3689290616431546e-19,3.389122152161564e-17,0.0,0.0
5,161,-6.03871544797368,1.3689290616431546e-19,3.389122152161564e-17,0.0,0.0
5,162,-6.03871544797368,1.3689290616431546e-19,3.389122152161564e-17,0.0,0.0
5,163,-6.03871544797368,1.3689290616431546e-19,3.389122152161564e-17,0.0,0.0
5,164,-6.03871544797368,1.3689290616431546e-19,3.389122152161564e-17,0.0,0.0
5,165,-6.03871544797368,1.3689290616431546e-19,3.389122152161564e-17,0.0,0.0
5,166,-6.03871544797368,1.3689290616431546e-19,3.389122152161564e-17,0.0,0.0
5,167,-6.03871544797368,1.3689290616431546e-19,3.389122152161564e-17,0.0,0.0
5,168,-6.03871544797368,1.3689290616431546e-19,3.389122152161564e-17,0.0,0.0
5,169,-6.03871544797368,1.3689290616431546e-19,3.389122152161564e-17,0.0,0.0
5,170,-6.03871544797368,1.3689290616431546e-19,3.389122152161564e-17,0.0,0.0
5,171,-6.03871544797368,1.3689290616431546e-19,3.389122152161564e-17,0.0,0.0
5,172,-6.03871544797368,1.3689290616431546e-19,3.389122152161564e-17,0.0,0.0
5,173,-6.03871544797368,1.3689290616431546e-19,3.389122152161564e-17,0.0,0.0
5,174,-6.03871544797368,1.3689290616431546e-19,3.389122152161564e-17,0.0,0.0
5,175,-6.03871544797368,1.3689290616431546e-19,3.389122152161564e-17,0.0,0.0
5,176,-6.03871544797368,1.3689290616431546e-19,3.389122152161564e-17,0.0,0.0
5,177,-6.03871544797368,1.3689290616431546e-19,3.389122152161564e-17,0.0,0.0
5,178,-6.03871544797368,1.3689290616431546e-19,3.389122152161564e-17,0.0,0.0
5,179,-6.03871544797368,1.3689290616431546e-19,3.389122152161564e-17,0.0,0.0
5,180,-6.03871544797368,1.3689290616431546e-19,3.389122152161564e-17,0.0,0.0
5,181,-6.03871544797368,1.3689290616431546e-19,3.389122152161564e-17,0.0,0.0
5,182,-6.03871544797368,1.3689290616431546e-19,3.389122152161564e-17,0.0,0.0
5,183,-6.03871544797368,1.3689290616431546e-19,3.389122152161564e-17,0.0,0.0
5,184,-6.03871544797368,1.3689290616431546e-19,3.389122152161564e-17,0.0,0.0
5,185,-6.03871544797368,1.3689290616431546e-19,3.389122152161564e-17,0.0,0.0
5,186,-6.03871544797368,1.3689290616431546e-19,3.389122152161564e-17,0.0,0.0
5,187,-6.03871544797368,1.3689290616431546e-19,3.389122152161564e-17,0.0,0.0
5,188,-6.03871544797368,1.3689290616431546e-19,3.389122152161564e-17,0.0,0.0
5,189,-6.03871544797368,1.3689290616431546e-19,3.389122152161564e-17,0.0,0.0
5,190,-6.03871544797368,1.3689290616431546e-19,3.389122152161564e-17,0.0,0.0
5,191,-6.03871544797368,1.3689290616431546e-19,3.389122152161564e-17,0.0,0.0
5,192,-6.03871544797368,1.3689290616431546e-19,3.389122152161564e-17,0.0,0.0
5,193,-6.03871544797368,1.3689290616431546e-19,3.389122152161564e-17,0.0,0.0
5,194,-6.03871544797368,1.3689290616431546e-19,3.389122152161564e-17,0.0,0.0
5,195,-6.03871544797368,1.3689290616431546e-19,3.389122152161564e-17,0.0,0.0
5,196,-6.03871544797368,1.3689290616431546e-19,3.389122152161564e-17,0.0,0.0
5,197,-6.03871544797368,1.3689290616431546e-19,3.389122152161564e-17,0.0,0.0
5,198,-6.03871544797368,1.3689290616431546e-19,3.389122152161564e-17,0.0,0.0
5,199,-6.03871544797368,1.3689290616431546e-19,3.389122152161564e-17,0.0,0.0
5,200,-6.03871544797368,1.3689290616431546e-19,3.389122152161564e-17,0.0,0.0
5,201,-6.03871544797368,1.3689290616431546e-19,3.389122152161564e-17,0.0,0.0
5,202,-6.03871544797368,1.3689290616431546e-19,3.389122152161564e-17,0.0,0.0
5,203,-6.03871544797368,1.3689290616431546e-19,3.389122152161564e-17,0.0,0.0
5,204,-6.03871544797368,1.3689290616431546e-19,3.389122152161564e-17,0.0,0.0
5,205,-6.03871544797368,1.3689290616431546e-19,3.389122152161564e-17,0.0,0.0
5,206,-6.03871544797368,1.3689290616431546e-19,3.389122152161564e-17,0.0,0.0
5,207,-6.03871544797368,1.3689290616431546e-19,3.389122152161564e-17,0.0,0.0
5,208,-6.03871544797368,1.3689290616431546e-19,3.389122152161564e-17,0.0,0.0
5,209,-6.03871544797368,1.3689290616431546e-19,3.389122152161564e-17,0.0,0.0
5,210,-6.03871544797368,1.3689290616431546e-19,3.389122152161564e-17,0.0,0.0
5,211,-6.03871544797368,1.3689290616431546e-19,3.389122152161564e-17,0.0,0.0
5,212,-6.03871544797368,1.3689290616431546e-19,3.389122152161564e-17,0.0,0.0
5,213,-6.03871544797368,1.3689290616431546e-19,3.389122152161564e-17,0.0,0.0
5,214,-6.03871544797368,1.3689290616431546e-19,3.389122152161564e-17,0.0,0.0
5,215,-6.03871544797368,1.3689290616431546e-19,3.389122152161564e-17,0.0,0.0
5,216,-6.03871544797368,1.3689290616431546e-19,3.389122152161564e-17,0.0,0.0
5,217,-6.03871544797368,1.3689290616431546e-19,3.389122152161564e-17,0.0,0.0
5,218,-6.03871544797368,1.3689290616431546e-19,3.389122152161564e-17,0.0,0.0
5,219,-6.03871544797368,1.3689290616431546e-19,3.389122152161564e-17,0.0,0.0
5,220,-6.03871544797368,1.3689290616431546e-19,3.389122152161564e-17,0.0,0.0
5,221,-6.03871544797368,1.3689290616431546e-19,3.389122152161564e-17,0.0,0.0
5,222,-6.03871544797368,1.3689290616431546e-19,3.389122152161564e-17,0.0,0.0
5,223,-6.03871544797368,1.3689290616431546e-19,3.389122152161564e-17,0.0,0.0
5,224,-6.03871544797368,1.3689290616431546e-19,3.389122152161564e-17,0.0,0.0
5,225,-6.03871544797368,1.3689290616431546e-19,3.389122152161564e-17,0.0,0.0
5,226,-6.03871544797368,1.3689290616431546e-19,3.389122152161564e-17,0.0,0.0
5,227,-6.03871544797368,1.3689290616431546e-19,3.389122152161564e-17,0.0,0.0
5,228,-6.03871544797368,1.3689290616431546e-19,3.389122152161564e-17,0.0,0.0
5,229,-6.03871544797368,1.3689290616431546e-19,3.389122152161564e-17,0.0,0.0
5,230,-6.03871544797368,1.3689290616431546e-19,3.389122152161564e-17,0.0,0.0
5,231,-6.03871544797368,1.3689290616431546e-19,3.389122152161564e-17,0.0,0.0
5,232,-6.03871544797368,1.3689290616431546e-19,3.389122152161564e-17,0.0,0.0
5,233,-6.03871544797368,1.3689290616431546e-19,3.389122152161564e-17,0.0,0.0
5,234,-6.03871544797368,1.3689290616431546e-19,3.389122152161564e-17,0.0,0.0
5,235,-6.03871544797368,1.3689290616431546e-19,3.389122152161564e-17,0.0,0.0
5,236,-6.03871544797368,1.3689290616431546e-19,3.389122152161564e-17,0.0,0.0
5,237,-6.03871544797368,1.3689290616431546e-19,3.389122152161564e-17,0.0,0.0
5,238,-6.03871544797368,1.3689290616431546e-19,3.389122152161564e-17,0.0,0.0
5,239,-6.03871544797368,1.3689290616431546e-19,3.389122152161564e-17,0.0,0.0
5,240,-6.03871544797368,1.3689290616431546e-19,3.389122152161564e-17,0.0,0.0
5,241,-6.03871544797368,1.3689290616431546e-19,3.389122152161564e-17,0.0,0.0
5,242,-6.03871544797368,1.3689290616431546e-19,3.389122152161564e-17,0.0,0.0
5,243,-6.03871544797368,1.3689290616431546e-19,3.389122152161564e-17,0.0,0.0
5,244,-6.03871544797368,1.3689290616431546e-19,3.389122152161564e-17,0.0,0.0
5,245,-6.03871544797368,1.3689290616431546e-19,3.389122152161564e-17,0.0,0.0
5,246,-6.03871544797368,1.3689290616431546e-19,3.389122152161564e-17,0.0,0.0
5,247,-6.03871544797368,1.3689290616431546e-19,3.389122152161564e-17,0.0,0.0
5,248,-6.03871544797368,1.3689290616431546e-19,3.389122152161564e-17,0.0,0.0
5,249,-6.03871544797368,1.3689290616431546e-19,3.389122152161564e-17,0.0,0.0
5,250,-6.03871544797368,1.3689290616431546e-19,3.389122152161564e-17,0.0,0.0
5,251,-6.03871544797368,1.3689290616431546e-19,3.389122152161564e-17,0.0,0.0
5,252,-6.03871544797368,1.3689290616431546e-19,3.389122152161564e-17,0.0,0.0
5,253,-6.03871544797368,1.3689290616431546e-19,3.389122152161564e-17,0.0,0.0
5,254,-6.03871544797368,1.3689290616431546e-19,3.389122152161564e-17,0.0,0.0
5,255,-6.03871544797368,1.3689290616431546e-19,3.389122152161564e-17,0.0,0.0
5,256,-6.03871544797368,1.3689290616431546e-19,3.389122152161564e-17,0.0,0.0
5,257,-6.03871544797368,1.3689290616431546e-19,3.389122152161564e-17,0.0,0.0
5,258,-6.03871544797368,1.3689290616431546e-19,3.389122152161564e-17,0.0,0.0
5,259,-6.03871544797368,1.3689290616431546e-19,3.389122152161564e-17,0.0,0.0
5,260,-6.03871544797368,1.3689290616431546e-19,3.389122152161564e-17,0.0,0.0
5,261,-6.03871544797368,1.3689290616431546e-19,3.389122152161564e-17,0.0,0.0
5,262,-6.03871544797368,1.3689290616431546e-19,3.389122152161564e-17,0.0,0.0
5,263,-6.03871544797368,1.3689290616431546e-19,3.389122152161564e-17,0.0,0.0
5,264,-6.03871544797368,1.3689290616431546e-19,3.389122152161564e-17,0.0,0.0
5,265,-6.03871544797368,1.3689290616431546e-19,3.389122152161564e-17,0.0,0.0
5,266,-6.03871544797368,1.3689290616431546e-19,3.389122152161564e-17,0.0,0.0
5,267,-6.03871544797368,1.3689290616431546e-19,3.389122152161564e-17,0.0,0.0
5,268,-6.03871544797368,1.3689290616431546e-19,3.389122152161564e-17,0.0,0.0
5,269,-6.03871544797368,1.3689290616431546e-19,3.389122152161564e-17,0.0,0.0
5,270,-6.03871544797368,1.3689290616431546e-19,3.389122152161564e-17,0.0,0.0
5,271,-6.03871544797368,1.3689290616431546e-19,3.389122152161564e-17,0.0,0.0
5,272,-6.03871544797368,1.3689290616431546e-19,3.389122152161564e-17,0.0,0.0
5,273,-6.03871544797368,1.3689290616431546e-19,3.389122152161564e-17,0.0,0.0
5,274,-6.03871544797368,1.3689290616431546e-19,3.389122152161564e-17,0.0,0.0
5,275,-6.03871544797368,1.3689290616431546e-19,3.389122152161564e-17,0.0,0.0
5,276,-6.03871544797368,1.3689290616431546e-19,3.389122152161564e-17,0.0,0.0
5,277,-6.03871544797368,1.3689290616431546e-19,3.389122152161564e-17,0.0,0.0
5,278,-6.03871544797368,1.3689290616431546e-19,3.389122152161564e-17,0.0,0.0
5,279,-6.03871544797368,1.3689290616431546e-19,3.389122152161564e-17,0.0,0.0
5,280,-6.03871544797368,1.3689290616431546e-19,3.389122152161564e-17,0.0,0.0
5,281,-6.03871544797368,1.3689290616431546e-19,3.389122152161564e-17,0.0,0.0
5,282,-6.03871544797368,1.3689290616431546e-19,3.389122152161564e-17,0.0,0.0
5,283,-6.03871544797368,1.3689290616431546e-19,3.389122152161564e-17,0.0,0.0
5,284,-6.03871544797368,1.3689290616431546e-19,3.389122152161564e-17,0.0,0.0
5,285,-6.03871544797368,1.3689290616431546e-19,3.389122152161564e-17,0.0,0.0
5,286,-6.03871544797368,1.3689290616431546e-19,3.389122152161564e-17,0.0,0.0
5,287,-6.03871544797368,1.3689290616431546e-19,3.389122152161564e-17,0.0,0.0
5,288,-6.03871544797368,1.3689290616431546e-19,3.389122152161564e-17,0.0,0.0
5,289,-6.03871544797368,1.3689290616431546e-19,3.389122152161564e-17,0.0,0.0
5,290,-6.03871544797368,1.3689290616431546e-19,3.389122152161564e-17,0.0,0.0
5,291,-6.03871544797368,1.3689290616431546e-19,3.389122152161564e-17,0.0,0.0
5,292,-6.03871544797368,1.3689290616431546e-19,3.389122152161564e-17,0.0,0.0
5,293,-6.03871544797368,1.3689290616431546e-19,3.389122152161564e-17,0.0,0.0
5,294,-6.03871544797368,1.3689290616431546e-19,3.389122152161564e-17,0.0,0.0
5,295,-6.03871544797368,1.3689290616431546e-19,3.389122152161564e-17,0.0,0.0
5,296,-6.03871544797368,1.3689290616431546e-19,3.389122152161564e-17,0.0,0.0
5,297,-6.03871544797368,1.3689290616431546e-19,3.389122152161564e-17,0.0,0.0
5,298,-6.03871544797368,1.3689290616431546e-19,3.389122152161564e-17,0.0,0.0
5,299,-6.03871544797368,1.3689290616431546e-19,3.389122152161564e-17,0.0,0.0
5,300,-6.03871544797368,1.3689290616431546e-19,3.389122152161564e-17,0.0,0.0
6,1,-6.67576505508481,0.15837781317594482,52.002238930561845,0.007355166787538443,0.025083531706394484
6,2,-6.699988536537877,0.015722170090839455,5.162263761417725,0.0071897051849539135,0.009854538637486684
6,3,-6.700205799552394,0.0026710495659540965,0.8770203031520031,0.006624004958269569,0.02886283014382573
6,4,-6.700211147640609,0.00037155729619773144,0.12199821998933028,0.005649926980143235,0.019350299592098105
6,5,-6.700211297698104,3.9773124380899345e-05,0.013059225125003963,0.00819248146986876,0.01145850157991579
6,6,-6.700211299123368,3.003021196448397e-06,0.000986020848752129,0.006790870280379488,0.005700820654873986
6,7,-6.700211299131096,1.1700049977268016e-07,3.841628964414929e-05,0.006458200724537745,0.0015179540962877163
6,8,-6.700211299131111,1.1893969698601938e-20,3.905301138439404e-18,0.00794167896153138,1.0334232349565502e-26
6,9,-6.700211299131111,1.1893969698601938e-20,3.905301138439404e-18,0.0,0.0
6,10,-6.700211299131111,1.1893969698601938e-20,3.905301138439404e-18,0.0,0.0
6,11,-6.700211299131111,1.1893969698601938e-20,3.905301138439404e-18,0.0,0.0
6,12,-6.700211299131111,1.1893969698601938e-20,3.905301138439404e-18,0.0,0.0
6,13,-6.700211299131111,1.1893969698601938e-20,3.905301138439404e-18,0.0,0.0
6,14,-6.700211299131111,1.1893969698601938e-20,3.905301138439404e-18,0.0,0.0
6,15,-6.700211299131111,1.1893969698601938e-20,3.905301138439404e-18,0.0,0.0
6,16,-6.700211299131111,1.1893969698601938e-20,3.905301138439404e-18,0.0,0.0
6,17,-6.700211299131111,1.1893969698601938e-20,3.905301138439404e-18,0.0,0.0
6,18,-6.700211299131111,1.1893969698601938e-20,3.905301138439404e-18,0.0,0.0
6,19,-6.700211299131111,1.1893969698601938e-20,3.905301138439404e-18,0.0,0.0
6,20,-6.700211299131111,1.1893969698601938e-20,3.905301138439404e-18,0.0,0.0
6,21,-6.700211299131111,1.1893969698601938e-20,3.905301138439404e-18,0.0,0.0
6,22,-6.700211299131111,1.1893969698601938e-20,3.905301138439404e-18,0.0,0.0
6,23,-6.700211299131111,1.1893969698601938e-20,3.905301138439404e-18,0.0,0.0
6,24,-6.700211299131111,1.1893969698601938e-20,3.905301138439404e-18,0.0,0.0
6,25,-6.700211299131111,1.1893969698601938e-20,3.905301138439404e-18,0.0,0.0
6,26,-6.700211299131111,1.1893969698601938e-20,3.905301138439404e-18,0.0,0.0
6,27,-6.700211299131111,1.1893969698601938e-20,3.905301138439404e-18,0.0,0.0
6,28,-6.700211299131111,1.1893969698601938e-20,3.905301138439404e-18,0.0,0.0
6,29,-6.700211299131111,1.1893969698601938e-20,3.905301138439404e-18,0.0,0.0
6,30,-6.700211299131111,1.1893969698601938e-20,3.905301138439404e-18,0.0,0.0
6,31,-6.700211299131111,1.1893969698601938e-20,3.905301138439404e-18,0.0,0.0
6,32,-6.700211299131111,1.1893969698601938e-20,3.905301138439404e-18,0.0,0.0
6,33,-6.700211299131111,1.1893969698601938e-20,3.905301138439404e-18,0.0,0.0
6,34,-6.700211299131111,1.1893969698601938e-20,3.905301138439404e-18,0.0,0.0
6,35,-6.700211299131111,1.1893969698601938e-20,3.905301138439404e-18,0.0,0.0
6,36,-6.700211299131111,1.1893969698601938e-20,3.905301138439404e-18,0.0,0.0
6,37,-6.700211299131111,1.1893969698601938e-20,3.905301138439404e-18,0.0,0.0
6,38,-6.700211299131111,1.1893969698601938e-20,3.905301138439404e-18,0.0,0.0
6,39,-6.700211299131111,1.1893969698601938e-20,3.905301138439404e-18,0.0,0.0
6,40,-6.700211299131111,1.1893969698601938e-20,3.905301138439404e-18,0.0,0.0
6,41,-6.700211299131111,1.1893969698601938e-20,3.905301138439404e-18,0.0,0.0
6,42,-6.700211299131111,1.1893969698601938e-20,3.905301138439404e-18,0.0,0.0
6,43,-6.700211299131111,1.1893969698601938e-20,3.905301138439404e-18,0.0,0.0
6,44,-6.700211299131111,1.1893969698601938e-20,3.905301138439404e-18,0.0,0.0
6,45,-6.700211299131111,1.1893969698601938e-20,3.905301138439404e-18,0.0,0.0
6,46,-6.700211299131111,1.1893969698601938e-20,3.905301138439404e-18,0.0,0.0
6,47,-6.700211299131111,1.1893969698601938e-20,3.905301138439404e-18,0.0,0.0
6,48,-6.700211299131111,1.1893969698601938e-20,3.905301138439404e-18,0.0,0.0
6,49,-6.700211299131111,1.1893969698601938e-20,3.905301138439404e-18,0.0,0.0
6,50,-6.700211299131111,1.1893969698601938e-20,3.905301138439404e-18,0.0,0.0
6,51,-6.700211299131111,1.1893969698601938e-20,3.905301138439404e-18,0.0,0.0
6,52,-6.700211299131111,1.1893969698601938e-20,3.905301138439404e-18,0.0,0.0
6,53,-6.700211299131111,1.1893969698601938e-20,3.905301138439404e-18,0.0,0.0
6,54,-6.700211299131111,1.1893969698601938e-20,3.905301138439404e-18,0.0,0.0
6,55,-6.700211299131111,1.1893969698601938e-20,3.905301138439404e-18,0.0,0.0
6,56,-6.700211299131111,1.1893969698601938e-20,3.905301138439404e-18,0.0,0.0
6,57,-6.700211299131111,1.1893969698601938e-20,3.905301138439404e-18,0.0,0.0
6,58,-6.700211299131111,1.1893969698601938e-20,3.905301138439404e-18,0.0,0.0
6,59,-6.700211299131111,1.1893969698601938e-20,3.905301138439404e-18,0.0,0.0
6,60,-6.700211299131111,1.1893969698601938e-20,3.905301138439404e-18,0.0,0.0
6,61,-6.700211299131111,1.1893969698601938e-20,3.905301138439404e-18,0.0,0.0
6,62,-6.700211299131111,1.1893969698601938e-20,3.905301138439404e-18,0.0,0.0
6,63,-6.700211299131111,1.1893969698601938e-20,3.905301138439404e-18,0.0,0.0
6,64,-6.700211299131111,1.1893969698601938e-20,3.905301138439404e-18,0.0,0.0
6,65,-6.700211299131111,1.1893969698601938e-20,3.905301138439404e-18,0.0,0.0
6,66,-6.700211299131111,1.1893969698601938e-20,3.905301138439404e-18,0.0,0.0
6,67,-6.700211299131111,1.1893969698601938e-20,3.905301138439404e-18,0.0,0.0
6,68,-6.700211299131111,1.1893969698601938e-20,3.905301138439404e-18,0.0,0.0
6,69,-6.700211299131111,1.1893969698601938e-20,3.905301138439404e-18,0.0,0.0
6,70,-6.700211299131111,1.1893969698601938e-20,3.905301138439404e-18,0.0,0.0
6,71,-6.700211299131111,1.1893969698601938e-20,3.905301138439404e-18,0.0,0.0
6,72,-6.700211299131111,1.1893969698601938e-20,3.905301138439404e-18,0.0,0.0
6,73,-6.700211299131111,1.1893969698601938e-20,3.905301138439404e-18,0.0,0.0
6,74,-6.700211299131111,1.1893969698601938e-20,3.905301138439404e-18,0.0,0.0
6,75,-6.700211299131111,1.1893969698601938e-20,3.905301138439404e-18,0.0,0.0
6,76,-6.700211299131111,1.1893969698601938e-20,3.905301138439404e-18,0.0,0.0
6,77,-6.700211299131111,1.1893969698601938e-20,3.905301138439404e-18,0.0,0.0
6,78,-6.700211299131111,1.1893969698601938e-20,3.905301138439404e-18,0.0,0.0
6,79,-6.700211299131111,1.1893969698601938e-20,3.905301138439404e-18,0.0,0.0
6,80,-6.700211299131111,1.1893969698601938e-20,3.905301138439404e-18,0.0,0.0
6,81,-6.700211299131111,1.1893969698601938e-20,3.905301138439404e-18,0.0,0.0
6,82,-6.700211299131111,1.1893969698601938e-20,3.905301138439404e-18,0.0,0.0
6,83,-6.700211299131111,1.1893969698601938e-20,3.905301138439404e-18,0.0,0.0
6,84,-6.700211299131111,1.1893969698601938e-20,3.905301138439404e-18,0.0,0.0
6,85,-6.700211299131111,1.1893969698601938e-20,3.905301138439404e-18,0.0,0.0
6,86,-6.700211299131111,1.1893969698601938e-20,3.905301138439404e-18,0.0,0.0
6,87,-6.700211299131111,1.1893969698601938e-20,3.905301138439404e-18,0.0,0.0
6,88,-6.700211299131111,1.1893969698601938e-20,3.905301138439404e-18,0.0,0.0
6,89,-6.700211299131111,1.1893969698601938e-20,3.905301138439404e-18,0.0,0.0
6,90,-6.700211299131111,1.1893969698601938e-20,3.905301138439404e-18,0.0,0.0
6,91,-6.700211299131111,1.1893969698601938e-20,3.905301138439404e-18,0.0,0.0
6,92,-6.700211299131111,1.1893969698601938e-20,3.905301138439404e-18,0.0,0.0
6,93,-6.700211299131111,1.1893969698601938e-20,3.905301138439404e-18,0.0,0.0
6,94,-6.700211299131111,1.1893969698601938e-20,3.905301138439404e-18,0.0,0.0
6,95,-6.700211299131111,1.1893969698601938e-20,3.905301138439404e-18,0.0,0.0
6,96,-6.700211299131111,1.1893969698601938e-20,3.905301138439404e-18,0.0,0.0
6,97,-6.700211299131111,1.1893969698601938e-20,3.905301138439404e-18,0.0,0.0
6,98,-6.700211299131111,1.1893969698601938e-20,3.905301138439404e-18,0.0,0.0
6,99,-6.700211299131111,1.1893969698601938e-20,3.905301138439404e-18,0.0,0.0
6,100,-6.700211299131111,1.1893969698601938e-20,3.905301138439404e-18,0.0,0.0
6,101,-6.700211299131111,1.1893969698601938e-20,3.905301138439404e-18,0.0,0.0
6,102,-6.700211299131111,1.1893969698601938e-20,3.905301138439404e-18,0.0,0.0
6,103,-6.700211299131111,1.1893969698601938e-20,3.905301138439404e-18,0.0,0.0
6,104,-6.700211299131111,1.1893969698601938e-20,3.905301138439404e-18,0.0,0.0
6,105,-6.700211299131111,1.1893969698601938e-20,3.905301138439404e-18,0.0,0.0
6,106,-6.700211299131111,1.1893969698601938e-20,3.905301138439404e-18,0.0,0.0
6,107,-6.700211299131111,1.1893969698601938e-20,3.905301138439404e-18,0.0,0.0
6,108,-6.700211299131111,1.1893969698601938e-20,3.905301138439404e-18,0.0,0.0
6,109,-6.700211299131111,1.1893969698601938e-20,3.905301138439404e-18,0.0,0.0
6,110,-6.700211299131111,1.1893969698601938e-20,3.905301138439404e-18,0.0,0.0
6,111,-6.700211299131111,1.1893969698601938e-20,3.905301138439404e-18,0.0,0.0
6,112,-6.700211299131111,1.1893969698601938e-20,3.905301138439404e-18,0.0,0.0
6,113,-6.700211299131111,1.1893969698601938e-20,3.905301138439404e-18,0.0,0.0
6,114,-6.700211299131111,1.1893969698601938e-20,3.905301138439404e-18,0.0,0.0
6,115,-6.700211299131111,1.1893969698601938e-20,3.905301138439404e-18,0.0,0.0
6,116,-6.700211299131111,1.1893969698601938e-20,3.905301138439404e-18,0.0,0.0
6,117,-6.700211299131111,1.1893969698601938e-20,3.905301138439404e-18,0.0,0.0
6,118,-6.700211299131111,1.1893969698601938e-20,3.905301138439404e-18,0.0,0.0
6,119,-6.700211299131111,1.1893969698601938e-20,3.905301138439404e-18,0.0,0.0
6,120,-6.700211299131111,1.1893969698601938e-20,3.905301138439404e-18,0.0,0.0
6,121,-6.700211299131111,1.1893969698601938e-20,3.905301138439404e-18,0.0,0.0
6,122,-6.700211299131111,1.1893969698601938e-20,3.905301138439404e-18,0.0,0.0
6,123,-6.700211299131111,1.1893969698601938e-20,3.905301138439404e-18,0.0,0.0
6,124,-6.700211299131111,1.1893969698601938e-20,3.905301138439404e-18,0.0,0.0
6,125,-6.700211299131111,1.1893969698601938e-20,3.905301138439404e-18,0.0,0.0
6,126,-6.700211299131111,1.1893969698601938e-20,3.905301138439404e-18,0.0,0.0
6,127,-6.700211299131111,1.1893969698601938e-20,3.905301138439404e-18,0.0,0.0
6,128,-6.700211299131111,1.1893969698601938e-20,3.905301138439404e-18,0.0,0.0
6,129,-6.700211299131111,1.1893969698601938e-20,3.905301138439404e-18,0.0,0.0
6,130,-6.700211299131111,1.1893969698601938e-20,3.905301138439404e-18,0.0,0.0
6,131,-6.700211299131111,1.1893969698601938e-20,3.905301138439404e-18,0.0,0.0
6,132,-6.700211299131111,1.1893969698601938e-20,3.905301138439404e-18,0.0,0.0
6,133,-6.700211299131111,1.1893969698601938e-20,3.905301138439404e-18,0.0,0.0
6,134,-6.700211299131111,1.1893969698601938e-20,3.905301138439404e-18,0.0,0.0
6,135,-6.700211299131111,1.1893969698601938e-20,3.905301138439404e-18,0.0,0.0
6,136,-6.700211299131111,1.1893969698601938e-20,3.905301138439404e-18,0.0,0.0
6,137,-6.700211299131111,1.1893969698601938e-20,3.905301138439404e-18,0.0,0.0
6,138,-6.700211299131111,1.1893969698601938e-20,3.905301138439404e-18,0.0,0.0
6,139,-6.700211299131111,1.1893969698601938e-20,3.905301138439404e-18,0.0,0.0
6,140,-6.700211299131111,1.1893969698601938e-20,3.905301138439404e-18,0.0,0.0
6,141,-6.700211299131111,1.1893969698601938e-20,3.905301138439404e-18,0.0,0.0
6,142,-6.700211299131111,1.1893969698601938e-20,3.905301138439404e-18,0.0,0.0
6,143,-6.700211299131111,1.1893969698601938e-20,3.905301138439404e-18,0.0,0.0
6,144,-6.700211299131111,1.1893969698601938e-20,3.905301138439404e-18,0.0,0.0
6,145,-6.700211299131111,1.1893969698601938e-20,3.905301138439404e-18,0.0,0.0
6,146,-6.700211299131111,1.1893969698601938e-20,3.905301138439404e-18,0.0,0.0
6,147,-6.700211299131111,1.1893969698601938e-20,3.905301138439404e-18,0.0,0.0
6,148,-6.700211299131111,1.1893969698601938e-20,3.905301138439404e-18,0.0,0.0
6,149,-6.700211299131111,1.1893969698601938e-20,3.905301138439404e-18,0.0,0.0
6,150,-6.700211299131111,1.1893969698601938e-20,3.905301138439404e-18,0.0,0.0
6,151,-6.700211299131111,1.1893969698601938e-20,3.905301138439404e-18,0.0,0.0
6,152,-6.700211299131111,1.1893969698601938e-20,3.905301138439404e-18,0.0,0.0
6,153,-6.700211299131111,1.1893969698601938e-20,3.905301138439404e-18,0.0,0.0
6,154,-6.700211299131111,1.1893969698601938e-20,3.905301138439404e-18,0.0,0.0
6,155,-6.700211299131111,1.1893969698601938e-20,3.905301138439404e-18,0.0,0.0
6,156,-6.700211299131111,1.1893969698601938e-20,3.905301138439404e-18,0.0,0.0
6,157,-6.700211299131111,1.1893969698601938e-20,3.905301138439404e-18,0.0,0.0
6,158,-6.700211299131111,1.1893969698601938e-20,3.905301138439404e-18,0.0,0.0
6,159,-6.700211299131111,1.1893969698601938e-20,3.905301138439404e-18,0.0,0.0
6,160,-6.700211299131111,1.1893969698601938e-20,3.905301138439404e-18,0.0,0.0
6,161,-6.700211299131111,1.1893969698601938e-20,3.905301138439404e-18,0.0,0.0
6,162,-6.700211299131111,1.1893969698601938e-20,3.905301138439404e-18,0.0,0.0
6,163,-6.700211299131111,1.1893969698601938e-20,3.905301138439404e-18,0.0,0.0
6,164,-6.700211299131111,1.1893969698601938e-20,3.905301138439404e-18,0.0,0.0
6,165,-6.700211299131111,1.1893969698601938e-20,3.905301138439404e-18,0.0,0.0
6,166,-6.700211299131111,1.1893969698601938e-20,3.905301138439404e-18,0.0,0.0
6,167,-6.700211299131111,1.1893969698601938e-20,3.905301138439404e-18,0.0,0.0
6,168,-6.700211299131111,1.1893969698601938e-20,3.905301138439404e-18,0.0,0.0
6,169,-6.700211299131111,1.1893969698601938e-20,3.905301138439404e-18,0.0,0.0
6,170,-6.700211299131111,1.1893969698601938e-20,3.905301138439404e-18,0.0,0.0
6,171,-6.700211299131111,1.1893969698601938e-20,3.905301138439404e-18,0.0,0.0
6,172,-6.700211299131111,1.1893969698601938e-20,3.905301138439404e-18,0.0,0.0
6,173,-6.700211299131111,1.1893969698601938e-20,3.905301138439404e-18,0.0,0.0
6,174,-6.700211299131111,1.1893969698601938e-20,3.905301138439404e-18,0.0,0.0
6,175,-6.700211299131111,1.1893969698601938e-20,3.905301138439404e-18,0.0,0.0
6,176,-6.700211299131111,1.1893969698601938e-20,3.905301138439404e-18,0.0,0.0
6,177,-6.700211299131111,1.1893969698601938e-20,3.905301138439404e-18,0.0,0.0
6,178,-6.700211299131111,1.1893969698601938e-20,3.905301138439404e-18,0.0,0.0
6,179,-6.700211299131111,1.1893969698601938e-20,3.905301138439404e-18,0.0,0.0
6,180,-6.700211299131111,1.1893969698601938e-20,3.905301138439404e-18,0.0,0.0
6,181,-6.700211299131111,1.1893969698601938e-20,3.905301138439404e-18,0.0,0.0
6,182,-6.700211299131111,1.1893969698601938e-20,3.905301138439404e-18,0.0,0.0
6,183,-6.700211299131111,1.1893969698601938e-20,3.905301138439404e-18,0.0,0.0
6,184,-6.700211299131111,1.1893969698601938e-20,3.905301138439404e-18,0.0,0.0
6,185,-6.700211299131111,1.1893969698601938e-20,3.905301138439404e-18,0.0,0.0
6,186,-6.700211299131111,1.1893969698601938e-20,3.905301138439404e-18,0.0,0.0
6,187,-6.700211299131111,1.1893969698601938e-20,3.905301138439404e-18,0.0,0.0
6,188,-6.700211299131111,1.1893969698601938e-20,3.905301138439404e-18,0.0,0.0
6,189,-6.700211299131111,1.1893969698601938e-20,3.905301138439404e-18,0.0,0.0
6,190,-6.700211299131111,1.1893969698601938e-20,3.905301138439404e-18,0.0,0.0
6,191,-6.700211299131111,1.1893969698601938e-20,3.905301138439404e-18,0.0,0.0
6,192,-6.700211299131111,1.1893969698601938e-20,3.905301138439404e-18,0.0,0.0
6,193,-6.700211299131111,1.1893969698601938e-20,3.905301138439404e-18,0.0,0.0
6,194,-6.700211299131111,1.1893969698601938e-20,3.905301138439404e-18,0.0,0.0
6,195,-6.700211299131111,1.1893969698601938e-20,3.905301138439404e-18,0.0,0.0
6,196,-6.700211299131111,1.1893969698601938e-20,3.905301138439404e-18,0.0,0.0
6,197,-6.700211299131111,1.1893969698601938e-20,3.905301138439404e-18,0.0,0.0
6,198,-6.700211299131111,1.1893969698601938e-20,3.905301138439404e-18,0.0,0.0
6,199,-6.700211299131111,1.1893969698601938e-20,3.905301138439404e-18,0.0,0.0
6,200,-6.700211299131111,1.1893969698601938e-20,3.905301138439404e-18,0.0,0.0
6,201,-6.700211299131111,1.1893969698601938e-20,3.905301138439404e-18,0.0,0.0
6,202,-6.700211299131111,1.1893969698601938e-20,3.905301138439404e-18,0.0,0.0
6,203,-6.700211299131111,1.1893969698601938e-20,3.905301138439404e-18,0.0,0.0
6,204,-6.700211299131111,1.1893969698601938e-20,3.905301138439404e-18,0.0,0.0
6,205,-6.700211299131111,1.1893969698601938e-20,3.905301138439404e-18,0.0,0.0
6,206,-6.700211299131111,1.1893969698601938e-20,3.905301138439404e-18,0.0,0.0
6,207,-6.700211299131111,1.1893969698601938e-20,3.905301138439404e-18,0.0,0.0
6,208,-6.700211299131111,1.1893969698601938e-20,3.905301138439404e-18,0.0,0.0
6,209,-6.700211299131111,1.1893969698601938e-20,3.905301138439404e-18,0.0,0.0
6,210,-6.700211299131111,1.1893969698601938e-20,3.905301138439404e-18,0.0,0.0
6,211,-6.700211299131111,1.1893969698601938e-20,3.905301138439404e-18,0.0,0.0
6,212,-6.700211299131111,1.1893969698601938e-20,3.905301138439404e-18,0.0,0.0
6,213,-6.700211299131111,1.1893969698601938e-20,3.905301138439404e-18,0.0,0.0
6,214,-6.700211299131111,1.1893969698601938e-20,3.905301138439404e-18,0.0,0.0
6,215,-6.700211299131111,1.1893969698601938e-20,3.905301138439404e-18,0.0,0.0
6,216,-6.700211299131111,1.1893969698601938e-20,3.905301138439404e-18,0.0,0.0
6,217,-6.700211299131111,1.1893969698601938e-20,3.905301138439404e-18,0.0,0.0
6,218,-6.700211299131111,1.1893969698601938e-20,3.905301138439404e-18,0.0,0.0
6,219,-6.700211299131111,1.1893969698601938e-20,3.905301138439404e-18,0.0,0.0
6,220,-6.700211299131111,1.1893969698601938e-20,3.905301138439404e-18,0.0,0.0
6,221,-6.700211299131111,1.1893969698601938e-20,3.905301138439404e-18,0.0,0.0
6,222,-6.700211299131111,1.1893969698601938e-20,3.905301138439404e-18,0.0,0.0
6,223,-6.700211299131111,1.1893969698601938e-20,3.905301138439404e-18,0.0,0.0
6,224,-6.700211299131111,1.1893969698601938e-20,3.905301138439404e-18,0.0,0.0
6,225,-6.700211299131111,1.1893969698601938e-20,3.905301138439404e-18,0.0,0.0
6,226,-6.700211299131111,1.1893969698601938e-20,3.905301138439404e-18,0.0,0.0
6,227,-6.700211299131111,1.1893969698601938e-20,3.905301138439404e-18,0.0,0.0
6,228,-6.700211299131111,1.1893969698601938e-20,3.905301138439404e-18,0.0,0.0
6,229,-6.700211299131111,1.1893969698601938e-20,3.905301138439404e-18,0.0,0.0
6,230,-6.700211299131111,1.1893969698601938e-20,3.905301138439404e-18,0.0,0.0
6,231,-6.700211299131111,1.1893969698601938e-20,3.905301138439404e-18,0.0,0.0
6,232,-6.700211299131111,1.1893969698601938e-20,3.905301138439404e-18,0.0,0.0
6,233,-6.700211299131111,1.1893969698601938e-20,3.905301138439404e-18,0.0,0.0
6,234,-6.700211299131111,1.1893969698601938e-20,3.905301138439404e-18,0.0,0.0
6,235,-6.700211299131111,1.1893969698601938e-20,3.905301138439404e-18,0.0,0.0
6,236,-6.700211299131111,1.1893969698601938e-20,3.905301138439404e-18,0.0,0.0
6,237,-6.700211299131111,1.1893969698601938e-20,3.905301138439404e-18,0.0,0.0
6,238,-6.700211299131111,1.1893969698601938e-20,3.905301138439404e-18,0.0,0.0
6,239,-6.700211299131111,1.1893969698601938e-20,3.905301138439404e-18,0.0,0.0
6,240,-6.700211299131111,1.1893969698601938e-20,3.905301138439404e-18,0.0,0.0
6,241,-6.700211299131111,1.1893969698601938e-20,3.905301138439404e-18,0.0,0.0
6,242,-6.700211299131111,1.1893969698601938e-20,3.905301138439404e-18,0.0,0.0
6,243,-6.700211299131111,1.1893969698601938e-20,3.905301138439404e-18,0.0,0.0
6,244,-6.700211299131111,1.1893969698601938e-20,3.905301138439404e-18,0.0,0.0
6,245,-6.700211299131111,1.1893969698601938e-20,3.905301138439404e-18,0.0,0.0
6,246,-6.700211299131111,1.1893969698601938e-20,3.905301138439404e-18,0.0,0.0
6,247,-6.700211299131111,1.1893969698601938e-20,3.905301138439404e-18,0.0,0.0
6,248,-6.700211299131111,1.1893969698601938e-20,3.905301138439404e-18,0.0,0.0
6,249,-6.700211299131111,1.1893969698601938e-20,3.905301138439404e-18,0.0,0.0
6,250,-6.700211299131111,1.1893969698601938e-20,3.905301138439404e-18,0.0,0.0
6,251,-6.700211299131111,1.1893969698601938e-20,3.905301138439404e-18,0.0,0.0
6,252,-6.700211299131111,1.1893969698601938e-20,3.905301138439404e-18,0.0,0.0
6,253,-6.700211299131111,1.1893969698601938e-20,3.905301138439404e-18,0.0,0.0
6,254,-6.700211299131111,1.1893969698601938e-20,3.905301138439404e-18,0.0,0.0
6,255,-6.700211299131111,1.1893969698601938e-20,3.905301138439404e-18,0.0,0.0
6,256,-6.700211299131111,1.1893969698601938e-20,3.905301138439404e-18,0.0,0.0
6,257,-6.700211299131111,1.1893969698601938e-20,3.905301138439404e-18,0.0,0.0
6,258,-6.700211299131111,1.1893969698601938e-20,3.905301138439404e-18,0.0,0.0
6,259,-6.700211299131111,1.1893969698601938e-20,3.905301138439404e-18,0.0,0.0
6,260,-6.700211299131111,1.1893969698601938e-20,3.905301138439404e-18,0.0,0.0
6,261,-6.700211299131111,1.1893969698601938e-20,3.905301138439404e-18,0.0,0.0
6,262,-6.700211299131111,1.1893969698601938e-20,3.905301138439404e-18,0.0,0.0
6,263,-6.700211299131111,1.1893969698601938e-20,3.905301138439404e-18,0.0,0.0
6,264,-6.700211299131111,1.1893969698601938e-20,3.905301138439404e-18,0.0,0.0
6,265,-6.700211299131111,1.1893969698601938e-20,3.905301138439404e-18,0.0,0.0
6,266,-6.700211299131111,1.1893969698601938e-20,3.905301138439404e-18,0.0,0.0
6,267,-6.700211299131111,1.1893969698601938e-20,3.905301138439404e-18,0.0,0.0
6,268,-6.700211299131111,1.1893969698601938e-20,3.905301138439404e-18,0.0,0.0
6,269,-6.700211299131111,1.1893969698601938e-20,3.905301138439404e-18,0.0,0.0
6,270,-6.700211299131111,1.1893969698601938e-20,3.905301138439404e-18,0.0,0.0
6,271,-6.700211299131111,1.1893969698601938e-20,3.905301138439404e-18,0.0,0.0
6,272,-6.700211299131111,1.1893969698601938e-20,3.905301138439404e-18,0.0,0.0
6,273,-6.700211299131111,1.1893969698601938e-20,3.905301138439404e-18,0.0,0.0
6,274,-6.700211299131111,1.1893969698601938e-20,3.905301138439404e-18,0.0,0.0
6,275,-6.700211299131111,1.1893969698601938e-20,3.905301138439404e-18,0.0,0.0
6,276,-6.700211299131111,1.1893969698601938e-20,3.905301138439404e-18,0.0,0.0
6,277,-6.700211299131111,1.1893969698601938e-20,3.905301138439404e-18,0.0,0.0
6,278,-6.700211299131111,1.1893969698601938e-20,3.905301138439404e-18,0.0,0.0
6,279,-6.700211299131111,1.1893969698601938e-20,3.905301138439404e-18,0.0,0.0
6,280,-6.700211299131111,1.1893969698601938e-20,3.905301138439404e-18,0.0,0.0
6,281,-6.700211299131111,1.1893969698601938e-20,3.905301138439404e-18,0.0,0.0
6,282,-6.700211299131111,1.1893969698601938e-20,3.905301138439404e-18,0.0,0.0
6,283,-6.700211299131111,1.1893969698601938e-20,3.905301138439404e-18,0.0,0.0
6,284,-6.700211299131111,1.1893969698601938e-20,3.905301138439404e-18,0.0,0.0
6,285,-6.700211299131111,1.1893969698601938e-20,3.905301138439404e-18,0.0,0.0
6,286,-6.700211299131111,1.1893969698601938e-20,3.905301138439404e-18,0.0,0.0
6,287,-6.700211299131111,1.1893969698601938e-20,3.905301138439404e-18,0.0,0.0
6,288,-6.700211299131111,1.1893969698601938e-20,3.905301138439404e-18,0.0,0.0
6,289,-6.700211299131111,1.1893969698601938e-20,3.905301138439404e-18,0.0,0.0
6,290,-6.700211299131111,1.1893969698601938e-20,3.905301138439404e-18,0.0,0.0
6,291,-6.700211299131111,1.1893969698601938e-20,3.905301138439404e-18,0.0,0.0
6,292,-6.700211299131111,1.1893969698601938e-20,3.905301138439404e-18,0.0,0.0
6,293,-6.700211299131111,1.1893969698601938e-20,3.905301138439404e-18,0.0,0.0
6,294,-6.700211299131111,1.1893969698601938e-20,3.905301138439404e-18,0.0,0.0
6,295,-6.700211299131111,1.1893969698601938e-20,3.905301138439404e-18,0.0,0.0
6,296,-6.700211299131111,1.1893969698601938e-20,3.905301138439404e-18,0.0,0.0
6,297,-6.700211299131111,1.1893969698601938e-20,3.905301138439404e-18,0.0,0.0
6,298,-6.700211299131111,1.1893969698601938e-20,3.905301138439404e-18,0.0,0.0
6,299,-6.700211299131111,1.1893969698601938e-20,3.905301138439404e-18,0.0,0.0
6,300,-6.700211299131111,1.1893969698601938e-20,3.905301138439404e-18,0.0,0.0
7,1,-6.598335326424293,0.19288371755993888,58.714640203845164,0.007919886356572477,0.03720412849974228
7,2,-6.63142896181353,0.023567354382180078,7.1740048906731335,0.00716272539445443,0.014928993500791453
7,3,-6.631907022177075,0.0034054162952551594,1.0366234903061944,0.007047842974602853,0.0208794356039152
7,4,-6.631916555215445,0.00037455635511292963,0.11401657902868498,0.006732741549775892,0.012097452363275784
7,5,-6.6319166589502725,4.6981017021375327e-05,0.014301225348187197,0.0060561046495337615,0.015732961776546397
7,6,-6.6319166609400755,1.6358394006387567e-06,0.0004979566085454121,0.0073836016379584075,0.001212373683743374
7,7,-6.631916660942479,2.508992977671344e-07,7.637483444509455e-05,0.007358605071865255,0.023524346239587622
7,8,-6.631916660942555,6.5111880924863045e-21,1.9820338957905734e-18,0.009771712335695215,6.734751736298452e-28
7,9,-6.631916660942555,6.5111880924863045e-21,1.9820338957905734e-18,0.0,0.0
7,10,-6.631916660942555,6.5111880924863045e-21,1.9820338957905734e-18,0.0,0.0
7,11,-6.631916660942555,6.5111880924863045e-21,1.9820338957905734e-18,0.0,0.0
7,12,-6.631916660942555,6.5111880924863045e-21,1.9820338957905734e-18,0.0,0.0
7,13,-6.631916660942555,6.5111880924863045e-21,1.9820338957905734e-18,0.0,0.0
7,14,-6.631916660942555,6.5111880924863045e-21,1.9820338957905734e-18,0.0,0.0
7,15,-6.631916660942555,6.5111880924863045e-21,1.9820338957905734e-18,0.0,0.0
7,16,-6.631916660942555,6.5111880924863045e-21,1.9820338957905734e-18,0.0,0.0
7,17,-6.631916660942555,6.5111880924863045e-21,1.9820338957905734e-18,0.0,0.0
7,18,-6.631916660942555,6.5111880924863045e-21,1.9820338957905734e-18,0.0,0.0
7,19,-6.631916660942555,6.5111880924863045e-21,1.9820338957905734e-18,0.0,0.0
7,20,-6.631916660942555,6.5111880924863045e-21,1.9820338957905734e-18,0.0,0.0
7,21,-6.631916660942555,6.5111880924863045e-21,1.9820338957905734e-18,0.0,0.0
7,22,-6.631916660942555,6.5111880924863045e-21,1.9820338957905734e-18,0.0,0.0
7,23,-6.631916660942555,6.5111880924863045e-21,1.9820338957905734e-18,0.0,0.0
7,24,-6.631916660942555,6.5111880924863045e-21,1.9820338957905734e-18,0.0,0.0
7,25,-6.631916660942555,6.5111880924863045e-21,1.9820338957905734e-18,0.0,0.0
7,26,-6.631916660942555,6.5111880924863045e-21,1.9820338957905734e-18,0.0,0.0
7,27,-6.631916660942555,6.5111880924863045e-21,1.9820338957905734e-18,0.0,0.0
7,28,-6.631916660942555,6.5111880924863045e-21,1.9820338957905734e-18,0.0,0.0
7,29,-6.631916660942555,6.5111880924863045e-21,1.9820338957905734e-18,0.0,0.0
7,30,-6.631916660942555,6.5111880924863045e-21,1.9820338957905734e-18,0.0,0.0
7,31,-6.631916660942555,6.5111880924863045e-21,1.9820338957905734e-18,0.0,0.0
7,32,-6.631916660942555,6.5111880924863045e-21,1.9820338957905734e-18,0.0,0.0
7,33,-6.631916660942555,6.5111880924863045e-21,1.9820338957905734e-18,0.0,0.0
7,34,-6.631916660942555,6.5111880924863045e-21,1.9820338957905734e-18,0.0,0.0
7,35,-6.631916660942555,6.5111880924863045e-21,1.9820338957905734e-18,0.0,0.0
7,36,-6.631916660942555,6.5111880924863045e-21,1.9820338957905734e-18,0.0,0.0
7,37,-6.631916660942555,6.5111880924863045e-21,1.9820338957905734e-18,0.0,0.0
7,38,-6.631916660942555,6.5111880924863045e-21,1.9820338957905734e-18,0.0,0.0
7,39,-6.631916660942555,6.5111880924863045e-21,1.9820338957905734e-18,0.0,0.0
7,40,-6.631916660942555,6.5111880924863045e-21,1.9820338957905734e-18,0.0,0.0
7,41,-6.631916660942555,6.5111880924863045e-21,1.9820338957905734e-18,0.0,0.0
7,42,-6.631916660942555,6.5111880924863045e-21,1.9820338957905734e-18,0.0,0.0
7,43,-6.631916660942555,6.5111880924863045e-21,1.9820338957905734e-18,0.0,0.0
7,44,-6.631916660942555,6.5111880924863045e-21,1.9820338957905734e-18,0.0,0.0
7,45,-6.631916660942555,6.5111880924863045e-21,1.9820338957905734e-18,0.0,0.0
7,46,-6.631916660942555,6.5111880924863045e-21,1.9820338957905734e-18,0.0,0.0
7,47,-6.631916660942555,6.5111880924863045e-21,1.9820338957905734e-18,0.0,0.0
7,48,-6.631916660942555,6.5111880924863045e-21,1.9820338957905734e-18,0.0,0.0
7,49,-6.631916660942555,6.5111880924863045e-21,1.9820338957905734e-18,0.0,0.0
7,50,-6.631916660942555,6.5111880924863045e-21,1.9820338957905734e-18,0.0,0.0
7,51,-6.631916660942555,6.5111880924863045e-21,1.9820338957905734e-18,0.0,0.0
7,52,-6.631916660942555,6.5111880924863045e-21,1.9820338957905734e-18,0.0,0.0
7,53,-6.631916660942555,6.5111880924863045e-21,1.9820338957905734e-18,0.0,0.0
7,54,-6.631916660942555,6.5111880924863045e-21,1.9820338957905734e-18,0.0,0.0
7,55,-6.631916660942555,6.5111880924863045e-21,1.9820338957905734e-18,0.0,0.0
7,56,-6.631916660942555,6.5111880924863045e-21,1.9820338957905734e-18,0.0,0.0
7,57,-6.631916660942555,6.5111880924863045e-21,1.9820338957905734e-18,0.0,0.0
7,58,-6.631916660942555,6.5111880924863045e-21,1.9820338957905734e-18,0.0,0.0
7,59,-6.631916660942555,6.5111880924863045e-21,1.9820338957905734e-18,0.0,0.0
7,60,-6.631916660942555,6.5111880924863045e-21,1.9820338957905734e-18,0.0,0.0
7,61,-6.631916660942555,6.5111880924863045e-21,1.9820338957905734e-18,0.0,0.0
7,62,-6.631916660942555,6.5111880924863045e-21,1.9820338957905734e-18,0.0,0.0
7,63,-6.631916660942555,6.5111880924863045e-21,1.9820338957905734e-18,0.0,0.0
7,64,-6.631916660942555,6.5111880924863045e-21,1.9820338957905734e-18,0.0,0.0
7,65,-6.631916660942555,6.5111880924863045e-21,1.9820338957905734e-18,0.0,0.0
7,66,-6.631916660942555,6.5111880924863045e-21,1.9820338957905734e-18,0.0,0.0
7,67,-6.631916660942555,6.5111880924863045e-21,1.9820338957905734e-18,0.0,0.0
7,68,-6.631916660942555,6.5111880924863045e-21,1.9820338957905734e-18,0.0,0.0
7,69,-6.631916660942555,6.5111880924863045e-21,1.9820338957905734e-18,0.0,0.0
7,70,-6.631916660942555,6.5111880924863045e-21,1.9820338957905734e-18,0.0,0.0
7,71,-6.631916660942555,6.5111880924863045e-21,1.9820338957905734e-18,0.0,0.0
7,72,-6.631916660942555,6.5111880924863045e-21,1.9820338957905734e-18,0.0,0.0
7,73,-6.631916660942555,6.5111880924863045e-21,1.9820338957905734e-18,0.0,0.0
7,74,-6.631916660942555,6.5111880924863045e-21,1.9820338957905734e-18,0.0,0.0
7,75,-6.631916660942555,6.5111880924863045e-21,1.9820338957905734e-18,0.0,0.0
7,76,-6.631916660942555,6.5111880924863045e-21,1.9820338957905734e-18,0.0,0.0
7,77,-6.631916660942555,6.5111880924863045e-21,1.9820338957905734e-18,0.0,0.0
7,78,-6.631916660942555,6.5111880924863045e-21,1.9820338957905734e-18,0.0,0.0
7,79,-6.631916660942555,6.5111880924863045e-21,1.9820338957905734e-18,0.0,0.0
7,80,-6.631916660942555,6.5111880924863045e-21,1.9820338957905734e-18,0.0,0.0
7,81,-6.631916660942555,6.5111880924863045e-21,1.9820338957905734e-18,0.0,0.0
7,82,-6.631916660942555,6.5111880924863045e-21,1.9820338957905734e-18,0.0,0.0
7,83,-6.631916660942555,6.5111880924863045e-21,1.9820338957905734e-18,0.0,0.0
7,84,-6.631916660942555,6.5111880924863045e-21,1.9820338957905734e-18,0.0,0.0
7,85,-6.631916660942555,6.5111880924863045e-21,1.9820338957905734e-18,0.0,0.0
7,86,-6.631916660942555,6.5111880924863045e-21,1.9820338957905734e-18,0.0,0.0
7,87,-6.631916660942555,6.5111880924863045e-21,1.9820338957905734e-18,0.0,0.0
7,88,-6.631916660942555,6.5111880924863045e-21,1.9820338957905734e-18,0.0,0.0
7,89,-6.631916660942555,6.5111880924863045e-21,1.9820338957905734e-18,0.0,0.0
7,90,-6.631916660942555,6.5111880924863045e-21,1.9820338957905734e-18,0.0,0.0
7,91,-6.631916660942555,6.5111880924863045e-21,1.9820338957905734e-18,0.0,0.0
7,92,-6.631916660942555,6.5111880924863045e-21,1.9820338957905734e-18,0.0,0.0
7,93,-6.631916660942555,6.5111880924863045e-21,1.9820338957905734e-18,0.0,0.0
7,94,-6.631916660942555,6.5111880924863045e-21,1.9820338957905734e-18,0.0,0.0
7,95,-6.631916660942555,6.5111880924863045e-21,1.9820338957905734e-18,0.0,0.0
7,96,-6.631916660942555,6.5111880924863045e-21,1.9820338957905734e-18,0.0,0.0
7,97,-6.631916660942555,6.5111880924863045e-21,1.9820338957905734e-18,0.0,0.0
7,98,-6.631916660942555,6.5111880924863045e-21,1.9820338957905734e-18,0.0,0.0
7,99,-6.631916660942555,6.5111880924863045e-21,1.9820338957905734e-18,0.0,0.0
7,100,-6.631916660942555,6.5111880924863045e-21,1.9820338957905734e-18,0.0,0.0
7,101,-6.631916660942555,6.5111880924863045e-21,1.9820338957905734e-18,0.0,0.0
7,102,-6.631916660942555,6.5111880924863045e-21,1.9820338957905734e-18,0.0,0.0
7,103,-6.631916660942555,6.5111880924863045e-21,1.9820338957905734e-18,0.0,0.0
7,104,-6.631916660942555,6.5111880924863045e-21,1.9820338957905734e-18,0.0,0.0
7,105,-6.631916660942555,6.5111880924863045e-21,1.9820338957905734e-18,0.0,0.0
7,106,-6.631916660942555,6.5111880924863045e-21,1.9820338957905734e-18,0.0,0.0
7,107,-6.631916660942555,6.5111880924863045e-21,1.9820338957905734e-18,0.0,0.0
7,108,-6.631916660942555,6.5111880924863045e-21,1.9820338957905734e-18,0.0,0.0
7,109,-6.631916660942555,6.5111880924863045e-21,1.9820338957905734e-18,0.0,0.0
7,110,-6.631916660942555,6.5111880924863045e-21,1.9820338957905734e-18,0.0,0.0
7,111,-6.631916660942555,6.5111880924863045e-21,1.9820338957905734e-18,0.0,0.0
7,112,-6.631916660942555,6.5111880924863045e-21,1.9820338957905734e-18,0.0,0.0
7,113,-6.631916660942555,6.5111880924863045e-21,1.9820338957905734e-18,0.0,0.0
7,114,-6.631916660942555,6.5111880924863045e-21,1.9820338957905734e-18,0.0,0.0
7,115,-6.631916660942555,6.5111880924863045e-21,1.9820338957905734e-18,0.0,0.0
7,116,-6.631916660942555,6.5111880924863045e-21,1.9820338957905734e-18,0.0,0.0
7,117,-6.631916660942555,6.5111880924863045e-21,1.9820338957905734e-18,0.0,0.0
7,118,-6.631916660942555,6.5111880924863045e-21,1.9820338957905734e-18,0.0,0.0
7,119,-6.631916660942555,6.5111880924863045e-21,1.9820338957905734e-18,0.0,0.0
7,120,-6.631916660942555,6.5111880924863045e-21,1.9820338957905734e-18,0.0,0.0
7,121,-6.631916660942555,6.5111880924863045e-21,1.9820338957905734e-18,0.0,0.0
7,122,-6.631916660942555,6.5111880924863045e-21,1.9820338957905734e-18,0.0,0.0
7,123,-6.631916660942555,6.5111880924863045e-21,1.9820338957905734e-18,0.0,0.0
7,124,-6.631916660942555,6.5111880924863045e-21,1.9820338957905734e-18,0.0,0.0
7,125,-6.631916660942555,6.5111880924863045e-21,1.9820338957905734e-18,0.0,0.0
7,126,-6.631916660942555,6.5111880924863045e-21,1.9820338957905734e-18,0.0,0.0
7,127,-6.631916660942555,6.5111880924863045e-21,1.9820338957905734e-18,0.0,0.0
7,128,-6.631916660942555,6.5111880924863045e-21,1.9820338957905734e-18,0.0,0.0
7,129,-6.631916660942555,6.5111880924863045e-21,1.9820338957905734e-18,0.0,0.0
7,130,-6.631916660942555,6.5111880924863045e-21,1.9820338957905734e-18,0.0,0.0
7,131,-6.631916660942555,6.5111880924863045e-21,1.9820338957905734e-18,0.0,0.0
7,132,-6.631916660942555,6.5111880924863045e-21,1.9820338957905734e-18,0.0,0.0
7,133,-6.631916660942555,6.5111880924863045e-21,1.9820338957905734e-18,0.0,0.0
7,134,-6.631916660942555,6.5111880924863045e-21,1.9820338957905734e-18,0.0,0.0
7,135,-6.631916660942555,6.5111880924863045e-21,1.9820338957905734e-18,0.0,0.0
7,136,-6.631916660942555,6.5111880924863045e-21,1.9820338957905734e-18,0.0,0.0
7,137,-6.631916660942555,6.5111880924863045e-21,1.9820338957905734e-18,0.0,0.0
7,138,-6.631916660942555,6.5111880924863045e-21,1.9820338957905734e-18,0.0,0.0
7,139,-6.631916660942555,6.5111880924863045e-21,1.9820338957905734e-18,0.0,0.0
7,140,-6.631916660942555,6.5111880924863045e-21,1.9820338957905734e-18,0.0,0.0
7,141,-6.631916660942555,6.5111880924863045e-21,1.9820338957905734e-18,0.0,0.0
7,142,-6.631916660942555,6.5111880924863045e-21,1.9820338957905734e-18,0.0,0.0
7,143,-6.631916660942555,6.5111880924863045e-21,1.9820338957905734e-18,0.0,0.0
7,144,-6.631916660942555,6.5111880924863045e-21,1.9820338957905734e-18,0.0,0.0
7,145,-6.631916660942555,6.5111880924863045e-21,1.9820338957905734e-18,0.0,0.0
7,146,-6.631916660942555,6.5111880924863045e-21,1.9820338957905734e-18,0.0,0.0
7,147,-6.631916660942555,6.5111880924863045e-21,1.9820338957905734e-18,0.0,0.0
7,148,-6.631916660942555,6.5111880924863045e-21,1.9820338957905734e-18,0.0,0.0
7,149,-6.631916660942555,6.5111880924863045e-21,1.9820338957905734e-18,0.0,0.0
7,150,-6.631916660942555,6.5111880924863045e-21,1.9820338957905734e-18,0.0,0.0
7,151,-6.631916660942555,6.5111880924863045e-21,1.9820338957905734e-18,0.0,0.0
7,152,-6.631916660942555,6.5111880924863045e-21,1.9820338957905734e-18,0.0,0.0
7,153,-6.631916660942555,6.5111880924863045e-21,1.9820338957905734e-18,0.0,0.0
7,154,-6.631916660942555,6.5111880924863045e-21,1.9820338957905734e-18,0.0,0.0
7,155,-6.631916660942555,6.5111880924863045e-21,1.9820338957905734e-18,0.0,0.0
7,156,-6.631916660942555,6.5111880924863045e-21,1.9820338957905734e-18,0.0,0.0
7,157,-6.631916660942555,6.5111880924863045e-21,1.9820338957905734e-18,0.0,0.0
7,158,-6.631916660942555,6.5111880924863045e-21,1.9820338957905734e-18,0.0,0.0
7,159,-6.631916660942555,6.5111880924863045e-21,1.9820338957905734e-18,0.0,0.0
7,160,-6.631916660942555,6.5111880924863045e-21,1.9820338957905734e-18,0.0,0.0
7,161,-6.631916660942555,6.5111880924863045e-21,1.9820338957905734e-18,0.0,0.0
7,162,-6.631916660942555,6.5111880924863045e-21,1.9820338957905734e-18,0.0,0.0
7,163,-6.631916660942555,6.5111880924863045e-21,1.9820338957905734e-18,0.0,0.0
7,164,-6.631916660942555,6.5111880924863045e-21,1.9820338957905734e-18,0.0,0.0
7,165,-6.631916660942555,6.5111880924863045e-21,1.9820338957905734e-18,0.0,0.0
7,166,-6.631916660942555,6.5111880924863045e-21,1.9820338957905734e-18,0.0,0.0
7,167,-6.631916660942555,6.5111880924863045e-21,1.9820338957905734e-18,0.0,0.0
7,168,-6.631916660942555,6.5111880924863045e-21,1.9820338957905734e-18,0.0,0.0
7,169,-6.631916660942555,6.5111880924863045e-21,1.9820338957905734e-18,0.0,0.0
7,170,-6.631916660942555,6.5111880924863045e-21,1.9820338957905734e-18,0.0,0.0
7,171,-6.631916660942555,6.5111880924863045e-21,1.9820338957905734e-18,0.0,0.0
7,172,-6.631916660942555,6.5111880924863045e-21,1.9820338957905734e-18,0.0,0.0
7,173,-6.631916660942555,6.5111880924863045e-21,1.9820338957905734e-18,0.0,0.0
7,174,-6.631916660942555,6.5111880924863045e-21,1.9820338957905734e-18,0.0,0.0
7,175,-6.631916660942555,6.5111880924863045e-21,1.9820338957905734e-18,0.0,0.0
7,176,-6.631916660942555,6.5111880924863045e-21,1.9820338957905734e-18,0.0,0.0
7,177,-6.631916660942555,6.5111880924863045e-21,1.9820338957905734e-18,0.0,0.0
7,178,-6.631916660942555,6.5111880924863045e-21,1.9820338957905734e-18,0.0,0.0
7,179,-6.631916660942555,6.5111880924863045e-21,1.9820338957905734e-18,0.0,0.0
7,180,-6.631916660942555,6.5111880924863045e-21,1.9820338957905734e-18,0.0,0.0
7,181,-6.631916660942555,6.5111880924863045e-21,1.9820338957905734e-18,0.0,0.0
7,182,-6.631916660942555,6.5111880924863045e-21,1.9820338957905734e-18,0.0,0.0
7,183,-6.631916660942555,6.5111880924863045e-21,1.9820338957905734e-18,0.0,0.0
7,184,-6.631916660942555,6.5111880924863045e-21,1.9820338957905734e-18,0.0,0.0
7,185,-6.631916660942555,6.5111880924863045e-21,1.9820338957905734e-18,0.0,0.0
7,186,-6.631916660942555,6.5111880924863045e-21,1.9820338957905734e-18,0.0,0.0
7,187,-6.631916660942555,6.5111880924863045e-21,1.9820338957905734e-18,0.0,0.0
7,188,-6.631916660942555,6.5111880924863045e-21,1.9820338957905734e-18,0.0,0.0
7,189,-6.631916660942555,6.5111880924863045e-21,1.9820338957905734e-18,0.0,0.0
7,190,-6.631916660942555,6.5111880924863045e-21,1.9820338957905734e-18,0.0,0.0
7,191,-6.631916660942555,6.5111880924863045e-21,1.9820338957905734e-18,0.0,0.0
7,192,-6.631916660942555,6.5111880924863045e-21,1.9820338957905734e-18,0.0,0.0
7,193,-6.631916660942555,6.5111880924863045e-21,1.9820338957905734e-18,0.0,0.0
7,194,-6.631916660942555,6.5111880924863045e-21,1.9820338957905734e-18,0.0,0.0
7,195,-6.631916660942555,6.5111880924863045e-21,1.9820338957905734e-18,0.0,0.0
7,196,-6.631916660942555,6.5111880924863045e-21,1.9820338957905734e-18,0.0,0.0
7,197,-6.631916660942555,6.5111880924863045e-21,1.9820338957905734e-18,0.0,0.0
7,198,-6.631916660942555,6.5111880924863045e-21,1.9820338957905734e-18,0.0,0.0
7,199,-6.631916660942555,6.5111880924863045e-21,1.9820338957905734e-18,0.0,0.0
7,200,-6.631916660942555,6.5111880924863045e-21,1.9820338957905734e-18,0.0,0.0
7,201,-6.631916660942555,6.5111880924863045e-21,1.9820338957905734e-18,0.0,0.0
7,202,-6.631916660942555,6.5111880924863045e-21,1.9820338957905734e-18,0.0,0.0
7,203,-6.631916660942555,6.5111880924863045e-21,1.9820338957905734e-18,0.0,0.0
7,204,-6.631916660942555,6.5111880924863045e-21,1.9820338957905734e-18,0.0,0.0
7,205,-6.631916660942555,6.5111880924863045e-21,1.9820338957905734e-18,0.0,0.0
7,206,-6.631916660942555,6.5111880924863045e-21,1.9820338957905734e-18,0.0,0.0
7,207,-6.631916660942555,6.5111880924863045e-21,1.9820338957905734e-18,0.0,0.0
7,208,-6.631916660942555,6.5111880924863045e-21,1.9820338957905734e-18,0.0,0.0
7,209,-6.631916660942555,6.5111880924863045e-21,1.9820338957905734e-18,0.0,0.0
7,210,-6.631916660942555,6.5111880924863045e-21,1.9820338957905734e-18,0.0,0.0
7,211,-6.631916660942555,6.5111880924863045e-21,1.9820338957905734e-18,0.0,0.0
7,212,-6.631916660942555,6.5111880924863045e-21,1.9820338957905734e-18,0.0,0.0
7,213,-6.631916660942555,6.5111880924863045e-21,1.9820338957905734e-18,0.0,0.0
7,214,-6.631916660942555,6.5111880924863045e-21,1.9820338957905734e-18,0.0,0.0
7,215,-6.631916660942555,6.5111880924863045e-21,1.9820338957905734e-18,0.0,0.0
7,216,-6.631916660942555,6.5111880924863045e-21,1.9820338957905734e-18,0.0,0.0
7,217,-6.631916660942555,6.5111880924863045e-21,1.9820338957905734e-18,0.0,0.0
7,218,-6.631916660942555,6.5111880924863045e-21,1.9820338957905734e-18,0.0,0.0
7,219,-6.631916660942555,6.5111880924863045e-21,1.9820338957905734e-18,0.0,0.0
7,220,-6.631916660942555,6.5111880924863045e-21,1.9820338957905734e-18,0.0,0.0
7,221,-6.631916660942555,6.5111880924863045e-21,1.9820338957905734e-18,0.0,0.0
7,222,-6.631916660942555,6.5111880924863045e-21,1.9820338957905734e-18,0.0,0.0
7,223,-6.631916660942555,6.5111880924863045e-21,1.9820338957905734e-18,0.0,0.0
7,224,-6.631916660942555,6.5111880924863045e-21,1.9820338957905734e-18,0.0,0.0
7,225,-6.631916660942555,6.5111880924863045e-21,1.9820338957905734e-18,0.0,0.0
7,226,-6.631916660942555,6.5111880924863045e-21,1.9820338957905734e-18,0.0,0.0
7,227,-6.631916660942555,6.5111880924863045e-21,1.9820338957905734e-18,0.0,0.0
7,228,-6.631916660942555,6.5111880924863045e-21,1.9820338957905734e-18,0.0,0.0
7,229,-6.631916660942555,6.5111880924863045e-21,1.9820338957905734e-18,0.0,0.0
7,230,-6.631916660942555,6.5111880924863045e-21,1.9820338957905734e-18,0.0,0.0
7,231,-6.631916660942555,6.5111880924863045e-21,1.9820338957905734e-18,0.0,0.0
7,232,-6.631916660942555,6.5111880924863045e-21,1.9820338957905734e-18,0.0,0.0
7,233,-6.631916660942555,6.5111880924863045e-21,1.9820338957905734e-18,0.0,0.0
7,234,-6.631916660942555,6.5111880924863045e-21,1.9820338957905734e-18,0.0,0.0
7,235,-6.631916660942555,6.5111880924863045e-21,1.9820338957905734e-18,0.0,0.0
7,236,-6.631916660942555,6.5111880924863045e-21,1.9820338957905734e-18,0.0,0.0
7,237,-6.631916660942555,6.5111880924863045e-21,1.9820338957905734e-18,0.0,0.0
7,238,-6.631916660942555,6.5111880924863045e-21,1.9820338957905734e-18,0.0,0.0
7,239,-6.631916660942555,6.5111880924863045e-21,1.9820338957905734e-18,0.0,0.0
7,240,-6.631916660942555,6.5111880924863045e-21,1.9820338957905734e-18,0.0,0.0
7,241,-6.631916660942555,6.5111880924863045e-21,1.9820338957905734e-18,0.0,0.0
7,242,-6.631916660942555,6.5111880924863045e-21,1.9820338957905734e-18,0.0,0.0
7,243,-6.631916660942555,6.5111880924863045e-21,1.9820338957905734e-18,0.0,0.0
7,244,-6.631916660942555,6.5111880924863045e-21,1.9820338957905734e-18,0.0,0.0
7,245,-6.631916660942555,6.5111880924863045e-21,1.9820338957905734e-18,0.0,0.0
7,246,-6.631916660942555,6.5111880924863045e-21,1.9820338957905734e-18,0.0,0.0
7,247,-6.631916660942555,6.5111880924863045e-21,1.9820338957905734e-18,0.0,0.0
7,248,-6.631916660942555,6.5111880924863045e-21,1.9820338957905734e-18,0.0,0.0
7,249,-6.631916660942555,6.5111880924863045e-21,1.9820338957905734e-18,0.0,0.0
7,250,-6.631916660942555,6.5111880924863045e-21,1.9820338957905734e-18,0.0,0.0
7,251,-6.631916660942555,6.5111880924863045e-21,1.9820338957905734e-18,0.0,0.0
7,252,-6.631916660942555,6.5111880924863045e-21,1.9820338957905734e-18,0.0,0.0
7,253,-6.631916660942555,6.5111880924863045e-21,1.9820338957905734e-18,0.0,0.0
7,254,-6.631916660942555,6.5111880924863045e-21,1.9820338957905734e-18,0.0,0.0
7,255,-6.631916660942555,6.5111880924863045e-21,1.9820338957905734e-18,0.0,0.0
7,256,-6.631916660942555,6.5111880924863045e-21,1.9820338957905734e-18,0.0,0.0
7,257,-6.631916660942555,6.5111880924863045e-21,1.9820338957905734e-18,0.0,0.0
7,258,-6.631916660942555,6.5111880924863045e-21,1.9820338957905734e-18,0.0,0.0
7,259,-6.631916660942555,6.5111880924863045e-21,1.9820338957905734e-18,0.0,0.0
7,260,-6.631916660942555,6.5111880924863045e-21,1.9820338957905734e-18,0.0,0.0
7,261,-6.631916660942555,6.5111880924863045e-21,1.9820338957905734e-18,0.0,0.0
7,262,-6.631916660942555,6.5111880924863045e-21,1.9820338957905734e-18,0.0,0.0
7,263,-6.631916660942555,6.5111880924863045e-21,1.9820338957905734e-18,0.0,0.0
7,264,-6.631916660942555,6.5111880924863045e-21,1.9820338957905734e-18,0.0,0.0
7,265,-6.631916660942555,6.5111880924863045e-21,1.9820338957905734e-18,0.0,0.0
7,266,-6.631916660942555,6.5111880924863045e-21,1.9820338957905734e-18,0.0,0.0
7,267,-6.631916660942555,6.5111880924863045e-21,1.9820338957905734e-18,0.0,0.0
7,268,-6.631916660942555,6.5111880924863045e-21,1.9820338957905734e-18,0.0,0.0
7,269,-6.631916660942555,6.5111880924863045e-21,1.9820338957905734e-18,0.0,0.0
7,270,-6.631916660942555,6.5111880924863045e-21,1.9820338957905734e-18,0.0,0.0
7,271,-6.631916660942555,6.5111880924863045e-21,1.9820338957905734e-18,0.0,0.0
7,272,-6.631916660942555,6.5111880924863045e-21,1.9820338957905734e-18,0.0,0.0
7,273,-6.631916660942555,6.5111880924863045e-21,1.9820338957905734e-18,0.0,0.0
7,274,-6.631916660942555,6.5111880924863045e-21,1.9820338957905734e-18,0.0,0.0
7,275,-6.631916660942555,6.5111880924863045e-21,1.9820338957905734e-18,0.0,0.0
7,276,-6.631916660942555,6.5111880924863045e-21,1.9820338957905734e-18,0.0,0.0
7,277,-6.631916660942555,6.5111880924863045e-21,1.9820338957905734e-18,0.0,0.0
7,278,-6.631916660942555,6.5111880924863045e-21,1.9820338957905734e-18,0.0,0.0
7,279,-6.631916660942555,6.5111880924863045e-21,1.9820338957905734e-18,0.0,0.0
7,280,-6.631916660942555,6.5111880924863045e-21,1.9820338957905734e-18,0.0,0.0
7,281,-6.631916660942555,6.5111880924863045e-21,1.9820338957905734e-18,0.0,0.0
7,282,-6.631916660942555,6.5111880924863045e-21,1.9820338957905734e-18,0.0,0.0
7,283,-6.631916660942555,6.5111880924863045e-21,1.9820338957905734e-18,0.0,0.0
7,284,-6.631916660942555,6.5111880924863045e-21,1.9820338957905734e-18,0.0,0.0
7,285,-6.631916660942555,6.5111880924863045e-21,1.9820338957905734e-18,0.0,0.0
7,286,-6.631916660942555,6.5111880924863045e-21,1.9820338957905734e-18,0.0,0.0
7,287,-6.631916660942555,6.5111880924863045e-21,1.9820338957905734e-18,0.0,0.0
7,288,-6.631916660942555,6.5111880924863045e-21,1.9820338957905734e-18,0.0,0.0
7,289,-6.631916660942555,6.5111880924863045e-21,1.9820338957905734e-18,0.0,0.0
7,290,-6.631916660942555,6.5111880924863045e-21,1.9820338957905734e-18,0.0,0.0
7,291,-6.631916660942555,6.5111880924863045e-21,1.9820338957905734e-18,0.0,0.0
7,292,-6.631916660942555,6.5111880924863045e-21,1.9820338957905734e-18,0.0,0.0
7,293,-6.631916660942555,6.5111880924863045e-21,1.9820338957905734e-18,0.0,0.0
7,294,-6.631916660942555,6.5111880924863045e-21,1.9820338957905734e-18,0.0,0.0
7,295,-6.631916660942555,6.5111880924863045e-21,1.9820338957905734e-18,0.0,0.0
7,296,-6.631916660942555,6.5111880924863045e-21,1.9820338957905734e-18,0.0,0.0
7,297,-6.631916660942555,6.5111880924863045e-21,1.9820338957905734e-18,0.0,0.0
7,298,-6.631916660942555,6.5111880924863045e-21,1.9820338957905734e-18,0.0,0.0
7,299,-6.631916660942555,6.5111880924863045e-21,1.9820338957905734e-18,0.0,0.0
7,300,-6.631916660942555,6.5111880924863045e-21,1.9820338957905734e-18,0.0,0.0
8,1,-7.3150298456262055,0.062411109190699386,31.857452971891345,0.005767383063045164,0.0038951465504134014
8,2,-7.320469091615432,0.012194078892149695,6.224409402101808,0.008075610208606164,0.038174573948235486
8,3,-7.320682764118273,0.002506712490810011,1.2795394333727534,0.00833370393729646,0.04225820535865991
8,4,-7.32069047658479,0.0003971172640636672,0.2027066131059842,0.007119012330614151,0.02509738571779207
8,5,-7.320690671816205,6.228744107713615e-05,0.031794327173246664,0.007180412348991883,0.024601605108841202
8,6,-7.3206906764995905,5.736187567205701e-06,0.002928009580823725,0.00700158224006772,0.008480973555266395
8,7,-7.320690676534563,2.746300482648403e-07,0.00014018359809200753,0.006165088926362064,0.002292183693963494
8,8,-7.320690676534654,9.416098592054123e-22,4.806402609485412e-19,0.006891791814845854,1.1755629442082624e-29
8,9,-7.320690676534654,9.416098592054123e-22,4.806402609485412e-19,0.0,0.0
8,10,-7.320690676534654,9.416098592054123e-22,4.806402609485412e-19,0.0,0.0
8,11,-7.320690676534654,9.416098592054123e-22,4.806402609485412e-19,0.0,0.0
8,12,-7.320690676534654,9.416098592054123e-22,4.806402609485412e-19,0.0,0.0
8,13,-7.320690676534654,9.416098592054123e-22,4.806402609485412e-19,0.0,0.0
8,14,-7.320690676534654,9.416098592054123e-22,4.806402609485412e-19,0.0,0.0
8,15,-7.320690676534654,9.416098592054123e-22,4.806402609485412e-19,0.0,0.0
8,16,-7.320690676534654,9.416098592054123e-22,4.806402609485412e-19,0.0,0.0
8,17,-7.320690676534654,9.416098592054123e-22,4.806402609485412e-19,0.0,0.0
8,18,-7.320690676534654,9.416098592054123e-22,4.806402609485412e-19,0.0,0.0
8,19,-7.320690676534654,9.416098592054123e-22,4.806402609485412e-19,0.0,0.0
8,20,-7.320690676534654,9.416098592054123e-22,4.806402609485412e-19,0.0,0.0
8,21,-7.320690676534654,9.416098592054123e-22,4.806402609485412e-19,0.0,0.0
8,22,-7.320690676534654,9.416098592054123e-22,4.806402609485412e-19,0.0,0.0
8,23,-7.320690676534654,9.416098592054123e-22,4.806402609485412e-19,0.0,0.0
8,24,-7.320690676534654,9.416098592054123e-22,4.806402609485412e-19,0.0,0.0
8,25,-7.320690676534654,9.416098592054123e-22,4.806402609485412e-19,0.0,0.0
8,26,-7.320690676534654,9.416098592054123e-22,4.806402609485412e-19,0.0,0.0
8,27,-7.320690676534654,9.416098592054123e-22,4.806402609485412e-19,0.0,0.0
8,28,-7.320690676534654,9.416098592054123e-22,4.806402609485412e-19,0.0,0.0
8,29,-7.320690676534654,9.416098592054123e-22,4.806402609485412e-19,0.0,0.0
8,30,-7.320690676534654,9.416098592054123e-22,4.806402609485412e-19,0.0,0.0
8,31,-7.320690676534654,9.416098592054123e-22,4.806402609485412e-19,0.0,0.0
8,32,-7.320690676534654,9.416098592054123e-22,4.806402609485412e-19,0.0,0.0
8,33,-7.320690676534654,9.416098592054123e-22,4.806402609485412e-19,0.0,0.0
8,34,-7.320690676534654,9.416098592054123e-22,4.806402609485412e-19,0.0,0.0
8,35,-7.320690676534654,9.416098592054123e-22,4.806402609485412e-19,0.0,0.0
8,36,-7.320690676534654,9.416098592054123e-22,4.806402609485412e-19,0.0,0.0
8,37,-7.320690676534654,9.416098592054123e-22,4.806402609485412e-19,0.0,0.0
8,38,-7.320690676534654,9.416098592054123e-22,4.806402609485412e-19,0.0,0.0
8,39,-7.320690676534654,9.416098592054123e-22,4.806402609485412e-19,0.0,0.0
8,40,-7.320690676534654,9.416098592054123e-22,4.806402609485412e-19,0.0,0.0
8,41,-7.320690676534654,9.416098592054123e-22,4.806402609485412e-19,0.0,0.0
8,42,-7.320690676534654,9.416098592054123e-22,4.806402609485412e-19,0.0,0.0
8,43,-7.320690676534654,9.416098592054123e-22,4.806402609485412e-19,0.0,0.0
8,44,-7.320690676534654,9.416098592054123e-22,4.806402609485412e-19,0.0,0.0
8,45,-7.320690676534654,9.416098592054123e-22,4.806402609485412e-19,0.0,0.0
8,46,-7.320690676534654,9.416098592054123e-22,4.806402609485412e-19,0.0,0.0
8,47,-7.320690676534654,9.416098592054123e-22,4.806402609485412e-19,0.0,0.0
8,48,-7.320690676534654,9.416098592054123e-22,4.806402609485412e-19,0.0,0.0
8,49,-7.320690676534654,9.416098592054123e-22,4.806402609485412e-19,0.0,0.0
8,50,-7.320690676534654,9.416098592054123e-22,4.806402609485412e-19,0.0,0.0
8,51,-7.320690676534654,9.416098592054123e-22,4.806402609485412e-19,0.0,0.0
8,52,-7.320690676534654,9.416098592054123e-22,4.806402609485412e-19,0.0,0.0
8,53,-7.320690676534654,9.416098592054123e-22,4.806402609485412e-19,0.0,0.0
8,54,-7.320690676534654,9.416098592054123e-22,4.806402609485412e-19,0.0,0.0
8,55,-7.320690676534654,9.416098592054123e-22,4.806402609485412e-19,0.0,0.0
8,56,-7.320690676534654,9.416098592054123e-22,4.806402609485412e-19,0.0,0.0
8,57,-7.320690676534654,9.416098592054123e-22,4.806402609485412e-19,0.0,0.0
8,58,-7.320690676534654,9.416098592054123e-22,4.806402609485412e-19,0.0,0.0
8,59,-7.320690676534654,9.416098592054123e-22,4.806402609485412e-19,0.0,0.0
8,60,-7.320690676534654,9.416098592054123e-22,4.806402609485412e-19,0.0,0.0
8,61,-7.320690676534654,9.416098592054123e-22,4.806402609485412e-19,0.0,0.0
8,62,-7.320690676534654,9.416098592054123e-22,4.806402609485412e-19,0.0,0.0
8,63,-7.320690676534654,9.416098592054123e-22,4.806402609485412e-19,0.0,0.0
8,64,-7.320690676534654,9.416098592054123e-22,4.806402609485412e-19,0.0,0.0
8,65,-7.320690676534654,9.416098592054123e-22,4.806402609485412e-19,0.0,0.0
8,66,-7.320690676534654,9.416098592054123e-22,4.806402609485412e-19,0.0,0.0
8,67,-7.320690676534654,9.416098592054123e-22,4.806402609485412e-19,0.0,0.0
8,68,-7.320690676534654,9.416098592054123e-22,4.806402609485412e-19,0.0,0.0
8,69,-7.320690676534654,9.416098592054123e-22,4.806402609485412e-19,0.0,0.0
8,70,-7.320690676534654,9.416098592054123e-22,4.806402609485412e-19,0.0,0.0
8,71,-7.320690676534654,9.416098592054123e-22,4.806402609485412e-19,0.0,0.0
8,72,-7.320690676534654,9.416098592054123e-22,4.806402609485412e-19,0.0,0.0
8,73,-7.320690676534654,9.416098592054123e-22,4.806402609485412e-19,0.0,0.0
8,74,-7.320690676534654,9.416098592054123e-22,4.806402609485412e-19,0.0,0.0
8,75,-7.320690676534654,9.416098592054123e-22,4.806402609485412e-19,0.0,0.0
8,76,-7.320690676534654,9.416098592054123e-22,4.806402609485412e-19,0.0,0.0
8,77,-7.320690676534654,9.416098592054123e-22,4.806402609485412e-19,0.0,0.0
8,78,-7.320690676534654,9.416098592054123e-22,4.806402609485412e-19,0.0,0.0
8,79,-7.320690676534654,9.416098592054123e-22,4.806402609485412e-19,0.0,0.0
8,80,-7.320690676534654,9.416098592054123e-22,4.806402609485412e-19,0.0,0.0
8,81,-7.320690676534654,9.416098592054123e-22,4.806402609485412e-19,0.0,0.0
8,82,-7.320690676534654,9.416098592054123e-22,4.806402609485412e-19,0.0,0.0
8,83,-7.320690676534654,9.416098592054123e-22,4.806402609485412e-19,0.0,0.0
8,84,-7.320690676534654,9.416098592054123e-22,4.806402609485412e-19,0.0,0.0
8,85,-7.320690676534654,9.416098592054123e-22,4.806402609485412e-19,0.0,0.0
8,86,-7.320690676534654,9.416098592054123e-22,4.806402609485412e-19,0.0,0.0
8,87,-7.320690676534654,9.416098592054123e-22,4.806402609485412e-19,0.0,0.0
8,88,-7.320690676534654,9.416098592054123e-22,4.806402609485412e-19,0.0,0.0
8,89,-7.320690676534654,9.416098592054123e-22,4.806402609485412e-19,0.0,0.0
8,90,-7.320690676534654,9.416098592054123e-22,4.806402609485412e-19,0.0,0.0
8,91,-7.320690676534654,9.416098592054123e-22,4.806402609485412e-19,0.0,0.0
8,92,-7.320690676534654,9.416098592054123e-22,4.806402609485412e-19,0.0,0.0
8,93,-7.320690676534654,9.416098592054123e-22,4.806402609485412e-19,0.0,0.0
8,94,-7.320690676534654,9.416098592054123e-22,4.806402609485412e-19,0.0,0.0
8,95,-7.320690676534654,9.416098592054123e-22,4.806402609485412e-19,0.0,0.0
8,96,-7.320690676534654,9.416098592054123e-22,4.806402609485412e-19,0.0,0.0
8,97,-7.320690676534654,9.416098592054123e-22,4.806402609485412e-19,0.0,0.0
8,98,-7.320690676534654,9.416098592054123e-22,4.806402609485412e-19,0.0,0.0
8,99,-7.320690676534654,9.416098592054123e-22,4.806402609485412e-19,0.0,0.0
8,100,-7.320690676534654,9.416098592054123e-22,4.806402609485412e-19,0.0,0.0
8,101,-7.320690676534654,9.416098592054123e-22,4.806402609485412e-19,0.0,0.0
8,102,-7.320690676534654,9.416098592054123e-22,4.806402609485412e-19,0.0,0.0
8,103,-7.320690676534654,9.416098592054123e-22,4.806402609485412e-19,0.0,0.0
8,104,-7.320690676534654,9.416098592054123e-22,4.806402609485412e-19,0.0,0.0
8,105,-7.320690676534654,9.416098592054123e-22,4.806402609485412e-19,0.0,0.0
8,106,-7.320690676534654,9.416098592054123e-22,4.806402609485412e-19,0.0,0.0
8,107,-7.320690676534654,9.416098592054123e-22,4.806402609485412e-19,0.0,0.0
8,108,-7.320690676534654,9.416098592054123e-22,4.806402609485412e-19,0.0,0.0
8,109,-7.320690676534654,9.416098592054123e-22,4.806402609485412e-19,0.0,0.0
8,110,-7.320690676534654,9.416098592054123e-22,4.806402609485412e-19,0.0,0.0
8,111,-7.320690676534654,9.416098592054123e-22,4.806402609485412e-19,0.0,0.0
8,112,-7.320690676534654,9.416098592054123e-22,4.806402609485412e-19,0.0,0.0
8,113,-7.320690676534654,9.416098592054123e-22,4.806402609485412e-19,0.0,0.0
8,114,-7.320690676534654,9.416098592054123e-22,4.806402609485412e-19,0.0,0.0
8,115,-7.320690676534654,9.416098592054123e-22,4.806402609485412e-19,0.0,0.0
8,116,-7.320690676534654,9.416098592054123e-22,4.806402609485412e-19,0.0,0.0
8,117,-7.320690676534654,9.416098592054123e-22,4.806402609485412e-19,0.0,0.0
8,118,-7.320690676534654,9.416098592054123e-22,4.806402609485412e-19,0.0,0.0
8,119,-7.320690676534654,9.416098592054123e-22,4.806402609485412e-19,0.0,0.0
8,120,-7.320690676534654,9.416098592054123e-22,4.806402609485412e-19,0.0,0.0
8,121,-7.320690676534654,9.416098592054123e-22,4.806402609485412e-19,0.0,0.0
8,122,-7.320690676534654,9.416098592054123e-22,4.806402609485412e-19,0.0,0.0
8,123,-7.320690676534654,9.416098592054123e-22,4.806402609485412e-19,0.0,0.0
8,124,-7.320690676534654,9.416098592054123e-22,4.806402609485412e-19,0.0,0.0
8,125,-7.320690676534654,9.416098592054123e-22,4.806402609485412e-19,0.0,0.0
8,126,-7.320690676534654,9.416098592054123e-22,4.806402609485412e-19,0.0,0.0
8,127,-7.320690676534654,9.416098592054123e-22,4.806402609485412e-19,0.0,0.0
8,128,-7.320690676534654,9.416098592054123e-22,4.806402609485412e-19,0.0,0.0
8,129,-7.320690676534654,9.416098592054123e-22,4.806402609485412e-19,0.0,0.0
8,130,-7.320690676534654,9.416098592054123e-22,4.806402609485412e-19,0.0,0.0
8,131,-7.320690676534654,9.416098592054123e-22,4.806402609485412e-19,0.0,0.0
8,132,-7.320690676534654,9.416098592054123e-22,4.806402609485412e-19,0.0,0.0
8,133,-7.320690676534654,9.416098592054123e-22,4.806402609485412e-19,0.0,0.0
8,134,-7.320690676534654,9.416098592054123e-22,4.806402609485412e-19,0.0,0.0
8,135,-7.320690676534654,9.416098592054123e-22,4.806402609485412e-19,0.0,0.0
8,136,-7.320690676534654,9.416098592054123e-22,4.806402609485412e-19,0.0,0.0
8,137,-7.320690676534654,9.416098592054123e-22,4.806402609485412e-19,0.0,0.0
8,138,-7.320690676534654,9.416098592054123e-22,4.806402609485412e-19,0.0,0.0
8,139,-7.320690676534654,9.416098592054123e-22,4.806402609485412e-19,0.0,0.0
8,140,-7.320690676534654,9.416098592054123e-22,4.806402609485412e-19,0.0,0.0
8,141,-7.320690676534654,9.416098592054123e-22,4.806402609485412e-19,0.0,0.0
8,142,-7.320690676534654,9.416098592054123e-22,4.806402609485412e-19,0.0,0.0
8,143,-7.320690676534654,9.416098592054123e-22,4.806402609485412e-19,0.0,0.0
8,144,-7.320690676534654,9.416098592054123e-22,4.806402609485412e-19,0.0,0.0
8,145,-7.320690676534654,9.416098592054123e-22,4.806402609485412e-19,0.0,0.0
8,146,-7.320690676534654,9.416098592054123e-22,4.806402609485412e-19,0.0,0.0
8,147,-7.320690676534654,9.416098592054123e-22,4.806402609485412e-19,0.0,0.0
8,148,-7.320690676534654,9.416098592054123e-22,4.806402609485412e-19,0.0,0.0
8,149,-7.320690676534654,9.416098592054123e-22,4.806402609485412e-19,0.0,0.0
8,150,-7.320690676534654,9.416098592054123e-22,4.806402609485412e-19,0.0,0.0
8,151,-7.320690676534654,9.416098592054123e-22,4.806402609485412e-19,0.0,0.0
8,152,-7.320690676534654,9.416098592054123e-22,4.806402609485412e-19,0.0,0.0
8,153,-7.320690676534654,9.416098592054123e-22,4.806402609485412e-19,0.0,0.0
8,154,-7.320690676534654,9.416098592054123e-22,4.806402609485412e-19,0.0,0.0
8,155,-7.320690676534654,9.416098592054123e-22,4.806402609485412e-19,0.0,0.0
8,156,-7.320690676534654,9.416098592054123e-22,4.806402609485412e-19,0.0,0.0
8,157,-7.320690676534654,9.416098592054123e-22,4.806402609485412e-19,0.0,0.0
8,158,-7.320690676534654,9.416098592054123e-22,4.806402609485412e-19,0.0,0.0
8,159,-7.320690676534654,9.416098592054123e-22,4.806402609485412e-19,0.0,0.0
8,160,-7.320690676534654,9.416098592054123e-22,4.806402609485412e-19,0.0,0.0
8,161,-7.320690676534654,9.416098592054123e-22,4.806402609485412e-19,0.0,0.0
8,162,-7.320690676534654,9.416098592054123e-22,4.806402609485412e-19,0.0,0.0
8,163,-7.320690676534654,9.416098592054123e-22,4.806402609485412e-19,0.0,0.0
8,164,-7.320690676534654,9.416098592054123e-22,4.806402609485412e-19,0.0,0.0
8,165,-7.320690676534654,9.416098592054123e-22,4.806402609485412e-19,0.0,0.0
8,166,-7.320690676534654,9.416098592054123e-22,4.806402609485412e-19,0.0,0.0
8,167,-7.320690676534654,9.416098592054123e-22,4.806402609485412e-19,0.0,0.0
8,168,-7.320690676534654,9.416098592054123e-22,4.806402609485412e-19,0.0,0.0
8,169,-7.320690676534654,9.416098592054123e-22,4.806402609485412e-19,0.0,0.0
8,170,-7.320690676534654,9.416098592054123e-22,4.806402609485412e-19,0.0,0.0
8,171,-7.320690676534654,9.416098592054123e-22,4.806402609485412e-19,0.0,0.0
8,172,-7.320690676534654,9.416098592054123e-22,4.806402609485412e-19,0.0,0.0
8,173,-7.320690676534654,9.416098592054123e-22,4.806402609485412e-19,0.0,0.0
8,174,-7.320690676534654,9.416098592054123e-22,4.806402609485412e-19,0.0,0.0
8,175,-7.320690676534654,9.416098592054123e-22,4.806402609485412e-19,0.0,0.0
8,176,-7.320690676534654,9.416098592054123e-22,4.806402609485412e-19,0.0,0.0
8,177,-7.320690676534654,9.416098592054123e-22,4.806402609485412e-19,0.0,0.0
8,178,-7.320690676534654,9.416098592054123e-22,4.806402609485412e-19,0.0,0.0
8,179,-7.320690676534654,9.416098592054123e-22,4.806402609485412e-19,0.0,0.0
8,180,-7.320690676534654,9.416098592054123e-22,4.806402609485412e-19,0.0,0.0
8,181,-7.320690676534654,9.416098592054123e-22,4.806402609485412e-19,0.0,0.0
8,182,-7.320690676534654,9.416098592054123e-22,4.806402609485412e-19,0.0,0.0
8,183,-7.320690676534654,9.416098592054123e-22,4.806402609485412e-19,0.0,0.0
8,184,-7.320690676534654,9.416098592054123e-22,4.806402609485412e-19,0.0,0.0
8,185,-7.320690676534654,9.416098592054123e-22,4.806402609485412e-19,0.0,0.0
8,186,-7.320690676534654,9.416098592054123e-22,4.806402609485412e-19,0.0,0.0
8,187,-7.320690676534654,9.416098592054123e-22,4.806402609485412e-19,0.0,0.0
8,188,-7.320690676534654,9.416098592054123e-22,4.806402609485412e-19,0.0,0.0
8,189,-7.320690676534654,9.416098592054123e-22,4.806402609485412e-19,0.0,0.0
8,190,-7.320690676534654,9.416098592054123e-22,4.806402609485412e-19,0.0,0.0
8,191,-7.320690676534654,9.416098592054123e-22,4.806402609485412e-19,0.0,0.0
8,192,-7.320690676534654,9.416098592054123e-22,4.806402609485412e-19,0.0,0.0
8,193,-7.320690676534654,9.416098592054123e-22,4.806402609485412e-19,0.0,0.0
8,194,-7.320690676534654,9.416098592054123e-22,4.806402609485412e-19,0.0,0.0
8,195,-7.320690676534654,9.416098592054123e-22,4.806402609485412e-19,0.0,0.0
8,196,-7.320690676534654,9.416098592054123e-22,4.806402609485412e-19,0.0,0.0
8,197,-7.320690676534654,9.416098592054123e-22,4.806402609485412e-19,0.0,0.0
8,198,-7.320690676534654,9.416098592054123e-22,4.806402609485412e-19,0.0,0.0
8,199,-7.320690676534654,9.416098592054123e-22,4.806402609485412e-19,0.0,0.0
8,200,-7.320690676534654,9.416098592054123e-22,4.806402609485412e-19,0.0,0.0
8,201,-7.320690676534654,9.416098592054123e-22,4.806402609485412e-19,0.0,0.0
8,202,-7.320690676534654,9.416098592054123e-22,4.806402609485412e-19,0.0,0.0
8,203,-7.320690676534654,9.416098592054123e-22,4.806402609485412e-19,0.0,0.0
8,204,-7.320690676534654,9.416098592054123e-22,4.806402609485412e-19,0.0,0.0
8,205,-7.320690676534654,9.416098592054123e-22,4.806402609485412e-19,0.0,0.0
8,206,-7.320690676534654,9.416098592054123e-22,4.806402609485412e-19,0.0,0.0
8,207,-7.320690676534654,9.416098592054123e-22,4.806402609485412e-19,0.0,0.0
8,208,-7.320690676534654,9.416098592054123e-22,4.806402609485412e-19,0.0,0.0
8,209,-7.320690676534654,9.416098592054123e-22,4.806402609485412e-19,0.0,0.0
8,210,-7.320690676534654,9.416098592054123e-22,4.806402609485412e-19,0.0,0.0
8,211,-7.320690676534654,9.416098592054123e-22,4.806402609485412e-19,0.0,0.0
8,212,-7.320690676534654,9.416098592054123e-22,4.806402609485412e-19,0.0,0.0
8,213,-7.320690676534654,9.416098592054123e-22,4.806402609485412e-19,0.0,0.0
8,214,-7.320690676534654,9.416098592054123e-22,4.806402609485412e-19,0.0,0.0
8,215,-7.320690676534654,9.416098592054123e-22,4.806402609485412e-19,0.0,0.0
8,216,-7.320690676534654,9.416098592054123e-22,4.806402609485412e-19,0.0,0.0
8,217,-7.320690676534654,9.416098592054123e-22,4.806402609485412e-19,0.0,0.0
8,218,-7.320690676534654,9.416098592054123e-22,4.806402609485412e-19,0.0,0.0
8,219,-7.320690676534654,9.416098592054123e-22,4.806402609485412e-19,0.0,0.0
8,220,-7.320690676534654,9.416098592054123e-22,4.806402609485412e-19,0.0,0.0
8,221,-7.320690676534654,9.416098592054123e-22,4.806402609485412e-19,0.0,0.0
8,222,-7.320690676534654,9.416098592054123e-22,4.806402609485412e-19,0.0,0.0
8,223,-7.320690676534654,9.416098592054123e-22,4.806402609485412e-19,0.0,0.0
8,224,-7.320690676534654,9.416098592054123e-22,4.806402609485412e-19,0.0,0.0
8,225,-7.320690676534654,9.416098592054123e-22,4.806402609485412e-19,0.0,0.0
8,226,-7.320690676534654,9.416098592054123e-22,4.806402609485412e-19,0.0,0.0
8,227,-7.320690676534654,9.416098592054123e-22,4.806402609485412e-19,0.0,0.0
8,228,-7.320690676534654,9.416098592054123e-22,4.806402609485412e-19,0.0,0.0
8,229,-7.320690676534654,9.416098592054123e-22,4.806402609485412e-19,0.0,0.0
8,230,-7.320690676534654,9.416098592054123e-22,4.806402609485412e-19,0.0,0.0
8,231,-7.320690676534654,9.416098592054123e-22,4.806402609485412e-19,0.0,0.0
8,232,-7.320690676534654,9.416098592054123e-22,4.806402609485412e-19,0.0,0.0
8,233,-7.320690676534654,9.416098592054123e-22,4.806402609485412e-19,0.0,0.0
8,234,-7.320690676534654,9.416098592054123e-22,4.806402609485412e-19,0.0,0.0
8,235,-7.320690676534654,9.416098592054123e-22,4.806402609485412e-19,0.0,0.0
8,236,-7.320690676534654,9.416098592054123e-22,4.806402609485412e-19,0.0,0.0
8,237,-7.320690676534654,9.416098592054123e-22,4.806402609485412e-19,0.0,0.0
8,238,-7.320690676534654,9.416098592054123e-22,4.806402609485412e-19,0.0,0.0
8,239,-7.320690676534654,9.416098592054123e-22,4.806402609485412e-19,0.0,0.0
8,240,-7.320690676534654,9.416098592054123e-22,4.806402609485412e-19,0.0,0.0
8,241,-7.320690676534654,9.416098592054123e-22,4.806402609485412e-19,0.0,0.0
8,242,-7.320690676534654,9.416098592054123e-22,4.806402609485412e-19,0.0,0.0
8,243,-7.320690676534654,9.416098592054123e-22,4.806402609485412e-19,0.0,0.0
8,244,-7.320690676534654,9.416098592054123e-22,4.806402609485412e-19,0.0,0.0
8,245,-7.320690676534654,9.416098592054123e-22,4.806402609485412e-19,0.0,0.0
8,246,-7.320690676534654,9.416098592054123e-22,4.806402609485412e-19,0.0,0.0
8,247,-7.320690676534654,9.416098592054123e-22,4.806402609485412e-19,0.0,0.0
8,248,-7.320690676534654,9.416098592054123e-22,4.806402609485412e-19,0.0,0.0
8,249,-7.320690676534654,9.416098592054123e-22,4.806402609485412e-19,0.0,0.0
8,250,-7.320690676534654,9.416098592054123e-22,4.806402609485412e-19,0.0,0.0
8,251,-7.320690676534654,9.416098592054123e-22,4.806402609485412e-19,0.0,0.0
8,252,-7.320690676534654,9.416098592054123e-22,4.806402609485412e-19,0.0,0.0
8,253,-7.320690676534654,9.416098592054123e-22,4.806402609485412e-19,0.0,0.0
8,254,-7.320690676534654,9.416098592054123e-22,4.806402609485412e-19,0.0,0.0
8,255,-7.320690676534654,9.416098592054123e-22,4.806402609485412e-19,0.0,0.0
8,256,-7.320690676534654,9.416098592054123e-22,4.806402609485412e-19,0.0,0.0
8,257,-7.320690676534654,9.416098592054123e-22,4.806402609485412e-19,0.0,0.0
8,258,-7.320690676534654,9.416098592054123e-22,4.806402609485412e-19,0.0,0.0
8,259,-7.320690676534654,9.416098592054123e-22,4.806402609485412e-19,0.0,0.0
8,260,-7.320690676534654,9.416098592054123e-22,4.806402609485412e-19,0.0,0.0
8,261,-7.320690676534654,9.416098592054123e-22,4.806402609485412e-19,0.0,0.0
8,262,-7.320690676534654,9.416098592054123e-22,4.806402609485412e-19,0.0,0.0
8,263,-7.320690676534654,9.416098592054123e-22,4.806402609485412e-19,0.0,0.0
8,264,-7.320690676534654,9.416098592054123e-22,4.806402609485412e-19,0.0,0.0
8,265,-7.320690676534654,9.416098592054123e-22,4.806402609485412e-19,0.0,0.0
8,266,-7.320690676534654,9.416098592054123e-22,4.806402609485412e-19,0.0,0.0
8,267,-7.320690676534654,9.416098592054123e-22,4.806402609485412e-19,0.0,0.0
8,268,-7.320690676534654,9.416098592054123e-22,4.806402609485412e-19,0.0,0.0
8,269,-7.320690676534654,9.416098592054123e-22,4.806402609485412e-19,0.0,0.0
8,270,-7.320690676534654,9.416098592054123e-22,4.806402609485412e-19,0.0,0.0
8,271,-7.320690676534654,9.416098592054123e-22,4.806402609485412e-19,0.0,0.0
8,272,-7.320690676534654,9.416098592054123e-22,4.806402609485412e-19,0.0,0.0
8,273,-7.320690676534654,9.416098592054123e-22,4.806402609485412e-19,0.0,0.0
8,274,-7.320690676534654,9.416098592054123e-22,4.806402609485412e-19,0.0,0.0
8,275,-7.320690676534654,9.416098592054123e-22,4.806402609485412e-19,0.0,0.0
8,276,-7.320690676534654,9.416098592054123e-22,4.806402609485412e-19,0.0,0.0
8,277,-7.320690676534654,9.416098592054123e-22,4.806402609485412e-19,0.0,0.0
8,278,-7.320690676534654,9.416098592054123e-22,4.806402609485412e-19,0.0,0.0
8,279,-7.320690676534654,9.416098592054123e-22,4.806402609485412e-19,0.0,0.0
8,280,-7.320690676534654,9.416098592054123e-22,4.806402609485412e-19,0.0,0.0
8,281,-7.320690676534654,9.416098592054123e-22,4.806402609485412e-19,0.0,0.0
8,282,-7.320690676534654,9.416098592054123e-22,4.806402609485412e-19,0.0,0.0
8,283,-7.320690676534654,9.416098592054123e-22,4.806402609485412e-19,0.0,0.0
8,284,-7.320690676534654,9.416098592054123e-22,4.806402609485412e-19,0.0,0.0
8,285,-7.320690676534654,9.416098592054123e-22,4.806402609485412e-19,0.0,0.0
8,286,-7.320690676534654,9.416098592054123e-22,4.806402609485412e-19,0.0,0.0
8,287,-7.320690676534654,9.416098592054123e-22,4.806402609485412e-19,0.0,0.0
8,288,-7.320690676534654,9.416098592054123e-22,4.806402609485412e-19,0.0,0.0
8,289,-7.320690676534654,9.416098592054123e-22,4.806402609485412e-19,0.0,0.0
8,290,-7.320690676534654,9.416098592054123e-22,4.806402609485412e-19,0.0,0.0
8,291,-7.320690676534654,9.416098592054123e-22,4.806402609485412e-19,0.0,0.0
8,292,-7.320690676534654,9.416098592054123e-22,4.806402609485412e-19,0.0,0.0
8,293,-7.320690676534654,9.416098592054123e-22,4.806402609485412e-19,0.0,0.0
8,294,-7.320690676534654,9.416098592054123e-22,4.806402609485412e-19,0.0,0.0
8,295,-7.320690676534654,9.416098592054123e-22,4.806402609485412e-19,0.0,0.0
8,296,-7.320690676534654,9.416098592054123e-22,4.806402609485412e-19,0.0,0.0
8,297,-7.320690676534654,9.416098592054123e-22,4.806402609485412e-19,0.0,0.0
8,298,-7.320690676534654,9.416098592054123e-22,4.806402609485412e-19,0.0,0.0
8,299,-7.320690676534654,9.416098592054123e-22,4.806402609485412e-19,0.0,0.0
8,300,-7.320690676534654,9.416098592054123e-22,4.806402609485412e-19,0.0,0.0
9,1,-7.249423914984192,0.09485461386693148,47.654491588777695,0.005575631243929695,0.008997397771844669
9,2,-7.259403272939222,0.011092816418683591,5.5729764232829,0.006215105643873614,0.013676240532976695
9,3,-7.259549865467259,0.0011574745768944239,0.5815095359116633,0.006709467272816154,0.010887778331758592
9,4,-7.259551537505545,0.00017436148404230455,0.08759835221465749,0.007029352882899876,0.0226922830412979
9,5,-7.259551577993097,1.5660246832765787e-05,0.00786763100440379,0.007500890556506826,0.008066703466390107
9,6,-7.2595515782628866,8.934143360455857e-07,0.00044884696934305356,0.0061961455011279734,0.0032546824944943158
9,7,-7.259551578263803,1.684237711866345e-07,8.461527447281923e-05,0.006461454310460756,0.035538651185612585
9,8,-7.259551578263838,4.67726376294027e-22,2.3498343155159617e-19,0.007110114250899001,7.712176287993593e-30
9,9,-7.259551578263838,4.67726376294027e-22,2.3498343155159617e-19,0.0,0.0
9,10,-7.259551578263838,4.67726376294027e-22,2.3498343155159617e-19,0.0,0.0
9,11,-7.259551578263838,4.67726376294027e-22,2.3498343155159617e-19,0.0,0.0
9,12,-7.259551578263838,4.67726376294027e-22,2.3498343155159617e-19,0.0,0.0
9,13,-7.259551578263838,4.67726376294027e-22,2.3498343155159617e-19,0.0,0.0
9,14,-7.259551578263838,4.67726376294027e-22,2.3498343155159617e-19,0.0,0.0
9,15,-7.259551578263838,4.67726376294027e-22,2.3498343155159617e-19,0.0,0.0
9,16,-7.259551578263838,4.67726376294027e-22,2.3498343155159617e-19,0.0,0.0
9,17,-7.259551578263838,4.67726376294027e-22,2.3498343155159617e-19,0.0,0.0
9,18,-7.259551578263838,4.67726376294027e-22,2.3498343155159617e-19,0.0,0.0
9,19,-7.259551578263838,4.67726376294027e-22,2.3498343155159617e-19,0.0,0.0
9,20,-7.259551578263838,4.67726376294027e-22,2.3498343155159617e-19,0.0,0.0
9,21,-7.259551578263838,4.67726376294027e-22,2.3498343155159617e-19,0.0,0.0
9,22,-7.259551578263838,4.67726376294027e-22,2.3498343155159617e-19,0.0,0.0
9,23,-7.259551578263838,4.67726376294027e-22,2.3498343155159617e-19,0.0,0.0
9,24,-7.259551578263838,4.67726376294027e-22,2.3498343155159617e-19,0.0,0.0
9,25,-7.259551578263838,4.67726376294027e-22,2.3498343155159617e-19,0.0,0.0
9,26,-7.259551578263838,4.67726376294027e-22,2.3498343155159617e-19,0.0,0.0
9,27,-7.259551578263838,4.67726376294027e-22,2.3498343155159617e-19,0.0,0.0
9,28,-7.259551578263838,4.67726376294027e-22,2.3498343155159617e-19,0.0,0.0
9,29,-7.259551578263838,4.67726376294027e-22,2.3498343155159617e-19,0.0,0.0
9,30,-7.259551578263838,4.67726376294027e-22,2.3498343155159617e-19,0.0,0.0
9,31,-7.259551578263838,4.67726376294027e-22,2.3498343155159617e-19,0.0,0.0
9,32,-7.259551578263838,4.67726376294027e-22,2.3498343155159617e-19,0.0,0.0
9,33,-7.259551578263838,4.67726376294027e-22,2.3498343155159617e-19,0.0,0.0
9,34,-7.259551578263838,4.67726376294027e-22,2.3498343155159617e-19,0.0,0.0
9,35,-7.259551578263838,4.67726376294027e-22,2.3498343155159617e-19,0.0,0.0
9,36,-7.259551578263838,4.67726376294027e-22,2.3498343155159617e-19,0.0,0.0
9,37,-7.259551578263838,4.67726376294027e-22,2.3498343155159617e-19,0.0,0.0
9,38,-7.259551578263838,4.67726376294027e-22,2.3498343155159617e-19,0.0,0.0
9,39,-7.259551578263838,4.67726376294027e-22,2.3498343155159617e-19,0.0,0.0
9,40,-7.259551578263838,4.67726376294027e-22,2.3498343155159617e-19,0.0,0.0
9,41,-7.259551578263838,4.67726376294027e-22,2.3498343155159617e-19,0.0,0.0
9,42,-7.259551578263838,4.67726376294027e-22,2.3498343155159617e-19,0.0,0.0
9,43,-7.259551578263838,4.67726376294027e-22,2.3498343155159617e-19,0.0,0.0
9,44,-7.259551578263838,4.67726376294027e-22,2.3498343155159617e-19,0.0,0.0
9,45,-7.259551578263838,4.67726376294027e-22,2.3498343155159617e-19,0.0,0.0
9,46,-7.259551578263838,4.67726376294027e-22,2.3498343155159617e-19,0.0,0.0
9,47,-7.259551578263838,4.67726376294027e-22,2.3498343155159617e-19,0.0,0.0
9,48,-7.259551578263838,4.67726376294027e-22,2.3498343155159617e-19,0.0,0.0
9,49,-7.259551578263838,4.67726376294027e-22,2.3498343155159617e-19,0.0,0.0
9,50,-7.259551578263838,4.67726376294027e-22,2.3498343155159617e-19,0.0,0.0
9,51,-7.259551578263838,4.67726376294027e-22,2.3498343155159617e-19,0.0,0.0
9,52,-7.259551578263838,4.67726376294027e-22,2.3498343155159617e-19,0.0,0.0
9,53,-7.259551578263838,4.67726376294027e-22,2.3498343155159617e-19,0.0,0.0
9,54,-7.259551578263838,4.67726376294027e-22,2.3498343155159617e-19,0.0,0.0
9,55,-7.259551578263838,4.67726376294027e-22,2.3498343155159617e-19,0.0,0.0
9,56,-7.259551578263838,4.67726376294027e-22,2.3498343155159617e-19,0.0,0.0
9,57,-7.259551578263838,4.67726376294027e-22,2.3498343155159617e-19,0.0,0.0
9,58,-7.259551578263838,4.67726376294027e-22,2.3498343155159617e-19,0.0,0.0
9,59,-7.259551578263838,4.67726376294027e-22,2.3498343155159617e-19,0.0,0.0
9,60,-7.259551578263838,4.67726376294027e-22,2.3498343155159617e-19,0.0,0.0
9,61,-7.259551578263838,4.67726376294027e-22,2.3498343155159617e-19,0.0,0.0
9,62,-7.259551578263838,4.67726376294027e-22,2.3498343155159617e-19,0.0,0.0
9,63,-7.259551578263838,4.67726376294027e-22,2.3498343155159617e-19,0.0,0.0
9,64,-7.259551578263838,4.67726376294027e-22,2.3498343155159617e-19,0.0,0.0
9,65,-7.259551578263838,4.67726376294027e-22,2.3498343155159617e-19,0.0,0.0
9,66,-7.259551578263838,4.67726376294027e-22,2.3498343155159617e-19,0.0,0.0
9,67,-7.259551578263838,4.67726376294027e-22,2.3498343155159617e-19,0.0,0.0
9,68,-7.259551578263838,4.67726376294027e-22,2.3498343155159617e-19,0.0,0.0
9,69,-7.259551578263838,4.67726376294027e-22,2.3498343155159617e-19,0.0,0.0
9,70,-7.259551578263838,4.67726376294027e-22,2.3498343155159617e-19,0.0,0.0
9,71,-7.259551578263838,4.67726376294027e-22,2.3498343155159617e-19,0.0,0.0
9,72,-7.259551578263838,4.67726376294027e-22,2.3498343155159617e-19,0.0,0.0
9,73,-7.259551578263838,4.67726376294027e-22,2.3498343155159617e-19,0.0,0.0
9,74,-7.259551578263838,4.67726376294027e-22,2.3498343155159617e-19,0.0,0.0
9,75,-7.259551578263838,4.67726376294027e-22,2.3498343155159617e-19,0.0,0.0
9,76,-7.259551578263838,4.67726376294027e-22,2.3498343155159617e-19,0.0,0.0
9,77,-7.259551578263838,4.67726376294027e-22,2.3498343155159617e-19,0.0,0.0
9,78,-7.259551578263838,4.67726376294027e-22,2.3498343155159617e-19,0.0,0.0
9,79,-7.259551578263838,4.67726376294027e-22,2.3498343155159617e-19,0.0,0.0
9,80,-7.259551578263838,4.67726376294027e-22,2.3498343155159617e-19,0.0,0.0
9,81,-7.259551578263838,4.67726376294027e-22,2.3498343155159617e-19,0.0,0.0
9,82,-7.259551578263838,4.67726376294027e-22,2.3498343155159617e-19,0.0,0.0
9,83,-7.259551578263838,4.67726376294027e-22,2.3498343155159617e-19,0.0,0.0
9,84,-7.259551578263838,4.67726376294027e-22,2.3498343155159617e-19,0.0,0.0
9,85,-7.259551578263838,4.67726376294027e-22,2.3498343155159617e-19,0.0,0.0
9,86,-7.259551578263838,4.67726376294027e-22,2.3498343155159617e-19,0.0,0.0
9,87,-7.259551578263838,4.67726376294027e-22,2.3498343155159617e-19,0.0,0.0
9,88,-7.259551578263838,4.67726376294027e-22,2.3498343155159617e-19,0.0,0.0
9,89,-7.259551578263838,4.67726376294027e-22,2.3498343155159617e-19,0.0,0.0
9,90,-7.259551578263838,4.67726376294027e-22,2.3498343155159617e-19,0.0,0.0
9,91,-7.259551578263838,4.67726376294027e-22,2.3498343155159617e-19,0.0,0.0
9,92,-7.259551578263838,4.67726376294027e-22,2.3498343155159617e-19,0.0,0.0
9,93,-7.259551578263838,4.67726376294027e-22,2.3498343155159617e-19,0.0,0.0
9,94,-7.259551578263838,4.67726376294027e-22,2.3498343155159617e-19,0.0,0.0
9,95,-7.259551578263838,4.67726376294027e-22,2.3498343155159617e-19,0.0,0.0
9,96,-7.259551578263838,4.67726376294027e-22,2.3498343155159617e-19,0.0,0.0
9,97,-7.259551578263838,4.67726376294027e-22,2.3498343155159617e-19,0.0,0.0
9,98,-7.259551578263838,4.67726376294027e-22,2.3498343155159617e-19,0.0,0.0
9,99,-7.259551578263838,4.67726376294027e-22,2.3498343155159617e-19,0.0,0.0
9,100,-7.259551578263838,4.67726376294027e-22,2.3498343155159617e-19,0.0,0.0
9,101,-7.259551578263838,4.67726376294027e-22,2.3498343155159617e-19,0.0,0.0
9,102,-7.259551578263838,4.67726376294027e-22,2.3498343155159617e-19,0.0,0.0
9,103,-7.259551578263838,4.67726376294027e-22,2.3498343155159617e-19,0.0,0.0
9,104,-7.259551578263838,4.67726376294027e-22,2.3498343155159617e-19,0.0,0.0
9,105,-7.259551578263838,4.67726376294027e-22,2.3498343155159617e-19,0.0,0.0
9,106,-7.259551578263838,4.67726376294027e-22,2.3498343155159617e-19,0.0,0.0
9,107,-7.259551578263838,4.67726376294027e-22,2.3498343155159617e-19,0.0,0.0
9,108,-7.259551578263838,4.67726376294027e-22,2.3498343155159617e-19,0.0,0.0
9,109,-7.259551578263838,4.67726376294027e-22,2.3498343155159617e-19,0.0,0.0
9,110,-7.259551578263838,4.67726376294027e-22,2.3498343155159617e-19,0.0,0.0
9,111,-7.259551578263838,4.67726376294027e-22,2.3498343155159617e-19,0.0,0.0
9,112,-7.259551578263838,4.67726376294027e-22,2.3498343155159617e-19,0.0,0.0
9,113,-7.259551578263838,4.67726376294027e-22,2.3498343155159617e-19,0.0,0.0
9,114,-7.259551578263838,4.67726376294027e-22,2.3498343155159617e-19,0.0,0.0
9,115,-7.259551578263838,4.67726376294027e-22,2.3498343155159617e-19,0.0,0.0
9,116,-7.259551578263838,4.67726376294027e-22,2.3498343155159617e-19,0.0,0.0
9,117,-7.259551578263838,4.67726376294027e-22,2.3498343155159617e-19,0.0,0.0
9,118,-7.259551578263838,4.67726376294027e-22,2.3498343155159617e-19,0.0,0.0
9,119,-7.259551578263838,4.67726376294027e-22,2.3498343155159617e-19,0.0,0.0
9,120,-7.259551578263838,4.67726376294027e-22,2.3498343155159617e-19,0.0,0.0
9,121,-7.259551578263838,4.67726376294027e-22,2.3498343155159617e-19,0.0,0.0
9,122,-7.259551578263838,4.67726376294027e-22,2.3498343155159617e-19,0.0,0.0
9,123,-7.259551578263838,4.67726376294027e-22,2.3498343155159617e-19,0.0,0.0
9,124,-7.259551578263838,4.67726376294027e-22,2.3498343155159617e-19,0.0,0.0
9,125,-7.259551578263838,4.67726376294027e-22,2.3498343155159617e-19,0.0,0.0
9,126,-7.259551578263838,4.67726376294027e-22,2.3498343155159617e-19,0.0,0.0
9,127,-7.259551578263838,4.67726376294027e-22,2.3498343155159617e-19,0.0,0.0
9,128,-7.259551578263838,4.67726376294027e-22,2.3498343155159617e-19,0.0,0.0
9,129,-7.259551578263838,4.67726376294027e-22,2.3498343155159617e-19,0.0,0.0
9,130,-7.259551578263838,4.67726376294027e-22,2.3498343155159617e-19,0.0,0.0
9,131,-7.259551578263838,4.67726376294027e-22,2.3498343155159617e-19,0.0,0.0
9,132,-7.259551578263838,4.67726376294027e-22,2.3498343155159617e-19,0.0,0.0
9,133,-7.259551578263838,4.67726376294027e-22,2.3498343155159617e-19,0.0,0.0
9,134,-7.259551578263838,4.67726376294027e-22,2.3498343155159617e-19,0.0,0.0
9,135,-7.259551578263838,4.67726376294027e-22,2.3498343155159617e-19,0.0,0.0
9,136,-7.259551578263838,4.67726376294027e-22,2.3498343155159617e-19,0.0,0.0
9,137,-7.259551578263838,4.67726376294027e-22,2.3498343155159617e-19,0.0,0.0
9,138,-7.259551578263838,4.67726376294027e-22,2.3498343155159617e-19,0.0,0.0
9,139,-7.259551578263838,4.67726376294027e-22,2.3498343155159617e-19,0.0,0.0
9,140,-7.259551578263838,4.67726376294027e-22,2.3498343155159617e-19,0.0,0.0
9,141,-7.259551578263838,4.67726376294027e-22,2.3498343155159617e-19,0.0,0.0
9,142,-7.259551578263838,4.67726376294027e-22,2.3498343155159617e-19,0.0,0.0
9,143,-7.259551578263838,4.67726376294027e-22,2.3498343155159617e-19,0.0,0.0
9,144,-7.259551578263838,4.67726376294027e-22,2.3498343155159617e-19,0.0,0.0
9,145,-7.259551578263838,4.67726376294027e-22,2.3498343155159617e-19,0.0,0.0
9,146,-7.259551578263838,4.67726376294027e-22,2.3498343155159617e-19,0.0,0.0
9,147,-7.259551578263838,4.67726376294027e-22,2.3498343155159617e-19,0.0,0.0
9,148,-7.259551578263838,4.67726376294027e-22,2.3498343155159617e-19,0.0,0.0
9,149,-7.259551578263838,4.67726376294027e-22,2.3498343155159617e-19,0.0,0.0
9,150,-7.259551578263838,4.67726376294027e-22,2.3498343155159617e-19,0.0,0.0
9,151,-7.259551578263838,4.67726376294027e-22,2.3498343155159617e-19,0.0,0.0
9,152,-7.259551578263838,4.67726376294027e-22,2.3498343155159617e-19,0.0,0.0
9,153,-7.259551578263838,4.67726376294027e-22,2.3498343155159617e-19,0.0,0.0
9,154,-7.259551578263838,4.67726376294027e-22,2.3498343155159617e-19,0.0,0.0
9,155,-7.259551578263838,4.67726376294027e-22,2.3498343155159617e-19,0.0,0.0
9,156,-7.259551578263838,4.67726376294027e-22,2.3498343155159617e-19,0.0,0.0
9,157,-7.259551578263838,4.67726376294027e-22,2.3498343155159617e-19,0.0,0.0
9,158,-7.259551578263838,4.67726376294027e-22,2.3498343155159617e-19,0.0,0.0
9,159,-7.259551578263838,4.67726376294027e-22,2.3498343155159617e-19,0.0,0.0
9,160,-7.259551578263838,4.67726376294027e-22,2.3498343155159617e-19,0.0,0.0
9,161,-7.259551578263838,4.67726376294027e-22,2.3498343155159617e-19,0.0,0.0
9,162,-7.259551578263838,4.67726376294027e-22,2.3498343155159617e-19,0.0,0.0
9,163,-7.259551578263838,4.67726376294027e-22,2.3498343155159617e-19,0.0,0.0
9,164,-7.259551578263838,4.67726376294027e-22,2.3498343155159617e-19,0.0,0.0
9,165,-7.259551578263838,4.67726376294027e-22,2.3498343155159617e-19,0.0,0.0
9,166,-7.259551578263838,4.67726376294027e-22,2.3498343155159617e-19,0.0,0.0
9,167,-7.259551578263838,4.67726376294027e-22,2.3498343155159617e-19,0.0,0.0
9,168,-7.259551578263838,4.67726376294027e-22,2.3498343155159617e-19,0.0,0.0
9,169,-7.259551578263838,4.67726376294027e-22,2.3498343155159617e-19,0.0,0.0
9,170,-7.259551578263838,4.67726376294027e-22,2.3498343155159617e-19,0.0,0.0
9,171,-7.259551578263838,4.67726376294027e-22,2.3498343155159617e-19,0.0,0.0
9,172,-7.259551578263838,4.67726376294027e-22,2.3498343155159617e-19,0.0,0.0
9,173,-7.259551578263838,4.67726376294027e-22,2.3498343155159617e-19,0.0,0.0
9,174,-7.259551578263838,4.67726376294027e-22,2.3498343155159617e-19,0.0,0.0
9,175,-7.259551578263838,4.67726376294027e-22,2.3498343155159617e-19,0.0,0.0
9,176,-7.259551578263838,4.67726376294027e-22,2.3498343155159617e-19,0.0,0.0
9,177,-7.259551578263838,4.67726376294027e-22,2.3498343155159617e-19,0.0,0.0
9,178,-7.259551578263838,4.67726376294027e-22,2.3498343155159617e-19,0.0,0.0
9,179,-7.259551578263838,4.67726376294027e-22,2.3498343155159617e-19,0.0,0.0
9,180,-7.259551578263838,4.67726376294027e-22,2.3498343155159617e-19,0.0,0.0
9,181,-7.259551578263838,4.67726376294027e-22,2.3498343155159617e-19,0.0,0.0
9,182,-7.259551578263838,4.67726376294027e-22,2.3498343155159617e-19,0.0,0.0
9,183,-7.259551578263838,4.67726376294027e-22,2.3498343155159617e-19,0.0,0.0
9,184,-7.259551578263838,4.67726376294027e-22,2.3498343155159617e-19,0.0,0.0
9,185,-7.259551578263838,4.67726376294027e-22,2.3498343155159617e-19,0.0,0.0
9,186,-7.259551578263838,4.67726376294027e-22,2.3498343155159617e-19,0.0,0.0
9,187,-7.259551578263838,4.67726376294027e-22,2.3498343155159617e-19,0.0,0.0
9,188,-7.259551578263838,4.67726376294027e-22,2.3498343155159617e-19,0.0,0.0
9,189,-7.259551578263838,4.67726376294027e-22,2.3498343155159617e-19,0.0,0.0
9,190,-7.259551578263838,4.67726376294027e-22,2.3498343155159617e-19,0.0,0.0
9,191,-7.259551578263838,4.67726376294027e-22,2.3498343155159617e-19,0.0,0.0
9,192,-7.259551578263838,4.67726376294027e-22,2.3498343155159617e-19,0.0,0.0
9,193,-7.259551578263838,4.67726376294027e-22,2.3498343155159617e-19,0.0,0.0
9,194,-7.259551578263838,4.67726376294027e-22,2.3498343155159617e-19,0.0,0.0
9,195,-7.259551578263838,4.67726376294027e-22,2.3498343155159617e-19,0.0,0.0
9,196,-7.259551578263838,4.67726376294027e-22,2.3498343155159617e-19,0.0,0.0
9,197,-7.259551578263838,4.67726376294027e-22,2.3498343155159617e-19,0.0,0.0
9,198,-7.259551578263838,4.67726376294027e-22,2.3498343155159617e-19,0.0,0.0
9,199,-7.259551578263838,4.67726376294027e-22,2.3498343155159617e-19,0.0,0.0
9,200,-7.259551578263838,4.67726376294027e-22,2.3498343155159617e-19,0.0,0.0
9,201,-7.259551578263838,4.67726376294027e-22,2.3498343155159617e-19,0.0,0.0
9,202,-7.259551578263838,4.67726376294027e-22,2.3498343155159617e-19,0.0,0.0
9,203,-7.259551578263838,4.67726376294027e-22,2.3498343155159617e-19,0.0,0.0
9,204,-7.259551578263838,4.67726376294027e-22,2.3498343155159617e-19,0.0,0.0
9,205,-7.259551578263838,4.67726376294027e-22,2.3498343155159617e-19,0.0,0.0
9,206,-7.259551578263838,4.67726376294027e-22,2.3498343155159617e-19,0.0,0.0
9,207,-7.259551578263838,4.67726376294027e-22,2.3498343155159617e-19,0.0,0.0
9,208,-7.259551578263838,4.67726376294027e-22,2.3498343155159617e-19,0.0,0.0
9,209,-7.259551578263838,4.67726376294027e-22,2.3498343155159617e-19,0.0,0.0
9,210,-7.259551578263838,4.67726376294027e-22,2.3498343155159617e-19,0.0,0.0
9,211,-7.259551578263838,4.67726376294027e-22,2.3498343155159617e-19,0.0,0.0
9,212,-7.259551578263838,4.67726376294027e-22,2.3498343155159617e-19,0.0,0.0
9,213,-7.259551578263838,4.67726376294027e-22,2.3498343155159617e-19,0.0,0.0
9,214,-7.259551578263838,4.67726376294027e-22,2.3498343155159617e-19,0.0,0.0
9,215,-7.259551578263838,4.67726376294027e-22,2.3498343155159617e-19,0.0,0.0
9,216,-7.259551578263838,4.67726376294027e-22,2.3498343155159617e-19,0.0,0.0
9,217,-7.259551578263838,4.67726376294027e-22,2.3498343155159617e-19,0.0,0.0
9,218,-7.259551578263838,4.67726376294027e-22,2.3498343155159617e-19,0.0,0.0
9,219,-7.259551578263838,4.67726376294027e-22,2.3498343155159617e-19,0.0,0.0
9,220,-7.259551578263838,4.67726376294027e-22,2.3498343155159617e-19,0.0,0.0
9,221,-7.259551578263838,4.67726376294027e-22,2.3498343155159617e-19,0.0,0.0
9,222,-7.259551578263838,4.67726376294027e-22,2.3498343155159617e-19,0.0,0.0
9,223,-7.259551578263838,4.67726376294027e-22,2.3498343155159617e-19,0.0,0.0
9,224,-7.259551578263838,4.67726376294027e-22,2.3498343155159617e-19,0.0,0.0
9,225,-7.259551578263838,4.67726376294027e-22,2.3498343155159617e-19,0.0,0.0
9,226,-7.259551578263838,4.67726376294027e-22,2.3498343155159617e-19,0.0,0.0
9,227,-7.259551578263838,4.67726376294027e-22,2.3498343155159617e-19,0.0,0.0
9,228,-7.259551578263838,4.67726376294027e-22,2.3498343155159617e-19,0.0,0.0
9,229,-7.259551578263838,4.67726376294027e-22,2.3498343155159617e-19,0.0,0.0
9,230,-7.259551578263838,4.67726376294027e-22,2.3498343155159617e-19,0.0,0.0
9,231,-7.259551578263838,4.67726376294027e-22,2.3498343155159617e-19,0.0,0.0
9,232,-7.259551578263838,4.67726376294027e-22,2.3498343155159617e-19,0.0,0.0
9,233,-7.259551578263838,4.67726376294027e-22,2.3498343155159617e-19,0.0,0.0
9,234,-7.259551578263838,4.67726376294027e-22,2.3498343155159617e-19,0.0,0.0
9,235,-7.259551578263838,4.67726376294027e-22,2.3498343155159617e-19,0.0,0.0
9,236,-7.259551578263838,4.67726376294027e-22,2.3498343155159617e-19,0.0,0.0
9,237,-7.259551578263838,4.67726376294027e-22,2.3498343155159617e-19,0.0,0.0
9,238,-7.259551578263838,4.67726376294027e-22,2.3498343155159617e-19,0.0,0.0
9,239,-7.259551578263838,4.67726376294027e-22,2.3498343155159617e-19,0.0,0.0
9,240,-7.259551578263838,4.67726376294027e-22,2.3498343155159617e-19,0.0,0.0
9,241,-7.259551578263838,4.67726376294027e-22,2.3498343155159617e-19,0.0,0.0
9,242,-7.259551578263838,4.67726376294027e-22,2.3498343155159617e-19,0.0,0.0
9,243,-7.259551578263838,4.67726376294027e-22,2.3498343155159617e-19,0.0,0.0
9,244,-7.259551578263838,4.67726376294027e-22,2.3498343155159617e-19,0.0,0.0
9,245,-7.259551578263838,4.67726376294027e-22,2.3498343155159617e-19,0.0,0.0
9,246,-7.259551578263838,4.67726376294027e-22,2.3498343155159617e-19,0.0,0.0
9,247,-7.259551578263838,4.67726376294027e-22,2.3498343155159617e-19,0.0,0.0
9,248,-7.259551578263838,4.67726376294027e-22,2.3498343155159617e-19,0.0,0.0
9,249,-7.259551578263838,4.67726376294027e-22,2.3498343155159617e-19,0.0,0.0
9,250,-7.259551578263838,4.67726376294027e-22,2.3498343155159617e-19,0.0,0.0
9,251,-7.259551578263838,4.67726376294027e-22,2.3498343155159617e-19,0.0,0.0
9,252,-7.259551578263838,4.67726376294027e-22,2.3498343155159617e-19,0.0,0.0
9,253,-7.259551578263838,4.67726376294027e-22,2.3498343155159617e-19,0.0,0.0
9,254,-7.259551578263838,4.67726376294027e-22,2.3498343155159617e-19,0.0,0.0
9,255,-7.259551578263838,4.67726376294027e-22,2.3498343155159617e-19,0.0,0.0
9,256,-7.259551578263838,4.67726376294027e-22,2.3498343155159617e-19,0.0,0.0
9,257,-7.259551578263838,4.67726376294027e-22,2.3498343155159617e-19,0.0,0.0
9,258,-7.259551578263838,4.67726376294027e-22,2.3498343155159617e-19,0.0,0.0
9,259,-7.259551578263838,4.67726376294027e-22,2.3498343155159617e-19,0.0,0.0
9,260,-7.259551578263838,4.67726376294027e-22,2.3498343155159617e-19,0.0,0.0
9,261,-7.259551578263838,4.67726376294027e-22,2.3498343155159617e-19,0.0,0.0
9,262,-7.259551578263838,4.67726376294027e-22,2.3498343155159617e-19,0.0,0.0
9,263,-7.259551578263838,4.67726376294027e-22,2.3498343155159617e-19,0.0,0.0
9,264,-7.259551578263838,4.67726376294027e-22,2.3498343155159617e-19,0.0,0.0
9,265,-7.259551578263838,4.67726376294027e-22,2.3498343155159617e-19,0.0,0.0
9,266,-7.259551578263838,4.67726376294027e-22,2.3498343155159617e-19,0.0,0.0
9,267,-7.259551578263838,4.67726376294027e-22,2.3498343155159617e-19,0.0,0.0
9,268,-7.259551578263838,4.67726376294027e-22,2.3498343155159617e-19,0.0,0.0
9,269,-7.259551578263838,4.67726376294027e-22,2.3498343155159617e-19,0.0,0.0
9,270,-7.259551578263838,4.67726376294027e-22,2.3498343155159617e-19,0.0,0.0
9,271,-7.259551578263838,4.67726376294027e-22,2.3498343155159617e-19,0.0,0.0
9,272,-7.259551578263838,4.67726376294027e-22,2.3498343155159617e-19,0.0,0.0
9,273,-7.259551578263838,4.67726376294027e-22,2.3498343155159617e-19,0.0,0.0
9,274,-7.259551578263838,4.67726376294027e-22,2.3498343155159617e-19,0.0,0.0
9,275,-7.259551578263838,4.67726376294027e-22,2.3498343155159617e-19,0.0,0.0
9,276,-7.259551578263838,4.67726376294027e-22,2.3498343155159617e-19,0.0,0.0
9,277,-7.259551578263838,4.67726376294027e-22,2.3498343155159617e-19,0.0,0.0
9,278,-7.259551578263838,4.67726376294027e-22,2.3498343155159617e-19,0.0,0.0
9,279,-7.259551578263838,4.67726376294027e-22,2.3498343155159617e-19,0.0,0.0
9,280,-7.259551578263838,4.67726376294027e-22,2.3498343155159617e-19,0.0,0.0
9,281,-7.259551578263838,4.67726376294027e-22,2.3498343155159617e-19,0.0,0.0
9,282,-7.259551578263838,4.67726376294027e-22,2.3498343155159617e-19,0.0,0.0
9,283,-7.259551578263838,4.67726376294027e-22,2.3498343155159617e-19,0.0,0.0
9,284,-7.259551578263838,4.67726376294027e-22,2.3498343155159617e-19,0.0,0.0
9,285,-7.259551578263838,4.67726376294027e-22,2.3498343155159617e-19,0.0,0.0
9,286,-7.259551578263838,4.67726376294027e-22,2.3498343155159617e-19,0.0,0.0
9,287,-7.259551578263838,4.67726376294027e-22,2.3498343155159617e-19,0.0,0.0
9,288,-7.259551578263838,4.67726376294027e-22,2.3498343155159617e-19,0.0,0.0
9,289,-7.259551578263838,4.67726376294027e-22,2.3498343155159617e-19,0.0,0.0
9,290,-7.259551578263838,4.67726376294027e-22,2.3498343155159617e-19,0.0,0.0
9,291,-7.259551578263838,4.67726376294027e-22,2.3498343155159617e-19,0.0,0.0
9,292,-7.259551578263838,4.67726376294027e-22,2.3498343155159617e-19,0.0,0.0
9,293,-7.259551578263838,4.67726376294027e-22,2.3498343155159617e-19,0.0,0.0
9,294,-7.259551578263838,4.67726376294027e-22,2.3498343155159617e-19,0.0,0.0
9,295,-7.259551578263838,4.67726376294027e-22,2.3498343155159617e-19,0.0,0.0
9,296,-7.259551578263838,4.67726376294027e-22,2.3498343155159617e-19,0.0,0.0
9,297,-7.259551578263838,4.67726376294027e-22,2.3498343155159617e-19,0.0,0.0
9,298,-7.259551578263838,4.67726376294027e-22,2.3498343155159617e-19,0.0,0.0
9,299,-7.259551578263838,4.67726376294027e-22,2.3498343155159617e-19,0.0,0.0
9,300,-7.259551578263838,4.67726376294027e-22,2.3498343155159617e-19,0.0,0.0
10,1,-7.070259205507503,0.17914525999462247,74.76689267512047,0.006754085258613899,0.03209302417854089
10,2,-7.104911262091438,0.024799326990667864,10.350084727790959,0.007420466981516767,0.0191632491774114
10,3,-7.105484122419566,0.0037436541046693425,1.562426963822481,0.0065149201008470395,0.022788284903119557
10,4,-7.1054983853511136,0.000595203013912329,0.24841003252013016,0.007120081915529203,0.025277773197965862
10,5,-7.1054987234040805,0.00010726524448149664,0.04476752006812436,0.006676137926469935,0.03247789029999959
10,6,-7.105498735129282,1.9110487449782665e-06,0.0007975827907308446,0.00712973165331077,0.00031741355964951944
10,7,-7.105498735133147,5.6194157005189977e-08,2.3452825410518965e-05,0.007402660085388909,0.0008646469058042591
10,8,-7.105498735133151,3.287236200534393e-21,1.3719393759595058e-18,0.007775759785604182,3.421996025290523e-27
10,9,-7.105498735133151,3.287236200534393e-21,1.3719393759595058e-18,0.0,0.0
10,10,-7.105498735133151,3.287236200534393e-21,1.3719393759595058e-18,0.0,0.0
10,11,-7.105498735133151,3.287236200534393e-21,1.3719393759595058e-18,0.0,0.0
10,12,-7.105498735133151,3.287236200534393e-21,1.3719393759595058e-18,0.0,0.0
10,13,-7.105498735133151,3.287236200534393e-21,1.3719393759595058e-18,0.0,0.0
10,14,-7.105498735133151,3.287236200534393e-21,1.3719393759595058e-18,0.0,0.0
10,15,-7.105498735133151,3.287236200534393e-21,1.3719393759595058e-18,0.0,0.0
10,16,-7.105498735133151,3.287236200534393e-21,1.3719393759595058e-18,0.0,0.0
10,17,-7.105498735133151,3.287236200534393e-21,1.3719393759595058e-18,0.0,0.0
10,18,-7.105498735133151,3.287236200534393e-21,1.3719393759595058e-18,0.0,0.0
10,19,-7.105498735133151,3.287236200534393e-21,1.3719393759595058e-18,0.0,0.0
10,20,-7.105498735133151,3.287236200534393e-21,1.3719393759595058e-18,0.0,0.0
10,21,-7.105498735133151,3.287236200534393e-21,1.3719393759595058e-18,0.0,0.0
10,22,-7.105498735133151,3.287236200534393e-21,1.3719393759595058e-18,0.0,0.0
10,23,-7.105498735133151,3.287236200534393e-21,1.3719393759595058e-18,0.0,0.0
10,24,-7.105498735133151,3.287236200534393e-21,1.3719393759595058e-18,0.0,0.0
10,25,-7.105498735133151,3.287236200534393e-21,1.3719393759595058e-18,0.0,0.0
10,26,-7.105498735133151,3.287236200534393e-21,1.3719393759595058e-18,0.0,0.0
10,27,-7.105498735133151,3.287236200534393e-21,1.3719393759595058e-18,0.0,0.0
10,28,-7.105498735133151,3.287236200534393e-21,1.3719393759595058e-18,0.0,0.0
10,29,-7.105498735133151,3.287236200534393e-21,1.3719393759595058e-18,0.0,0.0
10,30,-7.105498735133151,3.287236200534393e-21,1.3719393759595058e-18,0.0,0.0
10,31,-7.105498735133151,3.287236200534393e-21,1.3719393759595058e-18,0.0,0.0
10,32,-7.105498735133151,3.287236200534393e-21,1.3719393759595058e-18,0.0,0.0
10,33,-7.105498735133151,3.287236200534393e-21,1.3719393759595058e-18,0.0,0.0
10,34,-7.105498735133151,3.287236200534393e-21,1.3719393759595058e-18,0.0,0.0
10,35,-7.105498735133151,3.287236200534393e-21,1.3719393759595058e-18,0.0,0.0
10,36,-7.105498735133151,3.287236200534393e-21,1.3719393759595058e-18,0.0,0.0
10,37,-7.105498735133151,3.287236200534393e-21,1.3719393759595058e-18,0.0,0.0
10,38,-7.105498735133151,3.287236200534393e-21,1.3719393759595058e-18,0.0,0.0
10,39,-7.105498735133151,3.287236200534393e-21,1.3719393759595058e-18,0.0,0.0
10,40,-7.105498735133151,3.287236200534393e-21,1.3719393759595058e-18,0.0,0.0
10,41,-7.105498735133151,3.287236200534393e-21,1.3719393759595058e-18,0.0,0.0
10,42,-7.105498735133151,3.287236200534393e-21,1.3719393759595058e-18,0.0,0.0
10,43,-7.105498735133151,3.287236200534393e-21,1.3719393759595058e-18,0.0,0.0
10,44,-7.105498735133151,3.287236200534393e-21,1.3719393759595058e-18,0.0,0.0
10,45,-7.105498735133151,3.287236200534393e-21,1.3719393759595058e-18,0.0,0.0
10,46,-7.105498735133151,3.287236200534393e-21,1.3719393759595058e-18,0.0,0.0
10,47,-7.105498735133151,3.287236200534393e-21,1.3719393759595058e-18,0.0,0.0
10,48,-7.105498735133151,3.287236200534393e-21,1.3719393759595058e-18,0.0,0.0
10,49,-7.105498735133151,3.287236200534393e-21,1.3719393759595058e-18,0.0,0.0
10,50,-7.105498735133151,3.287236200534393e-21,1.3719393759595058e-18,0.0,0.0
10,51,-7.105498735133151,3.287236200534393e-21,1.3719393759595058e-18,0.0,0.0
10,52,-7.105498735133151,3.287236200534393e-21,1.3719393759595058e-18,0.0,0.0
10,53,-7.105498735133151,3.287236200534393e-21,1.3719393759595058e-18,0.0,0.0
10,54,-7.105498735133151,3.287236200534393e-21,1.3719393759595058e-18,0.0,0.0
10,55,-7.105498735133151,3.287236200534393e-21,1.3719393759595058e-18,0.0,0.0
10,56,-7.105498735133151,3.287236200534393e-21,1.3719393759595058e-18,0.0,0.0
10,57,-7.105498735133151,3.287236200534393e-21,1.3719393759595058e-18,0.0,0.0
10,58,-7.105498735133151,3.287236200534393e-21,1.3719393759595058e-18,0.0,0.0
10,59,-7.105498735133151,3.287236200534393e-21,1.3719393759595058e-18,0.0,0.0
10,60,-7.105498735133151,3.287236200534393e-21,1.3719393759595058e-18,0.0,0.0
10,61,-7.105498735133151,3.287236200534393e-21,1.3719393759595058e-18,0.0,0.0
10,62,-7.105498735133151,3.287236200534393e-21,1.3719393759595058e-18,0.0,0.0
10,63,-7.105498735133151,3.287236200534393e-21,1.3719393759595058e-18,0.0,0.0
10,64,-7.105498735133151,3.287236200534393e-21,1.3719393759595058e-18,0.0,0.0
10,65,-7.105498735133151,3.287236200534393e-21,1.3719393759595058e-18,0.0,0.0
10,66,-7.105498735133151,3.287236200534393e-21,1.3719393759595058e-18,0.0,0.0
10,67,-7.105498735133151,3.287236200534393e-21,1.3719393759595058e-18,0.0,0.0
10,68,-7.105498735133151,3.287236200534393e-21,1.3719393759595058e-18,0.0,0.0
10,69,-7.105498735133151,3.287236200534393e-21,1.3719393759595058e-18,0.0,0.0
10,70,-7.105498735133151,3.287236200534393e-21,1.3719393759595058e-18,0.0,0.0
10,71,-7.105498735133151,3.287236200534393e-21,1.3719393759595058e-18,0.0,0.0
10,72,-7.105498735133151,3.287236200534393e-21,1.3719393759595058e-18,0.0,0.0
10,73,-7.105498735133151,3.287236200534393e-21,1.3719393759595058e-18,0.0,0.0
10,74,-7.105498735133151,3.287236200534393e-21,1.3719393759595058e-18,0.0,0.0
10,75,-7.105498735133151,3.287236200534393e-21,1.3719393759595058e-18,0.0,0.0
10,76,-7.105498735133151,3.287236200534393e-21,1.3719393759595058e-18,0.0,0.0
10,77,-7.105498735133151,3.287236200534393e-21,1.3719393759595058e-18,0.0,0.0
10,78,-7.105498735133151,3.287236200534393e-21,1.3719393759595058e-18,0.0,0.0
10,79,-7.105498735133151,3.287236200534393e-21,1.3719393759595058e-18,0.0,0.0
10,80,-7.105498735133151,3.287236200534393e-21,1.3719393759595058e-18,0.0,0.0
10,81,-7.105498735133151,3.287236200534393e-21,1.3719393759595058e-18,0.0,0.0
10,82,-7.105498735133151,3.287236200534393e-21,1.3719393759595058e-18,0.0,0.0
10,83,-7.105498735133151,3.287236200534393e-21,1.3719393759595058e-18,0.0,0.0
10,84,-7.105498735133151,3.287236200534393e-21,1.3719393759595058e-18,0.0,0.0
10,85,-7.105498735133151,3.287236200534393e-21,1.3719393759595058e-18,0.0,0.0
10,86,-7.105498735133151,3.287236200534393e-21,1.3719393759595058e-18,0.0,0.0
10,87,-7.105498735133151,3.287236200534393e-21,1.3719393759595058e-18,0.0,0.0
10,88,-7.105498735133151,3.287236200534393e-21,1.3719393759595058e-18,0.0,0.0
10,89,-7.105498735133151,3.287236200534393e-21,1.3719393759595058e-18,0.0,0.0
10,90,-7.105498735133151,3.287236200534393e-21,1.3719393759595058e-18,0.0,0.0
10,91,-7.105498735133151,3.287236200534393e-21,1.3719393759595058e-18,0.0,0.0
10,92,-7.105498735133151,3.287236200534393e-21,1.3719393759595058e-18,0.0,0.0
10,93,-7.105498735133151,3.287236200534393e-21,1.3719393759595058e-18,0.0,0.0
10,94,-7.105498735133151,3.287236200534393e-21,1.3719393759595058e-18,0.0,0.0
10,95,-7.105498735133151,3.287236200534393e-21,1.3719393759595058e-18,0.0,0.0
10,96,-7.105498735133151,3.287236200534393e-21,1.3719393759595058e-18,0.0,0.0
10,97,-7.105498735133151,3.287236200534393e-21,1.3719393759595058e-18,0.0,0.0
10,98,-7.105498735133151,3.287236200534393e-21,1.3719393759595058e-18,0.0,0.0
10,99,-7.105498735133151,3.287236200534393e-21,1.3719393759595058e-18,0.0,0.0
10,100,-7.105498735133151,3.287236200534393e-21,1.3719393759595058e-18,0.0,0.0
10,101,-7.105498735133151,3.287236200534393e-21,1.3719393759595058e-18,0.0,0.0
10,102,-7.105498735133151,3.287236200534393e-21,1.3719393759595058e-18,0.0,0.0
10,103,-7.105498735133151,3.287236200534393e-21,1.3719393759595058e-18,0.0,0.0
10,104,-7.105498735133151,3.287236200534393e-21,1.3719393759595058e-18,0.0,0.0
10,105,-7.105498735133151,3.287236200534393e-21,1.3719393759595058e-18,0.0,0.0
10,106,-7.105498735133151,3.287236200534393e-21,1.3719393759595058e-18,0.0,0.0
10,107,-7.105498735133151,3.287236200534393e-21,1.3719393759595058e-18,0.0,0.0
10,108,-7.105498735133151,3.287236200534393e-21,1.3719393759595058e-18,0.0,0.0
10,109,-7.105498735133151,3.287236200534393e-21,1.3719393759595058e-18,0.0,0.0
10,110,-7.105498735133151,3.287236200534393e-21,1.3719393759595058e-18,0.0,0.0
10,111,-7.105498735133151,3.287236200534393e-21,1.3719393759595058e-18,0.0,0.0
10,112,-7.105498735133151,3.287236200534393e-21,1.3719393759595058e-18,0.0,0.0
10,113,-7.105498735133151,3.287236200534393e-21,1.3719393759595058e-18,0.0,0.0
10,114,-7.105498735133151,3.287236200534393e-21,1.3719393759595058e-18,0.0,0.0
10,115,-7.105498735133151,3.287236200534393e-21,1.3719393759595058e-18,0.0,0.0
10,116,-7.105498735133151,3.287236200534393e-21,1.3719393759595058e-18,0.0,0.0
10,117,-7.105498735133151,3.287236200534393e-21,1.3719393759595058e-18,0.0,0.0
10,118,-7.105498735133151,3.287236200534393e-21,1.3719393759595058e-18,0.0,0.0
10,119,-7.105498735133151,3.287236200534393e-21,1.3719393759595058e-18,0.0,0.0
10,120,-7.105498735133151,3.287236200534393e-21,1.3719393759595058e-18,0.0,0.0
10,121,-7.105498735133151,3.287236200534393e-21,1.3719393759595058e-18,0.0,0.0
10,122,-7.105498735133151,3.287236200534393e-21,1.3719393759595058e-18,0.0,0.0
10,123,-7.105498735133151,3.287236200534393e-21,1.3719393759595058e-18,0.0,0.0
10,124,-7.105498735133151,3.287236200534393e-21,1.3719393759595058e-18,0.0,0.0
10,125,-7.105498735133151,3.287236200534393e-21,1.3719393759595058e-18,0.0,0.0
10,126,-7.105498735133151,3.287236200534393e-21,1.3719393759595058e-18,0.0,0.0
10,127,-7.105498735133151,3.287236200534393e-21,1.3719393759595058e-18,0.0,0.0
10,128,-7.105498735133151,3.287236200534393e-21,1.3719393759595058e-18,0.0,0.0
10,129,-7.105498735133151,3.287236200534393e-21,1.3719393759595058e-18,0.0,0.0
10,130,-7.105498735133151,3.287236200534393e-21,1.3719393759595058e-18,0.0,0.0
10,131,-7.105498735133151,3.287236200534393e-21,1.3719393759595058e-18,0.0,0.0
10,132,-7.105498735133151,3.287236200534393e-21,1.3719393759595058e-18,0.0,0.0
10,133,-7.105498735133151,3.287236200534393e-21,1.3719393759595058e-18,0.0,0.0
10,134,-7.105498735133151,3.287236200534393e-21,1.3719393759595058e-18,0.0,0.0
10,135,-7.105498735133151,3.287236200534393e-21,1.3719393759595058e-18,0.0,0.0
10,136,-7.105498735133151,3.287236200534393e-21,1.3719393759595058e-18,0.0,0.0
10,137,-7.105498735133151,3.287236200534393e-21,1.3719393759595058e-18,0.0,0.0
10,138,-7.105498735133151,3.287236200534393e-21,1.3719393759595058e-18,0.0,0.0
10,139,-7.105498735133151,3.287236200534393e-21,1.3719393759595058e-18,0.0,0.0
10,140,-7.105498735133151,3.287236200534393e-21,1.3719393759595058e-18,0.0,0.0
10,141,-7.105498735133151,3.287236200534393e-21,1.3719393759595058e-18,0.0,0.0
10,142,-7.105498735133151,3.287236200534393e-21,1.3719393759595058e-18,0.0,0.0
10,143,-7.105498735133151,3.287236200534393e-21,1.3719393759595058e-18,0.0,0.0
10,144,-7.105498735133151,3.287236200534393e-21,1.3719393759595058e-18,0.0,0.0
10,145,-7.105498735133151,3.287236200534393e-21,1.3719393759595058e-18,0.0,0.0
10,146,-7.105498735133151,3.287236200534393e-21,1.3719393759595058e-18,0.0,0.0
10,147,-7.105498735133151,3.287236200534393e-21,1.3719393759595058e-18,0.0,0.0
10,148,-7.105498735133151,3.287236200534393e-21,1.3719393759595058e-18,0.0,0.0
10,149,-7.105498735133151,3.287236200534393e-21,1.3719393759595058e-18,0.0,0.0
10,150,-7.105498735133151,3.287236200534393e-21,1.3719393759595058e-18,0.0,0.0
10,151,-7.105498735133151,3.287236200534393e-21,1.3719393759595058e-18,0.0,0.0
10,152,-7.105498735133151,3.287236200534393e-21,1.3719393759595058e-18,0.0,0.0
10,153,-7.105498735133151,3.287236200534393e-21,1.3719393759595058e-18,0.0,0.0
10,154,-7.105498735133151,3.287236200534393e-21,1.3719393759595058e-18,0.0,0.0
10,155,-7.105498735133151,3.287236200534393e-21,1.3719393759595058e-18,0.0,0.0
10,156,-7.105498735133151,3.287236200534393e-21,1.3719393759595058e-18,0.0,0.0
10,157,-7.105498735133151,3.287236200534393e-21,1.3719393759595058e-18,0.0,0.0
10,158,-7.105498735133151,3.287236200534393e-21,1.3719393759595058e-18,0.0,0.0
10,159,-7.105498735133151,3.287236200534393e-21,1.3719393759595058e-18,0.0,0.0
10,160,-7.105498735133151,3.287236200534393e-21,1.3719393759595058e-18,0.0,0.0
10,161,-7.105498735133151,3.287236200534393e-21,1.3719393759595058e-18,0.0,0.0
10,162,-7.105498735133151,3.287236200534393e-21,1.3719393759595058e-18,0.0,0.0
10,163,-7.105498735133151,3.287236200534393e-21,1.3719393759595058e-18,0.0,0.0
10,164,-7.105498735133151,3.287236200534393e-21,1.3719393759595058e-18,0.0,0.0
10,165,-7.105498735133151,3.287236200534393e-21,1.3719393759595058e-18,0.0,0.0
10,166,-7.105498735133151,3.287236200534393e-21,1.3719393759595058e-18,0.0,0.0
10,167,-7.105498735133151,3.287236200534393e-21,1.3719393759595058e-18,0.0,0.0
10,168,-7.105498735133151,3.287236200534393e-21,1.3719393759595058e-18,0.0,0.0
10,169,-7.105498735133151,3.287236200534393e-21,1.3719393759595058e-18,0.0,0.0
10,170,-7.105498735133151,3.287236200534393e-21,1.3719393759595058e-18,0.0,0.0
10,171,-7.105498735133151,3.287236200534393e-21,1.3719393759595058e-18,0.0,0.0
10,172,-7.105498735133151,3.287236200534393e-21,1.3719393759595058e-18,0.0,0.0
10,173,-7.105498735133151,3.287236200534393e-21,1.3719393759595058e-18,0.0,0.0
10,174,-7.105498735133151,3.287236200534393e-21,1.3719393759595058e-18,0.0,0.0
10,175,-7.105498735133151,3.287236200534393e-21,1.3719393759595058e-18,0.0,0.0
10,176,-7.105498735133151,3.287236200534393e-21,1.3719393759595058e-18,0.0,0.0
10,177,-7.105498735133151,3.287236200534393e-21,1.3719393759595058e-18,0.0,0.0
10,178,-7.105498735133151,3.287236200534393e-21,1.3719393759595058e-18,0.0,0.0
10,179,-7.105498735133151,3.287236200534393e-21,1.3719393759595058e-18,0.0,0.0
10,180,-7.105498735133151,3.287236200534393e-21,1.3719393759595058e-18,0.0,0.0
10,181,-7.105498735133151,3.287236200534393e-21,1.3719393759595058e-18,0.0,0.0
10,182,-7.105498735133151,3.287236200534393e-21,1.3719393759595058e-18,0.0,0.0
10,183,-7.105498735133151,3.287236200534393e-21,1.3719393759595058e-18,0.0,0.0
10,184,-7.105498735133151,3.287236200534393e-21,1.3719393759595058e-18,0.0,0.0
10,185,-7.105498735133151,3.287236200534393e-21,1.3719393759595058e-18,0.0,0.0
10,186,-7.105498735133151,3.287236200534393e-21,1.3719393759595058e-18,0.0,0.0
10,187,-7.105498735133151,3.287236200534393e-21,1.3719393759595058e-18,0.0,0.0
10,188,-7.105498735133151,3.287236200534393e-21,1.3719393759595058e-18,0.0,0.0
10,189,-7.105498735133151,3.287236200534393e-21,1.3719393759595058e-18,0.0,0.0
10,190,-7.105498735133151,3.287236200534393e-21,1.3719393759595058e-18,0.0,0.0
10,191,-7.105498735133151,3.287236200534393e-21,1.3719393759595058e-18,0.0,0.0
10,192,-7.105498735133151,3.287236200534393e-21,1.3719393759595058e-18,0.0,0.0
10,193,-7.105498735133151,3.287236200534393e-21,1.3719393759595058e-18,0.0,0.0
10,194,-7.105498735133151,3.287236200534393e-21,1.3719393759595058e-18,0.0,0.0
10,195,-7.105498735133151,3.287236200534393e-21,1.3719393759595058e-18,0.0,0.0
10,196,-7.105498735133151,3.287236200534393e-21,1.3719393759595058e-18,0.0,0.0
10,197,-7.105498735133151,3.287236200534393e-21,1.3719393759595058e-18,0.0,0.0
10,198,-7.105498735133151,3.287236200534393e-21,1.3719393759595058e-18,0.0,0.0
10,199,-7.105498735133151,3.287236200534393e-21,1.3719393759595058e-18,0.0,0.0
10,200,-7.105498735133151,3.287236200534393e-21,1.3719393759595058e-18,0.0,0.0
10,201,-7.105498735133151,3.287236200534393e-21,1.3719393759595058e-18,0.0,0.0
10,202,-7.105498735133151,3.287236200534393e-21,1.3719393759595058e-18,0.0,0.0
10,203,-7.105498735133151,3.287236200534393e-21,1.3719393759595058e-18,0.0,0.0
10,204,-7.105498735133151,3.287236200534393e-21,1.3719393759595058e-18,0.0,0.0
10,205,-7.105498735133151,3.287236200534393e-21,1.3719393759595058e-18,0.0,0.0
10,206,-7.105498735133151,3.287236200534393e-21,1.3719393759595058e-18,0.0,0.0
10,207,-7.105498735133151,3.287236200534393e-21,1.3719393759595058e-18,0.0,0.0
10,208,-7.105498735133151,3.287236200534393e-21,1.3719393759595058e-18,0.0,0.0
10,209,-7.105498735133151,3.287236200534393e-21,1.3719393759595058e-18,0.0,0.0
10,210,-7.105498735133151,3.287236200534393e-21,1.3719393759595058e-18,0.0,0.0
10,211,-7.105498735133151,3.287236200534393e-21,1.3719393759595058e-18,0.0,0.0
10,212,-7.105498735133151,3.287236200534393e-21,1.3719393759595058e-18,0.0,0.0
10,213,-7.105498735133151,3.287236200534393e-21,1.3719393759595058e-18,0.0,0.0
10,214,-7.105498735133151,3.287236200534393e-21,1.3719393759595058e-18,0.0,0.0
10,215,-7.105498735133151,3.287236200534393e-21,1.3719393759595058e-18,0.0,0.0
10,216,-7.105498735133151,3.287236200534393e-21,1.3719393759595058e-18,0.0,0.0
10,217,-7.105498735133151,3.287236200534393e-21,1.3719393759595058e-18,0.0,0.0
10,218,-7.105498735133151,3.287236200534393e-21,1.3719393759595058e-18,0.0,0.0
10,219,-7.105498735133151,3.287236200534393e-21,1.3719393759595058e-18,0.0,0.0
10,220,-7.105498735133151,3.287236200534393e-21,1.3719393759595058e-18,0.0,0.0
10,221,-7.105498735133151,3.287236200534393e-21,1.3719393759595058e-18,0.0,0.0
10,222,-7.105498735133151,3.287236200534393e-21,1.3719393759595058e-18,0.0,0.0
10,223,-7.105498735133151,3.287236200534393e-21,1.3719393759595058e-18,0.0,0.0
10,224,-7.105498735133151,3.287236200534393e-21,1.3719393759595058e-18,0.0,0.0
10,225,-7.105498735133151,3.287236200534393e-21,1.3719393759595058e-18,0.0,0.0
10,226,-7.105498735133151,3.287236200534393e-21,1.3719393759595058e-18,0.0,0.0
10,227,-7.105498735133151,3.287236200534393e-21,1.3719393759595058e-18,0.0,0.0
10,228,-7.105498735133151,3.287236200534393e-21,1.3719393759595058e-18,0.0,0.0
10,229,-7.105498735133151,3.287236200534393e-21,1.3719393759595058e-18,0.0,0.0
10,230,-7.105498735133151,3.287236200534393e-21,1.3719393759595058e-18,0.0,0.0
10,231,-7.105498735133151,3.287236200534393e-21,1.3719393759595058e-18,0.0,0.0
10,232,-7.105498735133151,3.287236200534393e-21,1.3719393759595058e-18,0.0,0.0
10,233,-7.105498735133151,3.287236200534393e-21,1.3719393759595058e-18,0.0,0.0
10,234,-7.105498735133151,3.287236200534393e-21,1.3719393759595058e-18,0.0,0.0
10,235,-7.105498735133151,3.287236200534393e-21,1.3719393759595058e-18,0.0,0.0
10,236,-7.105498735133151,3.287236200534393e-21,1.3719393759595058e-18,0.0,0.0
10,237,-7.105498735133151,3.287236200534393e-21,1.3719393759595058e-18,0.0,0.0
10,238,-7.105498735133151,3.287236200534393e-21,1.3719393759595058e-18,0.0,0.0
10,239,-7.105498735133151,3.287236200534393e-21,1.3719393759595058e-18,0.0,0.0
10,240,-7.105498735133151,3.287236200534393e-21,1.3719393759595058e-18,0.0,0.0
10,241,-7.105498735133151,3.287236200534393e-21,1.3719393759595058e-18,0.0,0.0
10,242,-7.105498735133151,3.287236200534393e-21,1.3719393759595058e-18,0.0,0.0
10,243,-7.105498735133151,3.287236200534393e-21,1.3719393759595058e-18,0.0,0.0
10,244,-7.105498735133151,3.287236200534393e-21,1.3719393759595058e-18,0.0,0.0
10,245,-7.105498735133151,3.287236200534393e-21,1.3719393759595058e-18,0.0,0.0
10,246,-7.105498735133151,3.287236200534393e-21,1.3719393759595058e-18,0.0,0.0
10,247,-7.105498735133151,3.287236200534393e-21,1.3719393759595058e-18,0.0,0.0
10,248,-7.105498735133151,3.287236200534393e-21,1.3719393759595058e-18,0.0,0.0
10,249,-7.105498735133151,3.287236200534393e-21,1.3719393759595058e-18,0.0,0.0
10,250,-7.105498735133151,3.287236200534393e-21,1.3719393759595058e-18,0.0,0.0
10,251,-7.105498735133151,3.287236200534393e-21,1.3719393759595058e-18,0.0,0.0
10,252,-7.105498735133151,3.287236200534393e-21,1.3719393759595058e-18,0.0,0.0
10,253,-7.105498735133151,3.287236200534393e-21,1.3719393759595058e-18,0.0,0.0
10,254,-7.105498735133151,3.287236200534393e-21,1.3719393759595058e-18,0.0,0.0
10,255,-7.105498735133151,3.287236200534393e-21,1.3719393759595058e-18,0.0,0.0
10,256,-7.105498735133151,3.287236200534393e-21,1.3719393759595058e-18,0.0,0.0
10,257,-7.105498735133151,3.287236200534393e-21,1.3719393759595058e-18,0.0,0.0
10,258,-7.105498735133151,3.287236200534393e-21,1.3719393759595058e-18,0.0,0.0
10,259,-7.105498735133151,3.287236200534393e-21,1.3719393759595058e-18,0.0,0.0
10,260,-7.105498735133151,3.287236200534393e-21,1.3719393759595058e-18,0.0,0.0
10,261,-7.105498735133151,3.287236200534393e-21,1.3719393759595058e-18,0.0,0.0
10,262,-7.105498735133151,3.287236200534393e-21,1.3719393759595058e-18,0.0,0.0
10,263,-7.105498735133151,3.287236200534393e-21,1.3719393759595058e-18,0.0,0.0
10,264,-7.105498735133151,3.287236200534393e-21,1.3719393759595058e-18,0.0,0.0
10,265,-7.105498735133151,3.287236200534393e-21,1.3719393759595058e-18,0.0,0.0
10,266,-7.105498735133151,3.287236200534393e-21,1.3719393759595058e-18,0.0,0.0
10,267,-7.105498735133151,3.287236200534393e-21,1.3719393759595058e-18,0.0,0.0
10,268,-7.105498735133151,3.287236200534393e-21,1.3719393759595058e-18,0.0,0.0
10,269,-7.105498735133151,3.287236200534393e-21,1.3719393759595058e-18,0.0,0.0
10,270,-7.105498735133151,3.287236200534393e-21,1.3719393759595058e-18,0.0,0.0
10,271,-7.105498735133151,3.287236200534393e-21,1.3719393759595058e-18,0.0,0.0
10,272,-7.105498735133151,3.287236200534393e-21,1.3719393759595058e-18,0.0,0.0
10,273,-7.105498735133151,3.287236200534393e-21,1.3719393759595058e-18,0.0,0.0
10,274,-7.105498735133151,3.287236200534393e-21,1.3719393759595058e-18,0.0,0.0
10,275,-7.105498735133151,3.287236200534393e-21,1.3719393759595058e-18,0.0,0.0
10,276,-7.105498735133151,3.287236200534393e-21,1.3719393759595058e-18,0.0,0.0
10,277,-7.105498735133151,3.287236200534393e-21,1.3719393759595058e-18,0.0,0.0
10,278,-7.105498735133151,3.287236200534393e-21,1.3719393759595058e-18,0.0,0.0
10,279,-7.105498735133151,3.287236200534393e-21,1.3719393759595058e-18,0.0,0.0
10,280,-7.105498735133151,3.287236200534393e-21,1.3719393759595058e-18,0.0,0.0
10,281,-7.105498735133151,3.287236200534393e-21,1.3719393759595058e-18,0.0,0.0
10,282,-7.105498735133151,3.287236200534393e-21,1.3719393759595058e-18,0.0,0.0
10,283,-7.105498735133151,3.287236200534393e-21,1.3719393759595058e-18,0.0,0.0
10,284,-7.105498735133151,3.287236200534393e-21,1.3719393759595058e-18,0.0,0.0
10,285,-7.105498735133151,3.287236200534393e-21,1.3719393759595058e-18,0.0,0.0
10,286,-7.105498735133151,3.287236200534393e-21,1.3719393759595058e-18,0.0,0.0
10,287,-7.105498735133151,3.287236200534393e-21,1.3719393759595058e-18,0.0,0.0
10,288,-7.105498735133151,3.287236200534393e-21,1.3719393759595058e-18,0.0,0.0
10,289,-7.105498735133151,3.287236200534393e-21,1.3719393759595058e-18,0.0,0.0
10,290,-7.105498735133151,3.287236200534393e-21,1.3719393759595058e-18,0.0,0.0
10,291,-7.105498735133151,3.287236200534393e-21,1.3719393759595058e-18,0.0,0.0
10,292,-7.105498735133151,3.287236200534393e-21,1.3719393759595058e-18,0.0,0.0
10,293,-7.105498735133151,3.287236200534393e-21,1.3719393759595058e-18,0.0,0.0
10,294,-7.105498735133151,3.287236200534393e-21,1.3719393759595058e-18,0.0,0.0
10,295,-7.105498735133151,3.287236200534393e-21,1.3719393759595058e-18,0.0,0.0
10,296,-7.105498735133151,3.287236200534393e-21,1.3719393759595058e-18,0.0,0.0
10,297,-7.105498735133151,3.287236200534393e-21,1.3719393759595058e-18,0.0,0.0
10,298,-7.105498735133151,3.287236200534393e-21,1.3719393759595058e-18,0.0,0.0
10,299,-7.105498735133151,3.287236200534393e-21,1.3719393759595058e-18,0.0,0.0
10,300,-7.105498735133151,3.287236200534393e-21,1.3719393759595058e-18,0.0,0.0
11,1,-6.597412508515771,0.16319725156755693,55.44345035515435,0.006352505201117198,0.026633342919204467
11,2,-6.634779441518349,0.0219172655306927,7.446012795556588,0.009081261770202716,0.018036283683957426
11,3,-6.635293607537536,0.004078764673617287,1.3856899213676062,0.007060176679382917,0.034632557185319046
11,4,-6.635312466723926,0.00044291422803140515,0.1504724667699766,0.007479392614926492,0.011791850511562412
11,5,-6.635312714879527,5.199861265689705e-05,0.01766563144714564,0.008346216443860613,0.013783015673160077
11,6,-6.635312717648817,6.275041147062441e-06,0.002131836957864985,0.006757558165856491,0.014562959529115776
11,7,-6.635312717696788,1.415253475101482e-07,4.808079488658961e-05,0.008038102508265373,0.0005086690385876163
11,8,-6.635312717696808,1.4774709238766164e-20,5.0194525356468596e-18,0.006467658962506878,1.089856768833199e-26
11,9,-6.635312717696808,1.4774709238766164e-20,5.0194525356468596e-18,0.0,0.0
11,10,-6.635312717696808,1.4774709238766164e-20,5.0194525356468596e-18,0.0,0.0
11,11,-6.635312717696808,1.4774709238766164e-20,5.0194525356468596e-18,0.0,0.0
11,12,-6.635312717696808,1.4774709238766164e-20,5.0194525356468596e-18,0.0,0.0
11,13,-6.635312717696808,1.4774709238766164e-20,5.0194525356468596e-18,0.0,0.0
11,14,-6.635312717696808,1.4774709238766164e-20,5.0194525356468596e-18,0.0,0.0
11,15,-6.635312717696808,1.4774709238766164e-20,5.0194525356468596e-18,0.0,0.0
11,16,-6.635312717696808,1.4774709238766164e-20,5.0194525356468596e-18,0.0,0.0
11,17,-6.635312717696808,1.4774709238766164e-20,5.0194525356468596e-18,0.0,0.0
11,18,-6.635312717696808,1.4774709238766164e-20,5.0194525356468596e-18,0.0,0.0
11,19,-6.635312717696808,1.4774709238766164e-20,5.0194525356468596e-18,0.0,0.0
11,20,-6.635312717696808,1.4774709238766164e-20,5.0194525356468596e-18,0.0,0.0
11,21,-6.635312717696808,1.4774709238766164e-20,5.0194525356468596e-18,0.0,0.0
11,22,-6.635312717696808,1.4774709238766164e-20,5.0194525356468596e-18,0.0,0.0
11,23,-6.635312717696808,1.4774709238766164e-20,5.0194525356468596e-18,0.0,0.0
11,24,-6.635312717696808,1.4774709238766164e-20,5.0194525356468596e-18,0.0,0.0
11,25,-6.635312717696808,1.4774709238766164e-20,5.0194525356468596e-18,0.0,0.0
11,26,-6.635312717696808,1.4774709238766164e-20,5.0194525356468596e-18,0.0,0.0
11,27,-6.635312717696808,1.4774709238766164e-20,5.0194525356468596e-18,0.0,0.0
11,28,-6.635312717696808,1.4774709238766164e-20,5.0194525356468596e-18,0.0,0.0
11,29,-6.635312717696808,1.4774709238766164e-20,5.0194525356468596e-18,0.0,0.0
11,30,-6.635312717696808,1.4774709238766164e-20,5.0194525356468596e-18,0.0,0.0
11,31,-6.635312717696808,1.4774709238766164e-20,5.0194525356468596e-18,0.0,0.0
11,32,-6.635312717696808,1.4774709238766164e-20,5.0194525356468596e-18,0.0,0.0
11,33,-6.635312717696808,1.4774709238766164e-20,5.0194525356468596e-18,0.0,0.0
11,34,-6.635312717696808,1.4774709238766164e-20,5.0194525356468596e-18,0.0,0.0
11,35,-6.635312717696808,1.4774709238766164e-20,5.0194525356468596e-18,0.0,0.0
11,36,-6.635312717696808,1.4774709238766164e-20,5.0194525356468596e-18,0.0,0.0
11,37,-6.635312717696808,1.4774709238766164e-20,5.0194525356468596e-18,0.0,0.0
11,38,-6.635312717696808,1.4774709238766164e-20,5.0194525356468596e-18,0.0,0.0
11,39,-6.635312717696808,1.4774709238766164e-20,5.0194525356468596e-18,0.0,0.0
11,40,-6.635312717696808,1.4774709238766164e-20,5.0194525356468596e-18,0.0,0.0
11,41,-6.635312717696808,1.4774709238766164e-20,5.0194525356468596e-18,0.0,0.0
11,42,-6.635312717696808,1.4774709238766164e-20,5.0194525356468596e-18,0.0,0.0
11,43,-6.635312717696808,1.4774709238766164e-20,5.0194525356468596e-18,0.0,0.0
11,44,-6.635312717696808,1.4774709238766164e-20,5.0194525356468596e-18,0.0,0.0
11,45,-6.635312717696808,1.4774709238766164e-20,5.0194525356468596e-18,0.0,0.0
11,46,-6.635312717696808,1.4774709238766164e-20,5.0194525356468596e-18,0.0,0.0
11,47,-6.635312717696808,1.4774709238766164e-20,5.0194525356468596e-18,0.0,0.0
11,48,-6.635312717696808,1.4774709238766164e-20,5.0194525356468596e-18,0.0,0.0
11,49,-6.635312717696808,1.4774709238766164e-20,5.0194525356468596e-18,0.0,0.0
11,50,-6.635312717696808,1.4774709238766164e-20,5.0194525356468596e-18,0.0,0.0
11,51,-6.635312717696808,1.4774709238766164e-20,5.0194525356468596e-18,0.0,0.0
11,52,-6.635312717696808,1.4774709238766164e-20,5.0194525356468596e-18,0.0,0.0
11,53,-6.635312717696808,1.4774709238766164e-20,5.0194525356468596e-18,0.0,0.0
11,54,-6.635312717696808,1.4774709238766164e-20,5.0194525356468596e-18,0.0,0.0
11,55,-6.635312717696808,1.4774709238766164e-20,5.0194525356468596e-18,0.0,0.0
11,56,-6.635312717696808,1.4774709238766164e-20,5.0194525356468596e-18,0.0,0.0
11,57,-6.635312717696808,1.4774709238766164e-20,5.0194525356468596e-18,0.0,0.0
11,58,-6.635312717696808,1.4774709238766164e-20,5.0194525356468596e-18,0.0,0.0
11,59,-6.635312717696808,1.4774709238766164e-20,5.0194525356468596e-18,0.0,0.0
11,60,-6.635312717696808,1.4774709238766164e-20,5.0194525356468596e-18,0.0,0.0
11,61,-6.635312717696808,1.4774709238766164e-20,5.0194525356468596e-18,0.0,0.0
11,62,-6.635312717696808,1.4774709238766164e-20,5.0194525356468596e-18,0.0,0.0
11,63,-6.635312717696808,1.4774709238766164e-20,5.0194525356468596e-18,0.0,0.0
11,64,-6.635312717696808,1.4774709238766164e-20,5.0194525356468596e-18,0.0,0.0
11,65,-6.635312717696808,1.4774709238766164e-20,5.0194525356468596e-18,0.0,0.0
11,66,-6.635312717696808,1.4774709238766164e-20,5.0194525356468596e-18,0.0,0.0
11,67,-6.635312717696808,1.4774709238766164e-20,5.0194525356468596e-18,0.0,0.0
11,68,-6.635312717696808,1.4774709238766164e-20,5.0194525356468596e-18,0.0,0.0
11,69,-6.635312717696808,1.4774709238766164e-20,5.0194525356468596e-18,0.0,0.0
11,70,-6.635312717696808,1.4774709238766164e-20,5.0194525356468596e-18,0.0,0.0
11,71,-6.635312717696808,1.4774709238766164e-20,5.0194525356468596e-18,0.0,0.0
11,72,-6.635312717696808,1.4774709238766164e-20,5.0194525356468596e-18,0.0,0.0
11,73,-6.635312717696808,1.4774709238766164e-20,5.0194525356468596e-18,0.0,0.0
11,74,-6.635312717696808,1.4774709238766164e-20,5.0194525356468596e-18,0.0,0.0
11,75,-6.635312717696808,1.4774709238766164e-20,5.0194525356468596e-18,0.0,0.0
11,76,-6.635312717696808,1.4774709238766164e-20,5.0194525356468596e-18,0.0,0.0
11,77,-6.635312717696808,1.4774709238766164e-20,5.0194525356468596e-18,0.0,0.0
11,78,-6.635312717696808,1.4774709238766164e-20,5.0194525356468596e-18,0.0,0.0
11,79,-6.635312717696808,1.4774709238766164e-20,5.0194525356468596e-18,0.0,0.0
11,80,-6.635312717696808,1.4774709238766164e-20,5.0194525356468596e-18,0.0,0.0
11,81,-6.635312717696808,1.4774709238766164e-20,5.0194525356468596e-18,0.0,0.0
11,82,-6.635312717696808,1.4774709238766164e-20,5.0194525356468596e-18,0.0,0.0
11,83,-6.635312717696808,1.4774709238766164e-20,5.0194525356468596e-18,0.0,0.0
11,84,-6.635312717696808,1.4774709238766164e-20,5.0194525356468596e-18,0.0,0.0
11,85,-6.635312717696808,1.4774709238766164e-20,5.0194525356468596e-18,0.0,0.0
11,86,-6.635312717696808,1.4774709238766164e-20,5.0194525356468596e-18,0.0,0.0
11,87,-6.635312717696808,1.4774709238766164e-20,5.0194525356468596e-18,0.0,0.0
11,88,-6.635312717696808,1.4774709238766164e-20,5.0194525356468596e-18,0.0,0.0
11,89,-6.635312717696808,1.4774709238766164e-20,5.0194525356468596e-18,0.0,0.0
11,90,-6.635312717696808,1.4774709238766164e-20,5.0194525356468596e-18,0.0,0.0
11,91,-6.635312717696808,1.4774709238766164e-20,5.0194525356468596e-18,0.0,0.0
11,92,-6.635312717696808,1.4774709238766164e-20,5.0194525356468596e-18,0.0,0.0
11,93,-6.635312717696808,1.4774709238766164e-20,5.0194525356468596e-18,0.0,0.0
11,94,-6.635312717696808,1.4774709238766164e-20,5.0194525356468596e-18,0.0,0.0
11,95,-6.635312717696808,1.4774709238766164e-20,5.0194525356468596e-18,0.0,0.0
11,96,-6.635312717696808,1.4774709238766164e-20,5.0194525356468596e-18,0.0,0.0
11,97,-6.635312717696808,1.4774709238766164e-20,5.0194525356468596e-18,0.0,0.0
11,98,-6.635312717696808,1.4774709238766164e-20,5.0194525356468596e-18,0.0,0.0
11,99,-6.635312717696808,1.4774709238766164e-20,5.0194525356468596e-18,0.0,0.0
11,100,-6.635312717696808,1.4774709238766164e-20,5.0194525356468596e-18,0.0,0.0
11,101,-6.635312717696808,1.4774709238766164e-20,5.0194525356468596e-18,0.0,0.0
11,102,-6.635312717696808,1.4774709238766164e-20,5.0194525356468596e-18,0.0,0.0
11,103,-6.635312717696808,1.4774709238766164e-20,5.0194525356468596e-18,0.0,0.0
11,104,-6.635312717696808,1.4774709238766164e-20,5.0194525356468596e-18,0.0,0.0
11,105,-6.635312717696808,1.4774709238766164e-20,5.0194525356468596e-18,0.0,0.0
11,106,-6.635312717696808,1.4774709238766164e-20,5.0194525356468596e-18,0.0,0.0
11,107,-6.635312717696808,1.4774709238766164e-20,5.0194525356468596e-18,0.0,0.0
11,108,-6.635312717696808,1.4774709238766164e-20,5.0194525356468596e-18,0.0,0.0
11,109,-6.635312717696808,1.4774709238766164e-20,5.0194525356468596e-18,0.0,0.0
11,110,-6.635312717696808,1.4774709238766164e-20,5.0194525356468596e-18,0.0,0.0
11,111,-6.635312717696808,1.4774709238766164e-20,5.0194525356468596e-18,0.0,0.0
11,112,-6.635312717696808,1.4774709238766164e-20,5.0194525356468596e-18,0.0,0.0
11,113,-6.635312717696808,1.4774709238766164e-20,5.0194525356468596e-18,0.0,0.0
11,114,-6.635312717696808,1.4774709238766164e-20,5.0194525356468596e-18,0.0,0.0
11,115,-6.635312717696808,1.4774709238766164e-20,5.0194525356468596e-18,0.0,0.0
11,116,-6.635312717696808,1.4774709238766164e-20,5.0194525356468596e-18,0.0,0.0
11,117,-6.635312717696808,1.4774709238766164e-20,5.0194525356468596e-18,0.0,0.0
11,118,-6.635312717696808,1.4774709238766164e-20,5.0194525356468596e-18,0.0,0.0
11,119,-6.635312717696808,1.4774709238766164e-20,5.0194525356468596e-18,0.0,0.0
11,120,-6.635312717696808,1.4774709238766164e-20,5.0194525356468596e-18,0.0,0.0
11,121,-6.635312717696808,1.4774709238766164e-20,5.0194525356468596e-18,0.0,0.0
11,122,-6.635312717696808,1.4774709238766164e-20,5.0194525356468596e-18,0.0,0.0
11,123,-6.635312717696808,1.4774709238766164e-20,5.0194525356468596e-18,0.0,0.0
11,124,-6.635312717696808,1.4774709238766164e-20,5.0194525356468596e-18,0.0,0.0
11,125,-6.635312717696808,1.4774709238766164e-20,5.0194525356468596e-18,0.0,0.0
11,126,-6.635312717696808,1.4774709238766164e-20,5.0194525356468596e-18,0.0,0.0
11,127,-6.635312717696808,1.4774709238766164e-20,5.0194525356468596e-18,0.0,0.0
11,128,-6.635312717696808,1.4774709238766164e-20,5.0194525356468596e-18,0.0,0.0
11,129,-6.635312717696808,1.4774709238766164e-20,5.0194525356468596e-18,0.0,0.0
11,130,-6.635312717696808,1.4774709238766164e-20,5.0194525356468596e-18,0.0,0.0
11,131,-6.635312717696808,1.4774709238766164e-20,5.0194525356468596e-18,0.0,0.0
11,132,-6.635312717696808,1.4774709238766164e-20,5.0194525356468596e-18,0.0,0.0
11,133,-6.635312717696808,1.4774709238766164e-20,5.0194525356468596e-18,0.0,0.0
11,134,-6.635312717696808,1.4774709238766164e-20,5.0194525356468596e-18,0.0,0.0
11,135,-6.635312717696808,1.4774709238766164e-20,5.0194525356468596e-18,0.0,0.0
11,136,-6.635312717696808,1.4774709238766164e-20,5.0194525356468596e-18,0.0,0.0
11,137,-6.635312717696808,1.4774709238766164e-20,5.0194525356468596e-18,0.0,0.0
11,138,-6.635312717696808,1.4774709238766164e-20,5.0194525356468596e-18,0.0,0.0
11,139,-6.635312717696808,1.4774709238766164e-20,5.0194525356468596e-18,0.0,0.0
11,140,-6.635312717696808,1.4774709238766164e-20,5.0194525356468596e-18,0.0,0.0
11,141,-6.635312717696808,1.4774709238766164e-20,5.0194525356468596e-18,0.0,0.0
11,142,-6.635312717696808,1.4774709238766164e-20,5.0194525356468596e-18,0.0,0.0
11,143,-6.635312717696808,1.4774709238766164e-20,5.0194525356468596e-18,0.0,0.0
11,144,-6.635312717696808,1.4774709238766164e-20,5.0194525356468596e-18,0.0,0.0
11,145,-6.635312717696808,1.4774709238766164e-20,5.0194525356468596e-18,0.0,0.0
11,146,-6.635312717696808,1.4774709238766164e-20,5.0194525356468596e-18,0.0,0.0
11,147,-6.635312717696808,1.4774709238766164e-20,5.0194525356468596e-18,0.0,0.0
11,148,-6.635312717696808,1.4774709238766164e-20,5.0194525356468596e-18,0.0,0.0
11,149,-6.635312717696808,1.4774709238766164e-20,5.0194525356468596e-18,0.0,0.0
11,150,-6.635312717696808,1.4774709238766164e-20,5.0194525356468596e-18,0.0,0.0
11,151,-6.635312717696808,1.4774709238766164e-20,5.0194525356468596e-18,0.0,0.0
11,152,-6.635312717696808,1.4774709238766164e-20,5.0194525356468596e-18,0.0,0.0
11,153,-6.635312717696808,1.4774709238766164e-20,5.0194525356468596e-18,0.0,0.0
11,154,-6.635312717696808,1.4774709238766164e-20,5.0194525356468596e-18,0.0,0.0
11,155,-6.635312717696808,1.4774709238766164e-20,5.0194525356468596e-18,0.0,0.0
11,156,-6.635312717696808,1.4774709238766164e-20,5.0194525356468596e-18,0.0,0.0
11,157,-6.635312717696808,1.4774709238766164e-20,5.0194525356468596e-18,0.0,0.0
11,158,-6.635312717696808,1.4774709238766164e-20,5.0194525356468596e-18,0.0,0.0
11,159,-6.635312717696808,1.4774709238766164e-20,5.0194525356468596e-18,0.0,0.0
11,160,-6.635312717696808,1.4774709238766164e-20,5.0194525356468596e-18,0.0,0.0
11,161,-6.635312717696808,1.4774709238766164e-20,5.0194525356468596e-18,0.0,0.0
11,162,-6.635312717696808,1.4774709238766164e-20,5.0194525356468596e-18,0.0,0.0
11,163,-6.635312717696808,1.4774709238766164e-20,5.0194525356468596e-18,0.0,0.0
11,164,-6.635312717696808,1.4774709238766164e-20,5.0194525356468596e-18,0.0,0.0
11,165,-6.635312717696808,1.4774709238766164e-20,5.0194525356468596e-18,0.0,0.0
11,166,-6.635312717696808,1.4774709238766164e-20,5.0194525356468596e-18,0.0,0.0
11,167,-6.635312717696808,1.4774709238766164e-20,5.0194525356468596e-18,0.0,0.0
11,168,-6.635312717696808,1.4774709238766164e-20,5.0194525356468596e-18,0.0,0.0
11,169,-6.635312717696808,1.4774709238766164e-20,5.0194525356468596e-18,0.0,0.0
11,170,-6.635312717696808,1.4774709238766164e-20,5.0194525356468596e-18,0.0,0.0
11,171,-6.635312717696808,1.4774709238766164e-20,5.0194525356468596e-18,0.0,0.0
11,172,-6.635312717696808,1.4774709238766164e-20,5.0194525356468596e-18,0.0,0.0
11,173,-6.635312717696808,1.4774709238766164e-20,5.0194525356468596e-18,0.0,0.0
11,174,-6.635312717696808,1.4774709238766164e-20,5.0194525356468596e-18,0.0,0.0
11,175,-6.635312717696808,1.4774709238766164e-20,5.0194525356468596e-18,0.0,0.0
11,176,-6.635312717696808,1.4774709238766164e-20,5.0194525356468596e-18,0.0,0.0
11,177,-6.635312717696808,1.4774709238766164e-20,5.0194525356468596e-18,0.0,0.0
11,178,-6.635312717696808,1.4774709238766164e-20,5.0194525356468596e-18,0.0,0.0
11,179,-6.635312717696808,1.4774709238766164e-20,5.0194525356468596e-18,0.0,0.0
11,180,-6.635312717696808,1.4774709238766164e-20,5.0194525356468596e-18,0.0,0.0
11,181,-6.635312717696808,1.4774709238766164e-20,5.0194525356468596e-18,0.0,0.0
11,182,-6.635312717696808,1.4774709238766164e-20,5.0194525356468596e-18,0.0,0.0
11,183,-6.635312717696808,1.4774709238766164e-20,5.0194525356468596e-18,0.0,0.0
11,184,-6.635312717696808,1.4774709238766164e-20,5.0194525356468596e-18,0.0,0.0
11,185,-6.635312717696808,1.4774709238766164e-20,5.0194525356468596e-18,0.0,0.0
11,186,-6.635312717696808,1.4774709238766164e-20,5.0194525356468596e-18,0.0,0.0
11,187,-6.635312717696808,1.4774709238766164e-20,5.0194525356468596e-18,0.0,0.0
11,188,-6.635312717696808,1.4774709238766164e-20,5.0194525356468596e-18,0.0,0.0
11,189,-6.635312717696808,1.4774709238766164e-20,5.0194525356468596e-18,0.0,0.0
11,190,-6.635312717696808,1.4774709238766164e-20,5.0194525356468596e-18,0.0,0.0
11,191,-6.635312717696808,1.4774709238766164e-20,5.0194525356468596e-18,0.0,0.0
11,192,-6.635312717696808,1.4774709238766164e-20,5.0194525356468596e-18,0.0,0.0
11,193,-6.635312717696808,1.4774709238766164e-20,5.0194525356468596e-18,0.0,0.0
11,194,-6.635312717696808,1.4774709238766164e-20,5.0194525356468596e-18,0.0,0.0
11,195,-6.635312717696808,1.4774709238766164e-20,5.0194525356468596e-18,0.0,0.0
11,196,-6.635312717696808,1.4774709238766164e-20,5.0194525356468596e-18,0.0,0.0
11,197,-6.635312717696808,1.4774709238766164e-20,5.0194525356468596e-18,0.0,0.0
11,198,-6.635312717696808,1.4774709238766164e-20,5.0194525356468596e-18,0.0,0.0
11,199,-6.635312717696808,1.4774709238766164e-20,5.0194525356468596e-18,0.0,0.0
11,200,-6.635312717696808,1.4774709238766164e-20,5.0194525356468596e-18,0.0,0.0
11,201,-6.635312717696808,1.4774709238766164e-20,5.0194525356468596e-18,0.0,0.0
11,202,-6.635312717696808,1.4774709238766164e-20,5.0194525356468596e-18,0.0,0.0
11,203,-6.635312717696808,1.4774709238766164e-20,5.0194525356468596e-18,0.0,0.0
11,204,-6.635312717696808,1.4774709238766164e-20,5.0194525356468596e-18,0.0,0.0
11,205,-6.635312717696808,1.4774709238766164e-20,5.0194525356468596e-18,0.0,0.0
11,206,-6.635312717696808,1.4774709238766164e-20,5.0194525356468596e-18,0.0,0.0
11,207,-6.635312717696808,1.4774709238766164e-20,5.0194525356468596e-18,0.0,0.0
11,208,-6.635312717696808,1.4774709238766164e-20,5.0194525356468596e-18,0.0,0.0
11,209,-6.635312717696808,1.4774709238766164e-20,5.0194525356468596e-18,0.0,0.0
11,210,-6.635312717696808,1.4774709238766164e-20,5.0194525356468596e-18,0.0,0.0
11,211,-6.635312717696808,1.4774709238766164e-20,5.0194525356468596e-18,0.0,0.0
11,212,-6.635312717696808,1.4774709238766164e-20,5.0194525356468596e-18,0.0,0.0
11,213,-6.635312717696808,1.4774709238766164e-20,5.0194525356468596e-18,0.0,0.0
11,214,-6.635312717696808,1.4774709238766164e-20,5.0194525356468596e-18,0.0,0.0
11,215,-6.635312717696808,1.4774709238766164e-20,5.0194525356468596e-18,0.0,0.0
11,216,-6.635312717696808,1.4774709238766164e-20,5.0194525356468596e-18,0.0,0.0
11,217,-6.635312717696808,1.4774709238766164e-20,5.0194525356468596e-18,0.0,0.0
11,218,-6.635312717696808,1.4774709238766164e-20,5.0194525356468596e-18,0.0,0.0
11,219,-6.635312717696808,1.4774709238766164e-20,5.0194525356468596e-18,0.0,0.0
11,220,-6.635312717696808,1.4774709238766164e-20,5.0194525356468596e-18,0.0,0.0
11,221,-6.635312717696808,1.4774709238766164e-20,5.0194525356468596e-18,0.0,0.0
11,222,-6.635312717696808,1.4774709238766164e-20,5.0194525356468596e-18,0.0,0.0
11,223,-6.635312717696808,1.4774709238766164e-20,5.0194525356468596e-18,0.0,0.0
11,224,-6.635312717696808,1.4774709238766164e-20,5.0194525356468596e-18,0.0,0.0
11,225,-6.635312717696808,1.4774709238766164e-20,5.0194525356468596e-18,0.0,0.0
11,226,-6.635312717696808,1.4774709238766164e-20,5.0194525356468596e-18,0.0,0.0
11,227,-6.635312717696808,1.4774709238766164e-20,5.0194525356468596e-18,0.0,0.0
11,228,-6.635312717696808,1.4774709238766164e-20,5.0194525356468596e-18,0.0,0.0
11,229,-6.635312717696808,1.4774709238766164e-20,5.0194525356468596e-18,0.0,0.0
11,230,-6.635312717696808,1.4774709238766164e-20,5.0194525356468596e-18,0.0,0.0
11,231,-6.635312717696808,1.4774709238766164e-20,5.0194525356468596e-18,0.0,0.0
11,232,-6.635312717696808,1.4774709238766164e-20,5.0194525356468596e-18,0.0,0.0
11,233,-6.635312717696808,1.4774709238766164e-20,5.0194525356468596e-18,0.0,0.0
11,234,-6.635312717696808,1.4774709238766164e-20,5.0194525356468596e-18,0.0,0.0
11,235,-6.635312717696808,1.4774709238766164e-20,5.0194525356468596e-18,0.0,0.0
11,236,-6.635312717696808,1.4774709238766164e-20,5.0194525356468596e-18,0.0,0.0
11,237,-6.635312717696808,1.4774709238766164e-20,5.0194525356468596e-18,0.0,0.0
11,238,-6.635312717696808,1.4774709238766164e-20,5.0194525356468596e-18,0.0,0.0
11,239,-6.635312717696808,1.4774709238766164e-20,5.0194525356468596e-18,0.0,0.0
11,240,-6.635312717696808,1.4774709238766164e-20,5.0194525356468596e-18,0.0,0.0
11,241,-6.635312717696808,1.4774709238766164e-20,5.0194525356468596e-18,0.0,0.0
11,242,-6.635312717696808,1.4774709238766164e-20,5.0194525356468596e-18,0.0,0.0
11,243,-6.635312717696808,1.4774709238766164e-20,5.0194525356468596e-18,0.0,0.0
11,244,-6.635312717696808,1.4774709238766164e-20,5.0194525356468596e-18,0.0,0.0
11,245,-6.635312717696808,1.4774709238766164e-20,5.0194525356468596e-18,0.0,0.0
11,246,-6.635312717696808,1.4774709238766164e-20,5.0194525356468596e-18,0.0,0.0
11,247,-6.635312717696808,1.4774709238766164e-20,5.0194525356468596e-18,0.0,0.0
11,248,-6.635312717696808,1.4774709238766164e-20,5.0194525356468596e-18,0.0,0.0
11,249,-6.635312717696808,1.4774709238766164e-20,5.0194525356468596e-18,0.0,0.0
11,250,-6.635312717696808,1.4774709238766164e-20,5.0194525356468596e-18,0.0,0.0
11,251,-6.635312717696808,1.4774709238766164e-20,5.0194525356468596e-18,0.0,0.0
11,252,-6.635312717696808,1.4774709238766164e-20,5.0194525356468596e-18,0.0,0.0
11,253,-6.635312717696808,1.4774709238766164e-20,5.0194525356468596e-18,0.0,0.0
11,254,-6.635312717696808,1.4774709238766164e-20,5.0194525356468596e-18,0.0,0.0
11,255,-6.635312717696808,1.4774709238766164e-20,5.0194525356468596e-18,0.0,0.0
11,256,-6.635312717696808,1.4774709238766164e-20,5.0194525356468596e-18,0.0,0.0
11,257,-6.635312717696808,1.4774709238766164e-20,5.0194525356468596e-18,0.0,0.0
11,258,-6.635312717696808,1.4774709238766164e-20,5.0194525356468596e-18,0.0,0.0
11,259,-6.635312717696808,1.4774709238766164e-20,5.0194525356468596e-18,0.0,0.0
11,260,-6.635312717696808,1.4774709238766164e-20,5.0194525356468596e-18,0.0,0.0
11,261,-6.635312717696808,1.4774709238766164e-20,5.0194525356468596e-18,0.0,0.0
11,262,-6.635312717696808,1.4774709238766164e-20,5.0194525356468596e-18,0.0,0.0
11,263,-6.635312717696808,1.4774709238766164e-20,5.0194525356468596e-18,0.0,0.0
11,264,-6.635312717696808,1.4774709238766164e-20,5.0194525356468596e-18,0.0,0.0
11,265,-6.635312717696808,1.4774709238766164e-20,5.0194525356468596e-18,0.0,0.0
11,266,-6.635312717696808,1.4774709238766164e-20,5.0194525356468596e-18,0.0,0.0
11,267,-6.635312717696808,1.4774709238766164e-20,5.0194525356468596e-18,0.0,0.0
11,268,-6.635312717696808,1.4774709238766164e-20,5.0194525356468596e-18,0.0,0.0
11,269,-6.635312717696808,1.4774709238766164e-20,5.0194525356468596e-18,0.0,0.0
11,270,-6.635312717696808,1.4774709238766164e-20,5.0194525356468596e-18,0.0,0.0
11,271,-6.635312717696808,1.4774709238766164e-20,5.0194525356468596e-18,0.0,0.0
11,272,-6.635312717696808,1.4774709238766164e-20,5.0194525356468596e-18,0.0,0.0
11,273,-6.635312717696808,1.4774709238766164e-20,5.0194525356468596e-18,0.0,0.0
11,274,-6.635312717696808,1.4774709238766164e-20,5.0194525356468596e-18,0.0,0.0
11,275,-6.635312717696808,1.4774709238766164e-20,5.0194525356468596e-18,0.0,0.0
11,276,-6.635312717696808,1.4774709238766164e-20,5.0194525356468596e-18,0.0,0.0
11,277,-6.635312717696808,1.4774709238766164e-20,5.0194525356468596e-18,0.0,0.0
11,278,-6.635312717696808,1.4774709238766164e-20,5.0194525356468596e-18,0.0,0.0
11,279,-6.635312717696808,1.4774709238766164e-20,5.0194525356468596e-18,0.0,0.0
11,280,-6.635312717696808,1.4774709238766164e-20,5.0194525356468596e-18,0.0,0.0
11,281,-6.635312717696808,1.4774709238766164e-20,5.0194525356468596e-18,0.0,0.0
11,282,-6.635312717696808,1.4774709238766164e-20,5.0194525356468596e-18,0.0,0.0
11,283,-6.635312717696808,1.4774709238766164e-20,5.0194525356468596e-18,0.0,0.0
11,284,-6.635312717696808,1.4774709238766164e-20,5.0194525356468596e-18,0.0,0.0
11,285,-6.635312717696808,1.4774709238766164e-20,5.0194525356468596e-18,0.0,0.0
11,286,-6.635312717696808,1.4774709238766164e-20,5.0194525356468596e-18,0.0,0.0
11,287,-6.635312717696808,1.4774709238766164e-20,5.0194525356468596e-18,0.0,0.0
11,288,-6.635312717696808,1.4774709238766164e-20,5.0194525356468596e-18,0.0,0.0
11,289,-6.635312717696808,1.4774709238766164e-20,5.0194525356468596e-18,0.0,0.0
11,290,-6.635312717696808,1.4774709238766164e-20,5.0194525356468596e-18,0.0,0.0
11,291,-6.635312717696808,1.4774709238766164e-20,5.0194525356468596e-18,0.0,0.0
11,292,-6.635312717696808,1.4774709238766164e-20,5.0194525356468596e-18,0.0,0.0
11,293,-6.635312717696808,1.4774709238766164e-20,5.0194525356468596e-18,0.0,0.0
11,294,-6.635312717696808,1.4774709238766164e-20,5.0194525356468596e-18,0.0,0.0
11,295,-6.635312717696808,1.4774709238766164e-20,5.0194525356468596e-18,0.0,0.0
11,296,-6.635312717696808,1.4774709238766164e-20,5.0194525356468596e-18,0.0,0.0
11,297,-6.635312717696808,1.4774709238766164e-20,5.0194525356468596e-18,0.0,0.0
11,298,-6.635312717696808,1.4774709238766164e-20,5.0194525356468596e-18,0.0,0.0
11,299,-6.635312717696808,1.4774709238766164e-20,5.0194525356468596e-18,0.0,0.0
11,300,-6.635312717696808,1.4774709238766164e-20,5.0194525356468596e-18,0.0,0.0
12,1,-7.327659856681286,0.2000488211660147,109.22892534344494,0.005104567045929984,0.04001953084991214
12,2,-7.3871444427755995,0.058020844808329246,31.680039347361355,0.00781757947402705,0.0841193877283951
12,3,-7.391811282271271,0.01386971185866966,7.573019987398419,0.00752768251194958,0.05714349268004655
12,4,-7.392023654650275,0.004496992758407484,2.455409051725777,0.006009367916576174,0.10512584481596718
12,5,-7.3920515484778315,0.0005250405006957114,0.28667806847601485,0.007508990365504837,0.013631424245362653
12,6,-7.3920520191239705,7.649811080404308e-05,0.041768836153226616,0.009294646134383931,0.021228328967147873
12,7,-7.392052027278183,7.229276668968783e-06,0.003947267056908049,0.007585857778936158,0.008930756979446978
12,8,-7.392052027347126,2.743445635519165e-19,1.4979524336073975e-16,0.007181459070093944,1.440134404076452e-27
12,9,-7.392052027347126,2.743445635519165e-19,1.4979524336073975e-16,0.0,0.0
12,10,-7.392052027347126,2.743445635519165e-19,1.4979524336073975e-16,0.0,0.0
12,11,-7.392052027347126,2.743445635519165e-19,1.4979524336073975e-16,0.0,0.0
12,12,-7.392052027347126,2.743445635519165e-19,1.4979524336073975e-16,0.0,0.0
12,13,-7.392052027347126,2.743445635519165e-19,1.4979524336073975e-16,0.0,0.0
12,14,-7.392052027347126,2.743445635519165e-19,1.4979524336073975e-16,0.0,0.0
12,15,-7.392052027347126,2.743445635519165e-19,1.4979524336073975e-16,0.0,0.0
12,16,-7.392052027347126,2.743445635519165e-19,1.4979524336073975e-16,0.0,0.0
12,17,-7.392052027347126,2.743445635519165e-19,1.4979524336073975e-16,0.0,0.0
12,18,-7.392052027347126,2.743445635519165e-19,1.4979524336073975e-16,0.0,0.0
12,19,-7.392052027347126,2.743445635519165e-19,1.4979524336073975e-16,0.0,0.0
12,20,-7.392052027347126,2.743445635519165e-19,1.4979524336073975e-16,0.0,0.0
12,21,-7.392052027347126,2.743445635519165e-19,1.4979524336073975e-16,0.0,0.0
12,22,-7.392052027347126,2.743445635519165e-19,1.4979524336073975e-16,0.0,0.0
12,23,-7.392052027347126,2.743445635519165e-19,1.4979524336073975e-16,0.0,0.0
12,24,-7.392052027347126,2.743445635519165e-19,1.4979524336073975e-16,0.0,0.0
12,25,-7.392052027347126,2.743445635519165e-19,1.4979524336073975e-16,0.0,0.0
12,26,-7.392052027347126,2.743445635519165e-19,1.4979524336073975e-16,0.0,0.0
12,27,-7.392052027347126,2.743445635519165e-19,1.4979524336073975e-16,0.0,0.0
12,28,-7.392052027347126,2.743445635519165e-19,1.4979524336073975e-16,0.0,0.0
12,29,-7.392052027347126,2.743445635519165e-19,1.4979524336073975e-16,0.0,0.0
12,30,-7.392052027347126,2.743445635519165e-19,1.4979524336073975e-16,0.0,0.0
12,31,-7.392052027347126,2.743445635519165e-19,1.4979524336073975e-16,0.0,0.0
12,32,-7.392052027347126,2.743445635519165e-19,1.4979524336073975e-16,0.0,0.0
12,33,-7.392052027347126,2.743445635519165e-19,1.4979524336073975e-16,0.0,0.0
12,34,-7.392052027347126,2.743445635519165e-19,1.4979524336073975e-16,0.0,0.0
12,35,-7.392052027347126,2.743445635519165e-19,1.4979524336073975e-16,0.0,0.0
12,36,-7.392052027347126,2.743445635519165e-19,1.4979524336073975e-16,0.0,0.0
12,37,-7.392052027347126,2.743445635519165e-19,1.4979524336073975e-16,0.0,0.0
12,38,-7.392052027347126,2.743445635519165e-19,1.4979524336073975e-16,0.0,0.0
12,39,-7.392052027347126,2.743445635519165e-19,1.4979524336073975e-16,0.0,0.0
12,40,-7.392052027347126,2.743445635519165e-19,1.4979524336073975e-16,0.0,0.0
12,41,-7.392052027347126,2.743445635519165e-19,1.4979524336073975e-16,0.0,0.0
12,42,-7.392052027347126,2.743445635519165e-19,1.4979524336073975e-16,0.0,0.0
12,43,-7.392052027347126,2.743445635519165e-19,1.4979524336073975e-16,0.0,0.0
12,44,-7.392052027347126,2.743445635519165e-19,1.4979524336073975e-16,0.0,0.0
12,45,-7.392052027347126,2.743445635519165e-19,1.4979524336073975e-16,0.0,0.0
12,46,-7.392052027347126,2.743445635519165e-19,1.4979524336073975e-16,0.0,0.0
12,47,-7.392052027347126,2.743445635519165e-19,1.4979524336073975e-16,0.0,0.0
12,48,-7.392052027347126,2.743445635519165e-19,1.4979524336073975e-16,0.0,0.0
12,49,-7.392052027347126,2.743445635519165e-19,1.4979524336073975e-16,0.0,0.0
12,50,-7.392052027347126,2.743445635519165e-19,1.4979524336073975e-16,0.0,0.0
12,51,-7.392052027347126,2.743445635519165e-19,1.4979524336073975e-16,0.0,0.0
12,52,-7.392052027347126,2.743445635519165e-19,1.4979524336073975e-16,0.0,0.0
12,53,-7.392052027347126,2.743445635519165e-19,1.4979524336073975e-16,0.0,0.0
12,54,-7.392052027347126,2.743445635519165e-19,1.4979524336073975e-16,0.0,0.0
12,55,-7.392052027347126,2.743445635519165e-19,1.4979524336073975e-16,0.0,0.0
12,56,-7.392052027347126,2.743445635519165e-19,1.4979524336073975e-16,0.0,0.0
12,57,-7.392052027347126,2.743445635519165e-19,1.4979524336073975e-16,0.0,0.0
12,58,-7.392052027347126,2.743445635519165e-19,1.4979524336073975e-16,0.0,0.0
12,59,-7.392052027347126,2.743445635519165e-19,1.4979524336073975e-16,0.0,0.0
12,60,-7.392052027347126,2.743445635519165e-19,1.4979524336073975e-16,0.0,0.0
12,61,-7.392052027347126,2.743445635519165e-19,1.4979524336073975e-16,0.0,0.0
12,62,-7.392052027347126,2.743445635519165e-19,1.4979524336073975e-16,0.0,0.0
12,63,-7.392052027347126,2.743445635519165e-19,1.4979524336073975e-16,0.0,0.0
12,64,-7.392052027347126,2.743445635519165e-19,1.4979524336073975e-16,0.0,0.0
12,65,-7.392052027347126,2.743445635519165e-19,1.4979524336073975e-16,0.0,0.0
12,66,-7.392052027347126,2.743445635519165e-19,1.4979524336073975e-16,0.0,0.0
12,67,-7.392052027347126,2.743445635519165e-19,1.4979524336073975e-16,0.0,0.0
12,68,-7.392052027347126,2.743445635519165e-19,1.4979524336073975e-16,0.0,0.0
12,69,-7.392052027347126,2.743445635519165e-19,1.4979524336073975e-16,0.0,0.0
12,70,-7.392052027347126,2.743445635519165e-19,1.4979524336073975e-16,0.0,0.0
12,71,-7.392052027347126,2.743445635519165e-19,1.4979524336073975e-16,0.0,0.0
12,72,-7.392052027347126,2.743445635519165e-19,1.4979524336073975e-16,0.0,0.0
12,73,-7.392052027347126,2.743445635519165e-19,1.4979524336073975e-16,0.0,0.0
12,74,-7.392052027347126,2.743445635519165e-19,1.4979524336073975e-16,0.0,0.0
12,75,-7.392052027347126,2.743445635519165e-19,1.4979524336073975e-16,0.0,0.0
12,76,-7.392052027347126,2.743445635519165e-19,1.4979524336073975e-16,0.0,0.0
12,77,-7.392052027347126,2.743445635519165e-19,1.4979524336073975e-16,0.0,0.0
12,78,-7.392052027347126,2.743445635519165e-19,1.4979524336073975e-16,0.0,0.0
12,79,-7.392052027347126,2.743445635519165e-19,1.4979524336073975e-16,0.0,0.0
12,80,-7.392052027347126,2.743445635519165e-19,1.4979524336073975e-16,0.0,0.0
12,81,-7.392052027347126,2.743445635519165e-19,1.4979524336073975e-16,0.0,0.0
12,82,-7.392052027347126,2.743445635519165e-19,1.4979524336073975e-16,0.0,0.0
12,83,-7.392052027347126,2.743445635519165e-19,1.4979524336073975e-16,0.0,0.0
12,84,-7.392052027347126,2.743445635519165e-19,1.4979524336073975e-16,0.0,0.0
12,85,-7.392052027347126,2.743445635519165e-19,1.4979524336073975e-16,0.0,0.0
12,86,-7.392052027347126,2.743445635519165e-19,1.4979524336073975e-16,0.0,0.0
12,87,-7.392052027347126,2.743445635519165e-19,1.4979524336073975e-16,0.0,0.0
12,88,-7.392052027347126,2.743445635519165e-19,1.4979524336073975e-16,0.0,0.0
12,89,-7.392052027347126,2.743445635519165e-19,1.4979524336073975e-16,0.0,0.0
12,90,-7.392052027347126,2.743445635519165e-19,1.4979524336073975e-16,0.0,0.0
12,91,-7.392052027347126,2.743445635519165e-19,1.4979524336073975e-16,0.0,0.0
12,92,-7.392052027347126,2.743445635519165e-19,1.4979524336073975e-16,0.0,0.0
12,93,-7.392052027347126,2.743445635519165e-19,1.4979524336073975e-16,0.0,0.0
12,94,-7.392052027347126,2.743445635519165e-19,1.4979524336073975e-16,0.0,0.0
12,95,-7.392052027347126,2.743445635519165e-19,1.4979524336073975e-16,0.0,0.0
12,96,-7.392052027347126,2.743445635519165e-19,1.4979524336073975e-16,0.0,0.0
12,97,-7.392052027347126,2.743445635519165e-19,1.4979524336073975e-16,0.0,0.0
12,98,-7.392052027347126,2.743445635519165e-19,1.4979524336073975e-16,0.0,0.0
12,99,-7.392052027347126,2.743445635519165e-19,1.4979524336073975e-16,0.0,0.0
12,100,-7.392052027347126,2.743445635519165e-19,1.4979524336073975e-16,0.0,0.0
12,101,-7.392052027347126,2.743445635519165e-19,1.4979524336073975e-16,0.0,0.0
12,102,-7.392052027347126,2.743445635519165e-19,1.4979524336073975e-16,0.0,0.0
12,103,-7.392052027347126,2.743445635519165e-19,1.4979524336073975e-16,0.0,0.0
12,104,-7.392052027347126,2.743445635519165e-19,1.4979524336073975e-16,0.0,0.0
12,105,-7.392052027347126,2.743445635519165e-19,1.4979524336073975e-16,0.0,0.0
12,106,-7.392052027347126,2.743445635519165e-19,1.4979524336073975e-16,0.0,0.0
12,107,-7.392052027347126,2.743445635519165e-19,1.4979524336073975e-16,0.0,0.0
12,108,-7.392052027347126,2.743445635519165e-19,1.4979524336073975e-16,0.0,0.0
12,109,-7.392052027347126,2.743445635519165e-19,1.4979524336073975e-16,0.0,0.0
12,110,-7.392052027347126,2.743445635519165e-19,1.4979524336073975e-16,0.0,0.0
12,111,-7.392052027347126,2.743445635519165e-19,1.4979524336073975e-16,0.0,0.0
12,112,-7.392052027347126,2.743445635519165e-19,1.4979524336073975e-16,0.0,0.0
12,113,-7.392052027347126,2.743445635519165e-19,1.4979524336073975e-16,0.0,0.0
12,114,-7.392052027347126,2.743445635519165e-19,1.4979524336073975e-16,0.0,0.0
12,115,-7.392052027347126,2.743445635519165e-19,1.4979524336073975e-16,0.0,0.0
12,116,-7.392052027347126,2.743445635519165e-19,1.4979524336073975e-16,0.0,0.0
12,117,-7.392052027347126,2.743445635519165e-19,1.4979524336073975e-16,0.0,0.0
12,118,-7.392052027347126,2.743445635519165e-19,1.4979524336073975e-16,0.0,0.0
12,119,-7.392052027347126,2.743445635519165e-19,1.4979524336073975e-16,0.0,0.0
12,120,-7.392052027347126,2.743445635519165e-19,1.4979524336073975e-16,0.0,0.0
12,121,-7.392052027347126,2.743445635519165e-19,1.4979524336073975e-16,0.0,0.0
12,122,-7.392052027347126,2.743445635519165e-19,1.4979524336073975e-16,0.0,0.0
12,123,-7.392052027347126,2.743445635519165e-19,1.4979524336073975e-16,0.0,0.0
12,124,-7.392052027347126,2.743445635519165e-19,1.4979524336073975e-16,0.0,0.0
12,125,-7.392052027347126,2.743445635519165e-19,1.4979524336073975e-16,0.0,0.0
12,126,-7.392052027347126,2.743445635519165e-19,1.4979524336073975e-16,0.0,0.0
12,127,-7.392052027347126,2.743445635519165e-19,1.4979524336073975e-16,0.0,0.0
12,128,-7.392052027347126,2.743445635519165e-19,1.4979524336073975e-16,0.0,0.0
12,129,-7.392052027347126,2.743445635519165e-19,1.4979524336073975e-16,0.0,0.0
12,130,-7.392052027347126,2.743445635519165e-19,1.4979524336073975e-16,0.0,0.0
12,131,-7.392052027347126,2.743445635519165e-19,1.4979524336073975e-16,0.0,0.0
12,132,-7.392052027347126,2.743445635519165e-19,1.4979524336073975e-16,0.0,0.0
12,133,-7.392052027347126,2.743445635519165e-19,1.4979524336073975e-16,0.0,0.0
12,134,-7.392052027347126,2.743445635519165e-19,1.4979524336073975e-16,0.0,0.0
12,135,-7.392052027347126,2.743445635519165e-19,1.4979524336073975e-16,0.0,0.0
12,136,-7.392052027347126,2.743445635519165e-19,1.4979524336073975e-16,0.0,0.0
12,137,-7.392052027347126,2.743445635519165e-19,1.4979524336073975e-16,0.0,0.0
12,138,-7.392052027347126,2.743445635519165e-19,1.4979524336073975e-16,0.0,0.0
12,139,-7.392052027347126,2.743445635519165e-19,1.4979524336073975e-16,0.0,0.0
12,140,-7.392052027347126,2.743445635519165e-19,1.4979524336073975e-16,0.0,0.0
12,141,-7.392052027347126,2.743445635519165e-19,1.4979524336073975e-16,0.0,0.0
12,142,-7.392052027347126,2.743445635519165e-19,1.4979524336073975e-16,0.0,0.0
12,143,-7.392052027347126,2.743445635519165e-19,1.4979524336073975e-16,0.0,0.0
12,144,-7.392052027347126,2.743445635519165e-19,1.4979524336073975e-16,0.0,0.0
12,145,-7.392052027347126,2.743445635519165e-19,1.4979524336073975e-16,0.0,0.0
12,146,-7.392052027347126,2.743445635519165e-19,1.4979524336073975e-16,0.0,0.0
12,147,-7.392052027347126,2.743445635519165e-19,1.4979524336073975e-16,0.0,0.0
12,148,-7.392052027347126,2.743445635519165e-19,1.4979524336073975e-16,0.0,0.0
12,149,-7.392052027347126,2.743445635519165e-19,1.4979524336073975e-16,0.0,0.0
12,150,-7.392052027347126,2.743445635519165e-19,1.4979524336073975e-16,0.0,0.0
12,151,-7.392052027347126,2.743445635519165e-19,1.4979524336073975e-16,0.0,0.0
12,152,-7.392052027347126,2.743445635519165e-19,1.4979524336073975e-16,0.0,0.0
12,153,-7.392052027347126,2.743445635519165e-19,1.4979524336073975e-16,0.0,0.0
12,154,-7.392052027347126,2.743445635519165e-19,1.4979524336073975e-16,0.0,0.0
12,155,-7.392052027347126,2.743445635519165e-19,1.4979524336073975e-16,0.0,0.0
12,156,-7.392052027347126,2.743445635519165e-19,1.4979524336073975e-16,0.0,0.0
12,157,-7.392052027347126,2.743445635519165e-19,1.4979524336073975e-16,0.0,0.0
12,158,-7.392052027347126,2.743445635519165e-19,1.4979524336073975e-16,0.0,0.0
12,159,-7.392052027347126,2.743445635519165e-19,1.4979524336073975e-16,0.0,0.0
12,160,-7.392052027347126,2.743445635519165e-19,1.4979524336073975e-16,0.0,0.0
12,161,-7.392052027347126,2.743445635519165e-19,1.4979524336073975e-16,0.0,0.0
12,162,-7.392052027347126,2.743445635519165e-19,1.4979524336073975e-16,0.0,0.0
12,163,-7.392052027347126,2.743445635519165e-19,1.4979524336073975e-16,0.0,0.0
12,164,-7.392052027347126,2.743445635519165e-19,1.4979524336073975e-16,0.0,0.0
12,165,-7.392052027347126,2.743445635519165e-19,1.4979524336073975e-16,0.0,0.0
12,166,-7.392052027347126,2.743445635519165e-19,1.4979524336073975e-16,0.0,0.0
12,167,-7.392052027347126,2.743445635519165e-19,1.4979524336073975e-16,0.0,0.0
12,168,-7.392052027347126,2.743445635519165e-19,1.4979524336073975e-16,0.0,0.0
12,169,-7.392052027347126,2.743445635519165e-19,1.4979524336073975e-16,0.0,0.0
12,170,-7.392052027347126,2.743445635519165e-19,1.4979524336073975e-16,0.0,0.0
12,171,-7.392052027347126,2.743445635519165e-19,1.4979524336073975e-16,0.0,0.0
12,172,-7.392052027347126,2.743445635519165e-19,1.4979524336073975e-16,0.0,0.0
12,173,-7.392052027347126,2.743445635519165e-19,1.4979524336073975e-16,0.0,0.0
12,174,-7.392052027347126,2.743445635519165e-19,1.4979524336073975e-16,0.0,0.0
12,175,-7.392052027347126,2.743445635519165e-19,1.4979524336073975e-16,0.0,0.0
12,176,-7.392052027347126,2.743445635519165e-19,1.4979524336073975e-16,0.0,0.0
12,177,-7.392052027347126,2.743445635519165e-19,1.4979524336073975e-16,0.0,0.0
12,178,-7.392052027347126,2.743445635519165e-19,1.4979524336073975e-16,0.0,0.0
12,179,-7.392052027347126,2.743445635519165e-19,1.4979524336073975e-16,0.0,0.0
12,180,-7.392052027347126,2.743445635519165e-19,1.4979524336073975e-16,0.0,0.0
12,181,-7.392052027347126,2.743445635519165e-19,1.4979524336073975e-16,0.0,0.0
12,182,-7.392052027347126,2.743445635519165e-19,1.4979524336073975e-16,0.0,0.0
12,183,-7.392052027347126,2.743445635519165e-19,1.4979524336073975e-16,0.0,0.0
12,184,-7.392052027347126,2.743445635519165e-19,1.4979524336073975e-16,0.0,0.0
12,185,-7.392052027347126,2.743445635519165e-19,1.4979524336073975e-16,0.0,0.0
12,186,-7.392052027347126,2.743445635519165e-19,1.4979524336073975e-16,0.0,0.0
12,187,-7.392052027347126,2.743445635519165e-19,1.4979524336073975e-16,0.0,0.0
12,188,-7.392052027347126,2.743445635519165e-19,1.4979524336073975e-16,0.0,0.0
12,189,-7.392052027347126,2.743445635519165e-19,1.4979524336073975e-16,0.0,0.0
12,190,-7.392052027347126,2.743445635519165e-19,1.4979524336073975e-16,0.0,0.0
12,191,-7.392052027347126,2.743445635519165e-19,1.4979524336073975e-16,0.0,0.0
12,192,-7.392052027347126,2.743445635519165e-19,1.4979524336073975e-16,0.0,0.0
12,193,-7.392052027347126,2.743445635519165e-19,1.4979524336073975e-16,0.0,0.0
12,194,-7.392052027347126,2.743445635519165e-19,1.4979524336073975e-16,0.0,0.0
12,195,-7.392052027347126,2.743445635519165e-19,1.4979524336073975e-16,0.0,0.0
12,196,-7.392052027347126,2.743445635519165e-19,1.4979524336073975e-16,0.0,0.0
12,197,-7.392052027347126,2.743445635519165e-19,1.4979524336073975e-16,0.0,0.0
12,198,-7.392052027347126,2.743445635519165e-19,1.4979524336073975e-16,0.0,0.0
12,199,-7.392052027347126,2.743445635519165e-19,1.4979524336073975e-16,0.0,0.0
12,200,-7.392052027347126,2.743445635519165e-19,1.4979524336073975e-16,0.0,0.0
12,201,-7.392052027347126,2.743445635519165e-19,1.4979524336073975e-16,0.0,0.0
12,202,-7.392052027347126,2.743445635519165e-19,1.4979524336073975e-16,0.0,0.0
12,203,-7.392052027347126,2.743445635519165e-19,1.4979524336073975e-16,0.0,0.0
12,204,-7.392052027347126,2.743445635519165e-19,1.4979524336073975e-16,0.0,0.0
12,205,-7.392052027347126,2.743445635519165e-19,1.4979524336073975e-16,0.0,0.0
12,206,-7.392052027347126,2.743445635519165e-19,1.4979524336073975e-16,0.0,0.0
12,207,-7.392052027347126,2.743445635519165e-19,1.4979524336073975e-16,0.0,0.0
12,208,-7.392052027347126,2.743445635519165e-19,1.4979524336073975e-16,0.0,0.0
12,209,-7.392052027347126,2.743445635519165e-19,1.4979524336073975e-16,0.0,0.0
12,210,-7.392052027347126,2.743445635519165e-19,1.4979524336073975e-16,0.0,0.0
12,211,-7.392052027347126,2.743445635519165e-19,1.4979524336073975e-16,0.0,0.0
12,212,-7.392052027347126,2.743445635519165e-19,1.4979524336073975e-16,0.0,0.0
12,213,-7.392052027347126,2.743445635519165e-19,1.4979524336073975e-16,0.0,0.0
12,214,-7.392052027347126,2.743445635519165e-19,1.4979524336073975e-16,0.0,0.0
12,215,-7.392052027347126,2.743445635519165e-19,1.4979524336073975e-16,0.0,0.0
12,216,-7.392052027347126,2.743445635519165e-19,1.4979524336073975e-16,0.0,0.0
12,217,-7.392052027347126,2.743445635519165e-19,1.4979524336073975e-16,0.0,0.0
12,218,-7.392052027347126,2.743445635519165e-19,1.4979524336073975e-16,0.0,0.0
12,219,-7.392052027347126,2.743445635519165e-19,1.4979524336073975e-16,0.0,0.0
12,220,-7.392052027347126,2.743445635519165e-19,1.4979524336073975e-16,0.0,0.0
12,221,-7.392052027347126,2.743445635519165e-19,1.4979524336073975e-16,0.0,0.0
12,222,-7.392052027347126,2.743445635519165e-19,1.4979524336073975e-16,0.0,0.0
12,223,-7.392052027347126,2.743445635519165e-19,1.4979524336073975e-16,0.0,0.0
12,224,-7.392052027347126,2.743445635519165e-19,1.4979524336073975e-16,0.0,0.0
12,225,-7.392052027347126,2.743445635519165e-19,1.4979524336073975e-16,0.0,0.0
12,226,-7.392052027347126,2.743445635519165e-19,1.4979524336073975e-16,0.0,0.0
12,227,-7.392052027347126,2.743445635519165e-19,1.4979524336073975e-16,0.0,0.0
12,228,-7.392052027347126,2.743445635519165e-19,1.4979524336073975e-16,0.0,0.0
12,229,-7.392052027347126,2.743445635519165e-19,1.4979524336073975e-16,0.0,0.0
12,230,-7.392052027347126,2.743445635519165e-19,1.4979524336073975e-16,0.0,0.0
12,231,-7.392052027347126,2.743445635519165e-19,1.4979524336073975e-16,0.0,0.0
12,232,-7.392052027347126,2.743445635519165e-19,1.4979524336073975e-16,0.0,0.0
12,233,-7.392052027347126,2.743445635519165e-19,1.4979524336073975e-16,0.0,0.0
12,234,-7.392052027347126,2.743445635519165e-19,1.4979524336073975e-16,0.0,0.0
12,235,-7.392052027347126,2.743445635519165e-19,1.4979524336073975e-16,0.0,0.0
12,236,-7.392052027347126,2.743445635519165e-19,1.4979524336073975e-16,0.0,0.0
12,237,-7.392052027347126,2.743445635519165e-19,1.4979524336073975e-16,0.0,0.0
12,238,-7.392052027347126,2.743445635519165e-19,1.4979524336073975e-16,0.0,0.0
12,239,-7.392052027347126,2.743445635519165e-19,1.4979524336073975e-16,0.0,0.0
12,240,-7.392052027347126,2.743445635519165e-19,1.4979524336073975e-16,0.0,0.0
12,241,-7.392052027347126,2.743445635519165e-19,1.4979524336073975e-16,0.0,0.0
12,242,-7.392052027347126,2.743445635519165e-19,1.4979524336073975e-16,0.0,0.0
12,243,-7.392052027347126,2.743445635519165e-19,1.4979524336073975e-16,0.0,0.0
12,244,-7.392052027347126,2.743445635519165e-19,1.4979524336073975e-16,0.0,0.0
12,245,-7.392052027347126,2.743445635519165e-19,1.4979524336073975e-16,0.0,0.0
12,246,-7.392052027347126,2.743445635519165e-19,1.4979524336073975e-16,0.0,0.0
12,247,-7.392052027347126,2.743445635519165e-19,1.4979524336073975e-16,0.0,0.0
12,248,-7.392052027347126,2.743445635519165e-19,1.4979524336073975e-16,0.0,0.0
12,249,-7.392052027347126,2.743445635519165e-19,1.4979524336073975e-16,0.0,0.0
12,250,-7.392052027347126,2.743445635519165e-19,1.4979524336073975e-16,0.0,0.0
12,251,-7.392052027347126,2.743445635519165e-19,1.4979524336073975e-16,0.0,0.0
12,252,-7.392052027347126,2.743445635519165e-19,1.4979524336073975e-16,0.0,0.0
12,253,-7.392052027347126,2.743445635519165e-19,1.4979524336073975e-16,0.0,0.0
12,254,-7.392052027347126,2.743445635519165e-19,1.4979524336073975e-16,0.0,0.0
12,255,-7.392052027347126,2.743445635519165e-19,1.4979524336073975e-16,0.0,0.0
12,256,-7.392052027347126,2.743445635519165e-19,1.4979524336073975e-16,0.0,0.0
12,257,-7.392052027347126,2.743445635519165e-19,1.4979524336073975e-16,0.0,0.0
12,258,-7.392052027347126,2.743445635519165e-19,1.4979524336073975e-16,0.0,0.0
12,259,-7.392052027347126,2.743445635519165e-19,1.4979524336073975e-16,0.0,0.0
12,260,-7.392052027347126,2.743445635519165e-19,1.4979524336073975e-16,0.0,0.0
12,261,-7.392052027347126,2.743445635519165e-19,1.4979524336073975e-16,0.0,0.0
12,262,-7.392052027347126,2.743445635519165e-19,1.4979524336073975e-16,0.0,0.0
12,263,-7.392052027347126,2.743445635519165e-19,1.4979524336073975e-16,0.0,0.0
12,264,-7.392052027347126,2.743445635519165e-19,1.4979524336073975e-16,0.0,0.0
12,265,-7.392052027347126,2.743445635519165e-19,1.4979524336073975e-16,0.0,0.0
12,266,-7.392052027347126,2.743445635519165e-19,1.4979524336073975e-16,0.0,0.0
12,267,-7.392052027347126,2.743445635519165e-19,1.4979524336073975e-16,0.0,0.0
12,268,-7.392052027347126,2.743445635519165e-19,1.4979524336073975e-16,0.0,0.0
12,269,-7.392052027347126,2.743445635519165e-19,1.4979524336073975e-16,0.0,0.0
12,270,-7.392052027347126,2.743445635519165e-19,1.4979524336073975e-16,0.0,0.0
12,271,-7.392052027347126,2.743445635519165e-19,1.4979524336073975e-16,0.0,0.0
12,272,-7.392052027347126,2.743445635519165e-19,1.4979524336073975e-16,0.0,0.0
12,273,-7.392052027347126,2.743445635519165e-19,1.4979524336073975e-16,0.0,0.0
12,274,-7.392052027347126,2.743445635519165e-19,1.4979524336073975e-16,0.0,0.0
12,275,-7.392052027347126,2.743445635519165e-19,1.4979524336073975e-16,0.0,0.0
12,276,-7.392052027347126,2.743445635519165e-19,1.4979524336073975e-16,0.0,0.0
12,277,-7.392052027347126,2.743445635519165e-19,1.4979524336073975e-16,0.0,0.0
12,278,-7.392052027347126,2.743445635519165e-19,1.4979524336073975e-16,0.0,0.0
12,279,-7.392052027347126,2.743445635519165e-19,1.4979524336073975e-16,0.0,0.0
12,280,-7.392052027347126,2.743445635519165e-19,1.4979524336073975e-16,0.0,0.0
12,281,-7.392052027347126,2.743445635519165e-19,1.4979524336073975e-16,0.0,0.0
12,282,-7.392052027347126,2.743445635519165e-19,1.4979524336073975e-16,0.0,0.0
12,283,-7.392052027347126,2.743445635519165e-19,1.4979524336073975e-16,0.0,0.0
12,284,-7.392052027347126,2.743445635519165e-19,1.4979524336073975e-16,0.0,0.0
12,285,-7.392052027347126,2.743445635519165e-19,1.4979524336073975e-16,0.0,0.0
12,286,-7.392052027347126,2.743445635519165e-19,1.4979524336073975e-16,0.0,0.0
12,287,-7.392052027347126,2.743445635519165e-19,1.4979524336073975e-16,0.0,0.0
12,288,-7.392052027347126,2.743445635519165e-19,1.4979524336073975e-16,0.0,0.0
12,289,-7.392052027347126,2.743445635519165e-19,1.4979524336073975e-16,0.0,0.0
12,290,-7.392052027347126,2.743445635519165e-19,1.4979524336073975e-16,0.0,0.0
12,291,-7.392052027347126,2.743445635519165e-19,1.4979524336073975e-16,0.0,0.0
12,292,-7.392052027347126,2.743445635519165e-19,1.4979524336073975e-16,0.0,0.0
12,293,-7.392052027347126,2.743445635519165e-19,1.4979524336073975e-16,0.0,0.0
12,294,-7.392052027347126,2.743445635519165e-19,1.4979524336073975e-16,0.0,0.0
12,295,-7.392052027347126,2.743445635519165e-19,1.4979524336073975e-16,0.0,0.0
12,296,-7.392052027347126,2.743445635519165e-19,1.4979524336073975e-16,0.0,0.0
12,297,-7.392052027347126,2.743445635519165e-19,1.4979524336073975e-16,0.0,0.0
12,298,-7.392052027347126,2.743445635519165e-19,1.4979524336073975e-16,0.0,0.0
12,299,-7.392052027347126,2.743445635519165e-19,1.4979524336073975e-16,0.0,0.0
12,300,-7.392052027347126,2.743445635519165e-19,1.4979524336073975e-16,0.0,0.0
13,1,-7.080597983040004,0.21777389873852387,97.79690070726893,0.005894216741183114,0.04742547097177685
13,2,-7.141699230247623,0.027063658452710696,12.153623247812034,0.007830690278152839,0.015444055564168443
13,3,-7.142493070221879,0.0035563122688122956,1.597052354996268,0.006793512581231125,0.017267392786776622
13,4,-7.142508523847123,0.00033282645328502994,0.14946417267273093,0.007661975383845139,0.00875862430508425
13,5,-7.14250864042435,3.5756632516697054e-05,0.016057424053652812,0.006599204365925798,0.011541906403974105
13,6,-7.1425086420518635,3.2941156964415974e-06,0.001479306324354133,0.007982244494252527,0.008487200747921605
13,7,-7.142508642064074,1.0699915151737268e-07,4.805068677798999e-05,0.007055676964445917,0.0010550741210042878
13,8,-7.142508642064086,1.2314131792598255e-19,5.5299736616412016e-17,0.007043314597082971,1.3244846426122105e-24
13,9,-7.142508642064086,1.2314131792598255e-19,5.5299736616412016e-17,0.0,0.0
13,10,-7.142508642064086,1.2314131792598255e-19,5.5299736616412016e-17,0.0,0.0
13,11,-7.142508642064086,1.2314131792598255e-19,5.5299736616412016e-17,0.0,0.0
13,12,-7.142508642064086,1.2314131792598255e-19,5.5299736616412016e-17,0.0,0.0
13,13,-7.142508642064086,1.2314131792598255e-19,5.5299736616412016e-17,0.0,0.0
13,14,-7.142508642064086,1.2314131792598255e-19,5.5299736616412016e-17,0.0,0.0
13,15,-7.142508642064086,1.2314131792598255e-19,5.5299736616412016e-17,0.0,0.0
13,16,-7.142508642064086,1.2314131792598255e-19,5.5299736616412016e-17,0.0,0.0
13,17,-7.142508642064086,1.2314131792598255e-19,5.5299736616412016e-17,0.0,0.0
13,18,-7.142508642064086,1.2314131792598255e-19,5.5299736616412016e-17,0.0,0.0
13,19,-7.142508642064086,1.2314131792598255e-19,5.5299736616412016e-17,0.0,0.0
13,20,-7.142508642064086,1.2314131792598255e-19,5.5299736616412016e-17,0.0,0.0
13,21,-7.142508642064086,1.2314131792598255e-19,5.5299736616412016e-17,0.0,0.0
13,22,-7.142508642064086,1.2314131792598255e-19,5.5299736616412016e-17,0.0,0.0
13,23,-7.142508642064086,1.2314131792598255e-19,5.5299736616412016e-17,0.0,0.0
13,24,-7.142508642064086,1.2314131792598255e-19,5.5299736616412016e-17,0.0,0.0
13,25,-7.142508642064086,1.2314131792598255e-19,5.5299736616412016e-17,0.0,0.0
13,26,-7.142508642064086,1.2314131792598255e-19,5.5299736616412016e-17,0.0,0.0
13,27,-7.142508642064086,1.2314131792598255e-19,5.5299736616412016e-17,0.0,0.0
13,28,-7.142508642064086,1.2314131792598255e-19,5.5299736616412016e-17,0.0,0.0
13,29,-7.142508642064086,1.2314131792598255e-19,5.5299736616412016e-17,0.0,0.0
13,30,-7.142508642064086,1.2314131792598255e-19,5.5299736616412016e-17,0.0,0.0
13,31,-7.142508642064086,1.2314131792598255e-19,5.5299736616412016e-17,0.0,0.0
13,32,-7.142508642064086,1.2314131792598255e-19,5.5299736616412016e-17,0.0,0.0
13,33,-7.142508642064086,1.2314131792598255e-19,5.5299736616412016e-17,0.0,0.0
13,34,-7.142508642064086,1.2314131792598255e-19,5.5299736616412016e-17,0.0,0.0
13,35,-7.142508642064086,1.2314131792598255e-19,5.5299736616412016e-17,0.0,0.0
13,36,-7.142508642064086,1.2314131792598255e-19,5.5299736616412016e-17,0.0,0.0
13,37,-7.142508642064086,1.2314131792598255e-19,5.5299736616412016e-17,0.0,0.0
13,38,-7.142508642064086,1.2314131792598255e-19,5.5299736616412016e-17,0.0,0.0
13,39,-7.142508642064086,1.2314131792598255e-19,5.5299736616412016e-17,0.0,0.0
13,40,-7.142508642064086,1.2314131792598255e-19,5.5299736616412016e-17,0.0,0.0
13,41,-7.142508642064086,1.2314131792598255e-19,5.5299736616412016e-17,0.0,0.0
13,42,-7.142508642064086,1.2314131792598255e-19,5.5299736616412016e-17,0.0,0.0
13,43,-7.142508642064086,1.2314131792598255e-19,5.5299736616412016e-17,0.0,0.0
13,44,-7.142508642064086,1.2314131792598255e-19,5.5299736616412016e-17,0.0,0.0
13,45,-7.142508642064086,1.2314131792598255e-19,5.5299736616412016e-17,0.0,0.0
13,46,-7.142508642064086,1.2314131792598255e-19,5.5299736616412016e-17,0.0,0.0
13,47,-7.142508642064086,1.2314131792598255e-19,5.5299736616412016e-17,0.0,0.0
13,48,-7.142508642064086,1.2314131792598255e-19,5.5299736616412016e-17,0.0,0.0
13,49,-7.142508642064086,1.2314131792598255e-19,5.5299736616412016e-17,0.0,0.0
13,50,-7.142508642064086,1.2314131792598255e-19,5.5299736616412016e-17,0.0,0.0
13,51,-7.142508642064086,1.2314131792598255e-19,5.5299736616412016e-17,0.0,0.0
13,52,-7.142508642064086,1.2314131792598255e-19,5.5299736616412016e-17,0.0,0.0
13,53,-7.142508642064086,1.2314131792598255e-19,5.5299736616412016e-17,0.0,0.0
13,54,-7.142508642064086,1.2314131792598255e-19,5.5299736616412016e-17,0.0,0.0
13,55,-7.142508642064086,1.2314131792598255e-19,5.5299736616412016e-17,0.0,0.0
13,56,-7.142508642064086,1.2314131792598255e-19,5.5299736616412016e-17,0.0,0.0
13,57,-7.142508642064086,1.2314131792598255e-19,5.5299736616412016e-17,0.0,0.0
13,58,-7.142508642064086,1.2314131792598255e-19,5.5299736616412016e-17,0.0,0.0
13,59,-7.142508642064086,1.2314131792598255e-19,5.5299736616412016e-17,0.0,0.0
13,60,-7.142508642064086,1.2314131792598255e-19,5.5299736616412016e-17,0.0,0.0
13,61,-7.142508642064086,1.2314131792598255e-19,5.5299736616412016e-17,0.0,0.0
13,62,-7.142508642064086,1.2314131792598255e-19,5.5299736616412016e-17,0.0,0.0
13,63,-7.142508642064086,1.2314131792598255e-19,5.5299736616412016e-17,0.0,0.0
13,64,-7.142508642064086,1.2314131792598255e-19,5.5299736616412016e-17,0.0,0.0
13,65,-7.142508642064086,1.2314131792598255e-19,5.5299736616412016e-17,0.0,0.0
13,66,-7.142508642064086,1.2314131792598255e-19,5.5299736616412016e-17,0.0,0.0
13,67,-7.142508642064086,1.2314131792598255e-19,5.5299736616412016e-17,0.0,0.0
13,68,-7.142508642064086,1.2314131792598255e-19,5.5299736616412016e-17,0.0,0.0
13,69,-7.142508642064086,1.2314131792598255e-19,5.5299736616412016e-17,0.0,0.0
13,70,-7.142508642064086,1.2314131792598255e-19,5.5299736616412016e-17,0.0,0.0
13,71,-7.142508642064086,1.2314131792598255e-19,5.5299736616412016e-17,0.0,0.0
13,72,-7.142508642064086,1.2314131792598255e-19,5.5299736616412016e-17,0.0,0.0
13,73,-7.142508642064086,1.2314131792598255e-19,5.5299736616412016e-17,0.0,0.0
13,74,-7.142508642064086,1.2314131792598255e-19,5.5299736616412016e-17,0.0,0.0
13,75,-7.142508642064086,1.2314131792598255e-19,5.5299736616412016e-17,0.0,0.0
13,76,-7.142508642064086,1.2314131792598255e-19,5.5299736616412016e-17,0.0,0.0
13,77,-7.142508642064086,1.2314131792598255e-19,5.5299736616412016e-17,0.0,0.0
13,78,-7.142508642064086,1.2314131792598255e-19,5.5299736616412016e-17,0.0,0.0
13,79,-7.142508642064086,1.2314131792598255e-19,5.5299736616412016e-17,0.0,0.0
13,80,-7.142508642064086,1.2314131792598255e-19,5.5299736616412016e-17,0.0,0.0
13,81,-7.142508642064086,1.2314131792598255e-19,5.5299736616412016e-17,0.0,0.0
13,82,-7.142508642064086,1.2314131792598255e-19,5.5299736616412016e-17,0.0,0.0
13,83,-7.142508642064086,1.2314131792598255e-19,5.5299736616412016e-17,0.0,0.0
13,84,-7.142508642064086,1.2314131792598255e-19,5.5299736616412016e-17,0.0,0.0
13,85,-7.142508642064086,1.2314131792598255e-19,5.5299736616412016e-17,0.0,0.0
13,86,-7.142508642064086,1.2314131792598255e-19,5.5299736616412016e-17,0.0,0.0
13,87,-7.142508642064086,1.2314131792598255e-19,5.5299736616412016e-17,0.0,0.0
13,88,-7.142508642064086,1.2314131792598255e-19,5.5299736616412016e-17,0.0,0.0
13,89,-7.142508642064086,1.2314131792598255e-19,5.5299736616412016e-17,0.0,0.0
13,90,-7.142508642064086,1.2314131792598255e-19,5.5299736616412016e-17,0.0,0.0
13,91,-7.142508642064086,1.2314131792598255e-19,5.5299736616412016e-17,0.0,0.0
13,92,-7.142508642064086,1.2314131792598255e-19,5.5299736616412016e-17,0.0,0.0
13,93,-7.142508642064086,1.2314131792598255e-19,5.5299736616412016e-17,0.0,0.0
13,94,-7.142508642064086,1.2314131792598255e-19,5.5299736616412016e-17,0.0,0.0
13,95,-7.142508642064086,1.2314131792598255e-19,5.5299736616412016e-17,0.0,0.0
13,96,-7.142508642064086,1.2314131792598255e-19,5.5299736616412016e-17,0.0,0.0
13,97,-7.142508642064086,1.2314131792598255e-19,5.5299736616412016e-17,0.0,0.0
13,98,-7.142508642064086,1.2314131792598255e-19,5.5299736616412016e-17,0.0,0.0
13,99,-7.142508642064086,1.2314131792598255e-19,5.5299736616412016e-17,0.0,0.0
13,100,-7.142508642064086,1.2314131792598255e-19,5.5299736616412016e-17,0.0,0.0
13,101,-7.142508642064086,1.2314131792598255e-19,5.5299736616412016e-17,0.0,0.0
13,102,-7.142508642064086,1.2314131792598255e-19,5.5299736616412016e-17,0.0,0.0
13,103,-7.142508642064086,1.2314131792598255e-19,5.5299736616412016e-17,0.0,0.0
13,104,-7.142508642064086,1.2314131792598255e-19,5.5299736616412016e-17,0.0,0.0
13,105,-7.142508642064086,1.2314131792598255e-19,5.5299736616412016e-17,0.0,0.0
13,106,-7.142508642064086,1.2314131792598255e-19,5.5299736616412016e-17,0.0,0.0
13,107,-7.142508642064086,1.2314131792598255e-19,5.5299736616412016e-17,0.0,0.0
13,108,-7.142508642064086,1.2314131792598255e-19,5.5299736616412016e-17,0.0,0.0
13,109,-7.142508642064086,1.2314131792598255e-19,5.5299736616412016e-17,0.0,0.0
13,110,-7.142508642064086,1.2314131792598255e-19,5.5299736616412016e-17,0.0,0.0
13,111,-7.142508642064086,1.2314131792598255e-19,5.5299736616412016e-17,0.0,0.0
13,112,-7.142508642064086,1.2314131792598255e-19,5.5299736616412016e-17,0.0,0.0
13,113,-7.142508642064086,1.2314131792598255e-19,5.5299736616412016e-17,0.0,0.0
13,114,-7.142508642064086,1.2314131792598255e-19,5.5299736616412016e-17,0.0,0.0
13,115,-7.142508642064086,1.2314131792598255e-19,5.5299736616412016e-17,0.0,0.0
13,116,-7.142508642064086,1.2314131792598255e-19,5.5299736616412016e-17,0.0,0.0
13,117,-7.142508642064086,1.2314131792598255e-19,5.5299736616412016e-17,0.0,0.0
13,118,-7.142508642064086,1.2314131792598255e-19,5.5299736616412016e-17,0.0,0.0
13,119,-7.142508642064086,1.2314131792598255e-19,5.5299736616412016e-17,0.0,0.0
13,120,-7.142508642064086,1.2314131792598255e-19,5.5299736616412016e-17,0.0,0.0
13,121,-7.142508642064086,1.2314131792598255e-19,5.5299736616412016e-17,0.0,0.0
13,122,-7.142508642064086,1.2314131792598255e-19,5.5299736616412016e-17,0.0,0.0
13,123,-7.142508642064086,1.2314131792598255e-19,5.5299736616412016e-17,0.0,0.0
13,124,-7.142508642064086,1.2314131792598255e-19,5.5299736616412016e-17,0.0,0.0
13,125,-7.142508642064086,1.2314131792598255e-19,5.5299736616412016e-17,0.0,0.0
13,126,-7.142508642064086,1.2314131792598255e-19,5.5299736616412016e-17,0.0,0.0
13,127,-7.142508642064086,1.2314131792598255e-19,5.5299736616412016e-17,0.0,0.0
13,128,-7.142508642064086,1.2314131792598255e-19,5.5299736616412016e-17,0.0,0.0
13,129,-7.142508642064086,1.2314131792598255e-19,5.5299736616412016e-17,0.0,0.0
13,130,-7.142508642064086,1.2314131792598255e-19,5.5299736616412016e-17,0.0,0.0
13,131,-7.142508642064086,1.2314131792598255e-19,5.5299736616412016e-17,0.0,0.0
13,132,-7.142508642064086,1.2314131792598255e-19,5.5299736616412016e-17,0.0,0.0
13,133,-7.142508642064086,1.2314131792598255e-19,5.5299736616412016e-17,0.0,0.0
13,134,-7.142508642064086,1.2314131792598255e-19,5.5299736616412016e-17,0.0,0.0
13,135,-7.142508642064086,1.2314131792598255e-19,5.5299736616412016e-17,0.0,0.0
13,136,-7.142508642064086,1.2314131792598255e-19,5.5299736616412016e-17,0.0,0.0
13,137,-7.142508642064086,1.2314131792598255e-19,5.5299736616412016e-17,0.0,0.0
13,138,-7.142508642064086,1.2314131792598255e-19,5.5299736616412016e-17,0.0,0.0
13,139,-7.142508642064086,1.2314131792598255e-19,5.5299736616412016e-17,0.0,0.0
13,140,-7.142508642064086,1.2314131792598255e-19,5.5299736616412016e-17,0.0,0.0
13,141,-7.142508642064086,1.2314131792598255e-19,5.5299736616412016e-17,0.0,0.0
13,142,-7.142508642064086,1.2314131792598255e-19,5.5299736616412016e-17,0.0,0.0
13,143,-7.142508642064086,1.2314131792598255e-19,5.5299736616412016e-17,0.0,0.0
13,144,-7.142508642064086,1.2314131792598255e-19,5.5299736616412016e-17,0.0,0.0
13,145,-7.142508642064086,1.2314131792598255e-19,5.5299736616412016e-17,0.0,0.0
13,146,-7.142508642064086,1.2314131792598255e-19,5.5299736616412016e-17,0.0,0.0
13,147,-7.142508642064086,1.2314131792598255e-19,5.5299736616412016e-17,0.0,0.0
13,148,-7.142508642064086,1.2314131792598255e-19,5.5299736616412016e-17,0.0,0.0
13,149,-7.142508642064086,1.2314131792598255e-19,5.5299736616412016e-17,0.0,0.0
13,150,-7.142508642064086,1.2314131792598255e-19,5.5299736616412016e-17,0.0,0.0
13,151,-7.142508642064086,1.2314131792598255e-19,5.5299736616412016e-17,0.0,0.0
13,152,-7.142508642064086,1.2314131792598255e-19,5.5299736616412016e-17,0.0,0.0
13,153,-7.142508642064086,1.2314131792598255e-19,5.5299736616412016e-17,0.0,0.0
13,154,-7.142508642064086,1.2314131792598255e-19,5.5299736616412016e-17,0.0,0.0
13,155,-7.142508642064086,1.2314131792598255e-19,5.5299736616412016e-17,0.0,0.0
13,156,-7.142508642064086,1.2314131792598255e-19,5.5299736616412016e-17,0.0,0.0
13,157,-7.142508642064086,1.2314131792598255e-19,5.5299736616412016e-17,0.0,0.0
13,158,-7.142508642064086,1.2314131792598255e-19,5.5299736616412016e-17,0.0,0.0
13,159,-7.142508642064086,1.2314131792598255e-19,5.5299736616412016e-17,0.0,0.0
13,160,-7.142508642064086,1.2314131792598255e-19,5.5299736616412016e-17,0.0,0.0
13,161,-7.142508642064086,1.2314131792598255e-19,5.5299736616412016e-17,0.0,0.0
13,162,-7.142508642064086,1.2314131792598255e-19,5.5299736616412016e-17,0.0,0.0
13,163,-7.142508642064086,1.2314131792598255e-19,5.5299736616412016e-17,0.0,0.0
13,164,-7.142508642064086,1.2314131792598255e-19,5.5299736616412016e-17,0.0,0.0
13,165,-7.142508642064086,1.2314131792598255e-19,5.5299736616412016e-17,0.0,0.0
13,166,-7.142508642064086,1.2314131792598255e-19,5.5299736616412016e-17,0.0,0.0
13,167,-7.142508642064086,1.2314131792598255e-19,5.5299736616412016e-17,0.0,0.0
13,168,-7.142508642064086,1.2314131792598255e-19,5.5299736616412016e-17,0.0,0.0
13,169,-7.142508642064086,1.2314131792598255e-19,5.5299736616412016e-17,0.0,0.0
13,170,-7.142508642064086,1.2314131792598255e-19,5.5299736616412016e-17,0.0,0.0
13,171,-7.142508642064086,1.2314131792598255e-19,5.5299736616412016e-17,0.0,0.0
13,172,-7.142508642064086,1.2314131792598255e-19,5.5299736616412016e-17,0.0,0.0
13,173,-7.142508642064086,1.2314131792598255e-19,5.5299736616412016e-17,0.0,0.0
13,174,-7.142508642064086,1.2314131792598255e-19,5.5299736616412016e-17,0.0,0.0
13,175,-7.142508642064086,1.2314131792598255e-19,5.5299736616412016e-17,0.0,0.0
13,176,-7.142508642064086,1.2314131792598255e-19,5.5299736616412016e-17,0.0,0.0
13,177,-7.142508642064086,1.2314131792598255e-19,5.5299736616412016e-17,0.0,0.0
13,178,-7.142508642064086,1.2314131792598255e-19,5.5299736616412016e-17,0.0,0.0
13,179,-7.142508642064086,1.2314131792598255e-19,5.5299736616412016e-17,0.0,0.0
13,180,-7.142508642064086,1.2314131792598255e-19,5.5299736616412016e-17,0.0,0.0
13,181,-7.142508642064086,1.2314131792598255e-19,5.5299736616412016e-17,0.0,0.0
13,182,-7.142508642064086,1.2314131792598255e-19,5.5299736616412016e-17,0.0,0.0
13,183,-7.142508642064086,1.2314131792598255e-19,5.5299736616412016e-17,0.0,0.0
13,184,-7.142508642064086,1.2314131792598255e-19,5.5299736616412016e-17,0.0,0.0
13,185,-7.142508642064086,1.2314131792598255e-19,5.5299736616412016e-17,0.0,0.0
13,186,-7.142508642064086,1.2314131792598255e-19,5.5299736616412016e-17,0.0,0.0
13,187,-7.142508642064086,1.2314131792598255e-19,5.5299736616412016e-17,0.0,0.0
13,188,-7.142508642064086,1.2314131792598255e-19,5.5299736616412016e-17,0.0,0.0
13,189,-7.142508642064086,1.2314131792598255e-19,5.5299736616412016e-17,0.0,0.0
13,190,-7.142508642064086,1.2314131792598255e-19,5.5299736616412016e-17,0.0,0.0
13,191,-7.142508642064086,1.2314131792598255e-19,5.5299736616412016e-17,0.0,0.0
13,192,-7.142508642064086,1.2314131792598255e-19,5.5299736616412016e-17,0.0,0.0
13,193,-7.142508642064086,1.2314131792598255e-19,5.5299736616412016e-17,0.0,0.0
13,194,-7.142508642064086,1.2314131792598255e-19,5.5299736616412016e-17,0.0,0.0
13,195,-7.142508642064086,1.2314131792598255e-19,5.5299736616412016e-17,0.0,0.0
13,196,-7.142508642064086,1.2314131792598255e-19,5.5299736616412016e-17,0.0,0.0
13,197,-7.142508642064086,1.2314131792598255e-19,5.5299736616412016e-17,0.0,0.0
13,198,-7.142508642064086,1.2314131792598255e-19,5.5299736616412016e-17,0.0,0.0
13,199,-7.142508642064086,1.2314131792598255e-19,5.5299736616412016e-17,0.0,0.0
13,200,-7.142508642064086,1.2314131792598255e-19,5.5299736616412016e-17,0.0,0.0
13,201,-7.142508642064086,1.2314131792598255e-19,5.5299736616412016e-17,0.0,0.0
13,202,-7.142508642064086,1.2314131792598255e-19,5.5299736616412016e-17,0.0,0.0
13,203,-7.142508642064086,1.2314131792598255e-19,5.5299736616412016e-17,0.0,0.0
13,204,-7.142508642064086,1.2314131792598255e-19,5.5299736616412016e-17,0.0,0.0
13,205,-7.142508642064086,1.2314131792598255e-19,5.5299736616412016e-17,0.0,0.0
13,206,-7.142508642064086,1.2314131792598255e-19,5.5299736616412016e-17,0.0,0.0
13,207,-7.142508642064086,1.2314131792598255e-19,5.5299736616412016e-17,0.0,0.0
13,208,-7.142508642064086,1.2314131792598255e-19,5.5299736616412016e-17,0.0,0.0
13,209,-7.142508642064086,1.2314131792598255e-19,5.5299736616412016e-17,0.0,0.0
13,210,-7.142508642064086,1.2314131792598255e-19,5.5299736616412016e-17,0.0,0.0
13,211,-7.142508642064086,1.2314131792598255e-19,5.5299736616412016e-17,0.0,0.0
13,212,-7.142508642064086,1.2314131792598255e-19,5.5299736616412016e-17,0.0,0.0
13,213,-7.142508642064086,1.2314131792598255e-19,5.5299736616412016e-17,0.0,0.0
13,214,-7.142508642064086,1.2314131792598255e-19,5.5299736616412016e-17,0.0,0.0
13,215,-7.142508642064086,1.2314131792598255e-19,5.5299736616412016e-17,0.0,0.0
13,216,-7.142508642064086,1.2314131792598255e-19,5.5299736616412016e-17,0.0,0.0
13,217,-7.142508642064086,1.2314131792598255e-19,5.5299736616412016e-17,0.0,0.0
13,218,-7.142508642064086,1.2314131792598255e-19,5.5299736616412016e-17,0.0,0.0
13,219,-7.142508642064086,1.2314131792598255e-19,5.5299736616412016e-17,0.0,0.0
13,220,-7.142508642064086,1.2314131792598255e-19,5.5299736616412016e-17,0.0,0.0
13,221,-7.142508642064086,1.2314131792598255e-19,5.5299736616412016e-17,0.0,0.0
13,222,-7.142508642064086,1.2314131792598255e-19,5.5299736616412016e-17,0.0,0.0
13,223,-7.142508642064086,1.2314131792598255e-19,5.5299736616412016e-17,0.0,0.0
13,224,-7.142508642064086,1.2314131792598255e-19,5.5299736616412016e-17,0.0,0.0
13,225,-7.142508642064086,1.2314131792598255e-19,5.5299736616412016e-17,0.0,0.0
13,226,-7.142508642064086,1.2314131792598255e-19,5.5299736616412016e-17,0.0,0.0
13,227,-7.142508642064086,1.2314131792598255e-19,5.5299736616412016e-17,0.0,0.0
13,228,-7.142508642064086,1.2314131792598255e-19,5.5299736616412016e-17,0.0,0.0
13,229,-7.142508642064086,1.2314131792598255e-19,5.5299736616412016e-17,0.0,0.0
13,230,-7.142508642064086,1.2314131792598255e-19,5.5299736616412016e-17,0.0,0.0
13,231,-7.142508642064086,1.2314131792598255e-19,5.5299736616412016e-17,0.0,0.0
13,232,-7.142508642064086,1.2314131792598255e-19,5.5299736616412016e-17,0.0,0.0
13,233,-7.142508642064086,1.2314131792598255e-19,5.5299736616412016e-17,0.0,0.0
13,234,-7.142508642064086,1.2314131792598255e-19,5.5299736616412016e-17,0.0,0.0
13,235,-7.142508642064086,1.2314131792598255e-19,5.5299736616412016e-17,0.0,0.0
13,236,-7.142508642064086,1.2314131792598255e-19,5.5299736616412016e-17,0.0,0.0
13,237,-7.142508642064086,1.2314131792598255e-19,5.5299736616412016e-17,0.0,0.0
13,238,-7.142508642064086,1.2314131792598255e-19,5.5299736616412016e-17,0.0,0.0
13,239,-7.142508642064086,1.2314131792598255e-19,5.5299736616412016e-17,0.0,0.0
13,240,-7.142508642064086,1.2314131792598255e-19,5.5299736616412016e-17,0.0,0.0
13,241,-7.142508642064086,1.2314131792598255e-19,5.5299736616412016e-17,0.0,0.0
13,242,-7.142508642064086,1.2314131792598255e-19,5.5299736616412016e-17,0.0,0.0
13,243,-7.142508642064086,1.2314131792598255e-19,5.5299736616412016e-17,0.0,0.0
13,244,-7.142508642064086,1.2314131792598255e-19,5.5299736616412016e-17,0.0,0.0
13,245,-7.142508642064086,1.2314131792598255e-19,5.5299736616412016e-17,0.0,0.0
13,246,-7.142508642064086,1.2314131792598255e-19,5.5299736616412016e-17,0.0,0.0
13,247,-7.142508642064086,1.2314131792598255e-19,5.5299736616412016e-17,0.0,0.0
13,248,-7.142508642064086,1.2314131792598255e-19,5.5299736616412016e-17,0.0,0.0
13,249,-7.142508642064086,1.2314131792598255e-19,5.5299736616412016e-17,0.0,0.0
13,250,-7.142508642064086,1.2314131792598255e-19,5.5299736616412016e-17,0.0,0.0
13,251,-7.142508642064086,1.2314131792598255e-19,5.5299736616412016e-17,0.0,0.0
13,252,-7.142508642064086,1.2314131792598255e-19,5.5299736616412016e-17,0.0,0.0
13,253,-7.142508642064086,1.2314131792598255e-19,5.5299736616412016e-17,0.0,0.0
13,254,-7.142508642064086,1.2314131792598255e-19,5.5299736616412016e-17,0.0,0.0
13,255,-7.142508642064086,1.2314131792598255e-19,5.5299736616412016e-17,0.0,0.0
13,256,-7.142508642064086,1.2314131792598255e-19,5.5299736616412016e-17,0.0,0.0
13,257,-7.142508642064086,1.2314131792598255e-19,5.5299736616412016e-17,0.0,0.0
13,258,-7.142508642064086,1.2314131792598255e-19,5.5299736616412016e-17,0.0,0.0
13,259,-7.142508642064086,1.2314131792598255e-19,5.5299736616412016e-17,0.0,0.0
13,260,-7.142508642064086,1.2314131792598255e-19,5.5299736616412016e-17,0.0,0.0
13,261,-7.142508642064086,1.2314131792598255e-19,5.5299736616412016e-17,0.0,0.0
13,262,-7.142508642064086,1.2314131792598255e-19,5.5299736616412016e-17,0.0,0.0
13,263,-7.142508642064086,1.2314131792598255e-19,5.5299736616412016e-17,0.0,0.0
13,264,-7.142508642064086,1.2314131792598255e-19,5.5299736616412016e-17,0.0,0.0
13,265,-7.142508642064086,1.2314131792598255e-19,5.5299736616412016e-17,0.0,0.0
13,266,-7.142508642064086,1.2314131792598255e-19,5.5299736616412016e-17,0.0,0.0
13,267,-7.142508642064086,1.2314131792598255e-19,5.5299736616412016e-17,0.0,0.0
13,268,-7.142508642064086,1.2314131792598255e-19,5.5299736616412016e-17,0.0,0.0
13,269,-7.142508642064086,1.2314131792598255e-19,5.5299736616412016e-17,0.0,0.0
13,270,-7.142508642064086,1.2314131792598255e-19,5.5299736616412016e-17,0.0,0.0
13,271,-7.142508642064086,1.2314131792598255e-19,5.5299736616412016e-17,0.0,0.0
13,272,-7.142508642064086,1.2314131792598255e-19,5.5299736616412016e-17,0.0,0.0
13,273,-7.142508642064086,1.2314131792598255e-19,5.5299736616412016e-17,0.0,0.0
13,274,-7.142508642064086,1.2314131792598255e-19,5.5299736616412016e-17,0.0,0.0
13,275,-7.142508642064086,1.2314131792598255e-19,5.5299736616412016e-17,0.0,0.0
13,276,-7.142508642064086,1.2314131792598255e-19,5.5299736616412016e-17,0.0,0.0
13,277,-7.142508642064086,1.2314131792598255e-19,5.5299736616412016e-17,0.0,0.0
13,278,-7.142508642064086,1.2314131792598255e-19,5.5299736616412016e-17,0.0,0.0
13,279,-7.142508642064086,1.2314131792598255e-19,5.5299736616412016e-17,0.0,0.0
13,280,-7.142508642064086,1.2314131792598255e-19,5.5299736616412016e-17,0.0,0.0
13,281,-7.142508642064086,1.2314131792598255e-19,5.5299736616412016e-17,0.0,0.0
13,282,-7.142508642064086,1.2314131792598255e-19,5.5299736616412016e-17,0.0,0.0
13,283,-7.142508642064086,1.2314131792598255e-19,5.5299736616412016e-17,0.0,0.0
13,284,-7.142508642064086,1.2314131792598255e-19,5.5299736616412016e-17,0.0,0.0
13,285,-7.142508642064086,1.2314131792598255e-19,5.5299736616412016e-17,0.0,0.0
13,286,-7.142508642064086,1.2314131792598255e-19,5.5299736616412016e-17,0.0,0.0
13,287,-7.142508642064086,1.2314131792598255e-19,5.5299736616412016e-17,0.0,0.0
13,288,-7.142508642064086,1.2314131792598255e-19,5.5299736616412016e-17,0.0,0.0
13,289,-7.142508642064086,1.2314131792598255e-19,5.5299736616412016e-17,0.0,0.0
13,290,-7.142508642064086,1.2314131792598255e-19,5.5299736616412016e-17,0.0,0.0
13,291,-7.142508642064086,1.2314131792598255e-19,5.5299736616412016e-17,0.0,0.0
13,292,-7.142508642064086,1.2314131792598255e-19,5.5299736616412016e-17,0.0,0.0
13,293,-7.142508642064086,1.2314131792598255e-19,5.5299736616412016e-17,0.0,0.0
13,294,-7.142508642064086,1.2314131792598255e-19,5.5299736616412016e-17,0.0,0.0
13,295,-7.142508642064086,1.2314131792598255e-19,5.5299736616412016e-17,0.0,0.0
13,296,-7.142508642064086,1.2314131792598255e-19,5.5299736616412016e-17,0.0,0.0
13,297,-7.142508642064086,1.2314131792598255e-19,5.5299736616412016e-17,0.0,0.0
13,298,-7.142508642064086,1.2314131792598255e-19,5.5299736616412016e-17,0.0,0.0
13,299,-7.142508642064086,1.2314131792598255e-19,5.5299736616412016e-17,0.0,0.0
13,300,-7.142508642064086,1.2314131792598255e-19,5.5299736616412016e-17,0.0,0.0
14,1,-6.212238547428411,0.11176892380035719,29.235017811418352,0.007290819296062675,0.012492292327490051
14,2,-6.225147341819435,0.025385481992211696,6.639994311114384,0.007582737186705683,0.05158562408588638
14,3,-6.225637559783662,0.002047216243234934,0.5354834000343751,0.00561962584197074,0.006503641744354642
14,4,-6.2256425958568995,0.00031896519795838346,0.08343064356772593,0.008878940483415835,0.024274995763819158
14,5,-6.225642706442821,2.8593995828302044e-05,0.007479234378539849,0.008031763421909704,0.008036428751377707
14,6,-6.225642707479881,2.6856269230464836e-06,0.0007024703133970562,0.009372415515780051,0.008821484290402812
14,7,-6.225642707486517,8.169424410548275e-08,2.1368485982563555e-05,0.006798956809926835,0.0009253191568188147
14,8,-6.225642707486524,1.632167760286832e-19,4.269205779277249e-17,0.007220269891623644,3.991596864420432e-24
14,9,-6.225642707486524,1.632167760286832e-19,4.269205779277249e-17,0.0,0.0
14,10,-6.225642707486524,1.632167760286832e-19,4.269205779277249e-17,0.0,0.0
14,11,-6.225642707486524,1.632167760286832e-19,4.269205779277249e-17,0.0,0.0
14,12,-6.225642707486524,1.632167760286832e-19,4.269205779277249e-17,0.0,0.0
14,13,-6.225642707486524,1.632167760286832e-19,4.269205779277249e-17,0.0,0.0
14,14,-6.225642707486524,1.632167760286832e-19,4.269205779277249e-17,0.0,0.0
14,15,-6.225642707486524,1.632167760286832e-19,4.269205779277249e-17,0.0,0.0
14,16,-6.225642707486524,1.632167760286832e-19,4.269205779277249e-17,0.0,0.0
14,17,-6.225642707486524,1.632167760286832e-19,4.269205779277249e-17,0.0,0.0
14,18,-6.225642707486524,1.632167760286832e-19,4.269205779277249e-17,0.0,0.0
14,19,-6.225642707486524,1.632167760286832e-19,4.269205779277249e-17,0.0,0.0
14,20,-6.225642707486524,1.632167760286832e-19,4.269205779277249e-17,0.0,0.0
14,21,-6.225642707486524,1.632167760286832e-19,4.269205779277249e-17,0.0,0.0
14,22,-6.225642707486524,1.632167760286832e-19,4.269205779277249e-17,0.0,0.0
14,23,-6.225642707486524,1.632167760286832e-19,4.269205779277249e-17,0.0,0.0
14,24,-6.225642707486524,1.632167760286832e-19,4.269205779277249e-17,0.0,0.0
14,25,-6.225642707486524,1.632167760286832e-19,4.269205779277249e-17,0.0,0.0
14,26,-6.225642707486524,1.632167760286832e-19,4.269205779277249e-17,0.0,0.0
14,27,-6.225642707486524,1.632167760286832e-19,4.269205779277249e-17,0.0,0.0
14,28,-6.225642707486524,1.632167760286832e-19,4.269205779277249e-17,0.0,0.0
14,29,-6.225642707486524,1.632167760286832e-19,4.269205779277249e-17,0.0,0.0
14,30,-6.225642707486524,1.632167760286832e-19,4.269205779277249e-17,0.0,0.0
14,31,-6.225642707486524,1.632167760286832e-19,4.269205779277249e-17,0.0,0.0
14,32,-6.225642707486524,1.632167760286832e-19,4.269205779277249e-17,0.0,0.0
14,33,-6.225642707486524,1.632167760286832e-19,4.269205779277249e-17,0.0,0.0
14,34,-6.225642707486524,1.632167760286832e-19,4.269205779277249e-17,0.0,0.0
14,35,-6.225642707486524,1.632167760286832e-19,4.269205779277249e-17,0.0,0.0
14,36,-6.225642707486524,1.632167760286832e-19,4.269205779277249e-17,0.0,0.0
14,37,-6.225642707486524,1.632167760286832e-19,4.269205779277249e-17,0.0,0.0
14,38,-6.225642707486524,1.632167760286832e-19,4.269205779277249e-17,0.0,0.0
14,39,-6.225642707486524,1.632167760286832e-19,4.269205779277249e-17,0.0,0.0
14,40,-6.225642707486524,1.632167760286832e-19,4.269205779277249e-17,0.0,0.0
14,41,-6.225642707486524,1.632167760286832e-19,4.269205779277249e-17,0.0,0.0
14,42,-6.225642707486524,1.632167760286832e-19,4.269205779277249e-17,0.0,0.0
14,43,-6.225642707486524,1.632167760286832e-19,4.269205779277249e-17,0.0,0.0
14,44,-6.225642707486524,1.632167760286832e-19,4.269205779277249e-17,0.0,0.0
14,45,-6.225642707486524,1.632167760286832e-19,4.269205779277249e-17,0.0,0.0
14,46,-6.225642707486524,1.632167760286832e-19,4.269205779277249e-17,0.0,0.0
14,47,-6.225642707486524,1.632167760286832e-19,4.269205779277249e-17,0.0,0.0
14,48,-6.225642707486524,1.632167760286832e-19,4.269205779277249e-17,0.0,0.0
14,49,-6.225642707486524,1.632167760286832e-19,4.269205779277249e-17,0.0,0.0
14,50,-6.225642707486524,1.632167760286832e-19,4.269205779277249e-17,0.0,0.0
14,51,-6.225642707486524,1.632167760286832e-19,4.269205779277249e-17,0.0,0.0
14,52,-6.225642707486524,1.632167760286832e-19,4.269205779277249e-17,0.0,0.0
14,53,-6.225642707486524,1.632167760286832e-19,4.269205779277249e-17,0.0,0.0
14,54,-6.225642707486524,1.632167760286832e-19,4.269205779277249e-17,0.0,0.0
14,55,-6.225642707486524,1.632167760286832e-19,4.269205779277249e-17,0.0,0.0
14,56,-6.225642707486524,1.632167760286832e-19,4.269205779277249e-17,0.0,0.0
14,57,-6.225642707486524,1.632167760286832e-19,4.269205779277249e-17,0.0,0.0
14,58,-6.225642707486524,1.632167760286832e-19,4.269205779277249e-17,0.0,0.0
14,59,-6.225642707486524,1.632167760286832e-19,4.269205779277249e-17,0.0,0.0
14,60,-6.225642707486524,1.632167760286832e-19,4.269205779277249e-17,0.0,0.0
14,61,-6.225642707486524,1.632167760286832e-19,4.269205779277249e-17,0.0,0.0
14,62,-6.225642707486524,1.632167760286832e-19,4.269205779277249e-17,0.0,0.0
14,63,-6.225642707486524,1.632167760286832e-19,4.269205779277249e-17,0.0,0.0
14,64,-6.225642707486524,1.632167760286832e-19,4.269205779277249e-17,0.0,0.0
14,65,-6.225642707486524,1.632167760286832e-19,4.269205779277249e-17,0.0,0.0
14,66,-6.225642707486524,1.632167760286832e-19,4.269205779277249e-17,0.0,0.0
14,67,-6.225642707486524,1.632167760286832e-19,4.269205779277249e-17,0.0,0.0
14,68,-6.225642707486524,1.632167760286832e-19,4.269205779277249e-17,0.0,0.0
14,69,-6.225642707486524,1.632167760286832e-19,4.269205779277249e-17,0.0,0.0
14,70,-6.225642707486524,1.632167760286832e-19,4.269205779277249e-17,0.0,0.0
14,71,-6.225642707486524,1.632167760286832e-19,4.269205779277249e-17,0.0,0.0
14,72,-6.225642707486524,1.632167760286832e-19,4.269205779277249e-17,0.0,0.0
14,73,-6.225642707486524,1.632167760286832e-19,4.269205779277249e-17,0.0,0.0
14,74,-6.225642707486524,1.632167760286832e-19,4.269205779277249e-17,0.0,0.0
14,75,-6.225642707486524,1.632167760286832e-19,4.269205779277249e-17,0.0,0.0
14,76,-6.225642707486524,1.632167760286832e-19,4.269205779277249e-17,0.0,0.0
14,77,-6.225642707486524,1.632167760286832e-19,4.269205779277249e-17,0.0,0.0
14,78,-6.225642707486524,1.632167760286832e-19,4.269205779277249e-17,0.0,0.0
14,79,-6.225642707486524,1.632167760286832e-19,4.269205779277249e-17,0.0,0.0
14,80,-6.225642707486524,1.632167760286832e-19,4.269205779277249e-17,0.0,0.0
14,81,-6.225642707486524,1.632167760286832e-19,4.269205779277249e-17,0.0,0.0
14,82,-6.225642707486524,1.632167760286832e-19,4.269205779277249e-17,0.0,0.0
14,83,-6.225642707486524,1.632167760286832e-19,4.269205779277249e-17,0.0,0.0
14,84,-6.225642707486524,1.632167760286832e-19,4.269205779277249e-17,0.0,0.0
14,85,-6.225642707486524,1.632167760286832e-19,4.269205779277249e-17,0.0,0.0
14,86,-6.225642707486524,1.632167760286832e-19,4.269205779277249e-17,0.0,0.0
14,87,-6.225642707486524,1.632167760286832e-19,4.269205779277249e-17,0.0,0.0
14,88,-6.225642707486524,1.632167760286832e-19,4.269205779277249e-17,0.0,0.0
14,89,-6.225642707486524,1.632167760286832e-19,4.269205779277249e-17,0.0,0.0
14,90,-6.225642707486524,1.632167760286832e-19,4.269205779277249e-17,0.0,0.0
14,91,-6.225642707486524,1.632167760286832e-19,4.269205779277249e-17,0.0,0.0
14,92,-6.225642707486524,1.632167760286832e-19,4.269205779277249e-17,0.0,0.0
14,93,-6.225642707486524,1.632167760286832e-19,4.269205779277249e-17,0.0,0.0
14,94,-6.225642707486524,1.632167760286832e-19,4.269205779277249e-17,0.0,0.0
14,95,-6.225642707486524,1.632167760286832e-19,4.269205779277249e-17,0.0,0.0
14,96,-6.225642707486524,1.632167760286832e-19,4.269205779277249e-17,0.0,0.0
14,97,-6.225642707486524,1.632167760286832e-19,4.269205779277249e-17,0.0,0.0
14,98,-6.225642707486524,1.632167760286832e-19,4.269205779277249e-17,0.0,0.0
14,99,-6.225642707486524,1.632167760286832e-19,4.269205779277249e-17,0.0,0.0
14,100,-6.225642707486524,1.632167760286832e-19,4.269205779277249e-17,0.0,0.0
14,101,-6.225642707486524,1.632167760286832e-19,4.269205779277249e-17,0.0,0.0
14,102,-6.225642707486524,1.632167760286832e-19,4.269205779277249e-17,0.0,0.0
14,103,-6.225642707486524,1.632167760286832e-19,4.269205779277249e-17,0.0,0.0
14,104,-6.225642707486524,1.632167760286832e-19,4.269205779277249e-17,0.0,0.0
14,105,-6.225642707486524,1.632167760286832e-19,4.269205779277249e-17,0.0,0.0
14,106,-6.225642707486524,1.632167760286832e-19,4.269205779277249e-17,0.0,0.0
14,107,-6.225642707486524,1.632167760286832e-19,4.269205779277249e-17,0.0,0.0
14,108,-6.225642707486524,1.632167760286832e-19,4.269205779277249e-17,0.0,0.0
14,109,-6.225642707486524,1.632167760286832e-19,4.269205779277249e-17,0.0,0.0
14,110,-6.225642707486524,1.632167760286832e-19,4.269205779277249e-17,0.0,0.0
14,111,-6.225642707486524,1.632167760286832e-19,4.269205779277249e-17,0.0,0.0
14,112,-6.225642707486524,1.632167760286832e-19,4.269205779277249e-17,0.0,0.0
14,113,-6.225642707486524,1.632167760286832e-19,4.269205779277249e-17,0.0,0.0
14,114,-6.225642707486524,1.632167760286832e-19,4.269205779277249e-17,0.0,0.0
14,115,-6.225642707486524,1.632167760286832e-19,4.269205779277249e-17,0.0,0.0
14,116,-6.225642707486524,1.632167760286832e-19,4.269205779277249e-17,0.0,0.0
14,117,-6.225642707486524,1.632167760286832e-19,4.269205779277249e-17,0.0,0.0
14,118,-6.225642707486524,1.632167760286832e-19,4.269205779277249e-17,0.0,0.0
14,119,-6.225642707486524,1.632167760286832e-19,4.269205779277249e-17,0.0,0.0
14,120,-6.225642707486524,1.632167760286832e-19,4.269205779277249e-17,0.0,0.0
14,121,-6.225642707486524,1.632167760286832e-19,4.269205779277249e-17,0.0,0.0
14,122,-6.225642707486524,1.632167760286832e-19,4.269205779277249e-17,0.0,0.0
14,123,-6.225642707486524,1.632167760286832e-19,4.269205779277249e-17,0.0,0.0
14,124,-6.225642707486524,1.632167760286832e-19,4.269205779277249e-17,0.0,0.0
14,125,-6.225642707486524,1.632167760286832e-19,4.269205779277249e-17,0.0,0.0
14,126,-6.225642707486524,1.632167760286832e-19,4.269205779277249e-17,0.0,0.0
14,127,-6.225642707486524,1.632167760286832e-19,4.269205779277249e-17,0.0,0.0
14,128,-6.225642707486524,1.632167760286832e-19,4.269205779277249e-17,0.0,0.0
14,129,-6.225642707486524,1.632167760286832e-19,4.269205779277249e-17,0.0,0.0
14,130,-6.225642707486524,1.632167760286832e-19,4.269205779277249e-17,0.0,0.0
14,131,-6.225642707486524,1.632167760286832e-19,4.269205779277249e-17,0.0,0.0
14,132,-6.225642707486524,1.632167760286832e-19,4.269205779277249e-17,0.0,0.0
14,133,-6.225642707486524,1.632167760286832e-19,4.269205779277249e-17,0.0,0.0
14,134,-6.225642707486524,1.632167760286832e-19,4.269205779277249e-17,0.0,0.0
14,135,-6.225642707486524,1.632167760286832e-19,4.269205779277249e-17,0.0,0.0
14,136,-6.225642707486524,1.632167760286832e-19,4.269205779277249e-17,0.0,0.0
14,137,-6.225642707486524,1.632167760286832e-19,4.269205779277249e-17,0.0,0.0
14,138,-6.225642707486524,1.632167760286832e-19,4.269205779277249e-17,0.0,0.0
14,139,-6.225642707486524,1.632167760286832e-19,4.269205779277249e-17,0.0,0.0
14,140,-6.225642707486524,1.632167760286832e-19,4.269205779277249e-17,0.0,0.0
14,141,-6.225642707486524,1.632167760286832e-19,4.269205779277249e-17,0.0,0.0
14,142,-6.225642707486524,1.632167760286832e-19,4.269205779277249e-17,0.0,0.0
14,143,-6.225642707486524,1.632167760286832e-19,4.269205779277249e-17,0.0,0.0
14,144,-6.225642707486524,1.632167760286832e-19,4.269205779277249e-17,0.0,0.0
14,145,-6.225642707486524,1.632167760286832e-19,4.269205779277249e-17,0.0,0.0
14,146,-6.225642707486524,1.632167760286832e-19,4.269205779277249e-17,0.0,0.0
14,147,-6.225642707486524,1.632167760286832e-19,4.269205779277249e-17,0.0,0.0
14,148,-6.225642707486524,1.632167760286832e-19,4.269205779277249e-17,0.0,0.0
14,149,-6.225642707486524,1.632167760286832e-19,4.269205779277249e-17,0.0,0.0
14,150,-6.225642707486524,1.632167760286832e-19,4.269205779277249e-17,0.0,0.0
14,151,-6.225642707486524,1.632167760286832e-19,4.269205779277249e-17,0.0,0.0
14,152,-6.225642707486524,1.632167760286832e-19,4.269205779277249e-17,0.0,0.0
14,153,-6.225642707486524,1.632167760286832e-19,4.269205779277249e-17,0.0,0.0
14,154,-6.225642707486524,1.632167760286832e-19,4.269205779277249e-17,0.0,0.0
14,155,-6.225642707486524,1.632167760286832e-19,4.269205779277249e-17,0.0,0.0
14,156,-6.225642707486524,1.632167760286832e-19,4.269205779277249e-17,0.0,0.0
14,157,-6.225642707486524,1.632167760286832e-19,4.269205779277249e-17,0.0,0.0
14,158,-6.225642707486524,1.632167760286832e-19,4.269205779277249e-17,0.0,0.0
14,159,-6.225642707486524,1.632167760286832e-19,4.269205779277249e-17,0.0,0.0
14,160,-6.225642707486524,1.632167760286832e-19,4.269205779277249e-17,0.0,0.0
14,161,-6.225642707486524,1.632167760286832e-19,4.269205779277249e-17,0.0,0.0
14,162,-6.225642707486524,1.632167760286832e-19,4.269205779277249e-17,0.0,0.0
14,163,-6.225642707486524,1.632167760286832e-19,4.269205779277249e-17,0.0,0.0
14,164,-6.225642707486524,1.632167760286832e-19,4.269205779277249e-17,0.0,0.0
14,165,-6.225642707486524,1.632167760286832e-19,4.269205779277249e-17,0.0,0.0
14,166,-6.225642707486524,1.632167760286832e-19,4.269205779277249e-17,0.0,0.0
14,167,-6.225642707486524,1.632167760286832e-19,4.269205779277249e-17,0.0,0.0
14,168,-6.225642707486524,1.632167760286832e-19,4.269205779277249e-17,0.0,0.0
14,169,-6.225642707486524,1.632167760286832e-19,4.269205779277249e-17,0.0,0.0
14,170,-6.225642707486524,1.632167760286832e-19,4.269205779277249e-17,0.0,0.0
14,171,-6.225642707486524,1.632167760286832e-19,4.269205779277249e-17,0.0,0.0
14,172,-6.225642707486524,1.632167760286832e-19,4.269205779277249e-17,0.0,0.0
14,173,-6.225642707486524,1.632167760286832e-19,4.269205779277249e-17,0.0,0.0
14,174,-6.225642707486524,1.632167760286832e-19,4.269205779277249e-17,0.0,0.0
14,175,-6.225642707486524,1.632167760286832e-19,4.269205779277249e-17,0.0,0.0
14,176,-6.225642707486524,1.632167760286832e-19,4.269205779277249e-17,0.0,0.0
14,177,-6.225642707486524,1.632167760286832e-19,4.269205779277249e-17,0.0,0.0
14,178,-6.225642707486524,1.632167760286832e-19,4.269205779277249e-17,0.0,0.0
14,179,-6.225642707486524,1.632167760286832e-19,4.269205779277249e-17,0.0,0.0
14,180,-6.225642707486524,1.632167760286832e-19,4.269205779277249e-17,0.0,0.0
14,181,-6.225642707486524,1.632167760286832e-19,4.269205779277249e-17,0.0,0.0
14,182,-6.225642707486524,1.632167760286832e-19,4.269205779277249e-17,0.0,0.0
14,183,-6.225642707486524,1.632167760286832e-19,4.269205779277249e-17,0.0,0.0
14,184,-6.225642707486524,1.632167760286832e-19,4.269205779277249e-17,0.0,0.0
14,185,-6.225642707486524,1.632167760286832e-19,4.269205779277249e-17,0.0,0.0
14,186,-6.225642707486524,1.632167760286832e-19,4.269205779277249e-17,0.0,0.0
14,187,-6.225642707486524,1.632167760286832e-19,4.269205779277249e-17,0.0,0.0
14,188,-6.225642707486524,1.632167760286832e-19,4.269205779277249e-17,0.0,0.0
14,189,-6.225642707486524,1.632167760286832e-19,4.269205779277249e-17,0.0,0.0
14,190,-6.225642707486524,1.632167760286832e-19,4.269205779277249e-17,0.0,0.0
14,191,-6.225642707486524,1.632167760286832e-19,4.269205779277249e-17,0.0,0.0
14,192,-6.225642707486524,1.632167760286832e-19,4.269205779277249e-17,0.0,0.0
14,193,-6.225642707486524,1.632167760286832e-19,4.269205779277249e-17,0.0,0.0
14,194,-6.225642707486524,1.632167760286832e-19,4.269205779277249e-17,0.0,0.0
14,195,-6.225642707486524,1.632167760286832e-19,4.269205779277249e-17,0.0,0.0
14,196,-6.225642707486524,1.632167760286832e-19,4.269205779277249e-17,0.0,0.0
14,197,-6.225642707486524,1.632167760286832e-19,4.269205779277249e-17,0.0,0.0
14,198,-6.225642707486524,1.632167760286832e-19,4.269205779277249e-17,0.0,0.0
14,199,-6.225642707486524,1.632167760286832e-19,4.269205779277249e-17,0.0,0.0
14,200,-6.225642707486524,1.632167760286832e-19,4.269205779277249e-17,0.0,0.0
14,201,-6.225642707486524,1.632167760286832e-19,4.269205779277249e-17,0.0,0.0
14,202,-6.225642707486524,1.632167760286832e-19,4.269205779277249e-17,0.0,0.0
14,203,-6.225642707486524,1.632167760286832e-19,4.269205779277249e-17,0.0,0.0
14,204,-6.225642707486524,1.632167760286832e-19,4.269205779277249e-17,0.0,0.0
14,205,-6.225642707486524,1.632167760286832e-19,4.269205779277249e-17,0.0,0.0
14,206,-6.225642707486524,1.632167760286832e-19,4.269205779277249e-17,0.0,0.0
14,207,-6.225642707486524,1.632167760286832e-19,4.269205779277249e-17,0.0,0.0
14,208,-6.225642707486524,1.632167760286832e-19,4.269205779277249e-17,0.0,0.0
14,209,-6.225642707486524,1.632167760286832e-19,4.269205779277249e-17,0.0,0.0
14,210,-6.225642707486524,1.632167760286832e-19,4.269205779277249e-17,0.0,0.0
14,211,-6.225642707486524,1.632167760286832e-19,4.269205779277249e-17,0.0,0.0
14,212,-6.225642707486524,1.632167760286832e-19,4.269205779277249e-17,0.0,0.0
14,213,-6.225642707486524,1.632167760286832e-19,4.269205779277249e-17,0.0,0.0
14,214,-6.225642707486524,1.632167760286832e-19,4.269205779277249e-17,0.0,0.0
14,215,-6.225642707486524,1.632167760286832e-19,4.269205779277249e-17,0.0,0.0
14,216,-6.225642707486524,1.632167760286832e-19,4.269205779277249e-17,0.0,0.0
14,217,-6.225642707486524,1.632167760286832e-19,4.269205779277249e-17,0.0,0.0
14,218,-6.225642707486524,1.632167760286832e-19,4.269205779277249e-17,0.0,0.0
14,219,-6.225642707486524,1.632167760286832e-19,4.269205779277249e-17,0.0,0.0
14,220,-6.225642707486524,1.632167760286832e-19,4.269205779277249e-17,0.0,0.0
14,221,-6.225642707486524,1.632167760286832e-19,4.269205779277249e-17,0.0,0.0
14,222,-6.225642707486524,1.632167760286832e-19,4.269205779277249e-17,0.0,0.0
14,223,-6.225642707486524,1.632167760286832e-19,4.269205779277249e-17,0.0,0.0
14,224,-6.225642707486524,1.632167760286832e-19,4.269205779277249e-17,0.0,0.0
14,225,-6.225642707486524,1.632167760286832e-19,4.269205779277249e-17,0.0,0.0
14,226,-6.225642707486524,1.632167760286832e-19,4.269205779277249e-17,0.0,0.0
14,227,-6.225642707486524,1.632167760286832e-19,4.269205779277249e-17,0.0,0.0
14,228,-6.225642707486524,1.632167760286832e-19,4.269205779277249e-17,0.0,0.0
14,229,-6.225642707486524,1.632167760286832e-19,4.269205779277249e-17,0.0,0.0
14,230,-6.225642707486524,1.632167760286832e-19,4.269205779277249e-17,0.0,0.0
14,231,-6.225642707486524,1.632167760286832e-19,4.269205779277249e-17,0.0,0.0
14,232,-6.225642707486524,1.632167760286832e-19,4.269205779277249e-17,0.0,0.0
14,233,-6.225642707486524,1.632167760286832e-19,4.269205779277249e-17,0.0,0.0
14,234,-6.225642707486524,1.632167760286832e-19,4.269205779277249e-17,0.0,0.0
14,235,-6.225642707486524,1.632167760286832e-19,4.269205779277249e-17,0.0,0.0
14,236,-6.225642707486524,1.632167760286832e-19,4.269205779277249e-17,0.0,0.0
14,237,-6.225642707486524,1.632167760286832e-19,4.269205779277249e-17,0.0,0.0
14,238,-6.225642707486524,1.632167760286832e-19,4.269205779277249e-17,0.0,0.0
14,239,-6.225642707486524,1.632167760286832e-19,4.269205779277249e-17,0.0,0.0
14,240,-6.225642707486524,1.632167760286832e-19,4.269205779277249e-17,0.0,0.0
14,241,-6.225642707486524,1.632167760286832e-19,4.269205779277249e-17,0.0,0.0
14,242,-6.225642707486524,1.632167760286832e-19,4.269205779277249e-17,0.0,0.0
14,243,-6.225642707486524,1.632167760286832e-19,4.269205779277249e-17,0.0,0.0
14,244,-6.225642707486524,1.632167760286832e-19,4.269205779277249e-17,0.0,0.0
14,245,-6.225642707486524,1.632167760286832e-19,4.269205779277249e-17,0.0,0.0
14,246,-6.225642707486524,1.632167760286832e-19,4.269205779277249e-17,0.0,0.0
14,247,-6.225642707486524,1.632167760286832e-19,4.269205779277249e-17,0.0,0.0
14,248,-6.225642707486524,1.632167760286832e-19,4.269205779277249e-17,0.0,0.0
14,249,-6.225642707486524,1.632167760286832e-19,4.269205779277249e-17,0.0,0.0
14,250,-6.225642707486524,1.632167760286832e-19,4.269205779277249e-17,0.0,0.0
14,251,-6.225642707486524,1.632167760286832e-19,4.269205779277249e-17,0.0,0.0
14,252,-6.225642707486524,1.632167760286832e-19,4.269205779277249e-17,0.0,0.0
14,253,-6.225642707486524,1.632167760286832e-19,4.269205779277249e-17,0.0,0.0
14,254,-6.225642707486524,1.632167760286832e-19,4.269205779277249e-17,0.0,0.0
14,255,-6.225642707486524,1.632167760286832e-19,4.269205779277249e-17,0.0,0.0
14,256,-6.225642707486524,1.632167760286832e-19,4.269205779277249e-17,0.0,0.0
14,257,-6.225642707486524,1.632167760286832e-19,4.269205779277249e-17,0.0,0.0
14,258,-6.225642707486524,1.632167760286832e-19,4.269205779277249e-17,0.0,0.0
14,259,-6.225642707486524,1.632167760286832e-19,4.269205779277249e-17,0.0,0.0
14,260,-6.225642707486524,1.632167760286832e-19,4.269205779277249e-17,0.0,0.0
14,261,-6.225642707486524,1.632167760286832e-19,4.269205779277249e-17,0.0,0.0
14,262,-6.225642707486524,1.632167760286832e-19,4.269205779277249e-17,0.0,0.0
14,263,-6.225642707486524,1.632167760286832e-19,4.269205779277249e-17,0.0,0.0
14,264,-6.225642707486524,1.632167760286832e-19,4.269205779277249e-17,0.0,0.0
14,265,-6.225642707486524,1.632167760286832e-19,4.269205779277249e-17,0.0,0.0
14,266,-6.225642707486524,1.632167760286832e-19,4.269205779277249e-17,0.0,0.0
14,267,-6.225642707486524,1.632167760286832e-19,4.269205779277249e-17,0.0,0.0
14,268,-6.225642707486524,1.632167760286832e-19,4.269205779277249e-17,0.0,0.0
14,269,-6.225642707486524,1.632167760286832e-19,4.269205779277249e-17,0.0,0.0
14,270,-6.225642707486524,1.632167760286832e-19,4.269205779277249e-17,0.0,0.0
14,271,-6.225642707486524,1.632167760286832e-19,4.269205779277249e-17,0.0,0.0
14,272,-6.225642707486524,1.632167760286832e-19,4.269205779277249e-17,0.0,0.0
14,273,-6.225642707486524,1.632167760286832e-19,4.269205779277249e-17,0.0,0.0
14,274,-6.225642707486524,1.632167760286832e-19,4.269205779277249e-17,0.0,0.0
14,275,-6.225642707486524,1.632167760286832e-19,4.269205779277249e-17,0.0,0.0
14,276,-6.225642707486524,1.632167760286832e-19,4.269205779277249e-17,0.0,0.0
14,277,-6.225642707486524,1.632167760286832e-19,4.269205779277249e-17,0.0,0.0
14,278,-6.225642707486524,1.632167760286832e-19,4.269205779277249e-17,0.0,0.0
14,279,-6.225642707486524,1.632167760286832e-19,4.269205779277249e-17,0.0,0.0
14,280,-6.225642707486524,1.632167760286832e-19,4.269205779277249e-17,0.0,0.0
14,281,-6.225642707486524,1.632167760286832e-19,4.269205779277249e-17,0.0,0.0
14,282,-6.225642707486524,1.632167760286832e-19,4.269205779277249e-17,0.0,0.0
14,283,-6.225642707486524,1.632167760286832e-19,4.269205779277249e-17,0.0,0.0
14,284,-6.225642707486524,1.632167760286832e-19,4.269205779277249e-17,0.0,0.0
14,285,-6.225642707486524,1.632167760286832e-19,4.269205779277249e-17,0.0,0.0
14,286,-6.225642707486524,1.632167760286832e-19,4.269205779277249e-17,0.0,0.0
14,287,-6.225642707486524,1.632167760286832e-19,4.269205779277249e-17,0.0,0.0
14,288,-6.225642707486524,1.632167760286832e-19,4.269205779277249e-17,0.0,0.0
14,289,-6.225642707486524,1.632167760286832e-19,4.269205779277249e-17,0.0,0.0
14,290,-6.225642707486524,1.632167760286832e-19,4.269205779277249e-17,0.0,0.0
14,291,-6.225642707486524,1.632167760286832e-19,4.269205779277249e-17,0.0,0.0
14,292,-6.225642707486524,1.632167760286832e-19,4.269205779277249e-17,0.0,0.0
14,293,-6.225642707486524,1.632167760286832e-19,4.269205779277249e-17,0.0,0.0
14,294,-6.225642707486524,1.632167760286832e-19,4.269205779277249e-17,0.0,0.0
14,295,-6.225642707486524,1.632167760286832e-19,4.269205779277249e-17,0.0,0.0
14,296,-6.225642707486524,1.632167760286832e-19,4.269205779277249e-17,0.0,0.0
14,297,-6.225642707486524,1.632167760286832e-19,4.269205779277249e-17,0.0,0.0
14,298,-6.225642707486524,1.632167760286832e-19,4.269205779277249e-17,0.0,0.0
14,299,-6.225642707486524,1.632167760286832e-19,4.269205779277249e-17,0.0,0.0
14,300,-6.225642707486524,1.632167760286832e-19,4.269205779277249e-17,0.0,0.0
15,1,-5.822292621016598,0.2083146141432768,46.61777490259294,0.006744130315639415,0.04339497846566229
15,2,-5.867368930050664,0.020433688630482363,4.572761737927464,0.007165719229922179,0.009621749930764293
15,3,-5.867777698576794,0.004845093821539521,1.084261390317646,0.006908360912772493,0.056222588909662745
15,4,-5.867803328759113,0.0008327755077023489,0.18636302269104923,0.007706066460732138,0.029542789858624612
15,5,-5.867804117458467,3.413398399706583e-05,0.007638688188287539,0.008026880006402896,0.0016800340091357986
15,6,-5.867804118671915,1.7165430259271024e-06,0.0003841373142368565,0.0073508705882660485,0.0025289219520127034
15,7,-5.8678041186749805,2.009321976382661e-07,4.49656976717988e-05,0.007343597801124887,0.01370218040188521
15,8,-5.867804118675014,1.0541811769506576e-20,2.3591038495184872e-18,0.0058206431174877395,2.7525261031572524e-27
15,9,-5.867804118675014,1.0541811769506576e-20,2.3591038495184872e-18,0.0,0.0
15,10,-5.867804118675014,1.0541811769506576e-20,2.3591038495184872e-18,0.0,0.0
15,11,-5.867804118675014,1.0541811769506576e-20,2.3591038495184872e-18,0.0,0.0
15,12,-5.867804118675014,1.0541811769506576e-20,2.3591038495184872e-18,0.0,0.0
15,13,-5.867804118675014,1.0541811769506576e-20,2.3591038495184872e-18,0.0,0.0
15,14,-5.867804118675014,1.0541811769506576e-20,2.3591038495184872e-18,0.0,0.0
15,15,-5.867804118675014,1.0541811769506576e-20,2.3591038495184872e-18,0.0,0.0
15,16,-5.867804118675014,1.0541811769506576e-20,2.3591038495184872e-18,0.0,0.0
15,17,-5.867804118675014,1.0541811769506576e-20,2.3591038495184872e-18,0.0,0.0
15,18,-5.867804118675014,1.0541811769506576e-20,2.3591038495184872e-18,0.0,0.0
15,19,-5.867804118675014,1.0541811769506576e-20,2.3591038495184872e-18,0.0,0.0
15,20,-5.867804118675014,1.0541811769506576e-20,2.3591038495184872e-18,0.0,0.0
15,21,-5.867804118675014,1.0541811769506576e-20,2.3591038495184872e-18,0.0,0.0
15,22,-5.867804118675014,1.0541811769506576e-20,2.3591038495184872e-18,0.0,0.0
15,23,-5.867804118675014,1.0541811769506576e-20,2.3591038495184872e-18,0.0,0.0
15,24,-5.867804118675014,1.0541811769506576e-20,2.3591038495184872e-18,0.0,0.0
15,25,-5.867804118675014,1.0541811769506576e-20,2.3591038495184872e-18,0.0,0.0
15,26,-5.867804118675014,1.0541811769506576e-20,2.3591038495184872e-18,0.0,0.0
15,27,-5.867804118675014,1.0541811769506576e-20,2.3591038495184872e-18,0.0,0.0
15,28,-5.867804118675014,1.0541811769506576e-20,2.3591038495184872e-18,0.0,0.0
15,29,-5.867804118675014,1.0541811769506576e-20,2.3591038495184872e-18,0.0,0.0
15,30,-5.867804118675014,1.0541811769506576e-20,2.3591038495184872e-18,0.0,0.0
15,31,-5.867804118675014,1.0541811769506576e-20,2.3591038495184872e-18,0.0,0.0
15,32,-5.867804118675014,1.0541811769506576e-20,2.3591038495184872e-18,0.0,0.0
15,33,-5.867804118675014,1.0541811769506576e-20,2.3591038495184872e-18,0.0,0.0
15,34,-5.867804118675014,1.0541811769506576e-20,2.3591038495184872e-18,0.0,0.0
15,35,-5.867804118675014,1.0541811769506576e-20,2.3591038495184872e-18,0.0,0.0
15,36,-5.867804118675014,1.0541811769506576e-20,2.3591038495184872e-18,0.0,0.0
15,37,-5.867804118675014,1.0541811769506576e-20,2.3591038495184872e-18,0.0,0.0
15,38,-5.867804118675014,1.0541811769506576e-20,2.3591038495184872e-18,0.0,0.0
15,39,-5.867804118675014,1.0541811769506576e-20,2.3591038495184872e-18,0.0,0.0
15,40,-5.867804118675014,1.0541811769506576e-20,2.3591038495184872e-18,0.0,0.0
15,41,-5.867804118675014,1.0541811769506576e-20,2.3591038495184872e-18,0.0,0.0
15,42,-5.867804118675014,1.0541811769506576e-20,2.3591038495184872e-18,0.0,0.0
15,43,-5.867804118675014,1.0541811769506576e-20,2.3591038495184872e-18,0.0,0.0
15,44,-5.867804118675014,1.0541811769506576e-20,2.3591038495184872e-18,0.0,0.0
15,45,-5.867804118675014,1.0541811769506576e-20,2.3591038495184872e-18,0.0,0.0
15,46,-5.867804118675014,1.0541811769506576e-20,2.3591038495184872e-18,0.0,0.0
15,47,-5.867804118675014,1.0541811769506576e-20,2.3591038495184872e-18,0.0,0.0
15,48,-5.867804118675014,1.0541811769506576e-20,2.3591038495184872e-18,0.0,0.0
15,49,-5.867804118675014,1.0541811769506576e-20,2.3591038495184872e-18,0.0,0.0
15,50,-5.867804118675014,1.0541811769506576e-20,2.3591038495184872e-18,0.0,0.0
15,51,-5.867804118675014,1.0541811769506576e-20,2.3591038495184872e-18,0.0,0.0
15,52,-5.867804118675014,1.0541811769506576e-20,2.3591038495184872e-18,0.0,0.0
15,53,-5.867804118675014,1.0541811769506576e-20,2.3591038495184872e-18,0.0,0.0
15,54,-5.867804118675014,1.0541811769506576e-20,2.3591038495184872e-18,0.0,0.0
15,55,-5.867804118675014,1.0541811769506576e-20,2.3591038495184872e-18,0.0,0.0
15,56,-5.867804118675014,1.0541811769506576e-20,2.3591038495184872e-18,0.0,0.0
15,57,-5.867804118675014,1.0541811769506576e-20,2.3591038495184872e-18,0.0,0.0
15,58,-5.867804118675014,1.0541811769506576e-20,2.3591038495184872e-18,0.0,0.0
15,59,-5.867804118675014,1.0541811769506576e-20,2.3591038495184872e-18,0.0,0.0
15,60,-5.867804118675014,1.0541811769506576e-20,2.3591038495184872e-18,0.0,0.0
15,61,-5.867804118675014,1.0541811769506576e-20,2.3591038495184872e-18,0.0,0.0
15,62,-5.867804118675014,1.0541811769506576e-20,2.3591038495184872e-18,0.0,0.0
15,63,-5.867804118675014,1.0541811769506576e-20,2.3591038495184872e-18,0.0,0.0
15,64,-5.867804118675014,1.0541811769506576e-20,2.3591038495184872e-18,0.0,0.0
15,65,-5.867804118675014,1.0541811769506576e-20,2.3591038495184872e-18,0.0,0.0
15,66,-5.867804118675014,1.0541811769506576e-20,2.3591038495184872e-18,0.0,0.0
15,67,-5.867804118675014,1.0541811769506576e-20,2.3591038495184872e-18,0.0,0.0
15,68,-5.867804118675014,1.0541811769506576e-20,2.3591038495184872e-18,0.0,0.0
15,69,-5.867804118675014,1.0541811769506576e-20,2.3591038495184872e-18,0.0,0.0
15,70,-5.867804118675014,1.0541811769506576e-20,2.3591038495184872e-18,0.0,0.0
15,71,-5.867804118675014,1.0541811769506576e-20,2.3591038495184872e-18,0.0,0.0
15,72,-5.867804118675014,1.0541811769506576e-20,2.3591038495184872e-18,0.0,0.0
15,73,-5.867804118675014,1.0541811769506576e-20,2.3591038495184872e-18,0.0,0.0
15,74,-5.867804118675014,1.0541811769506576e-20,2.3591038495184872e-18,0.0,0.0
15,75,-5.867804118675014,1.0541811769506576e-20,2.3591038495184872e-18,0.0,0.0
15,76,-5.867804118675014,1.0541811769506576e-20,2.3591038495184872e-18,0.0,0.0
15,77,-5.867804118675014,1.0541811769506576e-20,2.3591038495184872e-18,0.0,0.0
15,78,-5.867804118675014,1.0541811769506576e-20,2.3591038495184872e-18,0.0,0.0
15,79,-5.867804118675014,1.0541811769506576e-20,2.3591038495184872e-18,0.0,0.0
15,80,-5.867804118675014,1.0541811769506576e-20,2.3591038495184872e-18,0.0,0.0
15,81,-5.867804118675014,1.0541811769506576e-20,2.3591038495184872e-18,0.0,0.0
15,82,-5.867804118675014,1.0541811769506576e-20,2.3591038495184872e-18,0.0,0.0
15,83,-5.867804118675014,1.0541811769506576e-20,2.3591038495184872e-18,0.0,0.0
15,84,-5.867804118675014,1.0541811769506576e-20,2.3591038495184872e-18,0.0,0.0
15,85,-5.867804118675014,1.0541811769506576e-20,2.3591038495184872e-18,0.0,0.0
15,86,-5.867804118675014,1.0541811769506576e-20,2.3591038495184872e-18,0.0,0.0
15,87,-5.867804118675014,1.0541811769506576e-20,2.3591038495184872e-18,0.0,0.0
15,88,-5.867804118675014,1.0541811769506576e-20,2.3591038495184872e-18,0.0,0.0
15,89,-5.867804118675014,1.0541811769506576e-20,2.3591038495184872e-18,0.0,0.0
15,90,-5.867804118675014,1.0541811769506576e-20,2.3591038495184872e-18,0.0,0.0
15,91,-5.867804118675014,1.0541811769506576e-20,2.3591038495184872e-18,0.0,0.0
15,92,-5.867804118675014,1.0541811769506576e-20,2.3591038495184872e-18,0.0,0.0
15,93,-5.867804118675014,1.0541811769506576e-20,2.3591038495184872e-18,0.0,0.0
15,94,-5.867804118675014,1.0541811769506576e-20,2.3591038495184872e-18,0.0,0.0
15,95,-5.867804118675014,1.0541811769506576e-20,2.3591038495184872e-18,0.0,0.0
15,96,-5.867804118675014,1.0541811769506576e-20,2.3591038495184872e-18,0.0,0.0
15,97,-5.867804118675014,1.0541811769506576e-20,2.3591038495184872e-18,0.0,0.0
15,98,-5.867804118675014,1.0541811769506576e-20,2.3591038495184872e-18,0.0,0.0
15,99,-5.867804118675014,1.0541811769506576e-20,2.3591038495184872e-18,0.0,0.0
15,100,-5.867804118675014,1.0541811769506576e-20,2.3591038495184872e-18,0.0,0.0
15,101,-5.867804118675014,1.0541811769506576e-20,2.3591038495184872e-18,0.0,0.0
15,102,-5.867804118675014,1.0541811769506576e-20,2.3591038495184872e-18,0.0,0.0
15,103,-5.867804118675014,1.0541811769506576e-20,2.3591038495184872e-18,0.0,0.0
15,104,-5.867804118675014,1.0541811769506576e-20,2.3591038495184872e-18,0.0,0.0
15,105,-5.867804118675014,1.0541811769506576e-20,2.3591038495184872e-18,0.0,0.0
15,106,-5.867804118675014,1.0541811769506576e-20,2.3591038495184872e-18,0.0,0.0
15,107,-5.867804118675014,1.0541811769506576e-20,2.3591038495184872e-18,0.0,0.0
15,108,-5.867804118675014,1.0541811769506576e-20,2.3591038495184872e-18,0.0,0.0
15,109,-5.867804118675014,1.0541811769506576e-20,2.3591038495184872e-18,0.0,0.0
15,110,-5.867804118675014,1.0541811769506576e-20,2.3591038495184872e-18,0.0,0.0
15,111,-5.867804118675014,1.0541811769506576e-20,2.3591038495184872e-18,0.0,0.0
15,112,-5.867804118675014,1.0541811769506576e-20,2.3591038495184872e-18,0.0,0.0
15,113,-5.867804118675014,1.0541811769506576e-20,2.3591038495184872e-18,0.0,0.0
15,114,-5.867804118675014,1.0541811769506576e-20,2.3591038495184872e-18,0.0,0.0
15,115,-5.867804118675014,1.0541811769506576e-20,2.3591038495184872e-18,0.0,0.0
15,116,-5.867804118675014,1.0541811769506576e-20,2.3591038495184872e-18,0.0,0.0
15,117,-5.867804118675014,1.0541811769506576e-20,2.3591038495184872e-18,0.0,0.0
15,118,-5.867804118675014,1.0541811769506576e-20,2.3591038495184872e-18,0.0,0.0
15,119,-5.867804118675014,1.0541811769506576e-20,2.3591038495184872e-18,0.0,0.0
15,120,-5.867804118675014,1.0541811769506576e-20,2.3591038495184872e-18,0.0,0.0
15,121,-5.867804118675014,1.0541811769506576e-20,2.3591038495184872e-18,0.0,0.0
15,122,-5.867804118675014,1.0541811769506576e-20,2.3591038495184872e-18,0.0,0.0
15,123,-5.867804118675014,1.0541811769506576e-20,2.3591038495184872e-18,0.0,0.0
15,124,-5.867804118675014,1.0541811769506576e-20,2.3591038495184872e-18,0.0,0.0
15,125,-5.867804118675014,1.0541811769506576e-20,2.3591038495184872e-18,0.0,0.0
15,126,-5.867804118675014,1.0541811769506576e-20,2.3591038495184872e-18,0.0,0.0
15,127,-5.867804118675014,1.0541811769506576e-20,2.3591038495184872e-18,0.0,0.0
15,128,-5.867804118675014,1.0541811769506576e-20,2.3591038495184872e-18,0.0,0.0
15,129,-5.867804118675014,1.0541811769506576e-20,2.3591038495184872e-18,0.0,0.0
15,130,-5.867804118675014,1.0541811769506576e-20,2.3591038495184872e-18,0.0,0.0
15,131,-5.867804118675014,1.0541811769506576e-20,2.3591038495184872e-18,0.0,0.0
15,132,-5.867804118675014,1.0541811769506576e-20,2.3591038495184872e-18,0.0,0.0
15,133,-5.867804118675014,1.0541811769506576e-20,2.3591038495184872e-18,0.0,0.0
15,134,-5.867804118675014,1.0541811769506576e-20,2.3591038495184872e-18,0.0,0.0
15,135,-5.867804118675014,1.0541811769506576e-20,2.3591038495184872e-18,0.0,0.0
15,136,-5.867804118675014,1.0541811769506576e-20,2.3591038495184872e-18,0.0,0.0
15,137,-5.867804118675014,1.0541811769506576e-20,2.3591038495184872e-18,0.0,0.0
15,138,-5.867804118675014,1.0541811769506576e-20,2.3591038495184872e-18,0.0,0.0
15,139,-5.867804118675014,1.0541811769506576e-20,2.3591038495184872e-18,0.0,0.0
15,140,-5.867804118675014,1.0541811769506576e-20,2.3591038495184872e-18,0.0,0.0
15,141,-5.867804118675014,1.0541811769506576e-20,2.3591038495184872e-18,0.0,0.0
15,142,-5.867804118675014,1.0541811769506576e-20,2.3591038495184872e-18,0.0,0.0
15,143,-5.867804118675014,1.0541811769506576e-20,2.3591038495184872e-18,0.0,0.0
15,144,-5.867804118675014,1.0541811769506576e-20,2.3591038495184872e-18,0.0,0.0
15,145,-5.867804118675014,1.0541811769506576e-20,2.3591038495184872e-18,0.0,0.0
15,146,-5.867804118675014,1.0541811769506576e-20,2.3591038495184872e-18,0.0,0.0
15,147,-5.867804118675014,1.0541811769506576e-20,2.3591038495184872e-18,0.0,0.0
15,148,-5.867804118675014,1.0541811769506576e-20,2.3591038495184872e-18,0.0,0.0
15,149,-5.867804118675014,1.0541811769506576e-20,2.3591038495184872e-18,0.0,0.0
15,150,-5.867804118675014,1.0541811769506576e-20,2.3591038495184872e-18,0.0,0.0
15,151,-5.867804118675014,1.0541811769506576e-20,2.3591038495184872e-18,0.0,0.0
15,152,-5.867804118675014,1.0541811769506576e-20,2.3591038495184872e-18,0.0,0.0
15,153,-5.867804118675014,1.0541811769506576e-20,2.3591038495184872e-18,0.0,0.0
15,154,-5.867804118675014,1.0541811769506576e-20,2.3591038495184872e-18,0.0,0.0
15,155,-5.867804118675014,1.0541811769506576e-20,2.3591038495184872e-18,0.0,0.0
15,156,-5.867804118675014,1.0541811769506576e-20,2.3591038495184872e-18,0.0,0.0
15,157,-5.867804118675014,1.0541811769506576e-20,2.3591038495184872e-18,0.0,0.0
15,158,-5.867804118675014,1.0541811769506576e-20,2.3591038495184872e-18,0.0,0.0
15,159,-5.867804118675014,1.0541811769506576e-20,2.3591038495184872e-18,0.0,0.0
15,160,-5.867804118675014,1.0541811769506576e-20,2.3591038495184872e-18,0.0,0.0
15,161,-5.867804118675014,1.0541811769506576e-20,2.3591038495184872e-18,0.0,0.0
15,162,-5.867804118675014,1.0541811769506576e-20,2.3591038495184872e-18,0.0,0.0
15,163,-5.867804118675014,1.0541811769506576e-20,2.3591038495184872e-18,0.0,0.0
15,164,-5.867804118675014,1.0541811769506576e-20,2.3591038495184872e-18,0.0,0.0
15,165,-5.867804118675014,1.0541811769506576e-20,2.3591038495184872e-18,0.0,0.0
15,166,-5.867804118675014,1.0541811769506576e-20,2.3591038495184872e-18,0.0,0.0
15,167,-5.867804118675014,1.0541811769506576e-20,2.3591038495184872e-18,0.0,0.0
15,168,-5.867804118675014,1.0541811769506576e-20,2.3591038495184872e-18,0.0,0.0
15,169,-5.867804118675014,1.0541811769506576e-20,2.3591038495184872e-18,0.0,0.0
15,170,-5.867804118675014,1.0541811769506576e-20,2.3591038495184872e-18,0.0,0.0
15,171,-5.867804118675014,1.0541811769506576e-20,2.3591038495184872e-18,0.0,0.0
15,172,-5.867804118675014,1.0541811769506576e-20,2.3591038495184872e-18,0.0,0.0
15,173,-5.867804118675014,1.0541811769506576e-20,2.3591038495184872e-18,0.0,0.0
15,174,-5.867804118675014,1.0541811769506576e-20,2.3591038495184872e-18,0.0,0.0
15,175,-5.867804118675014,1.0541811769506576e-20,2.3591038495184872e-18,0.0,0.0
15,176,-5.867804118675014,1.0541811769506576e-20,2.3591038495184872e-18,0.0,0.0
15,177,-5.867804118675014,1.0541811769506576e-20,2.3591038495184872e-18,0.0,0.0
15,178,-5.867804118675014,1.0541811769506576e-20,2.3591038495184872e-18,0.0,0.0
15,179,-5.867804118675014,1.0541811769506576e-20,2.3591038495184872e-18,0.0,0.0
15,180,-5.867804118675014,1.0541811769506576e-20,2.3591038495184872e-18,0.0,0.0
15,181,-5.867804118675014,1.0541811769506576e-20,2.3591038495184872e-18,0.0,0.0
15,182,-5.867804118675014,1.0541811769506576e-20,2.3591038495184872e-18,0.0,0.0
15,183,-5.867804118675014,1.0541811769506576e-20,2.3591038495184872e-18,0.0,0.0
15,184,-5.867804118675014,1.0541811769506576e-20,2.3591038495184872e-18,0.0,0.0
15,185,-5.867804118675014,1.0541811769506576e-20,2.3591038495184872e-18,0.0,0.0
15,186,-5.867804118675014,1.0541811769506576e-20,2.3591038495184872e-18,0.0,0.0
15,187,-5.867804118675014,1.0541811769506576e-20,2.3591038495184872e-18,0.0,0.0
15,188,-5.867804118675014,1.0541811769506576e-20,2.3591038495184872e-18,0.0,0.0
15,189,-5.867804118675014,1.0541811769506576e-20,2.3591038495184872e-18,0.0,0.0
15,190,-5.867804118675014,1.0541811769506576e-20,2.3591038495184872e-18,0.0,0.0
15,191,-5.867804118675014,1.0541811769506576e-20,2.3591038495184872e-18,0.0,0.0
15,192,-5.867804118675014,1.0541811769506576e-20,2.3591038495184872e-18,0.0,0.0
15,193,-5.867804118675014,1.0541811769506576e-20,2.3591038495184872e-18,0.0,0.0
15,194,-5.867804118675014,1.0541811769506576e-20,2.3591038495184872e-18,0.0,0.0
15,195,-5.867804118675014,1.0541811769506576e-20,2.3591038495184872e-18,0.0,0.0
15,196,-5.867804118675014,1.0541811769506576e-20,2.3591038495184872e-18,0.0,0.0
15,197,-5.867804118675014,1.0541811769506576e-20,2.3591038495184872e-18,0.0,0.0
15,198,-5.867804118675014,1.0541811769506576e-20,2.3591038495184872e-18,0.0,0.0
15,199,-5.867804118675014,1.0541811769506576e-20,2.3591038495184872e-18,0.0,0.0
15,200,-5.867804118675014,1.0541811769506576e-20,2.3591038495184872e-18,0.0,0.0
15,201,-5.867804118675014,1.0541811769506576e-20,2.3591038495184872e-18,0.0,0.0
15,202,-5.867804118675014,1.0541811769506576e-20,2.3591038495184872e-18,0.0,0.0
15,203,-5.867804118675014,1.0541811769506576e-20,2.3591038495184872e-18,0.0,0.0
15,204,-5.867804118675014,1.0541811769506576e-20,2.3591038495184872e-18,0.0,0.0
15,205,-5.867804118675014,1.0541811769506576e-20,2.3591038495184872e-18,0.0,0.0
15,206,-5.867804118675014,1.0541811769506576e-20,2.3591038495184872e-18,0.0,0.0
15,207,-5.867804118675014,1.0541811769506576e-20,2.3591038495184872e-18,0.0,0.0
15,208,-5.867804118675014,1.0541811769506576e-20,2.3591038495184872e-18,0.0,0.0
15,209,-5.867804118675014,1.0541811769506576e-20,2.3591038495184872e-18,0.0,0.0
15,210,-5.867804118675014,1.0541811769506576e-20,2.3591038495184872e-18,0.0,0.0
15,211,-5.867804118675014,1.0541811769506576e-20,2.3591038495184872e-18,0.0,0.0
15,212,-5.867804118675014,1.0541811769506576e-20,2.3591038495184872e-18,0.0,0.0
15,213,-5.867804118675014,1.0541811769506576e-20,2.3591038495184872e-18,0.0,0.0
15,214,-5.867804118675014,1.0541811769506576e-20,2.3591038495184872e-18,0.0,0.0
15,215,-5.867804118675014,1.0541811769506576e-20,2.3591038495184872e-18,0.0,0.0
15,216,-5.867804118675014,1.0541811769506576e-20,2.3591038495184872e-18,0.0,0.0
15,217,-5.867804118675014,1.0541811769506576e-20,2.3591038495184872e-18,0.0,0.0
15,218,-5.867804118675014,1.0541811769506576e-20,2.3591038495184872e-18,0.0,0.0
15,219,-5.867804118675014,1.0541811769506576e-20,2.3591038495184872e-18,0.0,0.0
15,220,-5.867804118675014,1.0541811769506576e-20,2.3591038495184872e-18,0.0,0.0
15,221,-5.867804118675014,1.0541811769506576e-20,2.3591038495184872e-18,0.0,0.0
15,222,-5.867804118675014,1.0541811769506576e-20,2.3591038495184872e-18,0.0,0.0
15,223,-5.867804118675014,1.0541811769506576e-20,2.3591038495184872e-18,0.0,0.0
15,224,-5.867804118675014,1.0541811769506576e-20,2.3591038495184872e-18,0.0,0.0
15,225,-5.867804118675014,1.0541811769506576e-20,2.3591038495184872e-18,0.0,0.0
15,226,-5.867804118675014,1.0541811769506576e-20,2.3591038495184872e-18,0.0,0.0
15,227,-5.867804118675014,1.0541811769506576e-20,2.3591038495184872e-18,0.0,0.0
15,228,-5.867804118675014,1.0541811769506576e-20,2.3591038495184872e-18,0.0,0.0
15,229,-5.867804118675014,1.0541811769506576e-20,2.3591038495184872e-18,0.0,0.0
15,230,-5.867804118675014,1.0541811769506576e-20,2.3591038495184872e-18,0.0,0.0
15,231,-5.867804118675014,1.0541811769506576e-20,2.3591038495184872e-18,0.0,0.0
15,232,-5.867804118675014,1.0541811769506576e-20,2.3591038495184872e-18,0.0,0.0
15,233,-5.867804118675014,1.0541811769506576e-20,2.3591038495184872e-18,0.0,0.0
15,234,-5.867804118675014,1.0541811769506576e-20,2.3591038495184872e-18,0.0,0.0
15,235,-5.867804118675014,1.0541811769506576e-20,2.3591038495184872e-18,0.0,0.0
15,236,-5.867804118675014,1.0541811769506576e-20,2.3591038495184872e-18,0.0,0.0
15,237,-5.867804118675014,1.0541811769506576e-20,2.3591038495184872e-18,0.0,0.0
15,238,-5.867804118675014,1.0541811769506576e-20,2.3591038495184872e-18,0.0,0.0
15,239,-5.867804118675014,1.0541811769506576e-20,2.3591038495184872e-18,0.0,0.0
15,240,-5.867804118675014,1.0541811769506576e-20,2.3591038495184872e-18,0.0,0.0
15,241,-5.867804118675014,1.0541811769506576e-20,2.3591038495184872e-18,0.0,0.0
15,242,-5.867804118675014,1.0541811769506576e-20,2.3591038495184872e-18,0.0,0.0
15,243,-5.867804118675014,1.0541811769506576e-20,2.3591038495184872e-18,0.0,0.0
15,244,-5.867804118675014,1.0541811769506576e-20,2.3591038495184872e-18,0.0,0.0
15,245,-5.867804118675014,1.0541811769506576e-20,2.3591038495184872e-18,0.0,0.0
15,246,-5.867804118675014,1.0541811769506576e-20,2.3591038495184872e-18,0.0,0.0
15,247,-5.867804118675014,1.0541811769506576e-20,2.3591038495184872e-18,0.0,0.0
15,248,-5.867804118675014,1.0541811769506576e-20,2.3591038495184872e-18,0.0,0.0
15,249,-5.867804118675014,1.0541811769506576e-20,2.3591038495184872e-18,0.0,0.0
15,250,-5.867804118675014,1.0541811769506576e-20,2.3591038495184872e-18,0.0,0.0
15,251,-5.867804118675014,1.0541811769506576e-20,2.3591038495184872e-18,0.0,0.0
15,252,-5.867804118675014,1.0541811769506576e-20,2.3591038495184872e-18,0.0,0.0
15,253,-5.867804118675014,1.0541811769506576e-20,2.3591038495184872e-18,0.0,0.0
15,254,-5.867804118675014,1.0541811769506576e-20,2.3591038495184872e-18,0.0,0.0
15,255,-5.867804118675014,1.0541811769506576e-20,2.3591038495184872e-18,0.0,0.0
15,256,-5.867804118675014,1.0541811769506576e-20,2.3591038495184872e-18,0.0,0.0
15,257,-5.867804118675014,1.0541811769506576e-20,2.3591038495184872e-18,0.0,0.0
15,258,-5.867804118675014,1.0541811769506576e-20,2.3591038495184872e-18,0.0,0.0
15,259,-5.867804118675014,1.0541811769506576e-20,2.3591038495184872e-18,0.0,0.0
15,260,-5.867804118675014,1.0541811769506576e-20,2.3591038495184872e-18,0.0,0.0
15,261,-5.867804118675014,1.0541811769506576e-20,2.3591038495184872e-18,0.0,0.0
15,262,-5.867804118675014,1.0541811769506576e-20,2.3591038495184872e-18,0.0,0.0
15,263,-5.867804118675014,1.0541811769506576e-20,2.3591038495184872e-18,0.0,0.0
15,264,-5.867804118675014,1.0541811769506576e-20,2.3591038495184872e-18,0.0,0.0
15,265,-5.867804118675014,1.0541811769506576e-20,2.3591038495184872e-18,0.0,0.0
15,266,-5.867804118675014,1.0541811769506576e-20,2.3591038495184872e-18,0.0,0.0
15,267,-5.867804118675014,1.0541811769506576e-20,2.3591038495184872e-18,0.0,0.0
15,268,-5.867804118675014,1.0541811769506576e-20,2.3591038495184872e-18,0.0,0.0
15,269,-5.867804118675014,1.0541811769506576e-20,2.3591038495184872e-18,0.0,0.0
15,270,-5.867804118675014,1.0541811769506576e-20,2.3591038495184872e-18,0.0,0.0
15,271,-5.867804118675014,1.0541811769506576e-20,2.3591038495184872e-18,0.0,0.0
15,272,-5.867804118675014,1.0541811769506576e-20,2.3591038495184872e-18,0.0,0.0
15,273,-5.867804118675014,1.0541811769506576e-20,2.3591038495184872e-18,0.0,0.0
15,274,-5.867804118675014,1.0541811769506576e-20,2.3591038495184872e-18,0.0,0.0
15,275,-5.867804118675014,1.0541811769506576e-20,2.3591038495184872e-18,0.0,0.0
15,276,-5.867804118675014,1.0541811769506576e-20,2.3591038495184872e-18,0.0,0.0
15,277,-5.867804118675014,1.0541811769506576e-20,2.3591038495184872e-18,0.0,0.0
15,278,-5.867804118675014,1.0541811769506576e-20,2.3591038495184872e-18,0.0,0.0
15,279,-5.867804118675014,1.0541811769506576e-20,2.3591038495184872e-18,0.0,0.0
15,280,-5.867804118675014,1.0541811769506576e-20,2.3591038495184872e-18,0.0,0.0
15,281,-5.867804118675014,1.0541811769506576e-20,2.3591038495184872e-18,0.0,0.0
15,282,-5.867804118675014,1.0541811769506576e-20,2.3591038495184872e-18,0.0,0.0
15,283,-5.867804118675014,1.0541811769506576e-20,2.3591038495184872e-18,0.0,0.0
15,284,-5.867804118675014,1.0541811769506576e-20,2.3591038495184872e-18,0.0,0.0
15,285,-5.867804118675014,1.0541811769506576e-20,2.3591038495184872e-18,0.0,0.0
15,286,-5.867804118675014,1.0541811769506576e-20,2.3591038495184872e-18,0.0,0.0
15,287,-5.867804118675014,1.0541811769506576e-20,2.3591038495184872e-18,0.0,0.0
15,288,-5.867804118675014,1.0541811769506576e-20,2.3591038495184872e-18,0.0,0.0
15,289,-5.867804118675014,1.0541811769506576e-20,2.3591038495184872e-18,0.0,0.0
15,290,-5.867804118675014,1.0541811769506576e-20,2.3591038495184872e-18,0.0,0.0
15,291,-5.867804118675014,1.0541811769506576e-20,2.3591038495184872e-18,0.0,0.0
15,292,-5.867804118675014,1.0541811769506576e-20,2.3591038495184872e-18,0.0,0.0
15,293,-5.867804118675014,1.0541811769506576e-20,2.3591038495184872e-18,0.0,0.0
15,294,-5.867804118675014,1.0541811769506576e-20,2.3591038495184872e-18,0.0,0.0
15,295,-5.867804118675014,1.0541811769506576e-20,2.3591038495184872e-18,0.0,0.0
15,296,-5.867804118675014,1.0541811769506576e-20,2.3591038495184872e-18,0.0,0.0
15,297,-5.867804118675014,1.0541811769506576e-20,2.3591038495184872e-18,0.0,0.0
15,298,-5.867804118675014,1.0541811769506576e-20,2.3591038495184872e-18,0.0,0.0
15,299,-5.867804118675014,1.0541811769506576e-20,2.3591038495184872e-18,0.0,0.0
15,300,-5.867804118675014,1.0541811769506576e-20,2.3591038495184872e-18,0.0,0.0
16,1,-7.507390086649226,0.1163978837289777,64.55034954715933,0.005922581695548187,0.013548467336584616
16,2,-7.522155373290445,0.024236593622395032,13.4407992657393,0.006502389193482083,0.043356377944754186
16,3,-7.522823336010426,0.0032425947712503354,1.7982339473745226,0.006837190166190527,0.017899553346345812
16,4,-7.522835702102221,0.0005453831048649246,0.3024511179096428,0.007073973527412316,0.028289026595014866
16,5,-7.522836033247515,7.417372659649197e-06,0.004113425283716742,0.006696290796639523,0.00018496810116625182
16,6,-7.52283603331688,1.1604045931787207e-06,0.0006435213399603061,0.00758336706072318,0.02447477342780169
16,7,-7.5228360333185496,4.622978778068365e-08,2.5637484678694455e-05,0.007453732521959273,0.0015871753912397027
16,8,-7.522836033318553,3.577076836928274e-20,1.983726445735055e-17,0.008482580540556627,5.987047979012829e-25
16,9,-7.522836033318553,3.577076836928274e-20,1.983726445735055e-17,0.0,0.0
16,10,-7.522836033318553,3.577076836928274e-20,1.983726445735055e-17,0.0,0.0
16,11,-7.522836033318553,3.577076836928274e-20,1.983726445735055e-17,0.0,0.0
16,12,-7.522836033318553,3.577076836928274e-20,1.983726445735055e-17,0.0,0.0
16,13,-7.522836033318553,3.577076836928274e-20,1.983726445735055e-17,0.0,0.0
16,14,-7.522836033318553,3.577076836928274e-20,1.983726445735055e-17,0.0,0.0
16,15,-7.522836033318553,3.577076836928274e-20,1.983726445735055e-17,0.0,0.0
16,16,-7.522836033318553,3.577076836928274e-20,1.983726445735055e-17,0.0,0.0
16,17,-7.522836033318553,3.577076836928274e-20,1.983726445735055e-17,0.0,0.0
16,18,-7.522836033318553,3.577076836928274e-20,1.983726445735055e-17,0.0,0.0
16,19,-7.522836033318553,3.577076836928274e-20,1.983726445735055e-17,0.0,0.0
16,20,-7.522836033318553,3.577076836928274e-20,1.983726445735055e-17,0.0,0.0
16,21,-7.522836033318553,3.577076836928274e-20,1.983726445735055e-17,0.0,0.0
16,22,-7.522836033318553,3.577076836928274e-20,1.983726445735055e-17,0.0,0.0
16,23,-7.522836033318553,3.577076836928274e-20,1.983726445735055e-17,0.0,0.0
16,24,-7.522836033318553,3.577076836928274e-20,1.983726445735055e-17,0.0,0.0
16,25,-7.522836033318553,3.577076836928274e-20,1.983726445735055e-17,0.0,0.0
16,26,-7.522836033318553,3.577076836928274e-20,1.983726445735055e-17,0.0,0.0
16,27,-7.522836033318553,3.577076836928274e-20,1.983726445735055e-17,0.0,0.0
16,28,-7.522836033318553,3.577076836928274e-20,1.983726445735055e-17,0.0,0.0
16,29,-7.522836033318553,3.577076836928274e-20,1.983726445735055e-17,0.0,0.0
16,30,-7.522836033318553,3.577076836928274e-20,1.983726445735055e-17,0.0,0.0
16,31,-7.522836033318553,3.577076836928274e-20,1.983726445735055e-17,0.0,0.0
16,32,-7.522836033318553,3.577076836928274e-20,1.983726445735055e-17,0.0,0.0
16,33,-7.522836033318553,3.577076836928274e-20,1.983726445735055e-17,0.0,0.0
16,34,-7.522836033318553,3.577076836928274e-20,1.983726445735055e-17,0.0,0.0
16,35,-7.522836033318553,3.577076836928274e-20,1.983726445735055e-17,0.0,0.0
16,36,-7.522836033318553,3.577076836928274e-20,1.983726445735055e-17,0.0,0.0
16,37,-7.522836033318553,3.577076836928274e-20,1.983726445735055e-17,0.0,0.0
16,38,-7.522836033318553,3.577076836928274e-20,1.983726445735055e-17,0.0,0.0
16,39,-7.522836033318553,3.577076836928274e-20,1.983726445735055e-17,0.0,0.0
16,40,-7.522836033318553,3.577076836928274e-20,1.983726445735055e-17,0.0,0.0
16,41,-7.522836033318553,3.577076836928274e-20,1.983726445735055e-17,0.0,0.0
16,42,-7.522836033318553,3.577076836928274e-20,1.983726445735055e-17,0.0,0.0
16,43,-7.522836033318553,3.577076836928274e-20,1.983726445735055e-17,0.0,0.0
16,44,-7.522836033318553,3.577076836928274e-20,1.983726445735055e-17,0.0,0.0
16,45,-7.522836033318553,3.577076836928274e-20,1.983726445735055e-17,0.0,0.0
16,46,-7.522836033318553,3.577076836928274e-20,1.983726445735055e-17,0.0,0.0
16,47,-7.522836033318553,3.577076836928274e-20,1.983726445735055e-17,0.0,0.0
16,48,-7.522836033318553,3.577076836928274e-20,1.983726445735055e-17,0.0,0.0
16,49,-7.522836033318553,3.577076836928274e-20,1.983726445735055e-17,0.0,0.0
16,50,-7.522836033318553,3.577076836928274e-20,1.983726445735055e-17,0.0,0.0
16,51,-7.522836033318553,3.577076836928274e-20,1.983726445735055e-17,0.0,0.0
16,52,-7.522836033318553,3.577076836928274e-20,1.983726445735055e-17,0.0,0.0
16,53,-7.522836033318553,3.577076836928274e-20,1.983726445735055e-17,0.0,0.0
16,54,-7.522836033318553,3.577076836928274e-20,1.983726445735055e-17,0.0,0.0
16,55,-7.522836033318553,3.577076836928274e-20,1.983726445735055e-17,0.0,0.0
16,56,-7.522836033318553,3.577076836928274e-20,1.983726445735055e-17,0.0,0.0
16,57,-7.522836033318553,3.577076836928274e-20,1.983726445735055e-17,0.0,0.0
16,58,-7.522836033318553,3.577076836928274e-20,1.983726445735055e-17,0.0,0.0
16,59,-7.522836033318553,3.577076836928274e-20,1.983726445735055e-17,0.0,0.0
16,60,-7.522836033318553,3.577076836928274e-20,1.983726445735055e-17,0.0,0.0
16,61,-7.522836033318553,3.577076836928274e-20,1.983726445735055e-17,0.0,0.0
16,62,-7.522836033318553,3.577076836928274e-20,1.983726445735055e-17,0.0,0.0
16,63,-7.522836033318553,3.577076836928274e-20,1.983726445735055e-17,0.0,0.0
16,64,-7.522836033318553,3.577076836928274e-20,1.983726445735055e-17,0.0,0.0
16,65,-7.522836033318553,3.577076836928274e-20,1.983726445735055e-17,0.0,0.0
16,66,-7.522836033318553,3.577076836928274e-20,1.983726445735055e-17,0.0,0.0
16,67,-7.522836033318553,3.577076836928274e-20,1.983726445735055e-17,0.0,0.0
16,68,-7.522836033318553,3.577076836928274e-20,1.983726445735055e-17,0.0,0.0
16,69,-7.522836033318553,3.577076836928274e-20,1.983726445735055e-17,0.0,0.0
16,70,-7.522836033318553,3.577076836928274e-20,1.983726445735055e-17,0.0,0.0
16,71,-7.522836033318553,3.577076836928274e-20,1.983726445735055e-17,0.0,0.0
16,72,-7.522836033318553,3.577076836928274e-20,1.983726445735055e-17,0.0,0.0
16,73,-7.522836033318553,3.577076836928274e-20,1.983726445735055e-17,0.0,0.0
16,74,-7.522836033318553,3.577076836928274e-20,1.983726445735055e-17,0.0,0.0
16,75,-7.522836033318553,3.577076836928274e-20,1.983726445735055e-17,0.0,0.0
16,76,-7.522836033318553,3.577076836928274e-20,1.983726445735055e-17,0.0,0.0
16,77,-7.522836033318553,3.577076836928274e-20,1.983726445735055e-17,0.0,0.0
16,78,-7.522836033318553,3.577076836928274e-20,1.983726445735055e-17,0.0,0.0
16,79,-7.522836033318553,3.577076836928274e-20,1.983726445735055e-17,0.0,0.0
16,80,-7.522836033318553,3.577076836928274e-20,1.983726445735055e-17,0.0,0.0
16,81,-7.522836033318553,3.577076836928274e-20,1.983726445735055e-17,0.0,0.0
16,82,-7.522836033318553,3.577076836928274e-20,1.983726445735055e-17,0.0,0.0
16,83,-7.522836033318553,3.577076836928274e-20,1.983726445735055e-17,0.0,0.0
16,84,-7.522836033318553,3.577076836928274e-20,1.983726445735055e-17,0.0,0.0
16,85,-7.522836033318553,3.577076836928274e-20,1.983726445735055e-17,0.0,0.0
16,86,-7.522836033318553,3.577076836928274e-20,1.983726445735055e-17,0.0,0.0
16,87,-7.522836033318553,3.577076836928274e-20,1.983726445735055e-17,0.0,0.0
16,88,-7.522836033318553,3.577076836928274e-20,1.983726445735055e-17,0.0,0.0
16,89,-7.522836033318553,3.577076836928274e-20,1.983726445735055e-17,0.0,0.0
16,90,-7.522836033318553,3.577076836928274e-20,1.983726445735055e-17,0.0,0.0
16,91,-7.522836033318553,3.577076836928274e-20,1.983726445735055e-17,0.0,0.0
16,92,-7.522836033318553,3.577076836928274e-20,1.983726445735055e-17,0.0,0.0
16,93,-7.522836033318553,3.577076836928274e-20,1.983726445735055e-17,0.0,0.0
16,94,-7.522836033318553,3.577076836928274e-20,1.983726445735055e-17,0.0,0.0
16,95,-7.522836033318553,3.577076836928274e-20,1.983726445735055e-17,0.0,0.0
16,96,-7.522836033318553,3.577076836928274e-20,1.983726445735055e-17,0.0,0.0
16,97,-7.522836033318553,3.577076836928274e-20,1.983726445735055e-17,0.0,0.0
16,98,-7.522836033318553,3.577076836928274e-20,1.983726445735055e-17,0.0,0.0
16,99,-7.522836033318553,3.577076836928274e-20,1.983726445735055e-17,0.0,0.0
16,100,-7.522836033318553,3.577076836928274e-20,1.983726445735055e-17,0.0,0.0
16,101,-7.522836033318553,3.577076836928274e-20,1.983726445735055e-17,0.0,0.0
16,102,-7.522836033318553,3.577076836928274e-20,1.983726445735055e-17,0.0,0.0
16,103,-7.522836033318553,3.577076836928274e-20,1.983726445735055e-17,0.0,0.0
16,104,-7.522836033318553,3.577076836928274e-20,1.983726445735055e-17,0.0,0.0
16,105,-7.522836033318553,3.577076836928274e-20,1.983726445735055e-17,0.0,0.0
16,106,-7.522836033318553,3.577076836928274e-20,1.983726445735055e-17,0.0,0.0
16,107,-7.522836033318553,3.577076836928274e-20,1.983726445735055e-17,0.0,0.0
16,108,-7.522836033318553,3.577076836928274e-20,1.983726445735055e-17,0.0,0.0
16,109,-7.522836033318553,3.577076836928274e-20,1.983726445735055e-17,0.0,0.0
16,110,-7.522836033318553,3.577076836928274e-20,1.983726445735055e-17,0.0,0.0
16,111,-7.522836033318553,3.577076836928274e-20,1.983726445735055e-17,0.0,0.0
16,112,-7.522836033318553,3.577076836928274e-20,1.983726445735055e-17,0.0,0.0
16,113,-7.522836033318553,3.577076836928274e-20,1.983726445735055e-17,0.0,0.0
16,114,-7.522836033318553,3.577076836928274e-20,1.983726445735055e-17,0.0,0.0
16,115,-7.522836033318553,3.577076836928274e-20,1.983726445735055e-17,0.0,0.0
16,116,-7.522836033318553,3.577076836928274e-20,1.983726445735055e-17,0.0,0.0
16,117,-7.522836033318553,3.577076836928274e-20,1.983726445735055e-17,0.0,0.0
16,118,-7.522836033318553,3.577076836928274e-20,1.983726445735055e-17,0.0,0.0
16,119,-7.522836033318553,3.577076836928274e-20,1.983726445735055e-17,0.0,0.0
16,120,-7.522836033318553,3.577076836928274e-20,1.983726445735055e-17,0.0,0.0
16,121,-7.522836033318553,3.577076836928274e-20,1.983726445735055e-17,0.0,0.0
16,122,-7.522836033318553,3.577076836928274e-20,1.983726445735055e-17,0.0,0.0
16,123,-7.522836033318553,3.577076836928274e-20,1.983726445735055e-17,0.0,0.0
16,124,-7.522836033318553,3.577076836928274e-20,1.983726445735055e-17,0.0,0.0
16,125,-7.522836033318553,3.577076836928274e-20,1.983726445735055e-17,0.0,0.0
16,126,-7.522836033318553,3.577076836928274e-20,1.983726445735055e-17,0.0,0.0
16,127,-7.522836033318553,3.577076836928274e-20,1.983726445735055e-17,0.0,0.0
16,128,-7.522836033318553,3.577076836928274e-20,1.983726445735055e-17,0.0,0.0
16,129,-7.522836033318553,3.577076836928274e-20,1.983726445735055e-17,0.0,0.0
16,130,-7.522836033318553,3.577076836928274e-20,1.983726445735055e-17,0.0,0.0
16,131,-7.522836033318553,3.577076836928274e-20,1.983726445735055e-17,0.0,0.0
16,132,-7.522836033318553,3.577076836928274e-20,1.983726445735055e-17,0.0,0.0
16,133,-7.522836033318553,3.577076836928274e-20,1.983726445735055e-17,0.0,0.0
16,134,-7.522836033318553,3.577076836928274e-20,1.983726445735055e-17,0.0,0.0
16,135,-7.522836033318553,3.577076836928274e-20,1.983726445735055e-17,0.0,0.0
16,136,-7.522836033318553,3.577076836928274e-20,1.983726445735055e-17,0.0,0.0
16,137,-7.522836033318553,3.577076836928274e-20,1.983726445735055e-17,0.0,0.0
16,138,-7.522836033318553,3.577076836928274e-20,1.983726445735055e-17,0.0,0.0
16,139,-7.522836033318553,3.577076836928274e-20,1.983726445735055e-17,0.0,0.0
16,140,-7.522836033318553,3.577076836928274e-20,1.983726445735055e-17,0.0,0.0
16,141,-7.522836033318553,3.577076836928274e-20,1.983726445735055e-17,0.0,0.0
16,142,-7.522836033318553,3.577076836928274e-20,1.983726445735055e-17,0.0,0.0
16,143,-7.522836033318553,3.577076836928274e-20,1.983726445735055e-17,0.0,0.0
16,144,-7.522836033318553,3.577076836928274e-20,1.983726445735055e-17,0.0,0.0
16,145,-7.522836033318553,3.577076836928274e-20,1.983726445735055e-17,0.0,0.0
16,146,-7.522836033318553,3.577076836928274e-20,1.983726445735055e-17,0.0,0.0
16,147,-7.522836033318553,3.577076836928274e-20,1.983726445735055e-17,0.0,0.0
16,148,-7.522836033318553,3.577076836928274e-20,1.983726445735055e-17,0.0,0.0
16,149,-7.522836033318553,3.577076836928274e-20,1.983726445735055e-17,0.0,0.0
16,150,-7.522836033318553,3.577076836928274e-20,1.983726445735055e-17,0.0,0.0
16,151,-7.522836033318553,3.577076836928274e-20,1.983726445735055e-17,0.0,0.0
16,152,-7.522836033318553,3.577076836928274e-20,1.983726445735055e-17,0.0,0.0
16,153,-7.522836033318553,3.577076836928274e-20,1.983726445735055e-17,0.0,0.0
16,154,-7.522836033318553,3.577076836928274e-20,1.983726445735055e-17,0.0,0.0
16,155,-7.522836033318553,3.577076836928274e-20,1.983726445735055e-17,0.0,0.0
16,156,-7.522836033318553,3.577076836928274e-20,1.983726445735055e-17,0.0,0.0
16,157,-7.522836033318553,3.577076836928274e-20,1.983726445735055e-17,0.0,0.0
16,158,-7.522836033318553,3.577076836928274e-20,1.983726445735055e-17,0.0,0.0
16,159,-7.522836033318553,3.577076836928274e-20,1.983726445735055e-17,0.0,0.0
16,160,-7.522836033318553,3.577076836928274e-20,1.983726445735055e-17,0.0,0.0
16,161,-7.522836033318553,3.577076836928274e-20,1.983726445735055e-17,0.0,0.0
16,162,-7.522836033318553,3.577076836928274e-20,1.983726445735055e-17,0.0,0.0
16,163,-7.522836033318553,3.577076836928274e-20,1.983726445735055e-17,0.0,0.0
16,164,-7.522836033318553,3.577076836928274e-20,1.983726445735055e-17,0.0,0.0
16,165,-7.522836033318553,3.577076836928274e-20,1.983726445735055e-17,0.0,0.0
16,166,-7.522836033318553,3.577076836928274e-20,1.983726445735055e-17,0.0,0.0
16,167,-7.522836033318553,3.577076836928274e-20,1.983726445735055e-17,0.0,0.0
16,168,-7.522836033318553,3.577076836928274e-20,1.983726445735055e-17,0.0,0.0
16,169,-7.522836033318553,3.577076836928274e-20,1.983726445735055e-17,0.0,0.0
16,170,-7.522836033318553,3.577076836928274e-20,1.983726445735055e-17,0.0,0.0
16,171,-7.522836033318553,3.577076836928274e-20,1.983726445735055e-17,0.0,0.0
16,172,-7.522836033318553,3.577076836928274e-20,1.983726445735055e-17,0.0,0.0
16,173,-7.522836033318553,3.577076836928274e-20,1.983726445735055e-17,0.0,0.0
16,174,-7.522836033318553,3.577076836928274e-20,1.983726445735055e-17,0.0,0.0
16,175,-7.522836033318553,3.577076836928274e-20,1.983726445735055e-17,0.0,0.0
16,176,-7.522836033318553,3.577076836928274e-20,1.983726445735055e-17,0.0,0.0
16,177,-7.522836033318553,3.577076836928274e-20,1.983726445735055e-17,0.0,0.0
16,178,-7.522836033318553,3.577076836928274e-20,1.983726445735055e-17,0.0,0.0
16,179,-7.522836033318553,3.577076836928274e-20,1.983726445735055e-17,0.0,0.0
16,180,-7.522836033318553,3.577076836928274e-20,1.983726445735055e-17,0.0,0.0
16,181,-7.522836033318553,3.577076836928274e-20,1.983726445735055e-17,0.0,0.0
16,182,-7.522836033318553,3.577076836928274e-20,1.983726445735055e-17,0.0,0.0
16,183,-7.522836033318553,3.577076836928274e-20,1.983726445735055e-17,0.0,0.0
16,184,-7.522836033318553,3.577076836928274e-20,1.983726445735055e-17,0.0,0.0
16,185,-7.522836033318553,3.577076836928274e-20,1.983726445735055e-17,0.0,0.0
16,186,-7.522836033318553,3.577076836928274e-20,1.983726445735055e-17,0.0,0.0
16,187,-7.522836033318553,3.577076836928274e-20,1.983726445735055e-17,0.0,0.0
16,188,-7.522836033318553,3.577076836928274e-20,1.983726445735055e-17,0.0,0.0
16,189,-7.522836033318553,3.577076836928274e-20,1.983726445735055e-17,0.0,0.0
16,190,-7.522836033318553,3.577076836928274e-20,1.983726445735055e-17,0.0,0.0
16,191,-7.522836033318553,3.577076836928274e-20,1.983726445735055e-17,0.0,0.0
16,192,-7.522836033318553,3.577076836928274e-20,1.983726445735055e-17,0.0,0.0
16,193,-7.522836033318553,3.577076836928274e-20,1.983726445735055e-17,0.0,0.0
16,194,-7.522836033318553,3.577076836928274e-20,1.983726445735055e-17,0.0,0.0
16,195,-7.522836033318553,3.577076836928274e-20,1.983726445735055e-17,0.0,0.0
16,196,-7.522836033318553,3.577076836928274e-20,1.983726445735055e-17,0.0,0.0
16,197,-7.522836033318553,3.577076836928274e-20,1.983726445735055e-17,0.0,0.0
16,198,-7.522836033318553,3.577076836928274e-20,1.983726445735055e-17,0.0,0.0
16,199,-7.522836033318553,3.577076836928274e-20,1.983726445735055e-17,0.0,0.0
16,200,-7.522836033318553,3.577076836928274e-20,1.983726445735055e-17,0.0,0.0
16,201,-7.522836033318553,3.577076836928274e-20,1.983726445735055e-17,0.0,0.0
16,202,-7.522836033318553,3.577076836928274e-20,1.983726445735055e-17,0.0,0.0
16,203,-7.522836033318553,3.577076836928274e-20,1.983726445735055e-17,0.0,0.0
16,204,-7.522836033318553,3.577076836928274e-20,1.983726445735055e-17,0.0,0.0
16,205,-7.522836033318553,3.577076836928274e-20,1.983726445735055e-17,0.0,0.0
16,206,-7.522836033318553,3.577076836928274e-20,1.983726445735055e-17,0.0,0.0
16,207,-7.522836033318553,3.577076836928274e-20,1.983726445735055e-17,0.0,0.0
16,208,-7.522836033318553,3.577076836928274e-20,1.983726445735055e-17,0.0,0.0
16,209,-7.522836033318553,3.577076836928274e-20,1.983726445735055e-17,0.0,0.0
16,210,-7.522836033318553,3.577076836928274e-20,1.983726445735055e-17,0.0,0.0
16,211,-7.522836033318553,3.577076836928274e-20,1.983726445735055e-17,0.0,0.0
16,212,-7.522836033318553,3.577076836928274e-20,1.983726445735055e-17,0.0,0.0
16,213,-7.522836033318553,3.577076836928274e-20,1.983726445735055e-17,0.0,0.0
16,214,-7.522836033318553,3.577076836928274e-20,1.983726445735055e-17,0.0,0.0
16,215,-7.522836033318553,3.577076836928274e-20,1.983726445735055e-17,0.0,0.0
16,216,-7.522836033318553,3.577076836928274e-20,1.983726445735055e-17,0.0,0.0
16,217,-7.522836033318553,3.577076836928274e-20,1.983726445735055e-17,0.0,0.0
16,218,-7.522836033318553,3.577076836928274e-20,1.983726445735055e-17,0.0,0.0
16,219,-7.522836033318553,3.577076836928274e-20,1.983726445735055e-17,0.0,0.0
16,220,-7.522836033318553,3.577076836928274e-20,1.983726445735055e-17,0.0,0.0
16,221,-7.522836033318553,3.577076836928274e-20,1.983726445735055e-17,0.0,0.0
16,222,-7.522836033318553,3.577076836928274e-20,1.983726445735055e-17,0.0,0.0
16,223,-7.522836033318553,3.577076836928274e-20,1.983726445735055e-17,0.0,0.0
16,224,-7.522836033318553,3.577076836928274e-20,1.983726445735055e-17,0.0,0.0
16,225,-7.522836033318553,3.577076836928274e-20,1.983726445735055e-17,0.0,0.0
16,226,-7.522836033318553,3.577076836928274e-20,1.983726445735055e-17,0.0,0.0
16,227,-7.522836033318553,3.577076836928274e-20,1.983726445735055e-17,0.0,0.0
16,228,-7.522836033318553,3.577076836928274e-20,1.983726445735055e-17,0.0,0.0
16,229,-7.522836033318553,3.577076836928274e-20,1.983726445735055e-17,0.0,0.0
16,230,-7.522836033318553,3.577076836928274e-20,1.983726445735055e-17,0.0,0.0
16,231,-7.522836033318553,3.577076836928274e-20,1.983726445735055e-17,0.0,0.0
16,232,-7.522836033318553,3.577076836928274e-20,1.983726445735055e-17,0.0,0.0
16,233,-7.522836033318553,3.577076836928274e-20,1.983726445735055e-17,0.0,0.0
16,234,-7.522836033318553,3.577076836928274e-20,1.983726445735055e-17,0.0,0.0
16,235,-7.522836033318553,3.577076836928274e-20,1.983726445735055e-17,0.0,0.0
16,236,-7.522836033318553,3.577076836928274e-20,1.983726445735055e-17,0.0,0.0
16,237,-7.522836033318553,3.577076836928274e-20,1.983726445735055e-17,0.0,0.0
16,238,-7.522836033318553,3.577076836928274e-20,1.983726445735055e-17,0.0,0.0
16,239,-7.522836033318553,3.577076836928274e-20,1.983726445735055e-17,0.0,0.0
16,240,-7.522836033318553,3.577076836928274e-20,1.983726445735055e-17,0.0,0.0
16,241,-7.522836033318553,3.577076836928274e-20,1.983726445735055e-17,0.0,0.0
16,242,-7.522836033318553,3.577076836928274e-20,1.983726445735055e-17,0.0,0.0
16,243,-7.522836033318553,3.577076836928274e-20,1.983726445735055e-17,0.0,0.0
16,244,-7.522836033318553,3.577076836928274e-20,1.983726445735055e-17,0.0,0.0
16,245,-7.522836033318553,3.577076836928274e-20,1.983726445735055e-17,0.0,0.0
16,246,-7.522836033318553,3.577076836928274e-20,1.983726445735055e-17,0.0,0.0
16,247,-7.522836033318553,3.577076836928274e-20,1.983726445735055e-17,0.0,0.0
16,248,-7.522836033318553,3.577076836928274e-20,1.983726445735055e-17,0.0,0.0
16,249,-7.522836033318553,3.577076836928274e-20,1.983726445735055e-17,0.0,0.0
16,250,-7.522836033318553,3.577076836928274e-20,1.983726445735055e-17,0.0,0.0
16,251,-7.522836033318553,3.577076836928274e-20,1.983726445735055e-17,0.0,0.0
16,252,-7.522836033318553,3.577076836928274e-20,1.983726445735055e-17,0.0,0.0
16,253,-7.522836033318553,3.577076836928274e-20,1.983726445735055e-17,0.0,0.0
16,254,-7.522836033318553,3.577076836928274e-20,1.983726445735055e-17,0.0,0.0
16,255,-7.522836033318553,3.577076836928274e-20,1.983726445735055e-17,0.0,0.0
16,256,-7.522836033318553,3.577076836928274e-20,1.983726445735055e-17,0.0,0.0
16,257,-7.522836033318553,3.577076836928274e-20,1.983726445735055e-17,0.0,0.0
16,258,-7.522836033318553,3.577076836928274e-20,1.983726445735055e-17,0.0,0.0
16,259,-7.522836033318553,3.577076836928274e-20,1.983726445735055e-17,0.0,0.0
16,260,-7.522836033318553,3.577076836928274e-20,1.983726445735055e-17,0.0,0.0
16,261,-7.522836033318553,3.577076836928274e-20,1.983726445735055e-17,0.0,0.0
16,262,-7.522836033318553,3.577076836928274e-20,1.983726445735055e-17,0.0,0.0
16,263,-7.522836033318553,3.577076836928274e-20,1.983726445735055e-17,0.0,0.0
16,264,-7.522836033318553,3.577076836928274e-20,1.983726445735055e-17,0.0,0.0
16,265,-7.522836033318553,3.577076836928274e-20,1.983726445735055e-17,0.0,0.0
16,266,-7.522836033318553,3.577076836928274e-20,1.983726445735055e-17,0.0,0.0
16,267,-7.522836033318553,3.577076836928274e-20,1.983726445735055e-17,0.0,0.0
16,268,-7.522836033318553,3.577076836928274e-20,1.983726445735055e-17,0.0,0.0
16,269,-7.522836033318553,3.577076836928274e-20,1.983726445735055e-17,0.0,0.0
16,270,-7.522836033318553,3.577076836928274e-20,1.983726445735055e-17,0.0,0.0
16,271,-7.522836033318553,3.577076836928274e-20,1.983726445735055e-17,0.0,0.0
16,272,-7.522836033318553,3.577076836928274e-20,1.983726445735055e-17,0.0,0.0
16,273,-7.522836033318553,3.577076836928274e-20,1.983726445735055e-17,0.0,0.0
16,274,-7.522836033318553,3.577076836928274e-20,1.983726445735055e-17,0.0,0.0
16,275,-7.522836033318553,3.577076836928274e-20,1.983726445735055e-17,0.0,0.0
16,276,-7.522836033318553,3.577076836928274e-20,1.983726445735055e-17,0.0,0.0
16,277,-7.522836033318553,3.577076836928274e-20,1.983726445735055e-17,0.0,0.0
16,278,-7.522836033318553,3.577076836928274e-20,1.983726445735055e-17,0.0,0.0
16,279,-7.522836033318553,3.577076836928274e-20,1.983726445735055e-17,0.0,0.0
16,280,-7.522836033318553,3.577076836928274e-20,1.983726445735055e-17,0.0,0.0
16,281,-7.522836033318553,3.577076836928274e-20,1.983726445735055e-17,0.0,0.0
16,282,-7.522836033318553,3.577076836928274e-20,1.983726445735055e-17,0.0,0.0
16,283,-7.522836033318553,3.577076836928274e-20,1.983726445735055e-17,0.0,0.0
16,284,-7.522836033318553,3.577076836928274e-20,1.983726445735055e-17,0.0,0.0
16,285,-7.522836033318553,3.577076836928274e-20,1.983726445735055e-17,0.0,0.0
16,286,-7.522836033318553,3.577076836928274e-20,1.983726445735055e-17,0.0,0.0
16,287,-7.522836033318553,3.577076836928274e-20,1.983726445735055e-17,0.0,0.0
16,288,-7.522836033318553,3.577076836928274e-20,1.983726445735055e-17,0.0,0.0
16,289,-7.522836033318553,3.577076836928274e-20,1.983726445735055e-17,0.0,0.0
16,290,-7.522836033318553,3.577076836928274e-20,1.983726445735055e-17,0.0,0.0
16,291,-7.522836033318553,3.577076836928274e-20,1.983726445735055e-17,0.0,0.0
16,292,-7.522836033318553,3.577076836928274e-20,1.983726445735055e-17,0.0,0.0
16,293,-7.522836033318553,3.577076836928274e-20,1.983726445735055e-17,0.0,0.0
16,294,-7.522836033318553,3.577076836928274e-20,1.983726445735055e-17,0.0,0.0
16,295,-7.522836033318553,3.577076836928274e-20,1.983726445735055e-17,0.0,0.0
16,296,-7.522836033318553,3.577076836928274e-20,1.983726445735055e-17,0.0,0.0
16,297,-7.522836033318553,3.577076836928274e-20,1.983726445735055e-17,0.0,0.0
16,298,-7.522836033318553,3.577076836928274e-20,1.983726445735055e-17,0.0,0.0
16,299,-7.522836033318553,3.577076836928274e-20,1.983726445735055e-17,0.0,0.0
16,300,-7.522836033318553,3.577076836928274e-20,1.983726445735055e-17,0.0,0.0
17,1,-7.844671188846306,0.14340380311295373,96.16852220918054,0.005674830092018275,0.02056465074725879
17,2,-7.869307682053095,0.01277904634318306,8.569800628638536,0.0068828949994596276,0.007941006509093683
17,3,-7.869514924303533,0.002173380743466073,1.4574984049230024,0.007382080356612634,0.028925091364446164
17,4,-7.869522350960033,0.0002996005088345177,0.20091613724525761,0.009146726230382705,0.0190026191190768
17,5,-7.869522469808821,3.058699052009541e-05,0.02051204789057706,0.007702918087252596,0.010422895984131273
17,6,-7.869522470804141,3.2525825697195157e-06,0.002181225687905133,0.006189200791775446,0.011307931361581305
17,7,-7.869522470816401,1.0399566643046636e-07,6.974089486942924e-05,0.00674145873171698,0.0010222893207668222
17,8,-7.869522470816414,2.4921413035075494e-20,1.6712635306192436e-17,0.007029509113421245,5.742682970817025e-26
17,9,-7.869522470816414,2.4921413035075494e-20,1.6712635306192436e-17,0.0,0.0
17,10,-7.869522470816414,2.4921413035075494e-20,1.6712635306192436e-17,0.0,0.0
17,11,-7.869522470816414,2.4921413035075494e-20,1.6712635306192436e-17,0.0,0.0
17,12,-7.869522470816414,2.4921413035075494e-20,1.6712635306192436e-17,0.0,0.0
17,13,-7.869522470816414,2.4921413035075494e-20,1.6712635306192436e-17,0.0,0.0
17,14,-7.869522470816414,2.4921413035075494e-20,1.6712635306192436e-17,0.0,0.0
17,15,-7.869522470816414,2.4921413035075494e-20,1.6712635306192436e-17,0.0,0.0
17,16,-7.869522470816414,2.4921413035075494e-20,1.6712635306192436e-17,0.0,0.0
17,17,-7.869522470816414,2.4921413035075494e-20,1.6712635306192436e-17,0.0,0.0
17,18,-7.869522470816414,2.4921413035075494e-20,1.6712635306192436e-17,0.0,0.0
17,19,-7.869522470816414,2.4921413035075494e-20,1.6712635306192436e-17,0.0,0.0
17,20,-7.869522470816414,2.4921413035075494e-20,1.6712635306192436e-17,0.0,0.0
17,21,-7.869522470816414,2.4921413035075494e-20,1.6712635306192436e-17,0.0,0.0
17,22,-7.869522470816414,2.4921413035075494e-20,1.6712635306192436e-17,0.0,0.0
17,23,-7.869522470816414,2.4921413035075494e-20,1.6712635306192436e-17,0.0,0.0
17,24,-7.869522470816414,2.4921413035075494e-20,1.6712635306192436e-17,0.0,0.0
17,25,-7.869522470816414,2.4921413035075494e-20,1.6712635306192436e-17,0.0,0.0
17,26,-7.869522470816414,2.4921413035075494e-20,1.6712635306192436e-17,0.0,0.0
17,27,-7.869522470816414,2.4921413035075494e-20,1.6712635306192436e-17,0.0,0.0
17,28,-7.869522470816414,2.4921413035075494e-20,1.6712635306192436e-17,0.0,0.0
17,29,-7.869522470816414,2.4921413035075494e-20,1.6712635306192436e-17,0.0,0.0
17,30,-7.869522470816414,2.4921413035075494e-20,1.6712635306192436e-17,0.0,0.0
17,31,-7.869522470816414,2.4921413035075494e-20,1.6712635306192436e-17,0.0,0.0
17,32,-7.869522470816414,2.4921413035075494e-20,1.6712635306192436e-17,0.0,0.0
17,33,-7.869522470816414,2.4921413035075494e-20,1.6712635306192436e-17,0.0,0.0
17,34,-7.869522470816414,2.4921413035075494e-20,1.6712635306192436e-17,0.0,0.0
17,35,-7.869522470816414,2.4921413035075494e-20,1.6712635306192436e-17,0.0,0.0
17,36,-7.869522470816414,2.4921413035075494e-20,1.6712635306192436e-17,0.0,0.0
17,37,-7.869522470816414,2.4921413035075494e-20,1.6712635306192436e-17,0.0,0.0
17,38,-7.869522470816414,2.4921413035075494e-20,1.6712635306192436e-17,0.0,0.0
17,39,-7.869522470816414,2.4921413035075494e-20,1.6712635306192436e-17,0.0,0.0
17,40,-7.869522470816414,2.4921413035075494e-20,1.6712635306192436e-17,0.0,0.0
17,41,-7.869522470816414,2.4921413035075494e-20,1.6712635306192436e-17,0.0,0.0
17,42,-7.869522470816414,2.4921413035075494e-20,1.6712635306192436e-17,0.0,0.0
17,43,-7.869522470816414,2.4921413035075494e-20,1.6712635306192436e-17,0.0,0.0
17,44,-7.869522470816414,2.4921413035075494e-20,1.6712635306192436e-17,0.0,0.0
17,45,-7.869522470816414,2.4921413035075494e-20,1.6712635306192436e-17,0.0,0.0
17,46,-7.869522470816414,2.4921413035075494e-20,1.6712635306192436e-17,0.0,0.0
17,47,-7.869522470816414,2.4921413035075494e-20,1.6712635306192436e-17,0.0,0.0
17,48,-7.869522470816414,2.4921413035075494e-20,1.6712635306192436e-17,0.0,0.0
17,49,-7.869522470816414,2.4921413035075494e-20,1.6712635306192436e-17,0.0,0.0
17,50,-7.869522470816414,2.4921413035075494e-20,1.6712635306192436e-17,0.0,0.0
17,51,-7.869522470816414,2.4921413035075494e-20,1.6712635306192436e-17,0.0,0.0
17,52,-7.869522470816414,2.4921413035075494e-20,1.6712635306192436e-17,0.0,0.0
17,53,-7.869522470816414,2.4921413035075494e-20,1.6712635306192436e-17,0.0,0.0
17,54,-7.869522470816414,2.4921413035075494e-20,1.6712635306192436e-17,0.0,0.0
17,55,-7.869522470816414,2.4921413035075494e-20,1.6712635306192436e-17,0.0,0.0
17,56,-7.869522470816414,2.4921413035075494e-20,1.6712635306192436e-17,0.0,0.0
17,57,-7.869522470816414,2.4921413035075494e-20,1.6712635306192436e-17,0.0,0.0
17,58,-7.869522470816414,2.4921413035075494e-20,1.6712635306192436e-17,0.0,0.0
17,59,-7.869522470816414,2.4921413035075494e-20,1.6712635306192436e-17,0.0,0.0
17,60,-7.869522470816414,2.4921413035075494e-20,1.6712635306192436e-17,0.0,0.0
17,61,-7.869522470816414,2.4921413035075494e-20,1.6712635306192436e-17,0.0,0.0
17,62,-7.869522470816414,2.4921413035075494e-20,1.6712635306192436e-17,0.0,0.0
17,63,-7.869522470816414,2.4921413035075494e-20,1.6712635306192436e-17,0.0,0.0
17,64,-7.869522470816414,2.4921413035075494e-20,1.6712635306192436e-17,0.0,0.0
17,65,-7.869522470816414,2.4921413035075494e-20,1.6712635306192436e-17,0.0,0.0
17,66,-7.869522470816414,2.4921413035075494e-20,1.6712635306192436e-17,0.0,0.0
17,67,-7.869522470816414,2.4921413035075494e-20,1.6712635306192436e-17,0.0,0.0
17,68,-7.869522470816414,2.4921413035075494e-20,1.6712635306192436e-17,0.0,0.0
17,69,-7.869522470816414,2.4921413035075494e-20,1.6712635306192436e-17,0.0,0.0
17,70,-7.869522470816414,2.4921413035075494e-20,1.6712635306192436e-17,0.0,0.0
17,71,-7.869522470816414,2.4921413035075494e-20,1.6712635306192436e-17,0.0,0.0
17,72,-7.869522470816414,2.4921413035075494e-20,1.6712635306192436e-17,0.0,0.0
17,73,-7.869522470816414,2.4921413035075494e-20,1.6712635306192436e-17,0.0,0.0
17,74,-7.869522470816414,2.4921413035075494e-20,1.6712635306192436e-17,0.0,0.0
17,75,-7.869522470816414,2.4921413035075494e-20,1.6712635306192436e-17,0.0,0.0
17,76,-7.869522470816414,2.4921413035075494e-20,1.6712635306192436e-17,0.0,0.0
17,77,-7.869522470816414,2.4921413035075494e-20,1.6712635306192436e-17,0.0,0.0
17,78,-7.869522470816414,2.4921413035075494e-20,1.6712635306192436e-17,0.0,0.0
17,79,-7.869522470816414,2.4921413035075494e-20,1.6712635306192436e-17,0.0,0.0
17,80,-7.869522470816414,2.4921413035075494e-20,1.6712635306192436e-17,0.0,0.0
17,81,-7.869522470816414,2.4921413035075494e-20,1.6712635306192436e-17,0.0,0.0
17,82,-7.869522470816414,2.4921413035075494e-20,1.6712635306192436e-17,0.0,0.0
17,83,-7.869522470816414,2.4921413035075494e-20,1.6712635306192436e-17,0.0,0.0
17,84,-7.869522470816414,2.4921413035075494e-20,1.6712635306192436e-17,0.0,0.0
17,85,-7.869522470816414,2.4921413035075494e-20,1.6712635306192436e-17,0.0,0.0
17,86,-7.869522470816414,2.4921413035075494e-20,1.6712635306192436e-17,0.0,0.0
17,87,-7.869522470816414,2.4921413035075494e-20,1.6712635306192436e-17,0.0,0.0
17,88,-7.869522470816414,2.4921413035075494e-20,1.6712635306192436e-17,0.0,0.0
17,89,-7.869522470816414,2.4921413035075494e-20,1.6712635306192436e-17,0.0,0.0
17,90,-7.869522470816414,2.4921413035075494e-20,1.6712635306192436e-17,0.0,0.0
17,91,-7.869522470816414,2.4921413035075494e-20,1.6712635306192436e-17,0.0,0.0
17,92,-7.869522470816414,2.4921413035075494e-20,1.6712635306192436e-17,0.0,0.0
17,93,-7.869522470816414,2.4921413035075494e-20,1.6712635306192436e-17,0.0,0.0
17,94,-7.869522470816414,2.4921413035075494e-20,1.6712635306192436e-17,0.0,0.0
17,95,-7.869522470816414,2.4921413035075494e-20,1.6712635306192436e-17,0.0,0.0
17,96,-7.869522470816414,2.4921413035075494e-20,1.6712635306192436e-17,0.0,0.0
17,97,-7.869522470816414,2.4921413035075494e-20,1.6712635306192436e-17,0.0,0.0
17,98,-7.869522470816414,2.4921413035075494e-20,1.6712635306192436e-17,0.0,0.0
17,99,-7.869522470816414,2.4921413035075494e-20,1.6712635306192436e-17,0.0,0.0
17,100,-7.869522470816414,2.4921413035075494e-20,1.6712635306192436e-17,0.0,0.0
17,101,-7.869522470816414,2.4921413035075494e-20,1.6712635306192436e-17,0.0,0.0
17,102,-7.869522470816414,2.4921413035075494e-20,1.6712635306192436e-17,0.0,0.0
17,103,-7.869522470816414,2.4921413035075494e-20,1.6712635306192436e-17,0.0,0.0
17,104,-7.869522470816414,2.4921413035075494e-20,1.6712635306192436e-17,0.0,0.0
17,105,-7.869522470816414,2.4921413035075494e-20,1.6712635306192436e-17,0.0,0.0
17,106,-7.869522470816414,2.4921413035075494e-20,1.6712635306192436e-17,0.0,0.0
17,107,-7.869522470816414,2.4921413035075494e-20,1.6712635306192436e-17,0.0,0.0
17,108,-7.869522470816414,2.4921413035075494e-20,1.6712635306192436e-17,0.0,0.0
17,109,-7.869522470816414,2.4921413035075494e-20,1.6712635306192436e-17,0.0,0.0
17,110,-7.869522470816414,2.4921413035075494e-20,1.6712635306192436e-17,0.0,0.0
17,111,-7.869522470816414,2.4921413035075494e-20,1.6712635306192436e-17,0.0,0.0
17,112,-7.869522470816414,2.4921413035075494e-20,1.6712635306192436e-17,0.0,0.0
17,113,-7.869522470816414,2.4921413035075494e-20,1.6712635306192436e-17,0.0,0.0
17,114,-7.869522470816414,2.4921413035075494e-20,1.6712635306192436e-17,0.0,0.0
17,115,-7.869522470816414,2.4921413035075494e-20,1.6712635306192436e-17,0.0,0.0
17,116,-7.869522470816414,2.4921413035075494e-20,1.6712635306192436e-17,0.0,0.0
17,117,-7.869522470816414,2.4921413035075494e-20,1.6712635306192436e-17,0.0,0.0
17,118,-7.869522470816414,2.4921413035075494e-20,1.6712635306192436e-17,0.0,0.0
17,119,-7.869522470816414,2.4921413035075494e-20,1.6712635306192436e-17,0.0,0.0
17,120,-7.869522470816414,2.4921413035075494e-20,1.6712635306192436e-17,0.0,0.0
17,121,-7.869522470816414,2.4921413035075494e-20,1.6712635306192436e-17,0.0,0.0
17,122,-7.869522470816414,2.4921413035075494e-20,1.6712635306192436e-17,0.0,0.0
17,123,-7.869522470816414,2.4921413035075494e-20,1.6712635306192436e-17,0.0,0.0
17,124,-7.869522470816414,2.4921413035075494e-20,1.6712635306192436e-17,0.0,0.0
17,125,-7.869522470816414,2.4921413035075494e-20,1.6712635306192436e-17,0.0,0.0
17,126,-7.869522470816414,2.4921413035075494e-20,1.6712635306192436e-17,0.0,0.0
17,127,-7.869522470816414,2.4921413035075494e-20,1.6712635306192436e-17,0.0,0.0
17,128,-7.869522470816414,2.4921413035075494e-20,1.6712635306192436e-17,0.0,0.0
17,129,-7.869522470816414,2.4921413035075494e-20,1.6712635306192436e-17,0.0,0.0
17,130,-7.869522470816414,2.4921413035075494e-20,1.6712635306192436e-17,0.0,0.0
17,131,-7.869522470816414,2.4921413035075494e-20,1.6712635306192436e-17,0.0,0.0
17,132,-7.869522470816414,2.4921413035075494e-20,1.6712635306192436e-17,0.0,0.0
17,133,-7.869522470816414,2.4921413035075494e-20,1.6712635306192436e-17,0.0,0.0
17,134,-7.869522470816414,2.4921413035075494e-20,1.6712635306192436e-17,0.0,0.0
17,135,-7.869522470816414,2.4921413035075494e-20,1.6712635306192436e-17,0.0,0.0
17,136,-7.869522470816414,2.4921413035075494e-20,1.6712635306192436e-17,0.0,0.0
17,137,-7.869522470816414,2.4921413035075494e-20,1.6712635306192436e-17,0.0,0.0
17,138,-7.869522470816414,2.4921413035075494e-20,1.6712635306192436e-17,0.0,0.0
17,139,-7.869522470816414,2.4921413035075494e-20,1.6712635306192436e-17,0.0,0.0
17,140,-7.869522470816414,2.4921413035075494e-20,1.6712635306192436e-17,0.0,0.0
17,141,-7.869522470816414,2.4921413035075494e-20,1.6712635306192436e-17,0.0,0.0
17,142,-7.869522470816414,2.4921413035075494e-20,1.6712635306192436e-17,0.0,0.0
17,143,-7.869522470816414,2.4921413035075494e-20,1.6712635306192436e-17,0.0,0.0
17,144,-7.869522470816414,2.4921413035075494e-20,1.6712635306192436e-17,0.0,0.0
17,145,-7.869522470816414,2.4921413035075494e-20,1.6712635306192436e-17,0.0,0.0
17,146,-7.869522470816414,2.4921413035075494e-20,1.6712635306192436e-17,0.0,0.0
17,147,-7.869522470816414,2.4921413035075494e-20,1.6712635306192436e-17,0.0,0.0
17,148,-7.869522470816414,2.4921413035075494e-20,1.6712635306192436e-17,0.0,0.0
17,149,-7.869522470816414,2.4921413035075494e-20,1.6712635306192436e-17,0.0,0.0
17,150,-7.869522470816414,2.4921413035075494e-20,1.6712635306192436e-17,0.0,0.0
17,151,-7.869522470816414,2.4921413035075494e-20,1.6712635306192436e-17,0.0,0.0
17,152,-7.869522470816414,2.4921413035075494e-20,1.6712635306192436e-17,0.0,0.0
17,153,-7.869522470816414,2.4921413035075494e-20,1.6712635306192436e-17,0.0,0.0
17,154,-7.869522470816414,2.4921413035075494e-20,1.6712635306192436e-17,0.0,0.0
17,155,-7.869522470816414,2.4921413035075494e-20,1.6712635306192436e-17,0.0,0.0
17,156,-7.869522470816414,2.4921413035075494e-20,1.6712635306192436e-17,0.0,0.0
17,157,-7.869522470816414,2.4921413035075494e-20,1.6712635306192436e-17,0.0,0.0
17,158,-7.869522470816414,2.4921413035075494e-20,1.6712635306192436e-17,0.0,0.0
17,159,-7.869522470816414,2.4921413035075494e-20,1.6712635306192436e-17,0.0,0.0
17,160,-7.869522470816414,2.4921413035075494e-20,1.6712635306192436e-17,0.0,0.0
17,161,-7.869522470816414,2.4921413035075494e-20,1.6712635306192436e-17,0.0,0.0
17,162,-7.869522470816414,2.4921413035075494e-20,1.6712635306192436e-17,0.0,0.0
17,163,-7.869522470816414,2.4921413035075494e-20,1.6712635306192436e-17,0.0,0.0
17,164,-7.869522470816414,2.4921413035075494e-20,1.6712635306192436e-17,0.0,0.0
17,165,-7.869522470816414,2.4921413035075494e-20,1.6712635306192436e-17,0.0,0.0
17,166,-7.869522470816414,2.4921413035075494e-20,1.6712635306192436e-17,0.0,0.0
17,167,-7.869522470816414,2.4921413035075494e-20,1.6712635306192436e-17,0.0,0.0
17,168,-7.869522470816414,2.4921413035075494e-20,1.6712635306192436e-17,0.0,0.0
17,169,-7.869522470816414,2.4921413035075494e-20,1.6712635306192436e-17,0.0,0.0
17,170,-7.869522470816414,2.4921413035075494e-20,1.6712635306192436e-17,0.0,0.0
17,171,-7.869522470816414,2.4921413035075494e-20,1.6712635306192436e-17,0.0,0.0
17,172,-7.869522470816414,2.4921413035075494e-20,1.6712635306192436e-17,0.0,0.0
17,173,-7.869522470816414,2.4921413035075494e-20,1.6712635306192436e-17,0.0,0.0
17,174,-7.869522470816414,2.4921413035075494e-20,1.6712635306192436e-17,0.0,0.0
17,175,-7.869522470816414,2.4921413035075494e-20,1.6712635306192436e-17,0.0,0.0
17,176,-7.869522470816414,2.4921413035075494e-20,1.6712635306192436e-17,0.0,0.0
17,177,-7.869522470816414,2.4921413035075494e-20,1.6712635306192436e-17,0.0,0.0
17,178,-7.869522470816414,2.4921413035075494e-20,1.6712635306192436e-17,0.0,0.0
17,179,-7.869522470816414,2.4921413035075494e-20,1.6712635306192436e-17,0.0,0.0
17,180,-7.869522470816414,2.4921413035075494e-20,1.6712635306192436e-17,0.0,0.0
17,181,-7.869522470816414,2.4921413035075494e-20,1.6712635306192436e-17,0.0,0.0
17,182,-7.869522470816414,2.4921413035075494e-20,1.6712635306192436e-17,0.0,0.0
17,183,-7.869522470816414,2.4921413035075494e-20,1.6712635306192436e-17,0.0,0.0
17,184,-7.869522470816414,2.4921413035075494e-20,1.6712635306192436e-17,0.0,0.0
17,185,-7.869522470816414,2.4921413035075494e-20,1.6712635306192436e-17,0.0,0.0
17,186,-7.869522470816414,2.4921413035075494e-20,1.6712635306192436e-17,0.0,0.0
17,187,-7.869522470816414,2.4921413035075494e-20,1.6712635306192436e-17,0.0,0.0
17,188,-7.869522470816414,2.4921413035075494e-20,1.6712635306192436e-17,0.0,0.0
17,189,-7.869522470816414,2.4921413035075494e-20,1.6712635306192436e-17,0.0,0.0
17,190,-7.869522470816414,2.4921413035075494e-20,1.6712635306192436e-17,0.0,0.0
17,191,-7.869522470816414,2.4921413035075494e-20,1.6712635306192436e-17,0.0,0.0
17,192,-7.869522470816414,2.4921413035075494e-20,1.6712635306192436e-17,0.0,0.0
17,193,-7.869522470816414,2.4921413035075494e-20,1.6712635306192436e-17,0.0,0.0
17,194,-7.869522470816414,2.4921413035075494e-20,1.6712635306192436e-17,0.0,0.0
17,195,-7.869522470816414,2.4921413035075494e-20,1.6712635306192436e-17,0.0,0.0
17,196,-7.869522470816414,2.4921413035075494e-20,1.6712635306192436e-17,0.0,0.0
17,197,-7.869522470816414,2.4921413035075494e-20,1.6712635306192436e-17,0.0,0.0
17,198,-7.869522470816414,2.4921413035075494e-20,1.6712635306192436e-17,0.0,0.0
17,199,-7.869522470816414,2.4921413035075494e-20,1.6712635306192436e-17,0.0,0.0
17,200,-7.869522470816414,2.4921413035075494e-20,1.6712635306192436e-17,0.0,0.0
17,201,-7.869522470816414,2.4921413035075494e-20,1.6712635306192436e-17,0.0,0.0
17,202,-7.869522470816414,2.4921413035075494e-20,1.6712635306192436e-17,0.0,0.0
17,203,-7.869522470816414,2.4921413035075494e-20,1.6712635306192436e-17,0.0,0.0
17,204,-7.869522470816414,2.4921413035075494e-20,1.6712635306192436e-17,0.0,0.0
17,205,-7.869522470816414,2.4921413035075494e-20,1.6712635306192436e-17,0.0,0.0
17,206,-7.869522470816414,2.4921413035075494e-20,1.6712635306192436e-17,0.0,0.0
17,207,-7.869522470816414,2.4921413035075494e-20,1.6712635306192436e-17,0.0,0.0
17,208,-7.869522470816414,2.4921413035075494e-20,1.6712635306192436e-17,0.0,0.0
17,209,-7.869522470816414,2.4921413035075494e-20,1.6712635306192436e-17,0.0,0.0
17,210,-7.869522470816414,2.4921413035075494e-20,1.6712635306192436e-17,0.0,0.0
17,211,-7.869522470816414,2.4921413035075494e-20,1.6712635306192436e-17,0.0,0.0
17,212,-7.869522470816414,2.4921413035075494e-20,1.6712635306192436e-17,0.0,0.0
17,213,-7.869522470816414,2.4921413035075494e-20,1.6712635306192436e-17,0.0,0.0
17,214,-7.869522470816414,2.4921413035075494e-20,1.6712635306192436e-17,0.0,0.0
17,215,-7.869522470816414,2.4921413035075494e-20,1.6712635306192436e-17,0.0,0.0
17,216,-7.869522470816414,2.4921413035075494e-20,1.6712635306192436e-17,0.0,0.0
17,217,-7.869522470816414,2.4921413035075494e-20,1.6712635306192436e-17,0.0,0.0
17,218,-7.869522470816414,2.4921413035075494e-20,1.6712635306192436e-17,0.0,0.0
17,219,-7.869522470816414,2.4921413035075494e-20,1.6712635306192436e-17,0.0,0.0
17,220,-7.869522470816414,2.4921413035075494e-20,1.6712635306192436e-17,0.0,0.0
17,221,-7.869522470816414,2.4921413035075494e-20,1.6712635306192436e-17,0.0,0.0
17,222,-7.869522470816414,2.4921413035075494e-20,1.6712635306192436e-17,0.0,0.0
17,223,-7.869522470816414,2.4921413035075494e-20,1.6712635306192436e-17,0.0,0.0
17,224,-7.869522470816414,2.4921413035075494e-20,1.6712635306192436e-17,0.0,0.0
17,225,-7.869522470816414,2.4921413035075494e-20,1.6712635306192436e-17,0.0,0.0
17,226,-7.869522470816414,2.4921413035075494e-20,1.6712635306192436e-17,0.0,0.0
17,227,-7.869522470816414,2.4921413035075494e-20,1.6712635306192436e-17,0.0,0.0
17,228,-7.869522470816414,2.4921413035075494e-20,1.6712635306192436e-17,0.0,0.0
17,229,-7.869522470816414,2.4921413035075494e-20,1.6712635306192436e-17,0.0,0.0
17,230,-7.869522470816414,2.4921413035075494e-20,1.6712635306192436e-17,0.0,0.0
17,231,-7.869522470816414,2.4921413035075494e-20,1.6712635306192436e-17,0.0,0.0
17,232,-7.869522470816414,2.4921413035075494e-20,1.6712635306192436e-17,0.0,0.0
17,233,-7.869522470816414,2.4921413035075494e-20,1.6712635306192436e-17,0.0,0.0
17,234,-7.869522470816414,2.4921413035075494e-20,1.6712635306192436e-17,0.0,0.0
17,235,-7.869522470816414,2.4921413035075494e-20,1.6712635306192436e-17,0.0,0.0
17,236,-7.869522470816414,2.4921413035075494e-20,1.6712635306192436e-17,0.0,0.0
17,237,-7.869522470816414,2.4921413035075494e-20,1.6712635306192436e-17,0.0,0.0
17,238,-7.869522470816414,2.4921413035075494e-20,1.6712635306192436e-17,0.0,0.0
17,239,-7.869522470816414,2.4921413035075494e-20,1.6712635306192436e-17,0.0,0.0
17,240,-7.869522470816414,2.4921413035075494e-20,1.6712635306192436e-17,0.0,0.0
17,241,-7.869522470816414,2.4921413035075494e-20,1.6712635306192436e-17,0.0,0.0
17,242,-7.869522470816414,2.4921413035075494e-20,1.6712635306192436e-17,0.0,0.0
17,243,-7.869522470816414,2.4921413035075494e-20,1.6712635306192436e-17,0.0,0.0
17,244,-7.869522470816414,2.4921413035075494e-20,1.6712635306192436e-17,0.0,0.0
17,245,-7.869522470816414,2.4921413035075494e-20,1.6712635306192436e-17,0.0,0.0
17,246,-7.869522470816414,2.4921413035075494e-20,1.6712635306192436e-17,0.0,0.0
17,247,-7.869522470816414,2.4921413035075494e-20,1.6712635306192436e-17,0.0,0.0
17,248,-7.869522470816414,2.4921413035075494e-20,1.6712635306192436e-17,0.0,0.0
17,249,-7.869522470816414,2.4921413035075494e-20,1.6712635306192436e-17,0.0,0.0
17,250,-7.869522470816414,2.4921413035075494e-20,1.6712635306192436e-17,0.0,0.0
17,251,-7.869522470816414,2.4921413035075494e-20,1.6712635306192436e-17,0.0,0.0
17,252,-7.869522470816414,2.4921413035075494e-20,1.6712635306192436e-17,0.0,0.0
17,253,-7.869522470816414,2.4921413035075494e-20,1.6712635306192436e-17,0.0,0.0
17,254,-7.869522470816414,2.4921413035075494e-20,1.6712635306192436e-17,0.0,0.0
17,255,-7.869522470816414,2.4921413035075494e-20,1.6712635306192436e-17,0.0,0.0
17,256,-7.869522470816414,2.4921413035075494e-20,1.6712635306192436e-17,0.0,0.0
17,257,-7.869522470816414,2.4921413035075494e-20,1.6712635306192436e-17,0.0,0.0
17,258,-7.869522470816414,2.4921413035075494e-20,1.6712635306192436e-17,0.0,0.0
17,259,-7.869522470816414,2.4921413035075494e-20,1.6712635306192436e-17,0.0,0.0
17,260,-7.869522470816414,2.4921413035075494e-20,1.6712635306192436e-17,0.0,0.0
17,261,-7.869522470816414,2.4921413035075494e-20,1.6712635306192436e-17,0.0,0.0
17,262,-7.869522470816414,2.4921413035075494e-20,1.6712635306192436e-17,0.0,0.0
17,263,-7.869522470816414,2.4921413035075494e-20,1.6712635306192436e-17,0.0,0.0
17,264,-7.869522470816414,2.4921413035075494e-20,1.6712635306192436e-17,0.0,0.0
17,265,-7.869522470816414,2.4921413035075494e-20,1.6712635306192436e-17,0.0,0.0
17,266,-7.869522470816414,2.4921413035075494e-20,1.6712635306192436e-17,0.0,0.0
17,267,-7.869522470816414,2.4921413035075494e-20,1.6712635306192436e-17,0.0,0.0
17,268,-7.869522470816414,2.4921413035075494e-20,1.6712635306192436e-17,0.0,0.0
17,269,-7.869522470816414,2.4921413035075494e-20,1.6712635306192436e-17,0.0,0.0
17,270,-7.869522470816414,2.4921413035075494e-20,1.6712635306192436e-17,0.0,0.0
17,271,-7.869522470816414,2.4921413035075494e-20,1.6712635306192436e-17,0.0,0.0
17,272,-7.869522470816414,2.4921413035075494e-20,1.6712635306192436e-17,0.0,0.0
17,273,-7.869522470816414,2.4921413035075494e-20,1.6712635306192436e-17,0.0,0.0
17,274,-7.869522470816414,2.4921413035075494e-20,1.6712635306192436e-17,0.0,0.0
17,275,-7.869522470816414,2.4921413035075494e-20,1.6712635306192436e-17,0.0,0.0
17,276,-7.869522470816414,2.4921413035075494e-20,1.6712635306192436e-17,0.0,0.0
17,277,-7.869522470816414,2.4921413035075494e-20,1.6712635306192436e-17,0.0,0.0
17,278,-7.869522470816414,2.4921413035075494e-20,1.6712635306192436e-17,0.0,0.0
17,279,-7.869522470816414,2.4921413035075494e-20,1.6712635306192436e-17,0.0,0.0
17,280,-7.869522470816414,2.4921413035075494e-20,1.6712635306192436e-17,0.0,0.0
17,281,-7.869522470816414,2.4921413035075494e-20,1.6712635306192436e-17,0.0,0.0
17,282,-7.869522470816414,2.4921413035075494e-20,1.6712635306192436e-17,0.0,0.0
17,283,-7.869522470816414,2.4921413035075494e-20,1.6712635306192436e-17,0.0,0.0
17,284,-7.869522470816414,2.4921413035075494e-20,1.6712635306192436e-17,0.0,0.0
17,285,-7.869522470816414,2.4921413035075494e-20,1.6712635306192436e-17,0.0,0.0
17,286,-7.869522470816414,2.4921413035075494e-20,1.6712635306192436e-17,0.0,0.0
17,287,-7.869522470816414,2.4921413035075494e-20,1.6712635306192436e-17,0.0,0.0
17,288,-7.869522470816414,2.4921413035075494e-20,1.6712635306192436e-17,0.0,0.0
17,289,-7.869522470816414,2.4921413035075494e-20,1.6712635306192436e-17,0.0,0.0
17,290,-7.869522470816414,2.4921413035075494e-20,1.6712635306192436e-17,0.0,0.0
17,291,-7.869522470816414,2.4921413035075494e-20,1.6712635306192436e-17,0.0,0.0
17,292,-7.869522470816414,2.4921413035075494e-20,1.6712635306192436e-17,0.0,0.0
17,293,-7.869522470816414,2.4921413035075494e-20,1.6712635306192436e-17,0.0,0.0
17,294,-7.869522470816414,2.4921413035075494e-20,1.6712635306192436e-17,0.0,0.0
17,295,-7.869522470816414,2.4921413035075494e-20,1.6712635306192436e-17,0.0,0.0
17,296,-7.869522470816414,2.4921413035075494e-20,1.6712635306192436e-17,0.0,0.0
17,297,-7.869522470816414,2.4921413035075494e-20,1.6712635306192436e-17,0.0,0.0
17,298,-7.869522470816414,2.4921413035075494e-20,1.6712635306192436e-17,0.0,0.0
17,299,-7.869522470816414,2.4921413035075494e-20,1.6712635306192436e-17,0.0,0.0
17,300,-7.869522470816414,2.4921413035075494e-20,1.6712635306192436e-17,0.0,0.0
18,1,-6.753800070121419,0.19943406024193805,78.6495579392808,0.005512444025177184,0.03977394438458499
18,2,-6.795212307711855,0.033603112663243215,13.25184852147021,0.005860002665672531,0.028389670628097014
18,3,-6.796771402995219,0.006241879056173978,2.461570645871578,0.007939287657781317,0.03450417777890319
18,4,-6.796819993296782,0.0013275910867657501,0.523553759932421,0.007176882766106247,0.045237433432579834
18,5,-6.7968219025071015,7.659574951181155e-05,0.03020658473193465,0.006233802513238845,0.003328746206524068
18,6,-6.796821909918667,3.7656823940348263e-06,0.0014850485181482137,0.0072699086365944675,0.002417007707388429
18,7,-6.796821909934108,1.8125379592859948e-07,7.147992126975327e-05,0.006266560529398485,0.002316790936185872
18,8,-6.7968219099341445,3.2852380484280516e-19,1.295578698647172e-16,0.00645915927632219,3.2851822439513996e-24
18,9,-6.7968219099341445,3.2852380484280516e-19,1.295578698647172e-16,0.0,0.0
18,10,-6.7968219099341445,3.2852380484280516e-19,1.295578698647172e-16,0.0,0.0
18,11,-6.7968219099341445,3.2852380484280516e-19,1.295578698647172e-16,0.0,0.0
18,12,-6.7968219099341445,3.2852380484280516e-19,1.295578698647172e-16,0.0,0.0
18,13,-6.7968219099341445,3.2852380484280516e-19,1.295578698647172e-16,0.0,0.0
18,14,-6.7968219099341445,3.2852380484280516e-19,1.295578698647172e-16,0.0,0.0
18,15,-6.7968219099341445,3.2852380484280516e-19,1.295578698647172e-16,0.0,0.0
18,16,-6.7968219099341445,3.2852380484280516e-19,1.295578698647172e-16,0.0,0.0
18,17,-6.7968219099341445,3.2852380484280516e-19,1.295578698647172e-16,0.0,0.0
18,18,-6.7968219099341445,3.2852380484280516e-19,1.295578698647172e-16,0.0,0.0
18,19,-6.7968219099341445,3.2852380484280516e-19,1.295578698647172e-16,0.0,0.0
18,20,-6.7968219099341445,3.2852380484280516e-19,1.295578698647172e-16,0.0,0.0
18,21,-6.7968219099341445,3.2852380484280516e-19,1.295578698647172e-16,0.0,0.0
18,22,-6.7968219099341445,3.2852380484280516e-19,1.295578698647172e-16,0.0,0.0
18,23,-6.7968219099341445,3.2852380484280516e-19,1.295578698647172e-16,0.0,0.0
18,24,-6.7968219099341445,3.2852380484280516e-19,1.295578698647172e-16,0.0,0.0
18,25,-6.7968219099341445,3.2852380484280516e-19,1.295578698647172e-16,0.0,0.0
18,26,-6.7968219099341445,3.2852380484280516e-19,1.295578698647172e-16,0.0,0.0
18,27,-6.7968219099341445,3.2852380484280516e-19,1.295578698647172e-16,0.0,0.0
18,28,-6.7968219099341445,3.2852380484280516e-19,1.295578698647172e-16,0.0,0.0
18,29,-6.7968219099341445,3.2852380484280516e-19,1.295578698647172e-16,0.0,0.0
18,30,-6.7968219099341445,3.2852380484280516e-19,1.295578698647172e-16,0.0,0.0
18,31,-6.7968219099341445,3.2852380484280516e-19,1.295578698647172e-16,0.0,0.0
18,32,-6.7968219099341445,3.2852380484280516e-19,1.295578698647172e-16,0.0,0.0
18,33,-6.7968219099341445,3.2852380484280516e-19,1.295578698647172e-16,0.0,0.0
18,34,-6.7968219099341445,3.2852380484280516e-19,1.295578698647172e-16,0.0,0.0
18,35,-6.7968219099341445,3.2852380484280516e-19,1.295578698647172e-16,0.0,0.0
18,36,-6.7968219099341445,3.2852380484280516e-19,1.295578698647172e-16,0.0,0.0
18,37,-6.7968219099341445,3.2852380484280516e-19,1.295578698647172e-16,0.0,0.0
18,38,-6.7968219099341445,3.2852380484280516e-19,1.295578698647172e-16,0.0,0.0
18,39,-6.7968219099341445,3.2852380484280516e-19,1.295578698647172e-16,0.0,0.0
18,40,-6.7968219099341445,3.2852380484280516e-19,1.295578698647172e-16,0.0,0.0
18,41,-6.7968219099341445,3.2852380484280516e-19,1.295578698647172e-16,0.0,0.0
18,42,-6.7968219099341445,3.2852380484280516e-19,1.295578698647172e-16,0.0,0.0
18,43,-6.7968219099341445,3.2852380484280516e-19,1.295578698647172e-16,0.0,0.0
18,44,-6.7968219099341445,3.2852380484280516e-19,1.295578698647172e-16,0.0,0.0
18,45,-6.7968219099341445,3.2852380484280516e-19,1.295578698647172e-16,0.0,0.0
18,46,-6.7968219099341445,3.2852380484280516e-19,1.295578698647172e-16,0.0,0.0
18,47,-6.7968219099341445,3.2852380484280516e-19,1.295578698647172e-16,0.0,0.0
18,48,-6.7968219099341445,3.2852380484280516e-19,1.295578698647172e-16,0.0,0.0
18,49,-6.7968219099341445,3.2852380484280516e-19,1.295578698647172e-16,0.0,0.0
18,50,-6.7968219099341445,3.2852380484280516e-19,1.295578698647172e-16,0.0,0.0
18,51,-6.7968219099341445,3.2852380484280516e-19,1.295578698647172e-16,0.0,0.0
18,52,-6.7968219099341445,3.2852380484280516e-19,1.295578698647172e-16,0.0,0.0
18,53,-6.7968219099341445,3.2852380484280516e-19,1.295578698647172e-16,0.0,0.0
18,54,-6.7968219099341445,3.2852380484280516e-19,1.295578698647172e-16,0.0,0.0
18,55,-6.7968219099341445,3.2852380484280516e-19,1.295578698647172e-16,0.0,0.0
18,56,-6.7968219099341445,3.2852380484280516e-19,1.295578698647172e-16,0.0,0.0
18,57,-6.7968219099341445,3.2852380484280516e-19,1.295578698647172e-16,0.0,0.0
18,58,-6.7968219099341445,3.2852380484280516e-19,1.295578698647172e-16,0.0,0.0
18,59,-6.7968219099341445,3.2852380484280516e-19,1.295578698647172e-16,0.0,0.0
18,60,-6.7968219099341445,3.2852380484280516e-19,1.295578698647172e-16,0.0,0.0
18,61,-6.7968219099341445,3.2852380484280516e-19,1.295578698647172e-16,0.0,0.0
18,62,-6.7968219099341445,3.2852380484280516e-19,1.295578698647172e-16,0.0,0.0
18,63,-6.7968219099341445,3.2852380484280516e-19,1.295578698647172e-16,0.0,0.0
18,64,-6.7968219099341445,3.2852380484280516e-19,1.295578698647172e-16,0.0,0.0
18,65,-6.7968219099341445,3.2852380484280516e-19,1.295578698647172e-16,0.0,0.0
18,66,-6.7968219099341445,3.2852380484280516e-19,1.295578698647172e-16,0.0,0.0
18,67,-6.7968219099341445,3.2852380484280516e-19,1.295578698647172e-16,0.0,0.0
18,68,-6.7968219099341445,3.2852380484280516e-19,1.295578698647172e-16,0.0,0.0
18,69,-6.7968219099341445,3.2852380484280516e-19,1.295578698647172e-16,0.0,0.0
18,70,-6.7968219099341445,3.2852380484280516e-19,1.295578698647172e-16,0.0,0.0
18,71,-6.7968219099341445,3.2852380484280516e-19,1.295578698647172e-16,0.0,0.0
18,72,-6.7968219099341445,3.2852380484280516e-19,1.295578698647172e-16,0.0,0.0
18,73,-6.7968219099341445,3.2852380484280516e-19,1.295578698647172e-16,0.0,0.0
18,74,-6.7968219099341445,3.2852380484280516e-19,1.295578698647172e-16,0.0,0.0
18,75,-6.7968219099341445,3.2852380484280516e-19,1.295578698647172e-16,0.0,0.0
18,76,-6.7968219099341445,3.2852380484280516e-19,1.295578698647172e-16,0.0,0.0
18,77,-6.7968219099341445,3.2852380484280516e-19,1.295578698647172e-16,0.0,0.0
18,78,-6.7968219099341445,3.2852380484280516e-19,1.295578698647172e-16,0.0,0.0
18,79,-6.7968219099341445,3.2852380484280516e-19,1.295578698647172e-16,0.0,0.0
18,80,-6.7968219099341445,3.2852380484280516e-19,1.295578698647172e-16,0.0,0.0
18,81,-6.7968219099341445,3.2852380484280516e-19,1.295578698647172e-16,0.0,0.0
18,82,-6.7968219099341445,3.2852380484280516e-19,1.295578698647172e-16,0.0,0.0
18,83,-6.7968219099341445,3.2852380484280516e-19,1.295578698647172e-16,0.0,0.0
18,84,-6.7968219099341445,3.2852380484280516e-19,1.295578698647172e-16,0.0,0.0
18,85,-6.7968219099341445,3.2852380484280516e-19,1.295578698647172e-16,0.0,0.0
18,86,-6.7968219099341445,3.2852380484280516e-19,1.295578698647172e-16,0.0,0.0
18,87,-6.7968219099341445,3.2852380484280516e-19,1.295578698647172e-16,0.0,0.0
18,88,-6.7968219099341445,3.2852380484280516e-19,1.295578698647172e-16,0.0,0.0
18,89,-6.7968219099341445,3.2852380484280516e-19,1.295578698647172e-16,0.0,0.0
18,90,-6.7968219099341445,3.2852380484280516e-19,1.295578698647172e-16,0.0,0.0
18,91,-6.7968219099341445,3.2852380484280516e-19,1.295578698647172e-16,0.0,0.0
18,92,-6.7968219099341445,3.2852380484280516e-19,1.295578698647172e-16,0.0,0.0
18,93,-6.7968219099341445,3.2852380484280516e-19,1.295578698647172e-16,0.0,0.0
18,94,-6.7968219099341445,3.2852380484280516e-19,1.295578698647172e-16,0.0,0.0
18,95,-6.7968219099341445,3.2852380484280516e-19,1.295578698647172e-16,0.0,0.0
18,96,-6.7968219099341445,3.2852380484280516e-19,1.295578698647172e-16,0.0,0.0
18,97,-6.7968219099341445,3.2852380484280516e-19,1.295578698647172e-16,0.0,0.0
18,98,-6.7968219099341445,3.2852380484280516e-19,1.295578698647172e-16,0.0,0.0
18,99,-6.7968219099341445,3.2852380484280516e-19,1.295578698647172e-16,0.0,0.0
18,100,-6.7968219099341445,3.2852380484280516e-19,1.295578698647172e-16,0.0,0.0
18,101,-6.7968219099341445,3.2852380484280516e-19,1.295578698647172e-16,0.0,0.0
18,102,-6.7968219099341445,3.2852380484280516e-19,1.295578698647172e-16,0.0,0.0
18,103,-6.7968219099341445,3.2852380484280516e-19,1.295578698647172e-16,0.0,0.0
18,104,-6.7968219099341445,3.2852380484280516e-19,1.295578698647172e-16,0.0,0.0
18,105,-6.7968219099341445,3.2852380484280516e-19,1.295578698647172e-16,0.0,0.0
18,106,-6.7968219099341445,3.2852380484280516e-19,1.295578698647172e-16,0.0,0.0
18,107,-6.7968219099341445,3.2852380484280516e-19,1.295578698647172e-16,0.0,0.0
18,108,-6.7968219099341445,3.2852380484280516e-19,1.295578698647172e-16,0.0,0.0
18,109,-6.7968219099341445,3.2852380484280516e-19,1.295578698647172e-16,0.0,0.0
18,110,-6.7968219099341445,3.2852380484280516e-19,1.295578698647172e-16,0.0,0.0
18,111,-6.7968219099341445,3.2852380484280516e-19,1.295578698647172e-16,0.0,0.0
18,112,-6.7968219099341445,3.2852380484280516e-19,1.295578698647172e-16,0.0,0.0
18,113,-6.7968219099341445,3.2852380484280516e-19,1.295578698647172e-16,0.0,0.0
18,114,-6.7968219099341445,3.2852380484280516e-19,1.295578698647172e-16,0.0,0.0
18,115,-6.7968219099341445,3.2852380484280516e-19,1.295578698647172e-16,0.0,0.0
18,116,-6.7968219099341445,3.2852380484280516e-19,1.295578698647172e-16,0.0,0.0
18,117,-6.7968219099341445,3.2852380484280516e-19,1.295578698647172e-16,0.0,0.0
18,118,-6.7968219099341445,3.2852380484280516e-19,1.295578698647172e-16,0.0,0.0
18,119,-6.7968219099341445,3.2852380484280516e-19,1.295578698647172e-16,0.0,0.0
18,120,-6.7968219099341445,3.2852380484280516e-19,1.295578698647172e-16,0.0,0.0
18,121,-6.7968219099341445,3.2852380484280516e-19,1.295578698647172e-16,0.0,0.0
18,122,-6.7968219099341445,3.2852380484280516e-19,1.295578698647172e-16,0.0,0.0
18,123,-6.7968219099341445,3.2852380484280516e-19,1.295578698647172e-16,0.0,0.0
18,124,-6.7968219099341445,3.2852380484280516e-19,1.295578698647172e-16,0.0,0.0
18,125,-6.7968219099341445,3.2852380484280516e-19,1.295578698647172e-16,0.0,0.0
18,126,-6.7968219099341445,3.2852380484280516e-19,1.295578698647172e-16,0.0,0.0
18,127,-6.7968219099341445,3.2852380484280516e-19,1.295578698647172e-16,0.0,0.0
18,128,-6.7968219099341445,3.2852380484280516e-19,1.295578698647172e-16,0.0,0.0
18,129,-6.7968219099341445,3.2852380484280516e-19,1.295578698647172e-16,0.0,0.0
18,130,-6.7968219099341445,3.2852380484280516e-19,1.295578698647172e-16,0.0,0.0
18,131,-6.7968219099341445,3.2852380484280516e-19,1.295578698647172e-16,0.0,0.0
18,132,-6.7968219099341445,3.2852380484280516e-19,1.295578698647172e-16,0.0,0.0
18,133,-6.7968219099341445,3.2852380484280516e-19,1.295578698647172e-16,0.0,0.0
18,134,-6.7968219099341445,3.2852380484280516e-19,1.295578698647172e-16,0.0,0.0
18,135,-6.7968219099341445,3.2852380484280516e-19,1.295578698647172e-16,0.0,0.0
18,136,-6.7968219099341445,3.2852380484280516e-19,1.295578698647172e-16,0.0,0.0
18,137,-6.7968219099341445,3.2852380484280516e-19,1.295578698647172e-16,0.0,0.0
18,138,-6.7968219099341445,3.2852380484280516e-19,1.295578698647172e-16,0.0,0.0
18,139,-6.7968219099341445,3.2852380484280516e-19,1.295578698647172e-16,0.0,0.0
18,140,-6.7968219099341445,3.2852380484280516e-19,1.295578698647172e-16,0.0,0.0
18,141,-6.7968219099341445,3.2852380484280516e-19,1.295578698647172e-16,0.0,0.0
18,142,-6.7968219099341445,3.2852380484280516e-19,1.295578698647172e-16,0.0,0.0
18,143,-6.7968219099341445,3.2852380484280516e-19,1.295578698647172e-16,0.0,0.0
18,144,-6.7968219099341445,3.2852380484280516e-19,1.295578698647172e-16,0.0,0.0
18,145,-6.7968219099341445,3.2852380484280516e-19,1.295578698647172e-16,0.0,0.0
18,146,-6.7968219099341445,3.2852380484280516e-19,1.295578698647172e-16,0.0,0.0
18,147,-6.7968219099341445,3.2852380484280516e-19,1.295578698647172e-16,0.0,0.0
18,148,-6.7968219099341445,3.2852380484280516e-19,1.295578698647172e-16,0.0,0.0
18,149,-6.7968219099341445,3.2852380484280516e-19,1.295578698647172e-16,0.0,0.0
18,150,-6.7968219099341445,3.2852380484280516e-19,1.295578698647172e-16,0.0,0.0
18,151,-6.7968219099341445,3.2852380484280516e-19,1.295578698647172e-16,0.0,0.0
18,152,-6.7968219099341445,3.2852380484280516e-19,1.295578698647172e-16,0.0,0.0
18,153,-6.7968219099341445,3.2852380484280516e-19,1.295578698647172e-16,0.0,0.0
18,154,-6.7968219099341445,3.2852380484280516e-19,1.295578698647172e-16,0.0,0.0
18,155,-6.7968219099341445,3.2852380484280516e-19,1.295578698647172e-16,0.0,0.0
18,156,-6.7968219099341445,3.2852380484280516e-19,1.295578698647172e-16,0.0,0.0
18,157,-6.7968219099341445,3.2852380484280516e-19,1.295578698647172e-16,0.0,0.0
18,158,-6.7968219099341445,3.2852380484280516e-19,1.295578698647172e-16,0.0,0.0
18,159,-6.7968219099341445,3.2852380484280516e-19,1.295578698647172e-16,0.0,0.0
18,160,-6.7968219099341445,3.2852380484280516e-19,1.295578698647172e-16,0.0,0.0
18,161,-6.7968219099341445,3.2852380484280516e-19,1.295578698647172e-16,0.0,0.0
18,162,-6.7968219099341445,3.2852380484280516e-19,1.295578698647172e-16,0.0,0.0
18,163,-6.7968219099341445,3.2852380484280516e-19,1.295578698647172e-16,0.0,0.0
18,164,-6.7968219099341445,3.2852380484280516e-19,1.295578698647172e-16,0.0,0.0
18,165,-6.7968219099341445,3.2852380484280516e-19,1.295578698647172e-16,0.0,0.0
18,166,-6.7968219099341445,3.2852380484280516e-19,1.295578698647172e-16,0.0,0.0
18,167,-6.7968219099341445,3.2852380484280516e-19,1.295578698647172e-16,0.0,0.0
18,168,-6.7968219099341445,3.2852380484280516e-19,1.295578698647172e-16,0.0,0.0
18,169,-6.7968219099341445,3.2852380484280516e-19,1.295578698647172e-16,0.0,0.0
18,170,-6.7968219099341445,3.2852380484280516e-19,1.295578698647172e-16,0.0,0.0
18,171,-6.7968219099341445,3.2852380484280516e-19,1.295578698647172e-16,0.0,0.0
18,172,-6.7968219099341445,3.2852380484280516e-19,1.295578698647172e-16,0.0,0.0
18,173,-6.7968219099341445,3.2852380484280516e-19,1.295578698647172e-16,0.0,0.0
18,174,-6.7968219099341445,3.2852380484280516e-19,1.295578698647172e-16,0.0,0.0
18,175,-6.7968219099341445,3.2852380484280516e-19,1.295578698647172e-16,0.0,0.0
18,176,-6.7968219099341445,3.2852380484280516e-19,1.295578698647172e-16,0.0,0.0
18,177,-6.7968219099341445,3.2852380484280516e-19,1.295578698647172e-16,0.0,0.0
18,178,-6.7968219099341445,3.2852380484280516e-19,1.295578698647172e-16,0.0,0.0
18,179,-6.7968219099341445,3.2852380484280516e-19,1.295578698647172e-16,0.0,0.0
18,180,-6.7968219099341445,3.2852380484280516e-19,1.295578698647172e-16,0.0,0.0
18,181,-6.7968219099341445,3.2852380484280516e-19,1.295578698647172e-16,0.0,0.0
18,182,-6.7968219099341445,3.2852380484280516e-19,1.295578698647172e-16,0.0,0.0
18,183,-6.7968219099341445,3.2852380484280516e-19,1.295578698647172e-16,0.0,0.0
18,184,-6.7968219099341445,3.2852380484280516e-19,1.295578698647172e-16,0.0,0.0
18,185,-6.7968219099341445,3.2852380484280516e-19,1.295578698647172e-16,0.0,0.0
18,186,-6.7968219099341445,3.2852380484280516e-19,1.295578698647172e-16,0.0,0.0
18,187,-6.7968219099341445,3.2852380484280516e-19,1.295578698647172e-16,0.0,0.0
18,188,-6.7968219099341445,3.2852380484280516e-19,1.295578698647172e-16,0.0,0.0
18,189,-6.7968219099341445,3.2852380484280516e-19,1.295578698647172e-16,0.0,0.0
18,190,-6.7968219099341445,3.2852380484280516e-19,1.295578698647172e-16,0.0,0.0
18,191,-6.7968219099341445,3.2852380484280516e-19,1.295578698647172e-16,0.0,0.0
18,192,-6.7968219099341445,3.2852380484280516e-19,1.295578698647172e-16,0.0,0.0
18,193,-6.7968219099341445,3.2852380484280516e-19,1.295578698647172e-16,0.0,0.0
18,194,-6.7968219099341445,3.2852380484280516e-19,1.295578698647172e-16,0.0,0.0
18,195,-6.7968219099341445,3.2852380484280516e-19,1.295578698647172e-16,0.0,0.0
18,196,-6.7968219099341445,3.2852380484280516e-19,1.295578698647172e-16,0.0,0.0
18,197,-6.7968219099341445,3.2852380484280516e-19,1.295578698647172e-16,0.0,0.0
18,198,-6.7968219099341445,3.2852380484280516e-19,1.295578698647172e-16,0.0,0.0
18,199,-6.7968219099341445,3.2852380484280516e-19,1.295578698647172e-16,0.0,0.0
18,200,-6.7968219099341445,3.2852380484280516e-19,1.295578698647172e-16,0.0,0.0
18,201,-6.7968219099341445,3.2852380484280516e-19,1.295578698647172e-16,0.0,0.0
18,202,-6.7968219099341445,3.2852380484280516e-19,1.295578698647172e-16,0.0,0.0
18,203,-6.7968219099341445,3.2852380484280516e-19,1.295578698647172e-16,0.0,0.0
18,204,-6.7968219099341445,3.2852380484280516e-19,1.295578698647172e-16,0.0,0.0
18,205,-6.7968219099341445,3.2852380484280516e-19,1.295578698647172e-16,0.0,0.0
18,206,-6.7968219099341445,3.2852380484280516e-19,1.295578698647172e-16,0.0,0.0
18,207,-6.7968219099341445,3.2852380484280516e-19,1.295578698647172e-16,0.0,0.0
18,208,-6.7968219099341445,3.2852380484280516e-19,1.295578698647172e-16,0.0,0.0
18,209,-6.7968219099341445,3.2852380484280516e-19,1.295578698647172e-16,0.0,0.0
18,210,-6.7968219099341445,3.2852380484280516e-19,1.295578698647172e-16,0.0,0.0
18,211,-6.7968219099341445,3.2852380484280516e-19,1.295578698647172e-16,0.0,0.0
18,212,-6.7968219099341445,3.2852380484280516e-19,1.295578698647172e-16,0.0,0.0
18,213,-6.7968219099341445,3.2852380484280516e-19,1.295578698647172e-16,0.0,0.0
18,214,-6.7968219099341445,3.2852380484280516e-19,1.295578698647172e-16,0.0,0.0
18,215,-6.7968219099341445,3.2852380484280516e-19,1.295578698647172e-16,0.0,0.0
18,216,-6.7968219099341445,3.2852380484280516e-19,1.295578698647172e-16,0.0,0.0
18,217,-6.7968219099341445,3.2852380484280516e-19,1.295578698647172e-16,0.0,0.0
18,218,-6.7968219099341445,3.2852380484280516e-19,1.295578698647172e-16,0.0,0.0
18,219,-6.7968219099341445,3.2852380484280516e-19,1.295578698647172e-16,0.0,0.0
18,220,-6.7968219099341445,3.2852380484280516e-19,1.295578698647172e-16,0.0,0.0
18,221,-6.7968219099341445,3.2852380484280516e-19,1.295578698647172e-16,0.0,0.0
18,222,-6.7968219099341445,3.2852380484280516e-19,1.295578698647172e-16,0.0,0.0
18,223,-6.7968219099341445,3.2852380484280516e-19,1.295578698647172e-16,0.0,0.0
18,224,-6.7968219099341445,3.2852380484280516e-19,1.295578698647172e-16,0.0,0.0
18,225,-6.7968219099341445,3.2852380484280516e-19,1.295578698647172e-16,0.0,0.0
18,226,-6.7968219099341445,3.2852380484280516e-19,1.295578698647172e-16,0.0,0.0
18,227,-6.7968219099341445,3.2852380484280516e-19,1.295578698647172e-16,0.0,0.0
18,228,-6.7968219099341445,3.2852380484280516e-19,1.295578698647172e-16,0.0,0.0
18,229,-6.7968219099341445,3.2852380484280516e-19,1.295578698647172e-16,0.0,0.0
18,230,-6.7968219099341445,3.2852380484280516e-19,1.295578698647172e-16,0.0,0.0
18,231,-6.7968219099341445,3.2852380484280516e-19,1.295578698647172e-16,0.0,0.0
18,232,-6.7968219099341445,3.2852380484280516e-19,1.295578698647172e-16,0.0,0.0
18,233,-6.7968219099341445,3.2852380484280516e-19,1.295578698647172e-16,0.0,0.0
18,234,-6.7968219099341445,3.2852380484280516e-19,1.295578698647172e-16,0.0,0.0
18,235,-6.7968219099341445,3.2852380484280516e-19,1.295578698647172e-16,0.0,0.0
18,236,-6.7968219099341445,3.2852380484280516e-19,1.295578698647172e-16,0.0,0.0
18,237,-6.7968219099341445,3.2852380484280516e-19,1.295578698647172e-16,0.0,0.0
18,238,-6.7968219099341445,3.2852380484280516e-19,1.295578698647172e-16,0.0,0.0
18,239,-6.7968219099341445,3.2852380484280516e-19,1.295578698647172e-16,0.0,0.0
18,240,-6.7968219099341445,3.2852380484280516e-19,1.295578698647172e-16,0.0,0.0
18,241,-6.7968219099341445,3.2852380484280516e-19,1.295578698647172e-16,0.0,0.0
18,242,-6.7968219099341445,3.2852380484280516e-19,1.295578698647172e-16,0.0,0.0
18,243,-6.7968219099341445,3.2852380484280516e-19,1.295578698647172e-16,0.0,0.0
18,244,-6.7968219099341445,3.2852380484280516e-19,1.295578698647172e-16,0.0,0.0
18,245,-6.7968219099341445,3.2852380484280516e-19,1.295578698647172e-16,0.0,0.0
18,246,-6.7968219099341445,3.2852380484280516e-19,1.295578698647172e-16,0.0,0.0
18,247,-6.7968219099341445,3.2852380484280516e-19,1.295578698647172e-16,0.0,0.0
18,248,-6.7968219099341445,3.2852380484280516e-19,1.295578698647172e-16,0.0,0.0
18,249,-6.7968219099341445,3.2852380484280516e-19,1.295578698647172e-16,0.0,0.0
18,250,-6.7968219099341445,3.2852380484280516e-19,1.295578698647172e-16,0.0,0.0
18,251,-6.7968219099341445,3.2852380484280516e-19,1.295578698647172e-16,0.0,0.0
18,252,-6.7968219099341445,3.2852380484280516e-19,1.295578698647172e-16,0.0,0.0
18,253,-6.7968219099341445,3.2852380484280516e-19,1.295578698647172e-16,0.0,0.0
18,254,-6.7968219099341445,3.2852380484280516e-19,1.295578698647172e-16,0.0,0.0
18,255,-6.7968219099341445,3.2852380484280516e-19,1.295578698647172e-16,0.0,0.0
18,256,-6.7968219099341445,3.2852380484280516e-19,1.295578698647172e-16,0.0,0.0
18,257,-6.7968219099341445,3.2852380484280516e-19,1.295578698647172e-16,0.0,0.0
18,258,-6.7968219099341445,3.2852380484280516e-19,1.295578698647172e-16,0.0,0.0
18,259,-6.7968219099341445,3.2852380484280516e-19,1.295578698647172e-16,0.0,0.0
18,260,-6.7968219099341445,3.2852380484280516e-19,1.295578698647172e-16,0.0,0.0
18,261,-6.7968219099341445,3.2852380484280516e-19,1.295578698647172e-16,0.0,0.0
18,262,-6.7968219099341445,3.2852380484280516e-19,1.295578698647172e-16,0.0,0.0
18,263,-6.7968219099341445,3.2852380484280516e-19,1.295578698647172e-16,0.0,0.0
18,264,-6.7968219099341445,3.2852380484280516e-19,1.295578698647172e-16,0.0,0.0
18,265,-6.7968219099341445,3.2852380484280516e-19,1.295578698647172e-16,0.0,0.0
18,266,-6.7968219099341445,3.2852380484280516e-19,1.295578698647172e-16,0.0,0.0
18,267,-6.7968219099341445,3.2852380484280516e-19,1.295578698647172e-16,0.0,0.0
18,268,-6.7968219099341445,3.2852380484280516e-19,1.295578698647172e-16,0.0,0.0
18,269,-6.7968219099341445,3.2852380484280516e-19,1.295578698647172e-16,0.0,0.0
18,270,-6.7968219099341445,3.2852380484280516e-19,1.295578698647172e-16,0.0,0.0
18,271,-6.7968219099341445,3.2852380484280516e-19,1.295578698647172e-16,0.0,0.0
18,272,-6.7968219099341445,3.2852380484280516e-19,1.295578698647172e-16,0.0,0.0
18,273,-6.7968219099341445,3.2852380484280516e-19,1.295578698647172e-16,0.0,0.0
18,274,-6.7968219099341445,3.2852380484280516e-19,1.295578698647172e-16,0.0,0.0
18,275,-6.7968219099341445,3.2852380484280516e-19,1.295578698647172e-16,0.0,0.0
18,276,-6.7968219099341445,3.2852380484280516e-19,1.295578698647172e-16,0.0,0.0
18,277,-6.7968219099341445,3.2852380484280516e-19,1.295578698647172e-16,0.0,0.0
18,278,-6.7968219099341445,3.2852380484280516e-19,1.295578698647172e-16,0.0,0.0
18,279,-6.7968219099341445,3.2852380484280516e-19,1.295578698647172e-16,0.0,0.0
18,280,-6.7968219099341445,3.2852380484280516e-19,1.295578698647172e-16,0.0,0.0
18,281,-6.7968219099341445,3.2852380484280516e-19,1.295578698647172e-16,0.0,0.0
18,282,-6.7968219099341445,3.2852380484280516e-19,1.295578698647172e-16,0.0,0.0
18,283,-6.7968219099341445,3.2852380484280516e-19,1.295578698647172e-16,0.0,0.0
18,284,-6.7968219099341445,3.2852380484280516e-19,1.295578698647172e-16,0.0,0.0
18,285,-6.7968219099341445,3.2852380484280516e-19,1.295578698647172e-16,0.0,0.0
18,286,-6.7968219099341445,3.2852380484280516e-19,1.295578698647172e-16,0.0,0.0
18,287,-6.7968219099341445,3.2852380484280516e-19,1.295578698647172e-16,0.0,0.0
18,288,-6.7968219099341445,3.2852380484280516e-19,1.295578698647172e-16,0.0,0.0
18,289,-6.7968219099341445,3.2852380484280516e-19,1.295578698647172e-16,0.0,0.0
18,290,-6.7968219099341445,3.2852380484280516e-19,1.295578698647172e-16,0.0,0.0
18,291,-6.7968219099341445,3.2852380484280516e-19,1.295578698647172e-16,0.0,0.0
18,292,-6.7968219099341445,3.2852380484280516e-19,1.295578698647172e-16,0.0,0.0
18,293,-6.7968219099341445,3.2852380484280516e-19,1.295578698647172e-16,0.0,0.0
18,294,-6.7968219099341445,3.2852380484280516e-19,1.295578698647172e-16,0.0,0.0
18,295,-6.7968219099341445,3.2852380484280516e-19,1.295578698647172e-16,0.0,0.0
18,296,-6.7968219099341445,3.2852380484280516e-19,1.295578698647172e-16,0.0,0.0
18,297,-6.7968219099341445,3.2852380484280516e-19,1.295578698647172e-16,0.0,0.0
18,298,-6.7968219099341445,3.2852380484280516e-19,1.295578698647172e-16,0.0,0.0
18,299,-6.7968219099341445,3.2852380484280516e-19,1.295578698647172e-16,0.0,0.0
18,300,-6.7968219099341445,3.2852380484280516e-19,1.295578698647172e-16,0.0,0.0
19,1,-6.521713253703197,0.21320972512231345,68.89989377146512,0.006509100761362861,0.045458386886732455
19,2,-6.568169918437284,0.04707607461486343,15.212892086798172,0.0068089789482387985,0.04875132957678704
19,3,-6.571333786153955,0.005112070334443624,1.651993607671333,0.009749939165778368,0.011792154368682802
19,4,-6.571360687780406,0.0009371196168529599,0.3028353515079305,0.00704144281357177,0.03360442103176118
19,5,-6.571361559346805,0.00013765590933837024,0.044484263206038654,0.00678880307894508,0.021577427253320382
19,6,-6.571361581529782,1.8154504383786127e-05,0.005866727808963134,0.0080077978240105,0.017393183350081335
19,7,-6.571361581886559,1.2863988041711311e-06,0.00041570683937744473,0.007404741283229804,0.005020910280330986
19,8,-6.571361581888357,9.576097856635312e-20,3.0945686210552563e-17,0.007435448611744487,5.541481598789706e-27
19,9,-6.571361581888357,9.576097856635312e-20,3.0945686210552563e-17,0.0,0.0
19,10,-6.571361581888357,9.576097856635312e-20,3.0945686210552563e-17,0.0,0.0
19,11,-6.571361581888357,9.576097856635312e-20,3.0945686210552563e-17,0.0,0.0
19,12,-6.571361581888357,9.576097856635312e-20,3.0945686210552563e-17,0.0,0.0
19,13,-6.571361581888357,9.576097856635312e-20,3.0945686210552563e-17,0.0,0.0
19,14,-6.571361581888357,9.576097856635312e-20,3.0945686210552563e-17,0.0,0.0
19,15,-6.571361581888357,9.576097856635312e-20,3.0945686210552563e-17,0.0,0.0
19,16,-6.571361581888357,9.576097856635312e-20,3.0945686210552563e-17,0.0,0.0
19,17,-6.571361581888357,9.576097856635312e-20,3.0945686210552563e-17,0.0,0.0
19,18,-6.571361581888357,9.576097856635312e-20,3.0945686210552563e-17,0.0,0.0
19,19,-6.571361581888357,9.576097856635312e-20,3.0945686210552563e-17,0.0,0.0
19,20,-6.571361581888357,9.576097856635312e-20,3.0945686210552563e-17,0.0,0.0
19,21,-6.571361581888357,9.576097856635312e-20,3.0945686210552563e-17,0.0,0.0
19,22,-6.571361581888357,9.576097856635312e-20,3.0945686210552563e-17,0.0,0.0
19,23,-6.571361581888357,9.576097856635312e-20,3.0945686210552563e-17,0.0,0.0
19,24,-6.571361581888357,9.576097856635312e-20,3.0945686210552563e-17,0.0,0.0
19,25,-6.571361581888357,9.576097856635312e-20,3.0945686210552563e-17,0.0,0.0
19,26,-6.571361581888357,9.576097856635312e-20,3.0945686210552563e-17,0.0,0.0
19,27,-6.571361581888357,9.576097856635312e-20,3.0945686210552563e-17,0.0,0.0
19,28,-6.571361581888357,9.576097856635312e-20,3.0945686210552563e-17,0.0,0.0
19,29,-6.571361581888357,9.576097856635312e-20,3.0945686210552563e-17,0.0,0.0
19,30,-6.571361581888357,9.576097856635312e-20,3.0945686210552563e-17,0.0,0.0
19,31,-6.571361581888357,9.576097856635312e-20,3.0945686210552563e-17,0.0,0.0
19,32,-6.571361581888357,9.576097856635312e-20,3.0945686210552563e-17,0.0,0.0
19,33,-6.571361581888357,9.576097856635312e-20,3.0945686210552563e-17,0.0,0.0
19,34,-6.571361581888357,9.576097856635312e-20,3.0945686210552563e-17,0.0,0.0
19,35,-6.571361581888357,9.576097856635312e-20,3.0945686210552563e-17,0.0,0.0
19,36,-6.571361581888357,9.576097856635312e-20,3.0945686210552563e-17,0.0,0.0
19,37,-6.571361581888357,9.576097856635312e-20,3.0945686210552563e-17,0.0,0.0
19,38,-6.571361581888357,9.576097856635312e-20,3.0945686210552563e-17,0.0,0.0
19,39,-6.571361581888357,9.576097856635312e-20,3.0945686210552563e-17,0.0,0.0
19,40,-6.571361581888357,9.576097856635312e-20,3.0945686210552563e-17,0.0,0.0
19,41,-6.571361581888357,9.576097856635312e-20,3.0945686210552563e-17,0.0,0.0
19,42,-6.571361581888357,9.576097856635312e-20,3.0945686210552563e-17,0.0,0.0
19,43,-6.571361581888357,9.576097856635312e-20,3.0945686210552563e-17,0.0,0.0
19,44,-6.571361581888357,9.576097856635312e-20,3.0945686210552563e-17,0.0,0.0
19,45,-6.571361581888357,9.576097856635312e-20,3.0945686210552563e-17,0.0,0.0
19,46,-6.571361581888357,9.576097856635312e-20,3.0945686210552563e-17,0.0,0.0
19,47,-6.571361581888357,9.576097856635312e-20,3.0945686210552563e-17,0.0,0.0
19,48,-6.571361581888357,9.576097856635312e-20,3.0945686210552563e-17,0.0,0.0
19,49,-6.571361581888357,9.576097856635312e-20,3.0945686210552563e-17,0.0,0.0
19,50,-6.571361581888357,9.576097856635312e-20,3.0945686210552563e-17,0.0,0.0
19,51,-6.571361581888357,9.576097856635312e-20,3.0945686210552563e-17,0.0,0.0
19,52,-6.571361581888357,9.576097856635312e-20,3.0945686210552563e-17,0.0,0.0
19,53,-6.571361581888357,9.576097856635312e-20,3.0945686210552563e-17,0.0,0.0
19,54,-6.571361581888357,9.576097856635312e-20,3.0945686210552563e-17,0.0,0.0
19,55,-6.571361581888357,9.576097856635312e-20,3.0945686210552563e-17,0.0,0.0
19,56,-6.571361581888357,9.576097856635312e-20,3.0945686210552563e-17,0.0,0.0
19,57,-6.571361581888357,9.576097856635312e-20,3.0945686210552563e-17,0.0,0.0
19,58,-6.571361581888357,9.576097856635312e-20,3.0945686210552563e-17,0.0,0.0
19,59,-6.571361581888357,9.576097856635312e-20,3.0945686210552563e-17,0.0,0.0
19,60,-6.571361581888357,9.576097856635312e-20,3.0945686210552563e-17,0.0,0.0
19,61,-6.571361581888357,9.576097856635312e-20,3.0945686210552563e-17,0.0,0.0
19,62,-6.571361581888357,9.576097856635312e-20,3.0945686210552563e-17,0.0,0.0
19,63,-6.571361581888357,9.576097856635312e-20,3.0945686210552563e-17,0.0,0.0
19,64,-6.571361581888357,9.576097856635312e-20,3.0945686210552563e-17,0.0,0.0
19,65,-6.571361581888357,9.576097856635312e-20,3.0945686210552563e-17,0.0,0.0
19,66,-6.571361581888357,9.576097856635312e-20,3.0945686210552563e-17,0.0,0.0
19,67,-6.571361581888357,9.576097856635312e-20,3.0945686210552563e-17,0.0,0.0
19,68,-6.571361581888357,9.576097856635312e-20,3.0945686210552563e-17,0.0,0.0
19,69,-6.571361581888357,9.576097856635312e-20,3.0945686210552563e-17,0.0,0.0
19,70,-6.571361581888357,9.576097856635312e-20,3.0945686210552563e-17,0.0,0.0
19,71,-6.571361581888357,9.576097856635312e-20,3.0945686210552563e-17,0.0,0.0
19,72,-6.571361581888357,9.576097856635312e-20,3.0945686210552563e-17,0.0,0.0
19,73,-6.571361581888357,9.576097856635312e-20,3.0945686210552563e-17,0.0,0.0
19,74,-6.571361581888357,9.576097856635312e-20,3.0945686210552563e-17,0.0,0.0
19,75,-6.571361581888357,9.576097856635312e-20,3.0945686210552563e-17,0.0,0.0
19,76,-6.571361581888357,9.576097856635312e-20,3.0945686210552563e-17,0.0,0.0
19,77,-6.571361581888357,9.576097856635312e-20,3.0945686210552563e-17,0.0,0.0
19,78,-6.571361581888357,9.576097856635312e-20,3.0945686210552563e-17,0.0,0.0
19,79,-6.571361581888357,9.576097856635312e-20,3.0945686210552563e-17,0.0,0.0
19,80,-6.571361581888357,9.576097856635312e-20,3.0945686210552563e-17,0.0,0.0
19,81,-6.571361581888357,9.576097856635312e-20,3.0945686210552563e-17,0.0,0.0
19,82,-6.571361581888357,9.576097856635312e-20,3.0945686210552563e-17,0.0,0.0
19,83,-6.571361581888357,9.576097856635312e-20,3.0945686210552563e-17,0.0,0.0
19,84,-6.571361581888357,9.576097856635312e-20,3.0945686210552563e-17,0.0,0.0
19,85,-6.571361581888357,9.576097856635312e-20,3.0945686210552563e-17,0.0,0.0
19,86,-6.571361581888357,9.576097856635312e-20,3.0945686210552563e-17,0.0,0.0
19,87,-6.571361581888357,9.576097856635312e-20,3.0945686210552563e-17,0.0,0.0
19,88,-6.571361581888357,9.576097856635312e-20,3.0945686210552563e-17,0.0,0.0
19,89,-6.571361581888357,9.576097856635312e-20,3.0945686210552563e-17,0.0,0.0
19,90,-6.571361581888357,9.576097856635312e-20,3.0945686210552563e-17,0.0,0.0
19,91,-6.571361581888357,9.576097856635312e-20,3.0945686210552563e-17,0.0,0.0
19,92,-6.571361581888357,9.576097856635312e-20,3.0945686210552563e-17,0.0,0.0
19,93,-6.571361581888357,9.576097856635312e-20,3.0945686210552563e-17,0.0,0.0
19,94,-6.571361581888357,9.576097856635312e-20,3.0945686210552563e-17,0.0,0.0
19,95,-6.571361581888357,9.576097856635312e-20,3.0945686210552563e-17,0.0,0.0
19,96,-6.571361581888357,9.576097856635312e-20,3.0945686210552563e-17,0.0,0.0
19,97,-6.571361581888357,9.576097856635312e-20,3.0945686210552563e-17,0.0,0.0
19,98,-6.571361581888357,9.576097856635312e-20,3.0945686210552563e-17,0.0,0.0
19,99,-6.571361581888357,9.576097856635312e-20,3.0945686210552563e-17,0.0,0.0
19,100,-6.571361581888357,9.576097856635312e-20,3.0945686210552563e-17,0.0,0.0
19,101,-6.571361581888357,9.576097856635312e-20,3.0945686210552563e-17,0.0,0.0
19,102,-6.571361581888357,9.576097856635312e-20,3.0945686210552563e-17,0.0,0.0
19,103,-6.571361581888357,9.576097856635312e-20,3.0945686210552563e-17,0.0,0.0
19,104,-6.571361581888357,9.576097856635312e-20,3.0945686210552563e-17,0.0,0.0
19,105,-6.571361581888357,9.576097856635312e-20,3.0945686210552563e-17,0.0,0.0
19,106,-6.571361581888357,9.576097856635312e-20,3.0945686210552563e-17,0.0,0.0
19,107,-6.571361581888357,9.576097856635312e-20,3.0945686210552563e-17,0.0,0.0
19,108,-6.571361581888357,9.576097856635312e-20,3.0945686210552563e-17,0.0,0.0
19,109,-6.571361581888357,9.576097856635312e-20,3.0945686210552563e-17,0.0,0.0
19,110,-6.571361581888357,9.576097856635312e-20,3.0945686210552563e-17,0.0,0.0
19,111,-6.571361581888357,9.576097856635312e-20,3.0945686210552563e-17,0.0,0.0
19,112,-6.571361581888357,9.576097856635312e-20,3.0945686210552563e-17,0.0,0.0
19,113,-6.571361581888357,9.576097856635312e-20,3.0945686210552563e-17,0.0,0.0
19,114,-6.571361581888357,9.576097856635312e-20,3.0945686210552563e-17,0.0,0.0
19,115,-6.571361581888357,9.576097856635312e-20,3.0945686210552563e-17,0.0,0.0
19,116,-6.571361581888357,9.576097856635312e-20,3.0945686210552563e-17,0.0,0.0
19,117,-6.571361581888357,9.576097856635312e-20,3.0945686210552563e-17,0.0,0.0
19,118,-6.571361581888357,9.576097856635312e-20,3.0945686210552563e-17,0.0,0.0
19,119,-6.571361581888357,9.576097856635312e-20,3.0945686210552563e-17,0.0,0.0
19,120,-6.571361581888357,9.576097856635312e-20,3.0945686210552563e-17,0.0,0.0
19,121,-6.571361581888357,9.576097856635312e-20,3.0945686210552563e-17,0.0,0.0
19,122,-6.571361581888357,9.576097856635312e-20,3.0945686210552563e-17,0.0,0.0
19,123,-6.571361581888357,9.576097856635312e-20,3.0945686210552563e-17,0.0,0.0
19,124,-6.571361581888357,9.576097856635312e-20,3.0945686210552563e-17,0.0,0.0
19,125,-6.571361581888357,9.576097856635312e-20,3.0945686210552563e-17,0.0,0.0
19,126,-6.571361581888357,9.576097856635312e-20,3.0945686210552563e-17,0.0,0.0
19,127,-6.571361581888357,9.576097856635312e-20,3.0945686210552563e-17,0.0,0.0
19,128,-6.571361581888357,9.576097856635312e-20,3.0945686210552563e-17,0.0,0.0
19,129,-6.571361581888357,9.576097856635312e-20,3.0945686210552563e-17,0.0,0.0
19,130,-6.571361581888357,9.576097856635312e-20,3.0945686210552563e-17,0.0,0.0
19,131,-6.571361581888357,9.576097856635312e-20,3.0945686210552563e-17,0.0,0.0
19,132,-6.571361581888357,9.576097856635312e-20,3.0945686210552563e-17,0.0,0.0
19,133,-6.571361581888357,9.576097856635312e-20,3.0945686210552563e-17,0.0,0.0
19,134,-6.571361581888357,9.576097856635312e-20,3.0945686210552563e-17,0.0,0.0
19,135,-6.571361581888357,9.576097856635312e-20,3.0945686210552563e-17,0.0,0.0
19,136,-6.571361581888357,9.576097856635312e-20,3.0945686210552563e-17,0.0,0.0
19,137,-6.571361581888357,9.576097856635312e-20,3.0945686210552563e-17,0.0,0.0
19,138,-6.571361581888357,9.576097856635312e-20,3.0945686210552563e-17,0.0,0.0
19,139,-6.571361581888357,9.576097856635312e-20,3.0945686210552563e-17,0.0,0.0
19,140,-6.571361581888357,9.576097856635312e-20,3.0945686210552563e-17,0.0,0.0
19,141,-6.571361581888357,9.576097856635312e-20,3.0945686210552563e-17,0.0,0.0
19,142,-6.571361581888357,9.576097856635312e-20,3.0945686210552563e-17,0.0,0.0
19,143,-6.571361581888357,9.576097856635312e-20,3.0945686210552563e-17,0.0,0.0
19,144,-6.571361581888357,9.576097856635312e-20,3.0945686210552563e-17,0.0,0.0
19,145,-6.571361581888357,9.576097856635312e-20,3.0945686210552563e-17,0.0,0.0
19,146,-6.571361581888357,9.576097856635312e-20,3.0945686210552563e-17,0.0,0.0
19,147,-6.571361581888357,9.576097856635312e-20,3.0945686210552563e-17,0.0,0.0
19,148,-6.571361581888357,9.576097856635312e-20,3.0945686210552563e-17,0.0,0.0
19,149,-6.571361581888357,9.576097856635312e-20,3.0945686210552563e-17,0.0,0.0
19,150,-6.571361581888357,9.576097856635312e-20,3.0945686210552563e-17,0.0,0.0
19,151,-6.571361581888357,9.576097856635312e-20,3.0945686210552563e-17,0.0,0.0
19,152,-6.571361581888357,9.576097856635312e-20,3.0945686210552563e-17,0.0,0.0
19,153,-6.571361581888357,9.576097856635312e-20,3.0945686210552563e-17,0.0,0.0
19,154,-6.571361581888357,9.576097856635312e-20,3.0945686210552563e-17,0.0,0.0
19,155,-6.571361581888357,9.576097856635312e-20,3.0945686210552563e-17,0.0,0.0
19,156,-6.571361581888357,9.576097856635312e-20,3.0945686210552563e-17,0.0,0.0
19,157,-6.571361581888357,9.576097856635312e-20,3.0945686210552563e-17,0.0,0.0
19,158,-6.571361581888357,9.576097856635312e-20,3.0945686210552563e-17,0.0,0.0
19,159,-6.571361581888357,9.576097856635312e-20,3.0945686210552563e-17,0.0,0.0
19,160,-6.571361581888357,9.576097856635312e-20,3.0945686210552563e-17,0.0,0.0
19,161,-6.571361581888357,9.576097856635312e-20,3.0945686210552563e-17,0.0,0.0
19,162,-6.571361581888357,9.576097856635312e-20,3.0945686210552563e-17,0.0,0.0
19,163,-6.571361581888357,9.576097856635312e-20,3.0945686210552563e-17,0.0,0.0
19,164,-6.571361581888357,9.576097856635312e-20,3.0945686210552563e-17,0.0,0.0
19,165,-6.571361581888357,9.576097856635312e-20,3.0945686210552563e-17,0.0,0.0
19,166,-6.571361581888357,9.576097856635312e-20,3.0945686210552563e-17,0.0,0.0
19,167,-6.571361581888357,9.576097856635312e-20,3.0945686210552563e-17,0.0,0.0
19,168,-6.571361581888357,9.576097856635312e-20,3.0945686210552563e-17,0.0,0.0
19,169,-6.571361581888357,9.576097856635312e-20,3.0945686210552563e-17,0.0,0.0
19,170,-6.571361581888357,9.576097856635312e-20,3.0945686210552563e-17,0.0,0.0
19,171,-6.571361581888357,9.576097856635312e-20,3.0945686210552563e-17,0.0,0.0
19,172,-6.571361581888357,9.576097856635312e-20,3.0945686210552563e-17,0.0,0.0
19,173,-6.571361581888357,9.576097856635312e-20,3.0945686210552563e-17,0.0,0.0
19,174,-6.571361581888357,9.576097856635312e-20,3.0945686210552563e-17,0.0,0.0
19,175,-6.571361581888357,9.576097856635312e-20,3.0945686210552563e-17,0.0,0.0
19,176,-6.571361581888357,9.576097856635312e-20,3.0945686210552563e-17,0.0,0.0
19,177,-6.571361581888357,9.576097856635312e-20,3.0945686210552563e-17,0.0,0.0
19,178,-6.571361581888357,9.576097856635312e-20,3.0945686210552563e-17,0.0,0.0
19,179,-6.571361581888357,9.576097856635312e-20,3.0945686210552563e-17,0.0,0.0
19,180,-6.571361581888357,9.576097856635312e-20,3.0945686210552563e-17,0.0,0.0
19,181,-6.571361581888357,9.576097856635312e-20,3.0945686210552563e-17,0.0,0.0
19,182,-6.571361581888357,9.576097856635312e-20,3.0945686210552563e-17,0.0,0.0
19,183,-6.571361581888357,9.576097856635312e-20,3.0945686210552563e-17,0.0,0.0
19,184,-6.571361581888357,9.576097856635312e-20,3.0945686210552563e-17,0.0,0.0
19,185,-6.571361581888357,9.576097856635312e-20,3.0945686210552563e-17,0.0,0.0
19,186,-6.571361581888357,9.576097856635312e-20,3.0945686210552563e-17,0.0,0.0
19,187,-6.571361581888357,9.576097856635312e-20,3.0945686210552563e-17,0.0,0.0
19,188,-6.571361581888357,9.576097856635312e-20,3.0945686210552563e-17,0.0,0.0
19,189,-6.571361581888357,9.576097856635312e-20,3.0945686210552563e-17,0.0,0.0
19,190,-6.571361581888357,9.576097856635312e-20,3.0945686210552563e-17,0.0,0.0
19,191,-6.571361581888357,9.576097856635312e-20,3.0945686210552563e-17,0.0,0.0
19,192,-6.571361581888357,9.576097856635312e-20,3.0945686210552563e-17,0.0,0.0
19,193,-6.571361581888357,9.576097856635312e-20,3.0945686210552563e-17,0.0,0.0
19,194,-6.571361581888357,9.576097856635312e-20,3.0945686210552563e-17,0.0,0.0
19,195,-6.571361581888357,9.576097856635312e-20,3.0945686210552563e-17,0.0,0.0
19,196,-6.571361581888357,9.576097856635312e-20,3.0945686210552563e-17,0.0,0.0
19,197,-6.571361581888357,9.576097856635312e-20,3.0945686210552563e-17,0.0,0.0
19,198,-6.571361581888357,9.576097856635312e-20,3.0945686210552563e-17,0.0,0.0
19,199,-6.571361581888357,9.576097856635312e-20,3.0945686210552563e-17,0.0,0.0
19,200,-6.571361581888357,9.576097856635312e-20,3.0945686210552563e-17,0.0,0.0
19,201,-6.571361581888357,9.576097856635312e-20,3.0945686210552563e-17,0.0,0.0
19,202,-6.571361581888357,9.576097856635312e-20,3.0945686210552563e-17,0.0,0.0
19,203,-6.571361581888357,9.576097856635312e-20,3.0945686210552563e-17,0.0,0.0
19,204,-6.571361581888357,9.576097856635312e-20,3.0945686210552563e-17,0.0,0.0
19,205,-6.571361581888357,9.576097856635312e-20,3.0945686210552563e-17,0.0,0.0
19,206,-6.571361581888357,9.576097856635312e-20,3.0945686210552563e-17,0.0,0.0
19,207,-6.571361581888357,9.576097856635312e-20,3.0945686210552563e-17,0.0,0.0
19,208,-6.571361581888357,9.576097856635312e-20,3.0945686210552563e-17,0.0,0.0
19,209,-6.571361581888357,9.576097856635312e-20,3.0945686210552563e-17,0.0,0.0
19,210,-6.571361581888357,9.576097856635312e-20,3.0945686210552563e-17,0.0,0.0
19,211,-6.571361581888357,9.576097856635312e-20,3.0945686210552563e-17,0.0,0.0
19,212,-6.571361581888357,9.576097856635312e-20,3.0945686210552563e-17,0.0,0.0
19,213,-6.571361581888357,9.576097856635312e-20,3.0945686210552563e-17,0.0,0.0
19,214,-6.571361581888357,9.576097856635312e-20,3.0945686210552563e-17,0.0,0.0
19,215,-6.571361581888357,9.576097856635312e-20,3.0945686210552563e-17,0.0,0.0
19,216,-6.571361581888357,9.576097856635312e-20,3.0945686210552563e-17,0.0,0.0
19,217,-6.571361581888357,9.576097856635312e-20,3.0945686210552563e-17,0.0,0.0
19,218,-6.571361581888357,9.576097856635312e-20,3.0945686210552563e-17,0.0,0.0
19,219,-6.571361581888357,9.576097856635312e-20,3.0945686210552563e-17,0.0,0.0
19,220,-6.571361581888357,9.576097856635312e-20,3.0945686210552563e-17,0.0,0.0
19,221,-6.571361581888357,9.576097856635312e-20,3.0945686210552563e-17,0.0,0.0
19,222,-6.571361581888357,9.576097856635312e-20,3.0945686210552563e-17,0.0,0.0
19,223,-6.571361581888357,9.576097856635312e-20,3.0945686210552563e-17,0.0,0.0
19,224,-6.571361581888357,9.576097856635312e-20,3.0945686210552563e-17,0.0,0.0
19,225,-6.571361581888357,9.576097856635312e-20,3.0945686210552563e-17,0.0,0.0
19,226,-6.571361581888357,9.576097856635312e-20,3.0945686210552563e-17,0.0,0.0
19,227,-6.571361581888357,9.576097856635312e-20,3.0945686210552563e-17,0.0,0.0
19,228,-6.571361581888357,9.576097856635312e-20,3.0945686210552563e-17,0.0,0.0
19,229,-6.571361581888357,9.576097856635312e-20,3.0945686210552563e-17,0.0,0.0
19,230,-6.571361581888357,9.576097856635312e-20,3.0945686210552563e-17,0.0,0.0
19,231,-6.571361581888357,9.576097856635312e-20,3.0945686210552563e-17,0.0,0.0
19,232,-6.571361581888357,9.576097856635312e-20,3.0945686210552563e-17,0.0,0.0
19,233,-6.571361581888357,9.576097856635312e-20,3.0945686210552563e-17,0.0,0.0
19,234,-6.571361581888357,9.576097856635312e-20,3.0945686210552563e-17,0.0,0.0
19,235,-6.571361581888357,9.576097856635312e-20,3.0945686210552563e-17,0.0,0.0
19,236,-6.571361581888357,9.576097856635312e-20,3.0945686210552563e-17,0.0,0.0
19,237,-6.571361581888357,9.576097856635312e-20,3.0945686210552563e-17,0.0,0.0
19,238,-6.571361581888357,9.576097856635312e-20,3.0945686210552563e-17,0.0,0.0
19,239,-6.571361581888357,9.576097856635312e-20,3.0945686210552563e-17,0.0,0.0
19,240,-6.571361581888357,9.576097856635312e-20,3.0945686210552563e-17,0.0,0.0
19,241,-6.571361581888357,9.576097856635312e-20,3.0945686210552563e-17,0.0,0.0
19,242,-6.571361581888357,9.576097856635312e-20,3.0945686210552563e-17,0.0,0.0
19,243,-6.571361581888357,9.576097856635312e-20,3.0945686210552563e-17,0.0,0.0
19,244,-6.571361581888357,9.576097856635312e-20,3.0945686210552563e-17,0.0,0.0
19,245,-6.571361581888357,9.576097856635312e-20,3.0945686210552563e-17,0.0,0.0
19,246,-6.571361581888357,9.576097856635312e-20,3.0945686210552563e-17,0.0,0.0
19,247,-6.571361581888357,9.576097856635312e-20,3.0945686210552563e-17,0.0,0.0
19,248,-6.571361581888357,9.576097856635312e-20,3.0945686210552563e-17,0.0,0.0
19,249,-6.571361581888357,9.576097856635312e-20,3.0945686210552563e-17,0.0,0.0
19,250,-6.571361581888357,9.576097856635312e-20,3.0945686210552563e-17,0.0,0.0
19,251,-6.571361581888357,9.576097856635312e-20,3.0945686210552563e-17,0.0,0.0
19,252,-6.571361581888357,9.576097856635312e-20,3.0945686210552563e-17,0.0,0.0
19,253,-6.571361581888357,9.576097856635312e-20,3.0945686210552563e-17,0.0,0.0
19,254,-6.571361581888357,9.576097856635312e-20,3.0945686210552563e-17,0.0,0.0
19,255,-6.571361581888357,9.576097856635312e-20,3.0945686210552563e-17,0.0,0.0
19,256,-6.571361581888357,9.576097856635312e-20,3.0945686210552563e-17,0.0,0.0
19,257,-6.571361581888357,9.576097856635312e-20,3.0945686210552563e-17,0.0,0.0
19,258,-6.571361581888357,9.576097856635312e-20,3.0945686210552563e-17,0.0,0.0
19,259,-6.571361581888357,9.576097856635312e-20,3.0945686210552563e-17,0.0,0.0
19,260,-6.571361581888357,9.576097856635312e-20,3.0945686210552563e-17,0.0,0.0
19,261,-6.571361581888357,9.576097856635312e-20,3.0945686210552563e-17,0.0,0.0
19,262,-6.571361581888357,9.576097856635312e-20,3.0945686210552563e-17,0.0,0.0
19,263,-6.571361581888357,9.576097856635312e-20,3.0945686210552563e-17,0.0,0.0
19,264,-6.571361581888357,9.576097856635312e-20,3.0945686210552563e-17,0.0,0.0
19,265,-6.571361581888357,9.576097856635312e-20,3.0945686210552563e-17,0.0,0.0
19,266,-6.571361581888357,9.576097856635312e-20,3.0945686210552563e-17,0.0,0.0
19,267,-6.571361581888357,9.576097856635312e-20,3.0945686210552563e-17,0.0,0.0
19,268,-6.571361581888357,9.576097856635312e-20,3.0945686210552563e-17,0.0,0.0
19,269,-6.571361581888357,9.576097856635312e-20,3.0945686210552563e-17,0.0,0.0
19,270,-6.571361581888357,9.576097856635312e-20,3.0945686210552563e-17,0.0,0.0
19,271,-6.571361581888357,9.576097856635312e-20,3.0945686210552563e-17,0.0,0.0
19,272,-6.571361581888357,9.576097856635312e-20,3.0945686210552563e-17,0.0,0.0
19,273,-6.571361581888357,9.576097856635312e-20,3.0945686210552563e-17,0.0,0.0
19,274,-6.571361581888357,9.576097856635312e-20,3.0945686210552563e-17,0.0,0.0
19,275,-6.571361581888357,9.576097856635312e-20,3.0945686210552563e-17,0.0,0.0
19,276,-6.571361581888357,9.576097856635312e-20,3.0945686210552563e-17,0.0,0.0
19,277,-6.571361581888357,9.576097856635312e-20,3.0945686210552563e-17,0.0,0.0
19,278,-6.571361581888357,9.576097856635312e-20,3.0945686210552563e-17,0.0,0.0
19,279,-6.571361581888357,9.576097856635312e-20,3.0945686210552563e-17,0.0,0.0
19,280,-6.571361581888357,9.576097856635312e-20,3.0945686210552563e-17,0.0,0.0
19,281,-6.571361581888357,9.576097856635312e-20,3.0945686210552563e-17,0.0,0.0
19,282,-6.571361581888357,9.576097856635312e-20,3.0945686210552563e-17,0.0,0.0
19,283,-6.571361581888357,9.576097856635312e-20,3.0945686210552563e-17,0.0,0.0
19,284,-6.571361581888357,9.576097856635312e-20,3.0945686210552563e-17,0.0,0.0
19,285,-6.571361581888357,9.576097856635312e-20,3.0945686210552563e-17,0.0,0.0
19,286,-6.571361581888357,9.576097856635312e-20,3.0945686210552563e-17,0.0,0.0
19,287,-6.571361581888357,9.576097856635312e-20,3.0945686210552563e-17,0.0,0.0
19,288,-6.571361581888357,9.576097856635312e-20,3.0945686210552563e-17,0.0,0.0
19,289,-6.571361581888357,9.576097856635312e-20,3.0945686210552563e-17,0.0,0.0
19,290,-6.571361581888357,9.576097856635312e-20,3.0945686210552563e-17,0.0,0.0
19,291,-6.571361581888357,9.576097856635312e-20,3.0945686210552563e-17,0.0,0.0
19,292,-6.571361581888357,9.576097856635312e-20,3.0945686210552563e-17,0.0,0.0
19,293,-6.571361581888357,9.576097856635312e-20,3.0945686210552563e-17,0.0,0.0
19,294,-6.571361581888357,9.576097856635312e-20,3.0945686210552563e-17,0.0,0.0
19,295,-6.571361581888357,9.576097856635312e-20,3.0945686210552563e-17,0.0,0.0
19,296,-6.571361581888357,9.576097856635312e-20,3.0945686210552563e-17,0.0,0.0
19,297,-6.571361581888357,9.576097856635312e-20,3.0945686210552563e-17,0.0,0.0
19,298,-6.571361581888357,9.576097856635312e-20,3.0945686210552563e-17,0.0,0.0
19,299,-6.571361581888357,9.576097856635312e-20,3.0945686210552563e-17,0.0,0.0
19,300,-6.571361581888357,9.576097856635312e-20,3.0945686210552563e-17,0.0,0.0
