seed,objective_eval,batch_loss,L_tilde,full_L_tilde,a_hat,c_hat,d_hat,e_hat,h_hat,epoch,batch_position,batch_size
0,1,-3.092167455685992,-3.092167455685992,-3.092167455685992,111.152020202215,-50.898908711578855,24.045959192787635,-3.669429970541852,-0.06985542598508288,1,0,120
0,2,-4.737652565978205,-4.737652565978205,-4.737652565978205,117.02563934038918,-113.40638074374039,22.00142729231443,-12.578335767496005,-0.23945544955912823,1,0,120
0,3,-4.880463204565337,-4.880463204565337,-4.880463204565337,115.15834781229901,-121.57747558700223,21.17482652468267,-12.414840122279175,-0.2363429612339617,1,0,120
0,4,-4.629404528734036,-4.629404528734036,-4.629404528734036,97.26086322088008,-99.56905502423007,23.498005454206403,-11.660945306476185,-0.22199096543934327,1,0,120
0,5,-5.415068962828798,-5.415068962828798,-5.415068962828798,122.64243064897543,-158.6520039322993,21.54453570123186,-21.37194629132515,-0.4068605816969365,1,0,120
0,6,-4.650874572047809,-4.650874572047809,-4.650874572047809,131.11145185088708,-117.56715816513187,23.398260740936184,-9.608054831809495,-0.18290981666151707,1,0,120
0,7,-4.84843519301107,-4.84843519301107,-4.84843519301107,134.65945277277092,-131.38726529952606,24.14678140525286,-10.93016672905704,-0.2080790365467886,1,0,120
0,8,-5.264349203838002,-5.264349203838002,-5.264349203838002,113.42453930522721,-144.1736414013462,20.74108176894834,-16.875913071176143,-0.321268999800576,1,0,120
0,9,-4.625124697597182,-4.625124697597182,-4.625124697597182,113.25873225022657,-104.80739946587846,23.80606764654334,-13.441208077798894,-0.25588206439871874,1,0,120
0,10,-4.781829589792694,-4.781829589792694,-4.781829589792694,142.21474261899905,-126.20156601385696,24.141769536797575,-14.688705247222627,-0.27963083379474885,1,0,120
0,11,-5.748222302243964,-5.748222302243964,-5.748222302243964,114.10002301594308,-177.77723560501727,20.383076530425765,-27.596294607924964,-0.5253543277627342,1,0,120
0,12,-5.578300248465163,-5.578300248465163,-5.578300248465163,102.71396971777546,-152.9994470395658,24.59795992602232,-30.547454899938025,-0.5815359584257638,1,0,120
0,13,-5.722282327228067,-5.722282327228067,-5.722282327228067,112.57633877728799,-174.44708019807388,19.65200621378417,-26.573304794521288,-0.5058795347383664,1,0,120
0,14,-5.6167554164948434,-5.6167554164948434,-5.6167554164948434,112.39525644775354,-165.7116248199384,20.660992549952756,-25.5732274225968,-0.4868409289073057,1,0,120
0,15,-5.880028569475619,-5.880028569475619,-5.880028569475619,110.9016396371008,-187.53605181515513,20.680073038806295,-29.448965958840482,-0.5606238784742992,1,0,120
0,16,-6.047080017741473,-6.047080017741473,-6.047080017741473,109.84021657220089,-202.44757577982688,21.40863297297749,-33.141145169600954,-0.6309123847686036,1,0,120
0,17,-6.113686207529945,-6.113686207529945,-6.113686207529945,111.3580028882032,-210.04037667053444,20.906308552299027,-34.466697994663775,-0.6561471100539644,1,0,120
0,18,-6.176610345268356,-6.176610345268356,-6.176610345268356,108.33286327904085,-214.1462878758431,21.545300483599824,-35.88937950891366,-0.683230887102952,1,0,120
0,19,-6.229927253430219,-6.229927253430219,-6.229927253430219,110.48744395113614,-220.73258221267935,21.32578614916012,-37.964193396557846,-0.7227293948070649,1,0,120
0,20,-6.259163494854334,-6.259163494854334,-6.259163494854334,111.0179029080468,-224.40651700165427,21.069609482660514,-38.37266969562863,-0.7305056123954841,1,0,120
0,21,-6.303336229864997,-6.303336229864997,-6.303336229864997,110.68498741623691,-228.999989448203,21.091820072577434,-39.33145099987885,-0.7487580594983353,1,0,120
0,22,-6.30036801550634,-6.30036801550634,-6.30036801550634,110.3266711512928,-228.21927346899173,21.3877075873476,-39.65075597950815,-0.7548367108284407,1,0,120
0,23,-6.313682110147975,-6.313682110147975,-6.313682110147975,111.41638367104025,-230.93706147041144,20.837890742519743,-39.27423988353942,-0.7476689238737133,1,0,120
0,24,-6.386636488807296,-6.386636488807296,-6.386636488807296,111.83628031890811,-239.7794728583247,20.705771201730133,-40.775090248154974,-0.7762408117150841,1,0,120
0,25,-6.430869401960102,-6.430869401960102,-6.430869401960102,112.301620890117,-245.47334575252393,20.479965575076815,-41.61428036046884,-0.7922165854043959,1,0,120
0,26,-6.501667142951736,-6.501667142951736,-6.501667142951736,112.85900016232759,-254.65859328815452,20.05816974485374,-42.925439202888455,-0.8171772905293408,1,0,120
0,27,-6.534176793029019,-6.534176793029019,-6.534176793029019,113.95402269326485,-259.96665499427104,19.80579151238971,-43.45130977918335,-0.8271883585739712,1,0,120
0,28,-6.587803324797159,-6.587803324797159,-6.587803324797159,114.37752826597128,-267.24657959651495,19.38284708757846,-44.41771826605666,-0.8455860053660058,1,0,120
0,29,-6.626326169198704,-6.626326169198704,-6.626326169198704,113.60937036163459,-271.4991378675105,19.62660957077863,-45.60302592774956,-0.86815086483891,1,0,120
0,30,-6.657143804411325,-6.657143804411325,-6.657143804411325,114.05985427660312,-276.1625469654971,19.469080416352117,-46.21746111053714,-0.8798479490668208,1,0,120
0,31,-6.660618844698955,-6.660618844698955,-6.660618844698955,114.1372746745879,-276.5371385761415,19.5600621468414,-46.60707484943013,-0.8872650775904622,1,0,120
0,32,-6.668169130450604,-6.668169130450604,-6.668169130450604,113.6642794282973,-277.1274932383024,19.57753805024211,-46.685896465374256,-0.8887656151679096,1,0,120
0,33,-6.672625914536902,-6.672625914536902,-6.672625914536902,113.83692377814363,-277.77040671152514,19.37708589011223,-46.731503384449724,-0.889633840147119,1,0,120
0,34,-6.704957441279227,-6.704957441279227,-6.704957441279227,113.22895651418168,-281.3642712813603,19.39972490109391,-47.700761070134675,-0.9080857275155649,1,0,120
0,35,-6.7219935128327055,-6.7219935128327055,-6.7219935128327055,113.73735957310862,-284.3163993671055,19.163977344174658,-47.90455376491877,-0.9119653561284767,1,0,120
0,36,-6.74148214491366,-6.74148214491366,-6.74148214491366,113.13755937553151,-286.3703460372999,19.01148159060052,-48.152863990150585,-0.9166924708845213,1,0,120
0,37,-6.780922783374811,-6.780922783374811,-6.780922783374811,113.21426131561748,-292.1766394563805,18.811629714344,-48.84993849304002,-0.9299627708312705,1,0,120
0,38,-6.811248121037469,-6.811248121037469,-6.811248121037469,112.37735274434456,-295.45235673915,18.68096043888227,-49.51342957111334,-0.9425937386568453,1,0,120
0,39,-6.837662638407523,-6.837662638407523,-6.837662638407523,111.77052898558017,-298.5911725781319,18.70331190787394,-50.1805771757299,-0.9552943162641447,1,0,120
0,40,-6.861194319242621,-6.861194319242621,-6.861194319242621,111.50877320688342,-301.6769981607351,18.40966487676711,-50.470665518669,-0.9608167665989376,1,0,120
0,41,-6.866511692037888,-6.866511692037888,-6.866511692037888,111.8963251745093,-303.0038279128843,18.16900797315373,-50.280886927770474,-0.9572039263440497,1,0,120
0,42,-6.868966492465105,-6.868966492465105,-6.868966492465105,111.06212728833495,-302.2146661758924,18.079753891545366,-50.24601500051061,-0.9565400648306227,1,0,120
0,43,-6.86962085837587,-6.86962085837587,-6.86962085837587,111.42299437373619,-302.8116319743966,18.05699689952217,-50.22563023095893,-0.9561519972637056,1,0,120
0,44,-6.876679551444001,-6.876679551444001,-6.876679551444001,111.39777564579387,-303.86604318758685,18.14239592632189,-50.50173484859279,-0.961408237561545,1,0,120
0,45,-6.874689829969901,-6.874689829969901,-6.874689829969901,111.34499653124959,-303.57660463450566,18.070390541606134,-50.2682516344532,-0.9569633865860463,1,0,120
0,46,-6.880009360019771,-6.880009360019771,-6.880009360019771,111.23314402605678,-304.1245436632415,18.237356531121847,-50.73824719637406,-0.9659107545567266,1,0,120
0,47,-6.881676676378436,-6.881676676378436,-6.881676676378436,109.83510653677101,-302.40272712445847,18.342904796406895,-50.97882020893076,-0.9704905749668655,1,0,120
0,48,-6.892934763507032,-6.892934763507032,-6.892934763507032,109.35176974745946,-303.4074474322254,18.341056321941263,-51.29567809301483,-0.9765226406138782,1,0,120
0,49,-6.899547393901255,-6.899547393901255,-6.899547393901255,109.18829766245386,-304.14356134210675,18.19136644075739,-51.297608878349436,-0.976559397230878,1,0,120
0,50,-6.8964942085088605,-6.8964942085088605,-6.8964942085088605,108.75295621708848,-303.045066949099,18.28990339933846,-51.38439871390445,-0.9782116268639661,1,0,120
0,51,-6.898130977459123,-6.898130977459123,-6.898130977459123,108.74883422627525,-303.31312071774903,18.18219062491413,-51.25036049947568,-0.9756599235633526,1,0,120
0,52,-6.901030135851028,-6.901030135851028,-6.901030135851028,109.09069174178342,-304.1990256384107,18.380234196673737,-51.63315652644121,-0.9829472623990153,1,0,120
0,53,-6.899231148646358,-6.899231148646358,-6.899231148646358,108.53720839743424,-303.15014140457424,18.234315985211904,-51.38547032918391,-0.9782320273464497,1,0,120
0,54,-6.900321042457808,-6.900321042457808,-6.900321042457808,109.2271634803065,-304.2930781796686,18.370026495934372,-51.5890927382112,-0.9821084142067797,1,0,120
0,55,-6.90215865073899,-6.90215865073899,-6.90215865073899,108.56530023740713,-303.6330189168863,18.32665948822625,-51.59053909770377,-0.9821359487446486,1,0,120
0,56,-6.899794804945417,-6.899794804945417,-6.899794804945417,107.77997468478895,-302.1642122645035,18.467000943746946,-51.73687468679583,-0.9849217588009431,1,0,120
0,57,-6.897049172142249,-6.897049172142249,-6.897049172142249,108.60857812867344,-302.8801329810199,18.351219286709807,-51.531777759697604,-0.9810173013441458,1,0,120
0,58,-6.904990130749402,-6.904990130749402,-6.904990130749402,109.46826966693894,-305.37097836866224,18.103980307292016,-51.30812258205878,-0.9767595480055741,1,0,120
0,59,-6.906854517304584,-6.906854517304584,-6.906854517304584,108.5988156300916,-304.4430539945166,18.237337299038693,-51.53721964915637,-0.9811208993169529,1,0,120
0,60,-6.904557580293795,-6.904557580293795,-6.904557580293795,109.16071669321417,-304.88179675671927,18.14042281390911,-51.34105339725074,-0.9773864563106073,1,0,120
0,61,-6.907053896194937,-6.907053896194937,-6.907053896194937,108.31216558671014,-304.07770033424055,18.135489190587553,-51.39240764064558,-0.9783640938666548,1,0,120
0,62,-6.906176324394533,-6.906176324394533,-6.906176324394533,108.92678641110082,-304.81565499764577,18.055039332130484,-51.24822327800425,-0.9756192369941825,1,0,120
0,63,-6.9063850358994126,-6.9063850358994126,-6.9063850358994126,108.28925523487845,-303.9555493757138,18.111045758558628,-51.32915401528181,-0.9771599261947386,1,0,120
0,64,-6.899798768129883,-6.899798768129883,-6.899798768129883,108.24653108365192,-302.8843632486939,18.19844000843468,-51.29483162344846,-0.9765065262602547,1,0,120
0,65,-6.90657188041191,-6.90657188041191,-6.90657188041191,108.49785241095962,-304.2662491176727,18.139952752387114,-51.38530901843444,-0.9782289564522753,1,0,120
0,66,-6.904689645455391,-6.904689645455391,-6.904689645455391,107.65138240485071,-302.8537177429332,17.956489780891673,-51.01545881401136,-0.9711880689607422,1,0,120
0,67,-6.905915028199775,-6.905915028199775,-6.905915028199775,107.87821144601136,-303.2946762487009,18.150963755888593,-51.384704577332606,-0.9782174496266944,1,0,120
0,68,-6.907521254486771,-6.907521254486771,-6.907521254486771,107.60612120128093,-303.1406845099225,18.374931655891235,-51.75588303393934,-0.985283623231561,1,0,120
0,69,-6.904604352746288,-6.904604352746288,-6.904604352746288,107.20454950788083,-302.16895102848946,18.581255850934124,-51.93567663284557,-0.9887063778669714,1,0,120
0,70,-6.904995150795096,-6.904995150795096,-6.904995150795096,107.54652742225343,-302.6602688767512,18.44896282980822,-51.80863814179344,-0.9862879292304824,1,0,120
0,71,-6.907299968108911,-6.907299968108911,-6.907299968108911,107.52674999258167,-302.9979932831829,18.3636514174721,-51.731615275957324,-0.9848216346978799,1,0,120
0,72,-6.907897833611676,-6.907897833611676,-6.907897833611676,107.73250487769343,-303.3743868076546,18.334202193929997,-51.70965922280525,-0.984403654396252,1,0,120
0,73,-6.908096568125133,-6.908096568125133,-6.908096568125133,107.62059543226292,-303.25194407251166,18.285807023231172,-51.64153329386879,-0.9831067320337349,1,0,120
0,74,-6.907885559539809,-6.907885559539809,-6.907885559539809,107.64637784820417,-303.2534455492689,18.28317521019506,-51.63521346866757,-0.9829864206815286,1,0,120
0,75,-6.90810751780765,-6.90810751780765,-6.90810751780765,107.56769512521258,-303.18026873753746,18.2899081662922,-51.646369262630266,-0.9831987950137061,1,0,120
0,76,-6.90828435218879,-6.90828435218879,-6.90828435218879,107.59572503311705,-303.24798521866126,18.296480512043395,-51.65880446128524,-0.9834355255430325,1,0,120
0,77,-6.908142352095305,-6.908142352095305,-6.908142352095305,107.55830350244361,-303.1766637892538,18.286588838077726,-51.63823576174645,-0.9830439564765081,1,0,120
0,78,-6.908189197118445,-6.908189197118445,-6.908189197118445,107.5601165904903,-303.1826435725809,18.301239775722518,-51.66377636429123,-0.9835301763212809,1,0,120
0,79,-6.908516475485051,-6.908516475485051,-6.908516475485051,107.56649646146298,-303.2422928445005,18.295700760062918,-51.66338414404711,-0.9835227095723708,1,0,120
0,80,-6.908752489964487,-6.908752489964487,-6.908752489964487,107.5801292927104,-303.29858830079064,18.28443232886765,-51.65230653856062,-0.9833118237246055,1,0,120
0,81,-6.908996799345411,-6.908996799345411,-6.908996799345411,107.63314168221521,-303.41051059107645,18.281502152997522,-51.65436588989265,-0.9833510278695835,1,0,120
0,82,-6.909139581749389,-6.909139581749389,-6.909139581749389,107.58420123356467,-303.3638550849554,18.274456357919195,-51.647418998333755,-0.9832187789717943,1,0,120
0,83,-6.909125314653902,-6.909125314653902,-6.909125314653902,107.5379405205565,-303.29904739149805,18.291226130040346,-51.668099316385664,-0.983612472934786,1,0,120
0,84,-6.909168621954473,-6.909168621954473,-6.909168621954473,107.58484180063223,-303.3701606707327,18.261497608800966,-51.62889453859283,-0.982866126369964,1,0,120
0,85,-6.909453304993229,-6.909453304993229,-6.909453304993229,107.69205011370241,-303.56396670310966,18.249917889516645,-51.620495805237304,-0.9827062385669549,1,0,120
0,86,-6.909635101793823,-6.909635101793823,-6.909635101793823,107.80338913618512,-303.7472869282944,18.241007337064215,-51.61388209318391,-0.9825803324516887,1,0,120
0,87,-6.9096958895521645,-6.9096958895521645,-6.9096958895521645,107.84748356744814,-303.8208679106647,18.218280726052942,-51.58122322238076,-0.9819586011881243,1,0,120
0,88,-6.909740387652787,-6.909740387652787,-6.909740387652787,107.88657198586779,-303.88320501320015,18.21853332751345,-51.58224518455723,-0.9819780564178878,1,0,120
0,89,-6.909767802285903,-6.909767802285903,-6.909767802285903,107.81542070570842,-303.78866534092816,18.21950169190858,-51.58272633799695,-0.9819872161998611,1,0,120
0,90,-6.909828478339069,-6.909828478339069,-6.909828478339069,107.91859912848973,-303.94278214737847,18.199096839379486,-51.55607061896874,-0.9814797677344037,1,0,120
0,91,-6.909882764308052,-6.909882764308052,-6.909882764308052,107.95387346728826,-303.99940104293023,18.192845964543427,-51.550005384851104,-0.9813643030664886,1,0,120
0,92,-6.909843424401234,-6.909843424401234,-6.909843424401234,107.94022673652597,-303.9769459311542,18.16761479055427,-51.51067434189073,-0.9806155527748924,1,0,120
0,93,-6.909883489065975,-6.909883489065975,-6.909883489065975,107.97779280420781,-304.0323096331108,18.18503678518531,-51.539928472734715,-0.9811724675513933,1,0,120
0,94,-6.909824538078938,-6.909824538078938,-6.909824538078938,108.09403488758295,-304.1868449457888,18.186507737285798,-51.540747924276985,-0.9811880675593017,1,0,120
0,95,-6.909904936759428,-6.909904936759428,-6.909904936759428,108.00802904459513,-304.0771131911766,18.188302810008235,-51.546146127321386,-0.981290833868033,1,0,120
0,96,-6.909932824503135,-6.909932824503135,-6.909932824503135,108.03340448029397,-304.11615372437393,18.18123343913333,-51.53785720828873,-0.9811330366148817,1,0,120
0,97,-6.909910602926411,-6.909910602926411,-6.909910602926411,108.02117038169962,-304.0929588338099,18.198605520676022,-51.56433940478723,-0.9816371817088814,1,0,120
0,98,-6.909932358209814,-6.909932358209814,-6.909932358209814,107.99201514040314,-304.0582153846035,18.18161038435229,-51.53792454382601,-0.9811343184904533,1,0,120
0,99,-6.909936630431381,-6.909936630431381,-6.909936630431381,108.06877993259496,-304.1647970778855,18.17492050933872,-51.53083529857811,-0.9809993595865689,1,0,120
0,100,-6.909951965452311,-6.909951965452311,-6.909951965452311,107.98743449657783,-304.05176576209305,18.19149736761201,-51.55533775746356,-0.9814658161525386,1,0,120
0,101,-6.909949064282213,-6.909949064282213,-6.909949064282213,107.94786620584576,-303.9963601136418,18.180941514462067,-51.53958880902773,-0.981166001328265,1,0,120
0,102,-6.909941563827274,-6.909941563827274,-6.909941563827274,108.01005315852812,-304.0817368385146,18.178874197668776,-51.537601917314625,-0.9811281766066817,1,0,120
0,103,-6.909958150474255,-6.909958150474255,-6.909958150474255,107.94592751528992,-303.9946228179256,18.1956407974474,-51.56092595384298,-0.9815721993896372,1,0,120
0,104,-6.90987107624686,-6.90987107624686,-6.90987107624686,108.04878228019302,-304.1250060237677,18.20491133579295,-51.57304517771148,-0.9818029146649631,1,0,120
0,105,-6.9099792314023585,-6.9099792314023585,-6.9099792314023585,107.94953108445715,-304.00338311602724,18.18785312218413,-51.550016409845256,-0.9813645129507673,1,0,120
0,106,-6.909945685279682,-6.909945685279682,-6.909945685279682,107.8237768556589,-303.8242442696288,18.182889943381724,-51.538915186688946,-0.981153177490283,1,0,120
0,107,-6.910007422730432,-6.910007422730432,-6.910007422730432,107.91460665928996,-303.9559750264178,18.20524533621541,-51.57772537547223,-0.9818920122116926,1,0,120
0,108,-6.910017335999985,-6.910017335999985,-6.910017335999985,107.93576716145708,-303.9874864268245,18.177614654743063,-51.53885630309677,-0.9811520565155136,1,0,120
0,109,-6.90992406202864,-6.90992406202864,-6.90992406202864,107.83857945987585,-303.8352103174565,18.19578636692848,-51.56316284421342,-0.9816147833688829,1,0,120
0,110,-6.9100223067336595,-6.9100223067336595,-6.9100223067336595,107.97853053545076,-304.04796785675944,18.177213802776823,-51.538965733502394,-0.9811541397566879,1,0,120
0,111,-6.910031248123981,-6.910031248123981,-6.910031248123981,108.07858767312791,-304.18916041047953,18.17116148558244,-51.53182144084312,-0.9810181329079177,1,0,120
0,112,-6.910000070401074,-6.910000070401074,-6.910000070401074,108.06942491998764,-304.1684215793581,18.1893147758565,-51.55968046478699,-0.9815484888489634,1,0,120
0,113,-6.910025801354862,-6.910025801354862,-6.910025801354862,108.09239629720443,-304.2071784948222,18.167027829969747,-51.52646437819154,-0.9809161497943119,1,0,120
0,114,-6.910024206058311,-6.910024206058311,-6.910024206058311,107.99711540818635,-304.0766296206081,18.158222704192152,-51.510069155226915,-0.9806040317559493,1,0,120
0,115,-6.910047538368091,-6.910047538368091,-6.910047538368091,108.04488420089186,-304.144025822013,18.17452958305598,-51.537114077758616,-0.9811188895402243,1,0,120
0,116,-6.910022649230644,-6.910022649230644,-6.910022649230644,108.04513835381843,-304.1419413699026,18.178134546276866,-51.54020956543951,-0.9811778187505694,1,0,120
0,117,-6.910022826905039,-6.910022826905039,-6.910022826905039,108.06878986403845,-304.1732977262327,18.174879178349656,-51.537620598666344,-0.981128532246057,1,0,120
0,118,-6.910026252779677,-6.910026252779677,-6.910026252779677,108.06370245612104,-304.167928660705,18.159356368332997,-51.51456151374747,-0.9806895533821012,1,0,120
0,119,-6.910022879809369,-6.910022879809369,-6.910022879809369,108.07798226204959,-304.186345581962,18.171003527955264,-51.5320724499128,-0.9810229114009343,1,0,120
0,120,-6.910050310756757,-6.910050310756757,-6.910050310756757,108.04518964152925,-304.1448360571013,18.17198096344036,-51.5336362745127,-0.9810526821376615,1,0,120
0,121,-6.910056954772165,-6.910056954772165,-6.910056954772165,108.02591053652164,-304.11818117841517,18.178261602537688,-51.543157428896976,-0.9812339376189549,1,0,120
0,122,-6.910062796022788,-6.910062796022788,-6.910062796022788,108.0200195667039,-304.1108437565516,18.176297040521504,-51.54046439722401,-0.9811826700171158,1,0,120
0,123,-6.910064674392059,-6.910064674392059,-6.910064674392059,108.01997914674278,-304.1105370586985,18.176490644129046,-51.541320971634505,-0.9811989767379998,1,0,120
0,124,-6.910070101712992,-6.910070101712992,-6.910070101712992,108.0101556949332,-304.0975772002466,18.178352914343783,-51.54402748475234,-0.9812505009878966,1,0,120
0,125,-6.910067033530199,-6.910067033530199,-6.910067033530199,107.99921273521424,-304.08166566072543,18.18477667191338,-51.55302507587621,-0.9814217893258245,1,0,120
0,126,-6.910070067815876,-6.910070067815876,-6.910070067815876,108.01107993254377,-304.098859205664,18.17813940066764,-51.54374097968685,-0.9812450467528907,1,0,120
0,127,-6.910071518184396,-6.910071518184396,-6.910071518184396,107.99498323234678,-304.0765450999397,18.178825473965265,-51.544596213085796,-0.9812613279447596,1,0,120
0,128,-6.910069226255507,-6.910069226255507,-6.910069226255507,107.9966547515892,-304.07848614408033,18.179938274901378,-51.546171419948486,-0.9812913153671362,1,0,120
0,129,-6.910069957951969,-6.910069957951969,-6.910069957951969,107.99917502751218,-304.0820552228273,18.179197045395483,-51.54523953042857,-0.9812735748625053,1,0,120
0,130,-6.910075170829733,-6.910075170829733,-6.910075170829733,107.98564576974086,-304.06410293268476,18.177631004614973,-51.54284538701954,-0.9812279972362665,1,0,120
0,131,-6.910077835851652,-6.910077835851652,-6.910077835851652,107.9806346353831,-304.05775601951063,18.17480759882893,-51.538624649727275,-0.9811476464995338,1,0,120
0,132,-6.910080113618549,-6.910080113618549,-6.910080113618549,107.97124914740981,-304.0450002331835,18.17478449101837,-51.538525076397335,-0.9811457509088193,1,0,120
0,133,-6.910082326387858,-6.910082326387858,-6.910082326387858,107.96622457453977,-304.03834656823295,18.17328714102016,-51.53637994687981,-0.9811049137931248,1,0,120
0,134,-6.910083309537515,-6.910083309537515,-6.910083309537515,107.96458414714036,-304.0364336407579,18.170558794165338,-51.53231003978052,-0.9810274344308196,1,0,120
0,135,-6.910084167513661,-6.910084167513661,-6.910084167513661,107.9556427102101,-304.02407062767395,18.170341493996496,-51.5319163338009,-0.9810199393977656,1,0,120
0,136,-6.910083642310013,-6.910083642310013,-6.910083642310013,107.94659727482346,-304.0114617377052,18.170459080689916,-51.531847590007736,-0.9810186307130396,1,0,120
0,137,-6.910084596643104,-6.910084596643104,-6.910084596643104,107.95633449978988,-304.02497621916007,18.170496179438732,-51.532280159836304,-0.9810268656023509,1,0,120
0,138,-6.910084387461024,-6.910084387461024,-6.910084387461024,107.9471784814989,-304.012006550734,18.170928911775757,-51.53291675945723,-0.981038984633933,1,0,120
0,139,-6.9100839087216155,-6.9100839087216155,-6.9100839087216155,107.958825452886,-304.02839089952727,18.16928107646004,-51.53054151626005,-0.9809937668135389,1,0,120
0,140,-6.910085596414244,-6.910085596414244,-6.910085596414244,107.94707952802358,-304.0122192296157,18.17043963795569,-51.53208984946265,-0.9810232426384771,1,0,120
0,141,-6.910088139447728,-6.910088139447728,-6.910088139447728,107.94872389669973,-304.01481080109875,18.17048967589782,-51.53233874773716,-0.9810279809480053,1,0,120
0,142,-6.910090132026606,-6.910090132026606,-6.910090132026606,107.95118262938524,-304.0185036910758,18.16961471931556,-51.53123252072405,-0.9810069215573487,1,0,120
0,143,-6.910091962425291,-6.910091962425291,-6.910091962425291,107.95068375893953,-304.01801136801953,18.169811325676513,-51.53162418271692,-0.9810143776787553,1,0,120
0,144,-6.91009344797895,-6.91009344797895,-6.91009344797895,107.94761150210962,-304.01398386951774,18.168579662022452,-51.529849070841955,-0.9809805846380946,1,0,120
0,145,-6.9100942550628615,-6.9100942550628615,-6.9100942550628615,107.94170850466611,-304.0058789901112,18.167918507864265,-51.52884455123251,-0.9809614614647975,1,0,120
0,146,-6.910094878781357,-6.910094878781357,-6.910094878781357,107.9505684883556,-304.0182992159954,18.165690769828238,-51.5258840655805,-0.9809051023060169,1,0,120
0,147,-6.910096601528836,-6.910096601528836,-6.910096601528836,107.95043549104875,-304.01809106496046,18.168106774534053,-51.52961656349257,-0.980976158364786,1,0,120
0,148,-6.910097388063323,-6.910097388063323,-6.910097388063323,107.94841946876853,-304.0152671274822,18.169621590173623,-51.53187383570455,-0.9810191303558576,1,0,120
0,149,-6.9100986952312,-6.9100986952312,-6.9100986952312,107.95564589618348,-304.0254756041487,18.169935013506958,-51.53252561604453,-0.981031538384806,1,0,120
0,150,-6.910097325968514,-6.910097325968514,-6.910097325968514,107.96856931450012,-304.0433293206868,18.169625821527802,-51.53220826824293,-0.981025496992534,1,0,120
0,151,-6.910098706666457,-6.910098706666457,-6.910098706666457,107.95557295507497,-304.0254856810051,18.169773188575537,-51.53218665995138,-0.9810250856326163,1,0,120
0,152,-6.910100973164168,-6.910100973164168,-6.910100973164168,107.94921407367539,-304.0168243421466,18.170148624243215,-51.532816913187055,-0.9810370838472191,1,0,120
0,153,-6.91010244302045,-6.91010244302045,-6.91010244302045,107.94068389552288,-304.0049592204171,18.17106342257825,-51.534208712263435,-0.9810635797111943,1,0,120
0,154,-6.910103124884856,-6.910103124884856,-6.910103124884856,107.93970311014331,-304.00347942913953,18.17281208370277,-51.53689212969356,-0.9811146642854149,1,0,120
0,155,-6.910104536598133,-6.910104536598133,-6.910104536598133,107.94283828701157,-304.0081326058893,18.17014708242182,-51.533152680319695,-0.9810434758907437,1,0,120
0,156,-6.910105172299609,-6.910105172299609,-6.910105172299609,107.94000385950037,-304.0043476593917,18.16943944354003,-51.53205765251081,-0.9810226297008261,1,0,120
0,157,-6.910105603322935,-6.910105603322935,-6.910105603322935,107.9357250914008,-303.99831408243455,18.16943380676631,-51.53212835485818,-0.9810239756708088,1,0,120
0,158,-6.91010735342782,-6.91010735342782,-6.91010735342782,107.94000095653547,-304.0043846819699,18.16916269235378,-51.53201415464099,-0.9810218016260979,1,0,120
0,159,-6.910108176500931,-6.910108176500931,-6.910108176500931,107.9327637634769,-303.99440168839396,18.17046465880486,-51.533776844906455,-0.9810553581949281,1,0,120
0,160,-6.910109806824193,-6.910109806824193,-6.910109806824193,107.93843934209697,-304.00240525999584,18.170899294255502,-51.53467638183608,-0.981072482798998,1,0,120
0,161,-6.910109057706218,-6.910109057706218,-6.910109057706218,107.94508373427814,-304.011423037716,18.17176383523705,-51.53611015201717,-0.9810997776724714,1,0,120
0,162,-6.910109689369096,-6.910109689369096,-6.910109689369096,107.94016098516684,-304.0048761696779,18.17067679962986,-51.53429784283983,-0.9810652765018217,1,0,120
0,163,-6.910111387276527,-6.910111387276527,-6.910111387276527,107.93074447397629,-303.991840596041,18.170226560804963,-51.53372650482184,-0.9810543998640475,1,0,120
0,164,-6.910113265116491,-6.910113265116491,-6.910113265116491,107.93421907304393,-303.9969630667059,18.168895170651176,-51.53195908614484,-0.9810207532798184,1,0,120
0,165,-6.910115266039679,-6.910115266039679,-6.910115266039679,107.92776833276343,-303.9878838766037,18.172137212729936,-51.53687071315931,-0.9811142565760063,1,0,120
0,166,-6.910118186718149,-6.910118186718149,-6.910118186718149,107.92555729864712,-303.9853603052743,18.168316437139193,-51.531410346918165,-0.9810103068582375,1,0,120
0,167,-6.9101197741372085,-6.9101197741372085,-6.9101197741372085,107.92016317746993,-303.9780258086216,18.166458782274717,-51.52880381543842,-0.980960685972072,1,0,120
0,168,-6.910121937511621,-6.910121937511621,-6.910121937511621,107.93534257681671,-303.9992846695203,18.165151214354783,-51.527485107587665,-0.9809355815554721,1,0,120
0,169,-6.910124423954422,-6.910124423954422,-6.910124423954422,107.92376120282488,-303.98313848274586,18.16698045352924,-51.53032546299067,-0.980989653778738,1,0,120
0,170,-6.910126418909665,-6.910126418909665,-6.910126418909665,107.93090330468043,-303.9933133371958,18.166948609008138,-51.53052879683271,-0.9809935246721103,1,0,120
0,171,-6.910126328453575,-6.910126328453575,-6.910126328453575,107.92572336158787,-303.98633418296447,18.165526519202302,-51.528184771083204,-0.980948901142416,1,0,120
0,172,-6.91012548050461,-6.91012548050461,-6.91012548050461,107.927858601176,-303.9889542277258,18.167702679390345,-51.53149194267392,-0.9810118602074832,1,0,120
0,173,-6.910126960456131,-6.910126960456131,-6.910126960456131,107.93743716442836,-304.0024187724439,18.16562548352814,-51.52886519966262,-0.9809618545517054,1,0,120
0,174,-6.910128498270014,-6.910128498270014,-6.910128498270014,107.93080262847488,-303.99331810239426,18.16457880533069,-51.52741097188853,-0.9809341702243156,1,0,120
0,175,-6.9101300672475325,-6.9101300672475325,-6.9101300672475325,107.93501083399245,-303.99941406708297,18.163085117009505,-51.52542062639024,-0.9808962797525649,1,0,120
0,176,-6.910130723869935,-6.910130723869935,-6.910130723869935,107.9365307690101,-304.0013548100269,18.164577113255607,-51.52784254792813,-0.9809423861947343,1,0,120
0,177,-6.910131705263521,-6.910131705263521,-6.910131705263521,107.93546629487108,-303.9999680028578,18.162596484343982,-51.525111105598754,-0.9808903873641246,1,0,120
0,178,-6.910132511450325,-6.910132511450325,-6.910132511450325,107.94556262643317,-304.0143012271109,18.160791173401275,-51.52260899365614,-0.9808427543265638,1,0,120
0,179,-6.910132369449095,-6.910132369449095,-6.910132369449095,107.94922972150579,-304.01934767189084,18.16137426261779,-51.52352861567091,-0.9808602612930689,1,0,120
0,180,-6.910132804006313,-6.910132804006313,-6.910132804006313,107.9407046258795,-304.0075603704355,18.16147169886143,-51.523512942925684,-0.9808599629289352,1,0,120
0,181,-6.910132266186445,-6.910132266186445,-6.910132266186445,107.93806551574556,-304.00390362749033,18.15983674134263,-51.52104890121229,-0.9808130546393872,1,0,120
0,182,-6.910132344029933,-6.910132344029933,-6.910132344029933,107.94256167762444,-304.01000787489926,18.161714499940647,-51.52394380836758,-0.9808681653716109,1,0,120
0,183,-6.910133030864861,-6.910133030864861,-6.910133030864861,107.93446898056982,-303.9989108883609,18.16198791041742,-51.52414000634163,-0.980871900418516,1,0,120
0,184,-6.910134187070149,-6.910134187070149,-6.910134187070149,107.94296670141927,-304.01095403303475,18.16133494939246,-51.52336119128669,-0.9808570740128172,1,0,120
0,185,-6.91013552107934,-6.91013552107934,-6.91013552107934,107.94254678203674,-304.0105185749297,18.16091885943744,-51.52285528115628,-0.9808474429344335,1,0,120
0,186,-6.910136784901823,-6.910136784901823,-6.910136784901823,107.94786246355659,-304.0180785867811,18.159841237945255,-51.52149423571743,-0.9808215325315427,1,0,120
0,187,-6.910138407444074,-6.910138407444074,-6.910138407444074,107.94105945771587,-304.00860032267633,18.16122436977248,-51.52362063661855,-0.980862013108078,1,0,120
0,188,-6.910140625483118,-6.910140625483118,-6.910140625483118,107.9576270484441,-304.03199900470383,18.158271297130938,-51.519808106295606,-0.9807894334616672,1,0,120
0,189,-6.910138892686646,-6.910138892686646,-6.910138892686646,107.96646699177167,-304.0437226713178,18.162670727247356,-51.526438413158296,-0.9809156554945234,1,0,120
0,190,-6.910140443333403,-6.910140443333403,-6.910140443333403,107.96064554164556,-304.0362710275296,18.157932245995816,-51.519280685092035,-0.9807793928741252,1,0,120
0,191,-6.9101411833933515,-6.9101411833933515,-6.9101411833933515,107.95689600467432,-304.0312294502193,18.156008684843723,-51.51645689036439,-0.9807256359186367,1,0,120
0,192,-6.910141658650962,-6.910141658650962,-6.910141658650962,107.94682164938193,-304.01720785663474,18.155847183669113,-51.51613379949063,-0.9807194851947371,1,0,120
0,193,-6.910141978024568,-6.910141978024568,-6.910141978024568,107.94674316315454,-304.01707974335625,18.155198139898403,-51.515293087583316,-0.980703480450434,1,0,120
0,194,-6.910142257873319,-6.910142257873319,-6.910142257873319,107.94780670457318,-304.0184525724237,18.15581399481649,-51.51633744735519,-0.9807233620661977,1,0,120
0,195,-6.9101422247109845,-6.9101422247109845,-6.9101422247109845,107.94645122771348,-304.01673759089005,18.154631374597155,-51.51446857800394,-0.9806877841520012,1,0,120
0,196,-6.910142179440115,-6.910142179440115,-6.910142179440115,107.94426824089854,-304.01354901910975,18.15534125726764,-51.51557245065569,-0.9807087987223677,1,0,120
0,197,-6.910142682832354,-6.910142682832354,-6.910142682832354,107.9516026295542,-304.02378832094934,18.153738351084865,-51.51350230342776,-0.9806693890544848,1,0,120
0,198,-6.910141928773977,-6.910141928773977,-6.910141928773977,107.96097186844662,-304.03687495280576,18.15087799378074,-51.5094569661726,-0.9805923774315676,1,0,120
0,199,-6.9101421014028315,-6.9101421014028315,-6.9101421014028315,107.94788190304448,-304.01858377095493,18.15334553157572,-51.51280464906886,-0.9806561077157422,1,0,120
0,200,-6.910143588399179,-6.910143588399179,-6.910143588399179,107.94684579849388,-304.01702308042627,18.155422951552122,-51.51609762360611,-0.9807187965096159,1,0,120
0,201,-6.910143655205566,-6.910143655205566,-6.910143655205566,107.94917622740327,-304.0200661343873,18.15714733210851,-51.51878247090938,-0.9807699083045215,1,0,120
0,202,-6.910143880999612,-6.910143880999612,-6.910143880999612,107.94039058495011,-304.00761363131824,18.158713393829807,-51.52109767577099,-0.9808139831671429,1,0,120
0,203,-6.910144006202277,-6.910144006202277,-6.910144006202277,107.95092824531137,-304.02228150101257,18.15876188114794,-51.521375248345905,-0.9808192673531386,1,0,120
0,204,-6.91014492014563,-6.91014492014563,-6.91014492014563,107.94523721388566,-304.01462841680495,18.156747103018603,-51.518328060965935,-0.980761257642041,1,0,120
0,205,-6.910145282417331,-6.910145282417331,-6.910145282417331,107.9409955824154,-304.00871251701193,18.15651060760432,-51.5179954697257,-0.9807549260584021,1,0,120
0,206,-6.910145356493962,-6.910145356493962,-6.910145356493962,107.94056250135208,-304.0081397402537,18.15690693792884,-51.518529605994246,-0.9807650944815286,1,0,120
0,207,-6.9101454492906536,-6.9101454492906536,-6.9101454492906536,107.93009661758884,-303.9935445465304,18.156377124603967,-51.517639997296584,-0.9807481588825298,1,0,120
0,208,-6.91014521649752,-6.91014521649752,-6.91014521649752,107.93754215930983,-304.0037084796259,18.157589985195138,-51.51964101172979,-0.9807862524602123,1,0,120
0,209,-6.910145618572126,-6.910145618572126,-6.910145618572126,107.92839433993338,-303.9911637363647,18.156364385419757,-51.51763307423738,-0.9807480270873317,1,0,120
0,210,-6.91014573620799,-6.91014573620799,-6.91014573620799,107.91915644312812,-303.9782349717517,18.156528163611707,-51.51778981819707,-0.9807510110429223,1,0,120
0,211,-6.910146502049452,-6.910146502049452,-6.910146502049452,107.93010138304533,-303.99365173773515,18.15418492455687,-51.51463609902352,-0.980690973271913,1,0,120
0,212,-6.910145896203995,-6.910145896203995,-6.910145896203995,107.93458224180034,-303.9998815558554,18.151397415132948,-51.51068587147201,-0.9806157722650635,1,0,120
0,213,-6.9101460200047296,-6.9101460200047296,-6.9101460200047296,107.92908319089614,-303.9920873380148,18.15454429965354,-51.51518600933518,-0.9807014419875945,1,0,120
0,214,-6.910146854320592,-6.910146854320592,-6.910146854320592,107.93284092727862,-303.997780502368,18.1524438170828,-51.51197754975005,-0.9806403621160955,1,0,120
0,215,-6.9101471795634195,-6.9101471795634195,-6.9101471795634195,107.93396552361776,-303.99932237762573,18.153097700885013,-51.51300077867397,-0.9806598414610985,1,0,120
0,216,-6.9101465735612475,-6.9101465735612475,-6.9101465735612475,107.93386499290634,-303.9992707315193,18.15162553504145,-51.51072752754645,-0.9806165652772884,1,0,120
0,217,-6.9101468835347015,-6.9101468835347015,-6.9101468835347015,107.93369557224585,-303.99891621704205,18.153288910196682,-51.51324330863755,-0.9806644585362454,1,0,120
0,218,-6.9101475951470706,-6.9101475951470706,-6.9101475951470706,107.93425178748525,-303.9998102885359,18.152746681425977,-51.512495448571215,-0.9806502214247783,1,0,120
0,219,-6.910148458095986,-6.910148458095986,-6.910148458095986,107.94262502202932,-304.01145237583916,18.15362915766671,-51.51405512776665,-0.9806799132448899,1,0,120
0,220,-6.910149119920387,-6.910149119920387,-6.910149119920387,107.9487371858852,-304.020051078801,18.153225238591595,-51.51362111701178,-0.9806716509244731,1,0,120
0,221,-6.910149162208514,-6.910149162208514,-6.910149162208514,107.95414319639639,-304.02759154363997,18.15333927153504,-51.5138697292471,-0.9806763837886353,1,0,120
0,222,-6.910149342191642,-6.910149342191642,-6.910149342191642,107.95570264415096,-304.0295279539257,18.155035506157276,-51.51655474380895,-0.9807274987676649,1,0,120
0,223,-6.910149874389273,-6.910149874389273,-6.910149874389273,107.95846829915442,-304.03351297966356,18.154025472470323,-51.51513914657778,-0.9807005498550542,1,0,120
0,224,-6.910150036869074,-6.910150036869074,-6.910150036869074,107.96220523555526,-304.038787895229,18.153420905218677,-51.51430862911757,-0.9806847391837956,1,0,120
0,225,-6.910150574680125,-6.910150574680125,-6.910150574680125,107.96948221817615,-304.04912813564556,18.15058404326465,-51.5103228790698,-0.9806088619304639,1,0,120
0,226,-6.9101508483272145,-6.9101508483272145,-6.9101508483272145,107.95786551047496,-304.0329220231368,18.151872263857612,-51.51201823290312,-0.9806411366066868,1,0,120
0,227,-6.910151128831162,-6.910151128831162,-6.910151128831162,107.95771292001255,-304.0325935211923,18.151218454448735,-51.511259845164915,-0.9806266990785315,1,0,120
0,228,-6.910151631848307,-6.910151631848307,-6.910151631848307,107.94960529415809,-304.02132131231406,18.150828335453124,-51.510642258990025,-0.9806149420084482,1,0,120
0,229,-6.910151570812233,-6.910151570812233,-6.910151570812233,107.95431816127154,-304.0278095568552,18.150616361028657,-51.51048809446687,-0.9806120071579337,1,0,120
0,230,-6.910151838346565,-6.910151838346565,-6.910151838346565,107.95198322355381,-304.0246344891302,18.151074540519424,-51.511065059821455,-0.9806229909240627,1,0,120
0,231,-6.910151840601684,-6.910151840601684,-6.910151840601684,107.94621241865,-304.0166341455955,18.14932312163003,-51.50846154518232,-0.9805734274698927,1,0,120
0,232,-6.9101523701377285,-6.9101523701377285,-6.9101523701377285,107.94686038916808,-304.017600744784,18.14892689597762,-51.507943973659614,-0.9805635743920341,1,0,120
0,233,-6.9101525107614945,-6.9101525107614945,-6.9101525107614945,107.9416408140838,-304.0102545379565,18.150453614714635,-51.51010915780827,-0.9806047932904066,1,0,120
0,234,-6.9101522952086665,-6.9101522952086665,-6.9101522952086665,107.93319690944494,-303.9985160171822,18.148828695941226,-51.50761440835038,-0.9805573004134458,1,0,120
0,235,-6.910152497695343,-6.910152497695343,-6.910152497695343,107.94236087240964,-304.0111174322634,18.151513004935286,-51.51175253571365,-0.980636078493982,1,0,120
0,236,-6.910152798659557,-6.910152798659557,-6.910152798659557,107.94968858931101,-304.02149488621205,18.1498567093211,-51.50942380588121,-0.9805917461546937,1,0,120
0,237,-6.910152682420378,-6.910152682420378,-6.910152682420378,107.94280488510748,-304.0117061516264,18.151424399377714,-51.51169768992942,-0.9806350343874992,1,0,120
0,238,-6.910152922691502,-6.910152922691502,-6.910152922691502,107.95396408595275,-304.0274362408911,18.149137871951996,-51.508518369982504,-0.9805745092511653,1,0,120
0,239,-6.91015263646489,-6.91015263646489,-6.91015263646489,107.96357972396217,-304.04090494469983,18.148075803062135,-51.507056573917716,-0.9805466808452197,1,0,120
0,240,-6.9101524768970295,-6.9101524768970295,-6.9101524768970295,107.9526249292635,-304.02553562792576,18.14893267042133,-51.508162641691186,-0.9805677372044103,1,0,120
0,241,-6.910152882173464,-6.910152882173464,-6.910152882173464,107.96237263453277,-304.0390968816187,18.149852277437386,-51.50971095336989,-0.9805972126195951,1,0,120
0,242,-6.910153118184639,-6.910153118184639,-6.910153118184639,107.95496327400667,-304.02877303188166,18.149009700976404,-51.50844420518942,-0.9805730973661435,1,0,120
0,243,-6.91015299918256,-6.91015299918256,-6.91015299918256,107.95899768912469,-304.0343625542331,18.149832541124397,-51.50968072816835,-0.9805966372184167,1,0,120
0,244,-6.91015284243539,-6.91015284243539,-6.91015284243539,107.9575557796841,-304.0322977711563,18.149888890815625,-51.509764456707096,-0.9805982311697357,1,0,120
0,245,-6.910153150905203,-6.910153150905203,-6.910153150905203,107.95129400995202,-304.0235832502444,18.147784711473214,-51.50674031350795,-0.9805406601537707,1,0,120
0,246,-6.910152926383584,-6.910152926383584,-6.910152926383584,107.95051020110989,-304.0225100002717,18.146246517433926,-51.5045002486054,-0.9804980157405355,1,0,120
0,247,-6.910153176855225,-6.910153176855225,-6.910153176855225,107.94836115932658,-304.01945181996365,18.14866224796854,-51.5079789149926,-0.9805642395748335,1,0,120
0,248,-6.9101525425593575,-6.9101525425593575,-6.9101525425593575,107.95115189772523,-304.0231158825254,18.149039676429343,-51.50866835213937,-0.9805773644814169,1,0,120
0,249,-6.910152994901126,-6.910152994901126,-6.910152994901126,107.9469700632663,-304.01763151572584,18.147633712549837,-51.50635581286396,-0.9805333403639143,1,0,120
0,250,-6.91015242393084,-6.91015242393084,-6.91015242393084,107.93861209583892,-304.00576876953266,18.149396276459324,-51.50881906662521,-0.9805802336531124,1,0,120
0,251,-6.910153250452636,-6.910153250452636,-6.910153250452636,107.95520381982594,-304.0290732200981,18.147620407429702,-51.5065481380816,-0.9805370016846409,1,0,120
0,252,-6.910153847855334,-6.910153847855334,-6.910153847855334,107.95510313710207,-304.02908437001406,18.1470797229516,-51.50573904703322,-0.9805215989108315,1,0,120
0,253,-6.910153910420809,-6.910153910420809,-6.910153910420809,107.96408319983364,-304.0414833703112,18.14710474379258,-51.50604549208398,-0.9805274327459867,1,0,120
0,254,-6.910153255773278,-6.910153255773278,-6.910153255773278,107.97330491591146,-304.05453489078553,18.143766338532867,-51.5011709547682,-0.9804346355313219,1,0,120
0,255,-6.910153882750053,-6.910153882750053,-6.910153882750053,107.96616328811407,-304.04440760422824,18.147231499777902,-51.506227223144336,-0.9805308923843333,1,0,120
0,256,-6.910154158092113,-6.910154158092113,-6.910154158092113,107.95354352771983,-304.02666022077346,18.149386441217075,-51.50927155116273,-0.9805888476613847,1,0,120
0,257,-6.910153967018519,-6.910153967018519,-6.910153967018519,107.94212180937859,-304.01076493569224,18.14998199157928,-51.50987083722905,-0.9806002563498692,1,0,120
0,258,-6.910154158057362,-6.910154158057362,-6.910154158057362,107.95152804234291,-304.02382822086474,18.148940991134207,-51.508634334263235,-0.9805767168785883,1,0,120
0,259,-6.9101532023147945,-6.9101532023147945,-6.9101532023147945,107.95654569896814,-304.030650328458,18.151121412804724,-51.51178944627953,-0.9806367811653298,1,0,120
0,260,-6.9101540180539995,-6.9101540180539995,-6.9101540180539995,107.95526175455782,-304.0290079159484,18.15005823157052,-51.51026816534655,-0.9806078203380436,1,0,120
0,261,-6.910154488221915,-6.910154488221915,-6.910154488221915,107.95489809986167,-304.02854456540183,18.148767333194733,-51.50848267935286,-0.9805738298039058,1,0,120
0,262,-6.910154163163674,-6.910154163163674,-6.910154163163674,107.94919439974635,-304.0203310932561,18.149552875020714,-51.5097051652862,-0.9805971024310768,1,0,120
0,263,-6.91015478566064,-6.91015478566064,-6.91015478566064,107.95613952744009,-304.0305447178768,18.145967112598125,-51.504337962305144,-0.9804949262746709,1,0,120
0,264,-6.910154652316798,-6.910154652316798,-6.910154652316798,107.95683935465573,-304.03153415064526,18.144752798069394,-51.50259954657668,-0.9804618318234276,1,0,120
0,265,-6.910154889857727,-6.910154889857727,-6.910154889857727,107.96105146522325,-304.03734602337124,18.145983347839298,-51.50450240852794,-0.9804980568592678,1,0,120
0,266,-6.9101545081332425,-6.9101545081332425,-6.9101545081332425,107.96565342209749,-304.04373126260776,18.1454529703279,-51.50378889795992,-0.980484473663765,1,0,120
0,267,-6.910154773756365,-6.910154773756365,-6.910154773756365,107.9590158341203,-304.0344571507676,18.14586023292077,-51.50432748159527,-0.9804947267520042,1,0,120
0,268,-6.91015511357778,-6.91015511357778,-6.91015511357778,107.9585480240421,-304.0337757863891,18.145719797117003,-51.50421181356812,-0.9804925247644002,1,0,120
0,269,-6.910154625507878,-6.910154625507878,-6.910154625507878,107.949149172919,-304.02055814361256,18.14515703339702,-51.50329954551255,-0.9804751577961937,1,0,120
0,270,-6.910155086815439,-6.910155086815439,-6.910155086815439,107.95700875096348,-304.0315471722879,18.14704613133975,-51.50613549045242,-0.9805291460568868,1,0,120
0,271,-6.910154704971389,-6.910154704971389,-6.910154704971389,107.97351104184378,-304.05469575829113,18.144579554464794,-51.50270461121485,-0.9804638319529067,1,0,120
0,272,-6.910155176891192,-6.910155176891192,-6.910155176891192,107.95583199281543,-304.03001972416376,18.14606261270875,-51.50463359665226,-0.9805005543050244,1,0,120
0,273,-6.91015481539053,-6.91015481539053,-6.91015481539053,107.94819467771389,-304.01940183311694,18.145914931443627,-51.50421245618852,-0.9804925369980501,1,0,120
0,274,-6.910155144919411,-6.910155144919411,-6.910155144919411,107.95560830723598,-304.0295669856057,18.14739160557789,-51.506638812942995,-0.9805387278740272,1,0,120
0,275,-6.910155197834734,-6.910155197834734,-6.910155197834734,107.95607165864959,-304.0303560303655,18.146176933962522,-51.50480003295158,-0.9805037227749723,1,0,120
0,276,-6.9101553073896245,-6.9101553073896245,-6.9101553073896245,107.95751453810018,-304.032384910843,18.145997648195777,-51.50457192384097,-0.98049938023152,1,0,120
0,277,-6.910155347440436,-6.910155347440436,-6.910155347440436,107.95609560528106,-304.03039450273263,18.145896909267524,-51.50442715965829,-0.9804966243365364,1,0,120
0,278,-6.910155402942606,-6.910155402942606,-6.910155402942606,107.95984602597886,-304.03564435174167,18.145628578618734,-51.504095885260156,-0.9804903178217956,1,0,120
0,279,-6.910155482350745,-6.910155482350745,-6.910155482350745,107.96008066408106,-304.0359942975,18.145472196139988,-51.503870372184984,-0.9804860246994147,1,0,120
0,280,-6.910155544066722,-6.910155544066722,-6.910155544066722,107.95977439018353,-304.03557520294066,18.14527625867274,-51.503592474145336,-0.9804807343175037,1,0,120
0,281,-6.91015558582171,-6.91015558582171,-6.91015558582171,107.95953429070656,-304.0352698208059,18.14483035235338,-51.50293821918132,-0.9804682791788087,1,0,120
0,282,-6.910155629130386,-6.910155629130386,-6.910155629130386,107.96088546353732,-304.0371398457547,18.144673790671405,-51.502759930488956,-0.9804648850732793,1,0,120
0,283,-6.9101556402445095,-6.9101556402445095,-6.9101556402445095,107.96175284177669,-304.03837766060553,18.14441478401005,-51.5023817066799,-0.9804576847763635,1,0,120
0,284,-6.910155661471482,-6.910155661471482,-6.910155661471482,107.96151866573386,-304.03804729043543,18.144331005374895,-51.502267633123985,-0.9804555131429202,1,0,120
0,285,-6.910155654816861,-6.910155654816861,-6.910155654816861,107.96149783406662,-304.0380360581883,18.144230466461927,-51.50210658744222,-0.9804524472948749,1,0,120
0,286,-6.910155648730793,-6.910155648730793,-6.910155648730793,107.96171806188957,-304.0383319708834,18.14418587942481,-51.50205719192008,-0.9804515069457557,1,0,120
0,287,-6.910155685014108,-6.910155685014108,-6.910155685014108,107.96201081731053,-304.0387285806094,18.144283988150303,-51.50221802903257,-0.98045456882324,1,0,120
0,288,-6.910155726342167,-6.910155726342167,-6.910155726342167,107.96213773839605,-304.03888600030496,18.144468964346405,-51.5025076336968,-0.9804600820657189,1,0,120
0,289,-6.910155760847605,-6.910155760847605,-6.910155760847605,107.96096622062602,-304.037235923773,18.144626530499746,-51.502734488158175,-0.9804644007242471,1,0,120
0,290,-6.910155797975691,-6.910155797975691,-6.910155797975691,107.96085455555644,-304.03705835213054,18.14479720938405,-51.50300185132616,-0.9804694905524063,1,0,120
0,291,-6.910155856207375,-6.910155856207375,-6.910155856207375,107.96126428429784,-304.0376095772625,18.144831092847166,-51.503086333740576,-0.9804710988553565,1,0,120
0,292,-6.910155904335039,-6.910155904335039,-6.910155904335039,107.96071106193287,-304.0368104370982,18.14493245772734,-51.50325705056341,-0.9804743488141997,1,0,120
0,293,-6.91015593052067,-6.91015593052067,-6.91015593052067,107.96165533122065,-304.0380809537096,18.14527120088472,-51.5037998359304,-0.9804846818913626,1,0,120
0,294,-6.910155948347094,-6.910155948347094,-6.910155948347094,107.96061200222738,-304.03660436856427,18.14508589917597,-51.50354760458773,-0.9804798801297727,1,0,120
0,295,-6.910155959250024,-6.910155959250024,-6.910155959250024,107.96018916866646,-304.036004685525,18.145221392240682,-51.50374416427785,-0.9804836220627147,1,0,120
0,296,-6.910155989581398,-6.910155989581398,-6.910155989581398,107.95916444960896,-304.0345773895788,18.14528131809236,-51.503816787684634,-0.9804850046041607,1,0,120
0,297,-6.9101560223484295,-6.9101560223484295,-6.9101560223484295,107.95921603029123,-304.0346548669034,18.14520726255906,-51.503713452572434,-0.9804830373998974,1,0,120
0,298,-6.910156071860128,-6.910156071860128,-6.910156071860128,107.9591002723889,-304.0344914633817,18.145077050626742,-51.50353891432665,-0.9804797146921177,1,0,120
0,299,-6.910156102014443,-6.910156102014443,-6.910156102014443,107.9580741757986,-304.0330844075955,18.14482770307042,-51.50315333286975,-0.9804723743266822,1,0,120
0,300,-6.910156144211034,-6.910156144211034,-6.910156144211034,107.95706609402357,-304.0316625531875,18.14501999233115,-51.503432658343236,-0.980477691882841,1,0,120
1,1,-3.644293279902973,-3.644293279902973,-3.644293279902973,135.5011252143133,54.19242328596649,51.187535477165454,30.317401442307748,0.3020423075512122,1,0,120
1,2,-3.0445390929118403,-3.0445390929118403,-3.0445390929118403,142.8192175563193,36.099732785772275,42.0338449336902,26.205796397783576,0.26107973766373327,1,0,120
1,3,-2.180337280490737,-2.180337280490737,-2.180337280490737,153.7573783132099,19.504121189201424,44.8815018290429,22.422161077847708,0.22338462236368306,1,0,120
1,4,-2.3580406906209683,-2.3580406906209683,-2.3580406906209683,121.40443768356677,20.548009429917183,45.08963046753378,21.40290313640284,0.2132300904454465,1,0,120
1,5,-6.058860503003212,-6.058860503003212,-6.058860503003212,131.3826211917065,205.69787858182593,48.197509779885486,71.50260496431102,0.7123569558044325,1,0,120
1,6,-5.82935637266297,-5.82935637266297,-5.82935637266297,138.89719314690413,183.43513488425953,42.40499699490709,64.89543093060698,0.6465318521810228,1,0,120
1,7,-5.850751121574836,-5.850751121574836,-5.850751121574836,140.29730000411269,187.17313132452443,42.37847878406732,64.77720782991638,0.6453540342797623,1,0,120
1,8,-5.617156091946799,-5.617156091946799,-5.617156091946799,141.5643487283732,166.29111132822152,42.93260725495197,59.0002555303846,0.5878001569633218,1,0,120
1,9,-6.121175207972158,-6.121175207972158,-6.121175207972158,125.85653929234519,210.02250778387787,41.994412330471135,66.45398503901512,0.6620592145851796,1,0,120
1,10,-6.273713713837146,-6.273713713837146,-6.273713713837146,117.68081455928254,221.39732468238645,37.67373692938149,65.6685803814055,0.6542344860840479,1,0,120
1,11,-6.851819984869436,-6.851819984869436,-6.851819984869436,123.49579664278099,300.8330179145476,32.294091909818725,82.9833033119556,0.8267353806117401,1,0,120
1,12,-6.626537196596468,-6.626537196596468,-6.626537196596468,133.30488363309172,273.7974072033934,25.615131386325945,72.5592727602025,0.7228841898087537,1,0,120
1,13,-6.641283431444776,-6.641283431444776,-6.641283431444776,122.30032321778293,267.27778857775365,30.02160338033016,74.32199398340772,0.7404456020834684,1,0,120
1,14,-6.727148623920143,-6.727148623920143,-6.727148623920143,127.78595938042852,285.8318110239215,28.292745346945093,75.12362713601009,0.748432009747144,1,0,120
1,15,-6.503785498069598,-6.503785498069598,-6.503785498069598,121.18069281396986,248.91887480079987,28.74920354732493,67.4714519773996,0.6721959033284917,1,0,120
1,16,-7.033989164613482,-7.033989164613482,-7.033989164613482,132.51703852197343,341.7292878825904,33.98430888408096,92.90122882017458,0.9255444131841395,1,0,120
1,17,-6.6760881610429825,-6.6760881610429825,-6.6760881610429825,144.34207773440409,296.01703076467845,30.056770004886463,75.91701147610918,0.756336237202605,1,0,120
1,18,-6.9678934474675644,-6.9678934474675644,-6.9678934474675644,131.7651863854825,329.8471667463356,32.43594354982217,87.73977359891734,0.874122530991583,1,0,120
1,19,-6.8125331952571555,-6.8125331952571555,-6.8125331952571555,131.80232933694373,300.408815940542,29.671513116652758,82.74563700434531,0.824367589291815,1,0,120
1,20,-6.956558797219432,-6.956558797219432,-6.956558797219432,131.9212770589433,327.2985334679978,32.044159873852344,87.63038560205003,0.8730327343262889,1,0,120
1,21,-6.798453950177014,-6.798453950177014,-6.798453950177014,121.8750962909358,288.9280380651566,35.107597691649076,86.21026269984776,0.8588845165377776,1,0,120
1,22,-6.949153536662145,-6.949153536662145,-6.949153536662145,126.65988915650993,320.02989320920676,32.44577927735984,87.19314865485198,0.868676686307805,1,0,120
1,23,-7.034388575793912,-7.034388575793912,-7.034388575793912,132.90484700385443,342.1750507622559,34.20330598023719,93.33370476315464,0.9298530288821787,1,0,120
1,24,-6.98646200707791,-6.98646200707791,-6.98646200707791,132.44544322355304,332.9893839097064,33.41912734652902,90.62213712113277,0.9028385715502727,1,0,120
1,25,-7.037429099900359,-7.037429099900359,-7.037429099900359,132.8555568433941,342.6513491664482,34.37412498474085,93.6785705716972,0.9332888136015889,1,0,120
1,26,-7.050591197093003,-7.050591197093003,-7.050591197093003,132.40546598421696,344.5495353462917,34.6549176267291,94.43898418872027,0.9408645645780067,1,0,120
1,27,-7.0541346410329195,-7.0541346410329195,-7.0541346410329195,133.27218574672162,346.3093497298411,34.70721872668324,94.66557343155701,0.9431219987417798,1,0,120
1,28,-7.060184539421028,-7.060184539421028,-7.060184539421028,133.71585256448714,347.9676355430722,35.3817419586863,95.81295951625316,0.9545530292452766,1,0,120
1,29,-7.070176756620725,-7.070176756620725,-7.070176756620725,133.42714931513154,349.3859361068098,35.701044320698706,96.65773437715703,0.9629692435713695,1,0,120
1,30,-7.072732437141139,-7.072732437141139,-7.072732437141139,132.9268359446216,349.1623477918533,35.81514681609737,96.94143781333361,0.9657956876743063,1,0,120
1,31,-7.066477892445736,-7.066477892445736,-7.066477892445736,132.79977263317483,347.72336383349113,35.93411072325371,96.97683996547457,0.9661483876820984,1,0,120
1,32,-7.069885540010015,-7.069885540010015,-7.069885540010015,132.71148252526467,348.27493127998235,35.69615553604927,96.75275594958045,0.9639159122710774,1,0,120
1,33,-7.081913301457061,-7.081913301457061,-7.081913301457061,132.81429910212245,350.8490978974897,36.16970307703672,97.62847480183044,0.9726404114140208,1,0,120
1,34,-7.082407758622744,-7.082407758622744,-7.082407758622744,132.99558591496123,351.21238041324534,36.162384962356384,97.60693353844712,0.9724258028859039,1,0,120
1,35,-7.080258100966252,-7.080258100966252,-7.080258100966252,133.233398240555,351.1307439554021,36.45642003957778,97.91067766018867,0.9754519057532791,1,0,120
1,36,-7.082728135749113,-7.082728135749113,-7.082728135749113,133.32943833244082,351.7449116698725,36.16331399868501,97.59028571289724,0.9722599460708214,1,0,120
1,37,-7.088967587379403,-7.088967587379403,-7.088967587379403,133.1392908074876,352.7364592934048,36.35374915781215,98.00311205850794,0.9763727992875944,1,0,120
1,38,-7.090172143450426,-7.090172143450426,-7.090172143450426,132.80452640665663,352.58252699184527,36.52777735509124,98.21469109926564,0.9784806917407631,1,0,120
1,39,-7.089167683047867,-7.089167683047867,-7.089167683047867,132.53423062688603,352.0553715363338,36.59651179499405,98.24725553534395,0.9788051205159638,1,0,120
1,40,-7.092664687552948,-7.092664687552948,-7.092664687552948,132.46542077270408,352.576594879067,36.397744670429496,98.15710593811659,0.9779069897040873,1,0,120
1,41,-7.092238970508786,-7.092238970508786,-7.092238970508786,132.51025032131872,352.63827773271237,36.019250925963156,97.55405308944145,0.9718989723502325,1,0,120
1,42,-7.092822172111824,-7.092822172111824,-7.092822172111824,132.50184577384886,352.6612359055697,36.283361755800954,98.0038943161904,0.9763805926638163,1,0,120
1,43,-7.094275192936087,-7.094275192936087,-7.094275192936087,132.1755630518126,352.48503656317405,36.319983546433185,98.12047356478905,0.9775420334068934,1,0,120
1,44,-7.0951070390672495,-7.0951070390672495,-7.0951070390672495,131.64143519309553,351.8782334656257,36.20349075034996,98.04355586155793,0.9767757276065867,1,0,120
1,45,-7.090061563445066,-7.090061563445066,-7.090061563445066,131.97002816537199,351.4280999916491,36.02666978714154,97.56294526995616,0.9719875622225187,1,0,120
1,46,-7.09527505255754,-7.09527505255754,-7.09527505255754,131.6708949906197,351.95123338448303,36.030212054334456,97.8155374411989,0.9745040550168207,1,0,120
1,47,-7.091728061644376,-7.091728061644376,-7.091728061644376,132.21755468591994,352.0207624510184,36.052094959905375,97.70946384206906,0.9734472786069952,1,0,120
1,48,-7.095874531053281,-7.095874531053281,-7.095874531053281,131.5520554791814,351.9230840351835,36.12183012749859,97.94200399341103,0.9757639997165961,1,0,120
1,49,-7.092793643076665,-7.092793643076665,-7.092793643076665,130.2871448930049,349.5575846254906,35.8213664306253,97.51342949512151,0.9714942528299013,1,0,120
1,50,-7.093389834506177,-7.093389834506177,-7.093389834506177,131.70464077252234,351.63076305128027,36.08403404486643,97.82955375899242,0.9746436949849024,1,0,120
1,51,-7.097050968662251,-7.097050968662251,-7.097050968662251,131.6490781705151,352.2851639274799,36.5895782121362,98.60206290065342,0.9823399496984111,1,0,120
1,52,-7.094441450228136,-7.094441450228136,-7.094441450228136,131.64905383422177,351.81351918813255,36.5200347334665,98.39268148049612,0.9802539514170938,1,0,120
1,53,-7.095341638151804,-7.095341638151804,-7.095341638151804,131.56486792445338,351.8078810533575,36.64194485675166,98.6515160455026,0.982832635129065,1,0,120
1,54,-7.095664607015724,-7.095664607015724,-7.095664607015724,131.823563004814,352.20518246340094,36.601734759375795,98.6194673826843,0.9825133448333585,1,0,120
1,55,-7.096539821905862,-7.096539821905862,-7.096539821905862,131.5274055619739,352.0271210326933,36.69780556143783,98.72687303990811,0.9835833921002282,1,0,120
1,56,-7.093132541757855,-7.093132541757855,-7.093132541757855,131.61887214226886,351.52603349696085,36.87839336810283,98.8244048140451,0.9845550691146965,1,0,120
1,57,-7.097990991332553,-7.097990991332553,-7.097990991332553,131.7833725983762,352.66583537338585,36.54511780775409,98.55378352098606,0.9818589581045365,1,0,120
1,58,-7.098046572136798,-7.098046572136798,-7.098046572136798,131.8605869520881,352.785335548521,36.58200830946836,98.59973558612143,0.9823167634285397,1,0,120
1,59,-7.097930482505339,-7.097930482505339,-7.097930482505339,131.94225260160977,352.88056605440534,36.58429477384168,98.59077033128392,0.9822274455407893,1,0,120
1,60,-7.098018791762983,-7.098018791762983,-7.098018791762983,131.87637876763824,352.8023819756963,36.588310378259386,98.60602110824604,0.9823793840198953,1,0,120
1,61,-7.097813640437518,-7.097813640437518,-7.097813640437518,131.86810278935278,352.7567962709101,36.61065777001826,98.62415582408535,0.9825600542343038,1,0,120
1,62,-7.097762177651035,-7.097762177651035,-7.097762177651035,131.90736677358473,352.7965590633215,36.58645718477189,98.59295615111422,0.9822492221454464,1,0,120
1,63,-7.098381559979899,-7.098381559979899,-7.098381559979899,131.793417756745,352.75584682721893,36.55159590701568,98.57404660848403,0.9820608325863467,1,0,120
1,64,-7.09870692146192,-7.09870692146192,-7.09870692146192,131.75632606908948,352.765536794539,36.50108311725848,98.52031790703506,0.9815255511903387,1,0,120
1,65,-7.099053302754612,-7.099053302754612,-7.099053302754612,131.67339484986607,352.714838858987,36.478642598191556,98.50782488794356,0.981401087346633,1,0,120
1,66,-7.099286384115616,-7.099286384115616,-7.099286384115616,131.61750314520452,352.6830669680995,36.44040014817008,98.46585246487287,0.9809829298887152,1,0,120
1,67,-7.099321111697881,-7.099321111697881,-7.099321111697881,131.5806779947231,352.63635983945574,36.385873259858414,98.39775793175255,0.980304526432719,1,0,120
1,68,-7.099485430037094,-7.099485430037094,-7.099485430037094,131.50961060500248,352.57137942264615,36.380601387871174,98.39728094755169,0.9802997743958743,1,0,120
1,69,-7.099449192291812,-7.099449192291812,-7.099449192291812,131.51007973256677,352.562727608327,36.37573067049314,98.39185032156679,0.9802456708538194,1,0,120
1,70,-7.099401555750448,-7.099401555750448,-7.099401555750448,131.5141395141115,352.56322620541613,36.392715250185226,98.4088727455506,0.9804152596699971,1,0,120
1,71,-7.099672984557442,-7.099672984557442,-7.099672984557442,131.44794424427485,352.52040044041473,36.38291593550107,98.41082576211211,0.9804347169321919,1,0,120
1,72,-7.100031430700333,-7.100031430700333,-7.100031430700333,131.34977473887673,352.45292877613065,36.3846091789105,98.42947293254657,0.9806204925633271,1,0,120
1,73,-7.100251896582638,-7.100251896582638,-7.100251896582638,131.26624919012556,352.3806503141435,36.36564523629524,98.4136703331821,0.9804630564589685,1,0,120
1,74,-7.1005064348872775,-7.1005064348872775,-7.1005064348872775,131.1838189998196,352.3165623038175,36.35855752938371,98.41473741140047,0.9804736874085909,1,0,120
1,75,-7.100679490836792,-7.100679490836792,-7.100679490836792,131.10873538544618,352.2454312091795,36.37410254459487,98.4447700799443,0.9807728930158446,1,0,120
1,76,-7.1008110072025294,-7.1008110072025294,-7.1008110072025294,131.01893361001788,352.1442974726252,36.35719256541625,98.4319303211775,0.9806449747187007,1,0,120
1,77,-7.100972222472592,-7.100972222472592,-7.100972222472592,130.92428479834246,352.0472155846268,36.3373872530454,98.41123964418114,0.980438840303234,1,0,120
1,78,-7.1009573063549185,-7.1009573063549185,-7.1009573063549185,130.8805559852363,351.98744979027464,36.34668656824385,98.42128220244996,0.9805388910110431,1,0,120
1,79,-7.100937969019893,-7.100937969019893,-7.100937969019893,130.89857484916638,352.00644767669445,36.314477543603225,98.37881942238877,0.980115848287572,1,0,120
1,80,-7.101089254450901,-7.101089254450901,-7.101089254450901,130.87271842192888,351.9980323126972,36.37124245630472,98.46293138207209,0.9809538281007082,1,0,120
1,81,-7.101097306928645,-7.101097306928645,-7.101097306928645,130.85905981401208,351.98069124056474,36.37352498461935,98.46676542591261,0.9809920254195335,1,0,120
1,82,-7.10116143321292,-7.10116143321292,-7.10116143321292,130.83624681514237,351.9623863011258,36.388834689698776,98.48940771386219,0.9812176030935813,1,0,120
1,83,-7.1012671266492795,-7.1012671266492795,-7.1012671266492795,130.7704393998341,351.8911225660973,36.3952235492485,98.5044381831138,0.9813673467193658,1,0,120
1,84,-7.101387463350022,-7.101387463350022,-7.101387463350022,130.69019252065706,351.8031242054444,36.410057191308695,98.53140133123182,0.9816359717033345,1,0,120
1,85,-7.101457045722165,-7.101457045722165,-7.101457045722165,130.62866671874082,351.73316548914806,36.40285437898762,98.5244035705624,0.9815662553134155,1,0,120
1,86,-7.101411242033023,-7.101411242033023,-7.101411242033023,130.5236352149605,351.5805586174073,36.409440410473366,98.53399532558664,0.9816618148166434,1,0,120
1,87,-7.101421272764501,-7.101421272764501,-7.101421272764501,130.62361682797007,351.72166767963364,36.400246243430374,98.51752633839295,0.9814977397093332,1,0,120
1,88,-7.101559823832053,-7.101559823832053,-7.101559823832053,130.65896990206835,351.79071241108113,36.444695270691874,98.58722743584784,0.9821921488378393,1,0,120
1,89,-7.101634560170944,-7.101634560170944,-7.101634560170944,130.62785244910333,351.76179879567326,36.413327202361046,98.54875462970112,0.9818088569132779,1,0,120
1,90,-7.101697446645112,-7.101697446645112,-7.101697446645112,130.5809014766113,351.7103311570654,36.40946764082853,98.54588668783008,0.9817802845508905,1,0,120
1,91,-7.101787600017661,-7.101787600017661,-7.101787600017661,130.57198948866494,351.7141125304785,36.44391245945417,98.59682415828784,0.9822877578297982,1,0,120
1,92,-7.101864293525986,-7.101864293525986,-7.101864293525986,130.5692336126198,351.72431385611026,36.4543902658138,98.61430140119298,0.9824618778574246,1,0,120
1,93,-7.101863424496682,-7.101863424496682,-7.101863424496682,130.58140368185866,351.7422283817715,36.47100499250696,98.63499511197541,0.982668042497505,1,0,120
1,94,-7.101856080910626,-7.101856080910626,-7.101856080910626,130.5650415956062,351.716712581156,36.45423308780626,98.61419016317367,0.9824607696295937,1,0,120
1,95,-7.101914384632865,-7.101914384632865,-7.101914384632865,130.55984219110925,351.71840663754097,36.46175275307772,98.62875239996411,0.9826058484092399,1,0,120
1,96,-7.101933501763342,-7.101933501763342,-7.101933501763342,130.58987211838206,351.76001041437644,36.47594329053538,98.65106666474483,0.9828281580962526,1,0,120
1,97,-7.101939698840903,-7.101939698840903,-7.101939698840903,130.6028042410906,351.78165037663547,36.45998160262034,98.62673842091226,0.9825857837977876,1,0,120
1,98,-7.101995892064605,-7.101995892064605,-7.101995892064605,130.4842756198084,351.63171270962624,36.45801731273549,98.62687034171158,0.9825870980813589,1,0,120
1,99,-7.1020149102088235,-7.1020149102088235,-7.1020149102088235,130.48084623181217,351.62966311962043,36.51042963391043,98.69925299492799,0.9833082226686942,1,0,120
1,100,-7.102064122858679,-7.102064122858679,-7.102064122858679,130.43377163864528,351.57387327043256,36.5213522045863,98.71737411901506,0.9834887574729418,1,0,120
1,101,-7.102112181632653,-7.102112181632653,-7.102112181632653,130.43810947294043,351.5875774133656,36.54451176989909,98.7515710298904,0.9838294500580753,1,0,120
1,102,-7.10214836738199,-7.10214836738199,-7.10214836738199,130.37860659354413,351.5125855373676,36.543619900282685,98.75326209901546,0.9838462976240427,1,0,120
1,103,-7.1021294218755235,-7.1021294218755235,-7.1021294218755235,130.3186540424538,351.42614039736753,36.5599602412651,98.77661764416267,0.9840789812451574,1,0,120
1,104,-7.102116108504563,-7.102116108504563,-7.102116108504563,130.37167189367068,351.4953038039595,36.5350540672162,98.74237518207934,0.9837378348483079,1,0,120
1,105,-7.1021665664830165,-7.1021665664830165,-7.1021665664830165,130.35868885901843,351.49150063044453,36.56063728658663,98.77453240373583,0.9840582066800443,1,0,120
1,106,-7.10218471760012,-7.10218471760012,-7.10218471760012,130.43679573559302,351.60187785031087,36.57183085194372,98.78867088513303,0.9841990637239637,1,0,120
1,107,-7.1021582363139375,-7.1021582363139375,-7.1021582363139375,130.45678133214057,351.6243833600844,36.60802738163164,98.83595084364299,0.9846700984132806,1,0,120
1,108,-7.10220872688253,-7.10220872688253,-7.10220872688253,130.44828455773592,351.62106223278545,36.572713700437596,98.79157522646008,0.9842279987221696,1,0,120
1,109,-7.102213744223684,-7.102213744223684,-7.102213744223684,130.3855503285298,351.53801741680127,36.54669296462591,98.7560591309284,0.9838741635338204,1,0,120
1,110,-7.102223884616716,-7.102223884616716,-7.102223884616716,130.36802093107468,351.51588000070797,36.55545870746831,98.76865958634541,0.9839996977303309,1,0,120
1,111,-7.102214177389652,-7.102214177389652,-7.102214177389652,130.42579779038311,351.58911442439415,36.58852068023197,98.81574357680486,0.9844687800543603,1,0,120
1,112,-7.102232649286607,-7.102232649286607,-7.102232649286607,130.36328604282957,351.5110647114868,36.5442453107529,98.75393691631092,0.9838530206069964,1,0,120
1,113,-7.102194799061156,-7.102194799061156,-7.102194799061156,130.3919307075762,351.5449961755505,36.5178050723361,98.7144575817867,0.9834597009709791,1,0,120
1,114,-7.102212601505824,-7.102212601505824,-7.102212601505824,130.38726212544293,351.5395380189907,36.53513946542817,98.74100723179278,0.9837242064091438,1,0,120
1,115,-7.102229525898912,-7.102229525898912,-7.102229525898912,130.36999429520392,351.51619089452345,36.53233824103357,98.74109511182566,0.983725081929032,1,0,120
1,116,-7.102198570942474,-7.102198570942474,-7.102198570942474,130.34233518962583,351.4768057488655,36.5253277067968,98.72674511031877,0.9835821175797703,1,0,120
1,117,-7.1022614833285775,-7.1022614833285775,-7.1022614833285775,130.32876853220142,351.47044000035305,36.57835174182471,98.80049866300173,0.9843168999879808,1,0,120
1,118,-7.102258669417416,-7.102258669417416,-7.102258669417416,130.32059602556453,351.45854922902765,36.605480269828256,98.8373243090836,0.984683781798112,1,0,120
1,119,-7.102257670091911,-7.102257670091911,-7.102257670091911,130.28206731655564,351.406269787572,36.567043887615014,98.78555722401464,0.9841680433414641,1,0,120
1,120,-7.102241324570717,-7.102241324570717,-7.102241324570717,130.3257440040452,351.4607734837898,36.6138482609613,98.84942456922676,0.9848043327134852,1,0,120
1,121,-7.1022459087694365,-7.1022459087694365,-7.1022459087694365,130.2874778601743,351.4125477709316,36.57487901808833,98.79450108434769,0.9842571480827973,1,0,120
1,122,-7.102261381461894,-7.102261381461894,-7.102261381461894,130.32738705538412,351.46866666015876,36.578183440103935,98.80015861986577,0.9843135122499633,1,0,120
1,123,-7.102265791883288,-7.102265791883288,-7.102265791883288,130.33433211528472,351.47937347196955,36.57639368442657,98.79739855893908,0.9842860146699723,1,0,120
1,124,-7.102264020081416,-7.102264020081416,-7.102264020081416,130.3447597141082,351.4933968687236,36.57097466170858,98.78973204857394,0.9842096357466019,1,0,120
1,125,-7.10226345526818,-7.10226345526818,-7.10226345526818,130.33196971157327,351.47592651253854,36.57479027026047,98.79497011767351,0.984261820907687,1,0,120
1,126,-7.102266406231463,-7.102266406231463,-7.102266406231463,130.34156882954602,351.48918717962744,36.57987816455598,98.8021842747623,0.9843336931840192,1,0,120
1,127,-7.102269908526814,-7.102269908526814,-7.102269908526814,130.3479626310769,351.4981215554481,36.579098089227365,98.801610238361,0.9843279742479949,1,0,120
1,128,-7.102272109029857,-7.102272109029857,-7.102272109029857,130.34857729283584,351.4992152384825,36.57930591981369,98.80212136942396,0.9843330664788055,1,0,120
1,129,-7.102272299358288,-7.102272299358288,-7.102272299358288,130.35416660459646,351.5066596486055,36.57751141772504,98.79983818480972,0.9843103198608025,1,0,120
1,130,-7.102276863255819,-7.102276863255819,-7.102276863255819,130.35834938341657,351.5128637922342,36.58126146936311,98.80536111822167,0.9843653430314185,1,0,120
1,131,-7.1022797478253565,-7.1022797478253565,-7.1022797478253565,130.36356521474255,351.52024393675606,36.586242470186036,98.81238320647309,0.9844353017890424,1,0,120
1,132,-7.102282068724544,-7.102282068724544,-7.102282068724544,130.37068885093566,351.5300169358245,36.58793593170746,98.81502433101863,0.9844616144449534,1,0,120
1,133,-7.102283529828576,-7.102283529828576,-7.102283529828576,130.37784610304436,351.539703897933,36.59071695983101,98.8190696659684,0.9845019167876647,1,0,120
1,134,-7.102283656382605,-7.102283656382605,-7.102283656382605,130.37096328280458,351.5306445267905,36.59070291653693,98.81885609706896,0.9844997890709035,1,0,120
1,135,-7.102283749416777,-7.102283749416777,-7.102283749416777,130.37308519260955,351.53332047026487,36.591782471845875,98.82051877438745,0.9845163537786323,1,0,120
1,136,-7.102283874812309,-7.102283874812309,-7.102283874812309,130.3768719228642,351.53834490313704,36.59414566378081,98.82381658522542,0.984549208784272,1,0,120
1,137,-7.102283612250477,-7.102283612250477,-7.102283612250477,130.38230340294123,351.5454366998331,36.592215965993354,98.82138822597668,0.9845250158390932,1,0,120
1,138,-7.102283109464639,-7.102283109464639,-7.102283109464639,130.37729476532752,351.5388032971504,36.59291710915244,98.822099245969,0.9845320994976188,1,0,120
1,139,-7.102284102385279,-7.102284102385279,-7.102284102385279,130.38232873438312,351.5456737628725,36.59932951184408,98.83088898991736,0.9846196688280575,1,0,120
1,140,-7.102286096544487,-7.102286096544487,-7.102286096544487,130.38442141451523,351.54865550279567,36.60219740064891,98.83504599720222,0.9846610837255452,1,0,120
1,141,-7.102289253250784,-7.102289253250784,-7.102289253250784,130.387311825866,351.55312214742355,36.60173923538443,98.83457024616175,0.9846563439742722,1,0,120
1,142,-7.102289519773351,-7.102289519773351,-7.102289519773351,130.394347268054,351.5628706256977,36.60298323882154,98.83604693437724,0.9846710557336882,1,0,120
1,143,-7.1022933753152415,-7.1022933753152415,-7.1022933753152415,130.3923503935183,351.56060503776996,36.60419093632888,98.8381165637406,0.984691674770906,1,0,120
1,144,-7.102298671318458,-7.102298671318458,-7.102298671318458,130.39380410469403,351.5629693822518,36.605867394560974,98.84116598703343,0.9847220551730596,1,0,120
1,145,-7.102303387845972,-7.102303387845972,-7.102303387845972,130.3886812609615,351.5564682686269,36.60942858568214,98.8466233470703,0.9847764250576887,1,0,120
1,146,-7.102306209933643,-7.102306209933643,-7.102306209933643,130.3960409036133,351.5666479155882,36.61296957570677,98.85177882301113,0.9848277873702753,1,0,120
1,147,-7.102306442520045,-7.102306442520045,-7.102306442520045,130.3981061079685,351.5694922329832,36.61690095501395,98.85707312013233,0.984880532712662,1,0,120
1,148,-7.102306885583534,-7.102306885583534,-7.102306885583534,130.39613473835772,351.56691846413094,36.616204999184795,98.85614987234437,0.9848713346983518,1,0,120
1,149,-7.102305734987953,-7.102305734987953,-7.102305734987953,130.39597258467165,351.5661506072268,36.62159100712039,98.86370276618166,0.9849465816975922,1,0,120
1,150,-7.102306622316046,-7.102306622316046,-7.102306622316046,130.39274709776686,351.56239258356004,36.61612645723129,98.85594238683969,0.9848692675884532,1,0,120
1,151,-7.102308970426371,-7.102308970426371,-7.102308970426371,130.4009224455529,351.57348320249685,36.615225274878135,98.8551896008666,0.9848617678291867,1,0,120
1,152,-7.102308178105221,-7.102308178105221,-7.102308178105221,130.40074284897486,351.5727704958309,36.61431212544004,98.85425034105549,0.9848524102923517,1,0,120
1,153,-7.102308838970326,-7.102308838970326,-7.102308838970326,130.39786451047027,351.56925858342123,36.613495729247454,98.852928849475,0.9848392447060088,1,0,120
1,154,-7.102311707049635,-7.102311707049635,-7.102311707049635,130.40108497058327,351.5742232051725,36.61365034558287,98.85316135030035,0.9848415610353265,1,0,120
1,155,-7.1023138990455355,-7.1023138990455355,-7.1023138990455355,130.40667866789184,351.58220993634757,36.612051933074746,98.85105576629005,0.9848205837937767,1,0,120
1,156,-7.102314920416252,-7.102314920416252,-7.102314920416252,130.40570671528687,351.581103264891,36.60971640466505,98.84793246587984,0.9847894673781805,1,0,120
1,157,-7.102315755011163,-7.102315755011163,-7.102315755011163,130.41490731890767,351.5937082942709,36.6086222655902,98.84644655823526,0.9847746637686221,1,0,120
1,158,-7.102317308621616,-7.102317308621616,-7.102317308621616,130.40995831432244,351.58722745592286,36.60621203208893,98.84335374278434,0.9847438510646573,1,0,120
1,159,-7.102318969399492,-7.102318969399492,-7.102318969399492,130.41165821110053,351.58950685226625,36.61063787638436,98.84970865150478,0.9848071629318651,1,0,120
1,160,-7.102320169575052,-7.102320169575052,-7.102320169575052,130.4099224999141,351.58717067027703,36.6097745240946,98.84881043877562,0.9847982143336185,1,0,120
1,161,-7.102321661252472,-7.102321661252472,-7.102321661252472,130.41245085789794,351.59097476500534,36.611470081706095,98.8510380110691,0.9848204069043451,1,0,120
1,162,-7.102321840870466,-7.102321840870466,-7.102321840870466,130.4066787748699,351.58337554349964,36.61123431492478,98.85057641398835,0.9848158081643215,1,0,120
1,163,-7.102323459674587,-7.102323459674587,-7.102323459674587,130.41479181864455,351.5945414626801,36.61237452481223,98.85225255688725,0.9848325070252029,1,0,120
1,164,-7.102324892189617,-7.102324892189617,-7.102324892189617,130.41691370040246,351.59762736374074,36.611037802008106,98.85054801833377,0.9848155252677464,1,0,120
1,165,-7.102325504552154,-7.102325504552154,-7.102325504552154,130.4138996811223,351.59386314453934,36.611556033971034,98.85108476936887,0.9848208727419199,1,0,120
1,166,-7.102326377404202,-7.102326377404202,-7.102326377404202,130.41479578824516,351.5954208899443,36.614400689305754,98.8547677477695,0.9848575650454112,1,0,120
1,167,-7.102327147566621,-7.102327147566621,-7.102327147566621,130.420716548394,351.6033812662664,36.61917051820596,98.8613959838181,0.9849235999829675,1,0,120
1,168,-7.102327630883713,-7.102327630883713,-7.102327630883713,130.4210543934534,351.6036483445449,36.621298193108416,98.86456219794847,0.9849551439338553,1,0,120
1,169,-7.102329309077627,-7.102329309077627,-7.102329309077627,130.4210818656404,351.6039230778266,36.623557464361326,98.86774880877928,0.9849868910903665,1,0,120
1,170,-7.102330591658834,-7.102330591658834,-7.102330591658834,130.42541055040596,351.6100743843808,36.625559748940596,98.87042271802498,0.9850135303694714,1,0,120
1,171,-7.102331874950809,-7.102331874950809,-7.102331874950809,130.42507650240083,351.60965654127784,36.625930754206685,98.87117944092876,0.9850210693510846,1,0,120
1,172,-7.102333220732682,-7.102333220732682,-7.102333220732682,130.41757883620852,351.59981035403143,36.62672880032383,98.8722953359699,0.9850321866466698,1,0,120
1,173,-7.102334676800056,-7.102334676800056,-7.102334676800056,130.41783544590407,351.6004523009178,36.6279670408759,98.87399694301124,0.9850491391984342,1,0,120
1,174,-7.102336790092256,-7.102336790092256,-7.102336790092256,130.4151012401938,351.59685425962743,36.63035073282657,98.87759835851422,0.9850850189175797,1,0,120
1,175,-7.102337348566244,-7.102337348566244,-7.102337348566244,130.41104696325286,351.5913031561196,36.637653879231486,98.88765587323851,0.9851852186316394,1,0,120
1,176,-7.1023400639532035,-7.1023400639532035,-7.1023400639532035,130.42204088580803,351.6068494830883,36.634310883572276,98.88303715305703,0.9851392038402926,1,0,120
1,177,-7.102340481360343,-7.102340481360343,-7.102340481360343,130.41642946997428,351.59892030631147,36.63462592791922,98.88391910211512,0.9851479904089289,1,0,120
1,178,-7.102340878029803,-7.102340878029803,-7.102340878029803,130.41937636290464,351.6027398543423,36.634466810434574,98.8839477513506,0.9851482758318473,1,0,120
1,179,-7.102340880174114,-7.102340880174114,-7.102340880174114,130.4183370202934,351.6010950982929,36.63211841026375,98.88102517939629,0.985119159207893,1,0,120
1,180,-7.102340269289178,-7.102340269289178,-7.102340269289178,130.41198792510767,351.5925719697584,36.62773251615029,98.87493605197915,0.9850584952324679,1,0,120
1,181,-7.102340624134263,-7.102340624134263,-7.102340624134263,130.41720004307987,351.59945496053854,36.63101871390691,98.87959183698148,0.9851048792884445,1,0,120
1,182,-7.10234206031237,-7.10234206031237,-7.10234206031237,130.417924225619,351.6009973039704,36.63242756074029,98.88124904151239,0.9851213894725892,1,0,120
1,183,-7.102342930629745,-7.102342930629745,-7.102342930629745,130.42656563657872,351.61281309121136,36.63439054160529,98.88392741924685,0.985148073269779,1,0,120
1,184,-7.102343109992186,-7.102343109992186,-7.102343109992186,130.43149014850144,351.6197010058798,36.63536661092713,98.88503559276866,0.9851591136384048,1,0,120
1,185,-7.1023439077738075,-7.1023439077738075,-7.1023439077738075,130.42920326487206,351.61668761201554,36.63969443349885,98.89098043220349,0.9852183401200785,1,0,120
1,186,-7.10234356876718,-7.10234356876718,-7.10234356876718,130.42980957126443,351.61745296362244,36.64108233249144,98.89282743510125,0.9852367412029799,1,0,120
1,187,-7.102343692713541,-7.102343692713541,-7.102343692713541,130.42750776340853,351.6142412591998,36.6394071387254,98.89070499130999,0.9852155959929729,1,0,120
1,188,-7.102344176559845,-7.102344176559845,-7.102344176559845,130.43035280212288,351.61833607679364,36.63912613718931,98.89017618114559,0.9852103276310846,1,0,120
1,189,-7.102343833956921,-7.102343833956921,-7.102343833956921,130.43728876319295,351.6272353619169,36.64234707902843,98.89489372925492,0.9852573270125995,1,0,120
1,190,-7.102344192401076,-7.102344192401076,-7.102344192401076,130.43096714976843,351.61904975621655,36.63840397422891,98.88932070617734,0.9852018048151054,1,0,120
1,191,-7.102345323357398,-7.102345323357398,-7.102345323357398,130.4299940150848,351.6180705203301,36.637608791736874,98.88817052273795,0.9851903459154763,1,0,120
1,192,-7.1023455327746445,-7.1023455327746445,-7.1023455327746445,130.43417443230942,351.62388038626295,36.64108127288718,98.89272592538748,0.98523572989506,1,0,120
1,193,-7.102345937231159,-7.102345937231159,-7.102345937231159,130.4258203431013,351.61285320258526,36.640601865349645,98.89193434257332,0.9852278436156154,1,0,120
1,194,-7.10234650011631,-7.10234650011631,-7.10234650011631,130.4248811204991,351.61172524769535,36.63791201659582,98.88829605473634,0.9851915965495235,1,0,120
1,195,-7.1023465680633615,-7.1023465680633615,-7.1023465680633615,130.42363275906044,351.6098940139809,36.63654041887981,98.88661010044136,0.9851747999409273,1,0,120
1,196,-7.102346882787914,-7.102346882787914,-7.102346882787914,130.42303326632458,351.60937072276977,36.638754375815054,98.88938106983954,0.985202406198435,1,0,120
1,197,-7.102346166141467,-7.102346166141467,-7.102346166141467,130.42841310540618,351.616816399117,36.63694629503526,98.88658974291681,0.9851745971256001,1,0,120
1,198,-7.102346637302306,-7.102346637302306,-7.102346637302306,130.42218442032876,351.6081409020321,36.637555389984044,98.88779449572323,0.9851865996819,1,0,120
1,199,-7.102346624705593,-7.102346624705593,-7.102346624705593,130.4200199888586,351.6052383331714,36.638020982643,98.88840366359373,0.9851926686212069,1,0,120
1,200,-7.102346632715284,-7.102346632715284,-7.102346632715284,130.41969121039676,351.6049234754497,36.637632562095355,98.8877533144268,0.9851861894061769,1,0,120
1,201,-7.1023475507195215,-7.1023475507195215,-7.1023475507195215,130.42398222371156,351.6104174069982,36.64227231640524,98.89450751624442,0.9852534792992946,1,0,120
1,202,-7.10234816354592,-7.10234816354592,-7.10234816354592,130.41900796267663,351.603700258928,36.643412874513004,98.89619376021642,0.9852702787938479,1,0,120
1,203,-7.102348009057623,-7.102348009057623,-7.102348009057623,130.41311936801344,351.5954245750798,36.64292604386948,98.89583859031798,0.985266740352867,1,0,120
1,204,-7.102348195407957,-7.102348195407957,-7.102348195407957,130.42255497355703,351.6084244088385,36.64273856146734,98.89535002371342,0.9852618729243403,1,0,120
1,205,-7.102348043058183,-7.102348043058183,-7.102348043058183,130.42643890043337,351.61341727014394,36.64874970366264,98.9036640352558,0.9853447026891553,1,0,120
1,206,-7.102348094478649,-7.102348094478649,-7.102348094478649,130.42237053952212,351.6080868508087,36.641950753234354,98.89435398421851,0.9852519497101748,1,0,120
1,207,-7.102348480514789,-7.102348480514789,-7.102348480514789,130.428078435797,351.61612779303545,36.64350055623888,98.8961853789839,0.9852701952943825,1,0,120
1,208,-7.102348741197333,-7.102348741197333,-7.102348741197333,130.42428215104877,351.61084530077704,36.64329747122761,98.8961343628555,0.9852696870374604,1,0,120
1,209,-7.10234919068673,-7.10234919068673,-7.10234919068673,130.422849343348,351.60899401921324,36.64541526345491,98.89901044209985,0.9852983404698239,1,0,120
1,210,-7.10234913663602,-7.10234913663602,-7.10234913663602,130.42402822288065,351.61051000753866,36.645294004478465,98.89890823993503,0.9852973222632417,1,0,120
1,211,-7.102349249214665,-7.102349249214665,-7.102349249214665,130.42102613966614,351.60671465137955,36.64570178010018,98.89923111169878,0.9853005389285208,1,0,120
1,212,-7.102348863245095,-7.102348863245095,-7.102348863245095,130.4174813740116,351.60200214655544,36.644907405727594,98.89800625680138,0.9852883361016944,1,0,120
1,213,-7.102349268569303,-7.102349268569303,-7.102349268569303,130.41771793375423,351.6023033442501,36.64497478688307,98.89820616141488,0.9852903276856653,1,0,120
1,214,-7.102349600438027,-7.102349600438027,-7.102349600438027,130.41916526647262,351.60435106780983,36.64700717909737,98.90092487306394,0.9853174133163916,1,0,120
1,215,-7.102349782796908,-7.102349782796908,-7.102349782796908,130.41718202734592,351.60187262002154,36.64818594773657,98.90235974162647,0.9853317084403481,1,0,120
1,216,-7.102349895926934,-7.102349895926934,-7.102349895926934,130.4174380277117,351.6020736604329,36.64507509810054,98.89833501027861,0.9852916113645518,1,0,120
1,217,-7.102349844089186,-7.102349844089186,-7.102349844089186,130.4151265428245,351.59880152285007,36.64403718610263,98.89707946071115,0.9852791027368146,1,0,120
1,218,-7.10235008873989,-7.10235008873989,-7.10235008873989,130.42168477890397,351.6077465159334,36.64717145865789,98.90125791624071,0.9853207313161159,1,0,120
1,219,-7.102350319627553,-7.102350319627553,-7.102350319627553,130.41927223852545,351.60424403178956,36.65188340905139,98.9079126320245,0.985387030062572,1,0,120
1,220,-7.102350292024176,-7.102350292024176,-7.102350292024176,130.42655601744227,351.6140624611887,36.655875929672554,98.91329116040752,0.9854406145733399,1,0,120
1,221,-7.102350192086815,-7.102350192086815,-7.102350192086815,130.41766828881606,351.6020987195939,36.6515605396803,98.90743134614944,0.9853822351695607,1,0,120
1,222,-7.102350168149517,-7.102350168149517,-7.102350168149517,130.41363096067528,351.5966132021482,36.65096570190534,98.90666600873693,0.9853746103644281,1,0,120
1,223,-7.102350308898236,-7.102350308898236,-7.102350308898236,130.42073189000956,351.60606060692055,36.65181381733848,98.90796780413564,0.9853875797241844,1,0,120
1,224,-7.102349973700049,-7.102349973700049,-7.102349973700049,130.4237343583751,351.6099326767816,36.6537806173299,98.91072003691964,0.9854149993149623,1,0,120
1,225,-7.102350302103402,-7.102350302103402,-7.102350302103402,130.41686470697886,351.60111323486854,36.651189851351354,98.90685837416919,0.9853765268380137,1,0,120
1,226,-7.102349905809904,-7.102349905809904,-7.102349905809904,130.41840305487642,351.60288537894064,36.650597820987905,98.90627285935449,0.9853706935463289,1,0,120
1,227,-7.1023502774827465,-7.1023502774827465,-7.1023502774827465,130.41875266367154,351.60362660239156,36.65392165554376,98.91056813413907,0.9854134859574784,1,0,120
1,228,-7.102350355182076,-7.102350355182076,-7.102350355182076,130.41862740567257,351.6033829005654,36.6517062281711,98.9076734789498,0.9853846474590802,1,0,120
1,229,-7.102350394104654,-7.102350394104654,-7.102350394104654,130.41870984121883,351.6034354104764,36.652059942442484,98.90821778288769,0.9853900701803422,1,0,120
1,230,-7.102350359338134,-7.102350359338134,-7.102350359338134,130.41813996434848,351.60259769400693,36.652018580680256,98.90822355503376,0.9853901276863366,1,0,120
1,231,-7.102350398802245,-7.102350398802245,-7.102350398802245,130.41910491147127,351.6039772618194,36.652007861337665,98.90813943004964,0.9853892895767653,1,0,120
1,232,-7.102350428339084,-7.102350428339084,-7.102350428339084,130.41926970262898,351.60422216102234,36.65173122500842,98.90775038729147,0.9853854136716143,1,0,120
1,233,-7.102350445210484,-7.102350445210484,-7.102350445210484,130.4191186337061,351.60403490497356,36.65149856752751,98.90742407853578,0.9853821627647141,1,0,120
1,234,-7.102350445810236,-7.102350445810236,-7.102350445810236,130.41960878976732,351.60469831749833,36.65127055104605,98.90711423500451,0.9853790758954342,1,0,120
1,235,-7.10235046314403,-7.10235046314403,-7.10235046314403,130.4196115015307,351.6047263728902,36.651542571994206,98.90746049664573,0.9853825255863757,1,0,120
1,236,-7.1023504674622036,-7.1023504674622036,-7.1023504674622036,130.41934380948567,351.6043771828813,36.65157624181807,98.90749513540274,0.9853828706809287,1,0,120
1,237,-7.102350482274536,-7.102350482274536,-7.102350482274536,130.4191957410211,351.6041814110862,36.65141396248681,98.90727581238019,0.9853806856377298,1,0,120
1,238,-7.10235048466878,-7.10235048466878,-7.10235048466878,130.41953566153026,351.6046452886639,36.651414047261774,98.90727089166687,0.9853806366142801,1,0,120
1,239,-7.102350488034744,-7.102350488034744,-7.102350488034744,130.4187823205212,351.60361558224497,36.65149155316702,98.90739015037168,0.9853818247495649,1,0,120
1,240,-7.102350488034031,-7.102350488034031,-7.102350488034031,130.41843842828226,351.6031455059334,36.65124431710746,98.90706322645288,0.9853785677139968,1,0,120
1,241,-7.102350475616342,-7.102350475616342,-7.102350475616342,130.41834998314377,351.60303646138027,36.65128608336675,98.90710653810383,0.9853789992137421,1,0,120
1,242,-7.102350519653025,-7.102350519653025,-7.102350519653025,130.41910237324555,351.6040758257518,36.651651820968915,98.9075846293932,0.9853837622801458,1,0,120
1,243,-7.102350531800314,-7.102350531800314,-7.102350531800314,130.41912432297136,351.6041505098888,36.651641639312814,98.90752854799315,0.9853832035595869,1,0,120
1,244,-7.1023505459274485,-7.1023505459274485,-7.1023505459274485,130.41976236040486,351.60500870361733,36.651731071141086,98.90765435752196,0.9853844569585783,1,0,120
1,245,-7.1023505674107845,-7.1023505674107845,-7.1023505674107845,130.42003189321267,351.60537724425353,36.652216084712215,98.908307982054,0.9853909688049944,1,0,120
1,246,-7.102350576464474,-7.102350576464474,-7.102350576464474,130.41974479664805,351.60502042306945,36.652232322381934,98.90830165425814,0.9853909057632437,1,0,120
1,247,-7.102350590797385,-7.102350590797385,-7.102350590797385,130.4204920866075,351.6060374156582,36.65253215949471,98.9086996888333,0.9853948712509124,1,0,120
1,248,-7.102350591429594,-7.102350591429594,-7.102350591429594,130.42056872728466,351.60614014834437,36.65299493818801,98.9093243738932,0.985401094782878,1,0,120
1,249,-7.1023505903653525,-7.1023505903653525,-7.1023505903653525,130.42098682289702,351.60673102085946,36.65305163693112,98.90937340495772,0.985401583263261,1,0,120
1,250,-7.102350595549518,-7.102350595549518,-7.102350595549518,130.42068704070232,351.6062948029265,36.65287590807019,98.90916968106123,0.9853995536290288,1,0,120
1,251,-7.102350621966374,-7.102350621966374,-7.102350621966374,130.42090660671943,351.60657784889645,36.652956017549435,98.9092966244415,0.9854008183242098,1,0,120
1,252,-7.102350623597952,-7.102350623597952,-7.102350623597952,130.42186798232123,351.60786859290334,36.6532027583134,98.90963509225999,0.9854041903678568,1,0,120
1,253,-7.102350648950835,-7.102350648950835,-7.102350648950835,130.42190269901045,351.607885132658,36.65331150907427,98.90981769323238,0.9854060095613377,1,0,120
1,254,-7.102350672403509,-7.102350672403509,-7.102350672403509,130.42175053145357,351.607683726603,36.653158955521306,98.90961354233993,0.985403975673085,1,0,120
1,255,-7.102350690198132,-7.102350690198132,-7.102350690198132,130.4213753301613,351.60717589449825,36.65328407666103,98.90978821228934,0.9854057158523903,1,0,120
1,256,-7.1023507102289365,-7.1023507102289365,-7.1023507102289365,130.42109289761774,351.606776075638,36.653419743864404,98.90999466677908,0.9854077726906258,1,0,120
1,257,-7.10235073149144,-7.10235073149144,-7.10235073149144,130.4212376173008,351.60695579526157,36.653521617990876,98.91015220695365,0.9854093422116137,1,0,120
1,258,-7.102350747885207,-7.102350747885207,-7.102350747885207,130.42179528037414,351.60765298945375,36.653473582457586,98.91014581044047,0.9854092784852548,1,0,120
1,259,-7.10235077293304,-7.10235077293304,-7.10235077293304,130.42195861579904,351.6078991580878,36.65360651762023,98.91030473011288,0.9854108617497264,1,0,120
1,260,-7.102350770575314,-7.102350770575314,-7.102350770575314,130.42316397243124,351.6094569354108,36.65449873247646,98.91157445693204,0.9854235116207632,1,0,120
1,261,-7.102350776492177,-7.102350776492177,-7.102350776492177,130.42224449027682,351.6082883844324,36.65378020982278,98.91053591439352,0.9854131649627416,1,0,120
1,262,-7.1023507863235125,-7.1023507863235125,-7.1023507863235125,130.42227448829644,351.6083286662824,36.65360863980891,98.91030697337197,0.9854108840985794,1,0,120
1,263,-7.102350779629459,-7.102350779629459,-7.102350779629459,130.42185843809494,351.6077589217607,36.65384936861785,98.91063883364504,0.9854141903134228,1,0,120
1,264,-7.102350780495463,-7.102350780495463,-7.102350780495463,130.4221077004432,351.6080895197782,36.653520810926054,98.9102015210397,0.985409833511647,1,0,120
1,265,-7.102350808808551,-7.102350808808551,-7.102350808808551,130.42197501664893,351.60793906425306,36.653703538987486,98.9104258263552,0.9854120681917933,1,0,120
1,266,-7.102350824771764,-7.102350824771764,-7.102350824771764,130.42234061127866,351.6084338011592,36.6537170186003,98.91044577050715,0.9854122668888252,1,0,120
1,267,-7.102350842420935,-7.102350842420935,-7.102350842420935,130.42245853026978,351.60861318524445,36.6537721811657,98.91050371832893,0.9854128442039305,1,0,120
1,268,-7.102350864012469,-7.102350864012469,-7.102350864012469,130.4216589191488,351.60751423186497,36.65365814835404,98.91037571858013,0.9854115689844969,1,0,120
1,269,-7.102350861062294,-7.102350861062294,-7.102350861062294,130.42302371568826,351.6093634017681,36.653087742833186,98.90959691886978,0.9854038100589149,1,0,120
1,270,-7.102350864120721,-7.102350864120721,-7.102350864120721,130.42175740489046,351.6076318091083,36.65364022033325,98.91036677748653,0.9854114799073197,1,0,120
1,271,-7.102350878933325,-7.102350878933325,-7.102350878933325,130.4214365881501,351.60721066684613,36.6538583146288,98.91065276111192,0.9854143290681985,1,0,120
1,272,-7.102350891185153,-7.102350891185153,-7.102350891185153,130.42118652258185,351.60689807583447,36.65402139881689,98.91085083946957,0.9854163024577824,1,0,120
1,273,-7.102350895890441,-7.102350895890441,-7.102350895890441,130.421049957062,351.6067043539473,36.654107832990036,98.91097803175352,0.985417569632709,1,0,120
1,274,-7.102350894575759,-7.102350894575759,-7.102350894575759,130.4216411674125,351.6075091876997,36.654508051021544,98.91150959176368,0.9854228653904069,1,0,120
1,275,-7.10235088885886,-7.10235088885886,-7.10235088885886,130.42074797929106,351.60631250389156,36.653883049579896,98.9106580923217,0.9854143821812895,1,0,120
1,276,-7.102350911823444,-7.102350911823444,-7.102350911823444,130.42113055101734,351.6068073188055,36.65439354091307,98.9113725216591,0.9854214998059996,1,0,120
1,277,-7.10235092592524,-7.10235092592524,-7.10235092592524,130.420878296153,351.6064564872281,36.654741236469114,98.91185520741192,0.9854263086455328,1,0,120
1,278,-7.102350932117351,-7.102350932117351,-7.102350932117351,130.42104411393586,351.606644374937,36.65485654014703,98.9120477354615,0.9854282267392216,1,0,120
1,279,-7.1023509450755,-7.1023509450755,-7.1023509450755,130.42056927980389,351.60601170073477,36.65499636833472,98.91223165809213,0.9854300590999492,1,0,120
1,280,-7.1023509562636615,-7.1023509562636615,-7.1023509562636615,130.42094598202695,351.6065266876848,36.655341374380555,98.91269223130415,0.9854346476395053,1,0,120
1,281,-7.102350961000222,-7.102350961000222,-7.102350961000222,130.42077535560486,351.6062934738912,36.65573650207372,98.91322919445436,0.9854399972269119,1,0,120
1,282,-7.102350966312704,-7.102350966312704,-7.102350966312704,130.42013347224935,351.60542536563344,36.6556224450276,98.91307930678262,0.9854385039452951,1,0,120
1,283,-7.102350965554575,-7.102350965554575,-7.102350965554575,130.42010545200495,351.60535769255426,36.655874871444425,98.91344936375275,0.9854421907012789,1,0,120
1,284,-7.102350964684522,-7.102350964684522,-7.102350964684522,130.42002203085514,351.60527972188993,36.655797225902795,98.913309980969,0.9854408020764089,1,0,120
1,285,-7.1023509812507815,-7.1023509812507815,-7.1023509812507815,130.4207723806129,351.60629487849974,36.65575268901291,98.91325016439882,0.9854402061435774,1,0,120
1,286,-7.102350990315834,-7.102350990315834,-7.102350990315834,130.4208770669881,351.60645304039576,36.65580336503374,98.91330351072578,0.9854407376155021,1,0,120
1,287,-7.102351000377857,-7.102351000377857,-7.102351000377857,130.421252671132,351.60697843721664,36.655744905877334,98.91320796861936,0.9854397857608932,1,0,120
1,288,-7.1023510072886165,-7.1023510072886165,-7.1023510072886165,130.4220906029265,351.60808488056455,36.65592322312287,98.9134732287453,0.9854424284603571,1,0,120
1,289,-7.102351017959628,-7.102351017959628,-7.102351017959628,130.42202430213683,351.607998039096,36.65604458406442,98.91363670810868,0.9854440571515313,1,0,120
1,290,-7.1023510205153775,-7.1023510205153775,-7.1023510205153775,130.42253602186187,351.608709850553,36.65620550375317,98.91383234872693,0.9854460062547188,1,0,120
1,291,-7.1023510276378055,-7.1023510276378055,-7.1023510276378055,130.4222786045836,351.60836896256956,36.6561770998237,98.91378948702831,0.9854455792377008,1,0,120
1,292,-7.102351034485605,-7.102351034485605,-7.102351034485605,130.42229145213273,351.6083801768784,36.65586228745767,98.91337269543803,0.9854414268800544,1,0,120
1,293,-7.1023510386005375,-7.1023510386005375,-7.1023510386005375,130.4222033142119,351.6082720384342,36.65623266138521,98.91386228156036,0.9854463044657016,1,0,120
1,294,-7.102351038788139,-7.102351038788139,-7.102351038788139,130.42159895568895,351.607467805482,36.65594208280776,98.91345996924842,0.9854422963603471,1,0,120
1,295,-7.102351039169792,-7.102351039169792,-7.102351039169792,130.42214545551207,351.6082129168,36.65595882375538,98.91347432645962,0.9854424393965242,1,0,120
1,296,-7.102351048733664,-7.102351048733664,-7.102351048733664,130.42201781186805,351.60801440855295,36.65610735646298,98.91370315247521,0.9854447191149198,1,0,120
1,297,-7.102351055955301,-7.102351055955301,-7.102351055955301,130.4217876650979,351.6076746430915,36.65632497347416,98.91402765160764,0.9854479519931381,1,0,120
1,298,-7.102351063370327,-7.102351063370327,-7.102351063370327,130.4219354449948,351.60786871316293,36.65642808933913,98.91417351861143,0.9854494052181615,1,0,120
1,299,-7.102351065385713,-7.102351065385713,-7.102351065385713,130.4210757043604,351.606724074095,36.65636890261602,98.91407967925682,0.9854484703275093,1,0,120
1,300,-7.102351061920825,-7.102351061920825,-7.102351061920825,130.42084428332464,351.6063774094667,36.65633697177106,98.91407050184918,0.9854483788960129,1,0,120
2,1,-2.9279282967421194,-2.9279282967421194,-2.9279282967421194,116.01261980982234,46.45257806083397,13.436108579056702,2.733301910421872,0.06427065828135836,1,0,120
2,2,1.8602141596808472,1.8602141596808472,1.8602141596808472,131.77408048690313,8.151232861311605,15.592570361264581,-3.3620740975325436,-0.07905556082744225,1,0,120
2,3,-1.142815002075503,-1.142815002075503,-1.142815002075503,105.55242901819217,-8.440472281333482,17.978599226457405,-11.240527332452569,-0.26430892552766816,1,0,120
2,4,-2.9588877029732084,-2.9588877029732084,-2.9588877029732084,101.08316681799786,45.39202756534592,15.623100861079415,2.0388752415899463,0.04794196112434723,1,0,120
2,5,-3.9814328899645917,-3.9814328899645917,-3.9814328899645917,122.58616203798238,78.1711393752764,16.8736934808219,8.282199885032083,0.19474703346863143,1,0,120
2,6,-2.6610901479603113,-2.6610901479603113,-2.6610901479603113,108.21472646827739,41.57527046906857,19.904548117979772,1.2456125821143789,0.029289241818031497,1,0,120
2,7,-3.172635967426401,-3.172635967426401,-3.172635967426401,117.96511277172777,52.42958224370059,14.548529648470701,3.8122476728419774,0.08964090886956333,1,0,120
2,8,-0.4385444606900508,-0.4385444606900508,-0.4385444606900508,122.32914094155919,20.583750209436154,21.7399389356851,-5.63812418663245,-0.1325744337152226,1,0,120
2,9,-5.127421199634691,-5.127421199634691,-5.127421199634691,129.51886061670402,134.78081750306467,20.120705037472238,24.047738009077484,0.5654567269455066,1,0,120
2,10,-5.1678203091868085,-5.1678203091868085,-5.1678203091868085,138.8153604815248,140.8326374636291,20.77451082931852,26.538506361330995,0.624024469138684,1,0,120
2,11,-5.203494319339195,-5.203494319339195,-5.203494319339195,131.02370512662952,138.6076814378789,33.4519727642716,34.36410757714796,0.808035075383907,1,0,120
2,12,-5.220413767226749,-5.220413767226749,-5.220413767226749,124.7826290042027,136.27587559103003,32.94805060973917,34.55113205014096,0.8124327549626436,1,0,120
2,13,-5.280687422224184,-5.280687422224184,-5.280687422224184,126.36680231463953,141.72424309326345,31.24573945326614,34.263365724238675,0.8056662389307234,1,0,120
2,14,-5.467863183144357,-5.467863183144357,-5.467863183144357,129.84799467282625,157.12354422793467,31.866416116230766,38.62825634175947,0.9083019529894338,1,0,120
2,15,-5.059681155053356,-5.059681155053356,-5.059681155053356,116.83521200813685,118.22311371543859,31.16779798118885,34.474087466353666,0.8106211343370031,1,0,120
2,16,-5.2704524827391515,-5.2704524827391515,-5.2704524827391515,129.02973619825713,141.08613595550548,31.07755724673463,35.38341199536513,0.8320029238305511,1,0,120
2,17,-5.131011432474209,-5.131011432474209,-5.131011432474209,141.6044980236012,138.52201734040696,37.17055296388944,35.393539309724595,0.8322410567488443,1,0,120
2,18,-5.29473088322044,-5.29473088322044,-5.29473088322044,124.24183431194355,140.1075555555798,31.480251974821194,36.05407019772107,0.8477727310307208,1,0,120
2,19,-5.373048242287162,-5.373048242287162,-5.373048242287162,136.3231282060934,156.42288741000758,31.664444253769112,33.851870673954295,0.7959903748556802,1,0,120
2,20,-5.297129648338836,-5.297129648338836,-5.297129648338836,135.44836456881612,146.68046413556763,32.69776070574089,36.59339303590773,0.8604543282243062,1,0,120
2,21,-5.048847798157939,-5.048847798157939,-5.048847798157939,129.279072555914,126.12777059556007,28.782139527884393,30.820315240870247,0.724706605376052,1,0,120
2,22,-5.155628474717062,-5.155628474717062,-5.155628474717062,117.83256775836648,126.01830865388062,29.530980717936384,33.836437062930166,0.7956274700713983,1,0,120
2,23,-5.348644996637337,-5.348644996637337,-5.348644996637337,125.23839080990666,145.63921145153526,30.376797549231547,35.27367183489419,0.8294225018411336,1,0,120
2,24,-5.6028525877946596,-5.6028525877946596,-5.6028525877946596,134.71578092931486,172.71587155182945,30.68297381938201,39.07639527310762,0.9188394585644417,1,0,120
2,25,-5.5223907265133025,-5.5223907265133025,-5.5223907265133025,139.66744922149354,170.26872784059555,29.29462815679941,35.35182854894007,0.8312602730151426,1,0,120
2,26,-5.600901830325317,-5.600901830325317,-5.600901830325317,134.5050082067158,172.4944894174845,30.529612262702,38.85826335152566,0.9137103207480903,1,0,120
2,27,-5.58942580314067,-5.58942580314067,-5.58942580314067,139.34894048322553,174.64724638263732,30.334234489808452,38.435253130539145,0.9037636898037062,1,0,120
2,28,-5.592194198032308,-5.592194198032308,-5.592194198032308,134.8279096254784,171.86997871992725,30.57112770901382,38.79678795241041,0.9122647927754279,1,0,120
2,29,-5.625527931830604,-5.625527931830604,-5.625527931830604,133.49101673947695,173.86437630676335,30.700391335076645,39.55953903919687,0.9302000652258178,1,0,120
2,30,-5.6201642640215335,-5.6201642640215335,-5.6201642640215335,130.628193033164,171.51887063778457,30.629150806698558,39.423059066654446,0.9269908852797322,1,0,120
2,31,-5.632066669716474,-5.632066669716474,-5.632066669716474,133.98186476110848,174.72148622956468,30.817050642609495,39.797093400958445,0.9357859008591993,1,0,120
2,32,-5.64786229880004,-5.64786229880004,-5.64786229880004,134.2540693465724,176.2758953344507,30.653294612158238,40.01475190092331,0.9409039066747793,1,0,120
2,33,-5.652918624441474,-5.652918624441474,-5.652918624441474,134.09177664644307,176.53223638980842,31.105415021889236,40.49638548835947,0.9522290031073781,1,0,120
2,34,-5.665024911853265,-5.665024911853265,-5.665024911853265,133.8768494125897,177.4507075850572,31.42885118523332,40.967301844787684,0.9633020953653895,1,0,120
2,35,-5.660787791242844,-5.660787791242844,-5.660787791242844,133.6738057450537,176.91351196948625,31.582913919189362,41.00996244959256,0.9643052136608969,1,0,120
2,36,-5.661072070444686,-5.661072070444686,-5.661072070444686,133.1911304155971,176.6307804891875,31.413959789345835,40.893535395895206,0.9615675565603929,1,0,120
2,37,-5.683728219846807,-5.683728219846807,-5.683728219846807,135.10366098725225,180.08103004183928,31.0334324163522,40.94285341548958,0.9627272168132093,1,0,120
2,38,-5.6912469021817,-5.6912469021817,-5.6912469021817,136.72305278800974,181.89814460412038,31.037167911151947,41.03931951421997,0.9649955134999371,1,0,120
2,39,-5.698601936018098,-5.698601936018098,-5.698601936018098,137.45372611675123,183.09584224036638,30.843668405258878,41.02094284272548,0.9645634058101618,1,0,120
2,40,-5.69789106319953,-5.69789106319953,-5.69789106319953,138.477830235699,183.7029749930505,30.348082511138006,40.685670409186386,0.956679834688732,1,0,120
2,41,-5.695216908211405,-5.695216908211405,-5.695216908211405,138.19581879761796,183.2837304885896,31.10455554497355,41.11975460184003,0.9668868581810894,1,0,120
2,42,-5.70409330017712,-5.70409330017712,-5.70409330017712,135.9305907533652,182.59477226579492,30.92086697624905,41.17072606785153,0.9680853974502548,1,0,120
2,43,-5.702564157474559,-5.702564157474559,-5.702564157474559,135.5984143946158,182.29249896238863,30.338723764478523,40.6885073089426,0.9567465413390712,1,0,120
2,44,-5.70693082839513,-5.70693082839513,-5.70693082839513,135.8728502636643,182.8054393648541,30.871799229054623,41.20602098847496,0.9689153195945326,1,0,120
2,45,-5.714390618126496,-5.714390618126496,-5.714390618126496,137.3714899406931,184.514146136715,30.318140606911918,40.97064821314309,0.9633807816225621,1,0,120
2,46,-5.716226175487014,-5.716226175487014,-5.716226175487014,137.25949811569134,184.5853477806902,30.058859795031623,40.85650214781633,0.9606967595133302,1,0,120
2,47,-5.720068322343061,-5.720068322343061,-5.720068322343061,137.44195093751017,185.06937900119323,29.92544596596005,40.83907578688153,0.9602869973555321,1,0,120
2,48,-5.721698367753677,-5.721698367753677,-5.721698367753677,138.14479192338956,185.68121660053288,29.84671045158908,40.83258615585833,0.9601344006532528,1,0,120
2,49,-5.716931211998388,-5.716931211998388,-5.716931211998388,137.16523199341032,184.52568274021485,29.570426068305093,40.60261282997206,0.9547268249348491,1,0,120
2,50,-5.72223611579845,-5.72223611579845,-5.72223611579845,137.48630258219384,185.28957199694446,29.713150506830114,40.75038233413768,0.9582014660897182,1,0,120
2,51,-5.725710942635113,-5.725710942635113,-5.725710942635113,138.47354323018584,186.3080047440585,29.859348848243577,40.89121008007622,0.9615128792567886,1,0,120
2,52,-5.727453660157085,-5.727453660157085,-5.727453660157085,138.3588097413463,186.42026314336775,30.253811496919454,41.165871600562454,0.9679712498666728,1,0,120
2,53,-5.730923884226186,-5.730923884226186,-5.730923884226186,137.70209174226883,186.3132337787544,30.484957709607382,41.38024131234649,0.9730119233610321,1,0,120
2,54,-5.727987810822461,-5.727987810822461,-5.727987810822461,139.96402711871508,187.55109483887531,30.095020585351474,41.070168725039935,0.9657208995538156,1,0,120
2,55,-5.73177305268035,-5.73177305268035,-5.73177305268035,138.0126307268556,186.61398689248534,30.1261292582335,41.14348014858738,0.9674447389266168,1,0,120
2,56,-5.730591493467717,-5.730591493467717,-5.730591493467717,137.16021066314818,186.00611111058748,30.46424233673804,41.26844522760527,0.9703831585208951,1,0,120
2,57,-5.73058877115847,-5.73058877115847,-5.73058877115847,138.25228750926544,186.6716229417779,30.240535863703098,41.19055521035086,0.968551658435449,1,0,120
2,58,-5.7328071573560555,-5.7328071573560555,-5.7328071573560555,136.92512791304722,185.94456737819394,30.179001707684932,41.22850334160689,0.9694439679776452,1,0,120
2,59,-5.729258223733666,-5.729258223733666,-5.729258223733666,135.55578175660946,184.6689918234089,30.91086949075121,41.668363772262,0.9797868135017103,1,0,120
2,60,-5.733096726422106,-5.733096726422106,-5.733096726422106,137.45633537313302,186.32808396683356,30.047639014117244,41.14954572821219,0.9675873645157835,1,0,120
2,61,-5.729017300928415,-5.729017300928415,-5.729017300928415,138.7943412159222,186.8921077113294,29.454743418762682,40.62636059524421,0.9552852281251196,1,0,120
2,62,-5.732798772297463,-5.732798772297463,-5.732798772297463,138.20550130156124,186.81167042913484,30.204500629705063,41.246363904500015,0.9698639399280689,1,0,120
2,63,-5.729427277536866,-5.729427277536866,-5.729427277536866,136.15410814592565,185.0804507688003,30.01427877342122,41.07316075603514,0.9657912539485962,1,0,120
2,64,-5.7285789348206615,-5.7285789348206615,-5.7285789348206615,137.48462537468265,185.88638562188146,29.639928634787793,40.82077669324507,0.9598567138257534,1,0,120
2,65,-5.732400447567244,-5.732400447567244,-5.732400447567244,137.19511469297714,186.0825792055237,30.106120442067095,41.17821226389832,0.9682614273085428,1,0,120
2,66,-5.7325468740374435,-5.7325468740374435,-5.7325468740374435,137.57998528073045,186.35302293364055,30.021718778400142,41.12840844028595,0.9670903438960994,1,0,120
2,67,-5.733842506460252,-5.733842506460252,-5.733842506460252,137.66446494327175,186.54242169376082,30.05344878812275,41.16532519606182,0.9679584017517942,1,0,120
2,68,-5.7345639540184035,-5.7345639540184035,-5.7345639540184035,137.3760438189436,186.4223264047506,30.253485439548715,41.30754629951329,0.9713025782240214,1,0,120
2,69,-5.734391882017931,-5.734391882017931,-5.734391882017931,137.57302403332199,186.53449176095933,30.32513996212098,41.35817435623826,0.9724930425927079,1,0,120
2,70,-5.734612073489669,-5.734612073489669,-5.734612073489669,137.35181694343788,186.40964682733903,30.23922309927433,41.29955854149386,0.9711147546747299,1,0,120
2,71,-5.73493904861708,-5.73493904861708,-5.73493904861708,137.44100455901807,186.50768233836632,30.23575352578177,41.296989158100104,0.9710543383842849,1,0,120
2,72,-5.73521617794223,-5.73521617794223,-5.73521617794223,137.45096464634858,186.54434828559607,30.23397322182089,41.29744828070241,0.9710651341590837,1,0,120
2,73,-5.735513058492767,-5.735513058492767,-5.735513058492767,137.3470065987385,186.5071439439951,30.25787728558533,41.3140748158356,0.9714560892723385,1,0,120
2,74,-5.735781427668209,-5.735781427668209,-5.735781427668209,137.32866318995244,186.52417142534784,30.26122513739499,41.317426339375636,0.9715348967481399,1,0,120
2,75,-5.735901676988775,-5.735901676988775,-5.735901676988775,137.24199786712137,186.48117976082972,30.283661280698595,41.33045011758671,0.9718411369024911,1,0,120
2,76,-5.736117593347574,-5.736117593347574,-5.736117593347574,137.3538251240305,186.57903541771634,30.205020599685188,41.27975580284759,0.9706491145477769,1,0,120
2,77,-5.73624263514472,-5.73624263514472,-5.73624263514472,137.51689999739807,186.70701673032934,30.1974966075671,41.27176768902377,0.9704612826321273,1,0,120
2,78,-5.736436103856503,-5.736436103856503,-5.736436103856503,137.4623680548483,186.69280161925258,30.183661210141587,41.261561214404956,0.9702212883453705,1,0,120
2,79,-5.736595240246409,-5.736595240246409,-5.736595240246409,137.36017496115815,186.63531584326608,30.154225017050933,41.24767038544826,0.969894660424131,1,0,120
2,80,-5.736690116029386,-5.736690116029386,-5.736690116029386,137.2435071382534,186.5670449049532,30.137655182274017,41.23610271889825,0.9696226591713191,1,0,120
2,81,-5.736679274472138,-5.736679274472138,-5.736679274472138,137.1881673593948,186.5304457942812,30.109318502780344,41.21451897651667,0.9691151406547036,1,0,120
2,82,-5.736613666082806,-5.736613666082806,-5.736613666082806,137.26837962216882,186.57652022469,30.112967593767973,41.2180456113912,0.9691980656854291,1,0,120
2,83,-5.736984532476811,-5.736984532476811,-5.736984532476811,137.32209318310166,186.64882461893413,30.121990407126557,41.230679682452596,0.9694951422947833,1,0,120
2,84,-5.737217811828579,-5.737217811828579,-5.737217811828579,137.36408729235234,186.7008426258823,30.100977287862683,41.2195210538576,0.9692327591300904,1,0,120
2,85,-5.737398713293439,-5.737398713293439,-5.737398713293439,137.41076890096548,186.75375215498923,30.14556876474281,41.249336624285604,0.9699338402404996,1,0,120
2,86,-5.737526654335122,-5.737526654335122,-5.737526654335122,137.52119314907281,186.83880112351653,30.109805676891302,41.22966895612627,0.9694713761509528,1,0,120
2,87,-5.737791922819377,-5.737791922819377,-5.737791922819377,137.4210842584087,186.7957830640093,30.132638171262904,41.25035691104417,0.9699578311876242,1,0,120
2,88,-5.738256833513518,-5.738256833513518,-5.738256833513518,137.4404073348126,186.8523151645281,30.142078658804976,41.26641930674665,0.9703355211681703,1,0,120
2,89,-5.738939791621175,-5.738939791621175,-5.738939791621175,137.2237633226513,186.7764172793041,30.179333922188157,41.2980589587249,0.9710794935967857,1,0,120
2,90,-5.739078492127784,-5.739078492127784,-5.739078492127784,137.58391892175817,187.03663413072601,30.020621723239838,41.19085388456808,0.9685586814388278,1,0,120
2,91,-5.739155643851637,-5.739155643851637,-5.739155643851637,137.83482633702428,187.21477564736819,29.988598256836237,41.17050112088117,0.9680801080638872,1,0,120
2,92,-5.739415071740332,-5.739415071740332,-5.739415071740332,137.7070664837257,187.15165588470109,30.01877400380631,41.196829819509496,0.9686991991295619,1,0,120
2,93,-5.739614202563718,-5.739614202563718,-5.739614202563718,137.72095228754006,187.18391713087826,30.056104876105977,41.22217031414206,0.9692950536398157,1,0,120
2,94,-5.739715583307372,-5.739715583307372,-5.739715583307372,137.67387604345745,187.1595989371923,30.117824889406037,41.26803484795992,0.9703735088843688,1,0,120
2,95,-5.7400570055659434,-5.7400570055659434,-5.7400570055659434,137.49825756029176,187.07388891935386,30.141017069826212,41.28894726910713,0.9708652420032986,1,0,120
2,96,-5.740275445677804,-5.740275445677804,-5.740275445677804,137.33216028131278,186.97943959933596,30.12276431722132,41.282728150736204,0.9707190061154498,1,0,120
2,97,-5.74050169970638,-5.74050169970638,-5.74050169970638,137.18955815314473,186.90698685281944,30.147678016627438,41.300769720075124,0.9711432342380073,1,0,120
2,98,-5.740484693809027,-5.740484693809027,-5.740484693809027,137.0156461265301,186.78953586919346,30.19788782910856,41.33191535705868,0.9718755904346985,1,0,120
2,99,-5.740537730839416,-5.740537730839416,-5.740537730839416,137.24174849926118,186.94589031770317,30.126049304942338,41.28681636890481,0.9708151361740767,1,0,120
2,100,-5.740685998658173,-5.740685998658173,-5.740685998658173,137.22475465292723,186.94771300730295,30.12798229591872,41.29164415682282,0.9709286564209072,1,0,120
2,101,-5.740874271094627,-5.740874271094627,-5.740874271094627,137.162231839728,186.92195042709488,30.146678177370294,41.30900249915596,0.9713368191943537,1,0,120
2,102,-5.741089332625031,-5.741089332625031,-5.741089332625031,137.15549922242627,186.93864659796174,30.14744125608861,41.312777412030286,0.9714255822155415,1,0,120
2,103,-5.741174260192631,-5.741174260192631,-5.741174260192631,137.26763812783213,187.02790968806923,30.133171213843035,41.29996127230465,0.9711242244571279,1,0,120
2,104,-5.741341729181476,-5.741341729181476,-5.741341729181476,137.26270778514086,187.04013466005176,30.098173340639807,41.279621887031205,0.9706459656612085,1,0,120
2,105,-5.741554831340598,-5.741554831340598,-5.741554831340598,137.13806569419083,186.97564885932198,30.089941571599272,41.2777733852023,0.9706025001263823,1,0,120
2,106,-5.741764657644347,-5.741764657644347,-5.741764657644347,137.13515044478794,186.99637817144,30.117739999972745,41.29797508199379,0.9710775213255549,1,0,120
2,107,-5.742250426994517,-5.742250426994517,-5.742250426994517,137.0841655366859,187.00700293799372,30.123252409359612,41.31176241466513,0.971401715642821,1,0,120
2,108,-5.74317040261064,-5.74317040261064,-5.74317040261064,136.9855027478307,187.02878511110816,30.12616471803638,41.329616013347724,0.9718215238373151,1,0,120
2,109,-5.744585181963018,-5.744585181963018,-5.744585181963018,136.81618029244868,187.05934437524314,30.10276815861526,41.32884563844121,0.9718034092989334,1,0,120
2,110,-5.742388080643917,-5.742388080643917,-5.742388080643917,139.12600823612405,188.42014619058807,29.878951862458468,41.138393623267824,0.9673251347477274,1,0,120
2,111,-5.7419153147129425,-5.7419153147129425,-5.7419153147129425,136.62997431812607,186.6776425895879,29.970615746968125,41.18825629303837,0.9684976018643674,1,0,120
2,112,-5.744787267470337,-5.744787267470337,-5.744787267470337,137.15322948445876,187.3016118699723,29.98917115813403,41.26249072284127,0.9702431447377624,1,0,120
2,113,-5.744976309087873,-5.744976309087873,-5.744976309087873,136.74966215655076,187.02732155627243,29.924238039629472,41.23779823899343,0.9696625275050113,1,0,120
2,114,-5.7449534233326345,-5.7449534233326345,-5.7449534233326345,136.4824355681332,186.8450811728885,30.02928519321604,41.30634596592325,0.9712743536690629,1,0,120
2,115,-5.74499389941905,-5.74499389941905,-5.74499389941905,136.7952023387035,187.06172666393712,29.914422942489733,41.22986298479328,0.9694759385266298,1,0,120
2,116,-5.7451828576276265,-5.7451828576276265,-5.7451828576276265,136.74374144444917,187.04381225059063,29.926425966811262,41.24232631443387,0.969769000334886,1,0,120
2,117,-5.745403110384875,-5.745403110384875,-5.745403110384875,136.84815317844038,187.1372619692618,29.981830571111814,41.28345339764969,0.9707360595175523,1,0,120
2,118,-5.74554869341945,-5.74554869341945,-5.74554869341945,136.88445186919174,187.17798522551396,29.980666809317555,41.28341138872969,0.9707350717229251,1,0,120
2,119,-5.745712612381342,-5.745712612381342,-5.745712612381342,136.89193605633886,187.19877956127357,29.998243369033045,41.29849897185037,0.9710898400327643,1,0,120
2,120,-5.745924551847698,-5.745924551847698,-5.745924551847698,137.04649894870988,187.3239526721897,30.012534339781446,41.31311688862601,0.9714335646430206,1,0,120
2,121,-5.745937595020634,-5.745937595020634,-5.745937595020634,137.1532926549732,187.3969546628211,30.038928645908374,41.33272900270696,0.9718947224380909,1,0,120
2,122,-5.74588046211015,-5.74588046211015,-5.74588046211015,137.29849957981236,187.49356730865998,30.017043770180095,41.31392073193086,0.9714524661548369,1,0,120
2,123,-5.7458621336315865,-5.7458621336315865,-5.7458621336315865,137.24382374912201,187.4500144939853,30.007081969681074,41.311176192342806,0.9713879312546378,1,0,120
2,124,-5.746161349705011,-5.746161349705011,-5.746161349705011,137.10194774895166,187.38408317431274,30.07339468838328,41.359644324558126,0.9725276073186939,1,0,120
2,125,-5.746332472199295,-5.746332472199295,-5.746332472199295,137.0351488016616,187.35445108187713,30.046304740450275,41.34460089117108,0.9721738771424149,1,0,120
2,126,-5.7464584406193575,-5.7464584406193575,-5.7464584406193575,136.92158139041504,187.28938825847928,30.08092571572204,41.370028351418014,0.9727717765556712,1,0,120
2,127,-5.746710702629457,-5.746710702629457,-5.746710702629457,136.78998523347332,187.22353146034368,30.128486310139635,41.40718287219153,0.9736454251998758,1,0,120
2,128,-5.746943782430582,-5.746943782430582,-5.746943782430582,136.7848135111014,187.24057682299537,30.12430648869587,41.410378352397345,0.9737205634842965,1,0,120
2,129,-5.746999363242795,-5.746999363242795,-5.746999363242795,136.70052325995036,187.18557463608272,30.15188625222276,41.43288633679438,0.9742498145590748,1,0,120
2,130,-5.747173605245045,-5.747173605245045,-5.747173605245045,136.5893158324539,187.12689924618596,30.20560006122796,41.47208482681493,0.9751715249444697,1,0,120
2,131,-5.747349509561634,-5.747349509561634,-5.747349509561634,136.50208083176926,187.0834229357353,30.18457829643752,41.46146415346563,0.9749217912195021,1,0,120
2,132,-5.747392375025903,-5.747392375025903,-5.747392375025903,136.47224420011867,187.06644678303786,30.176780224027706,41.45753612783355,0.974829427916291,1,0,120
2,133,-5.747575696838522,-5.747575696838522,-5.747575696838522,136.46815790925854,187.08027295021964,30.15467452112502,41.44669688699955,0.9745745548117082,1,0,120
2,134,-5.74767304485815,-5.74767304485815,-5.74767304485815,136.30092896102528,186.97456831281158,30.189185235676714,41.472489533239305,0.9751810411812989,1,0,120
2,135,-5.747931446489682,-5.747931446489682,-5.747931446489682,136.40744529973506,187.07507533052996,30.173000532322273,41.463473209709235,0.9749690320189208,1,0,120
2,136,-5.748170967259109,-5.748170967259109,-5.748170967259109,136.5904291008621,187.22365536800368,30.164065612283743,41.461640201940824,0.9749259308102831,1,0,120
2,137,-5.748332378686769,-5.748332378686769,-5.748332378686769,136.5951035407332,187.24220635802953,30.132835819476657,41.44333511133699,0.9744955062682585,1,0,120
2,138,-5.748643730038901,-5.748643730038901,-5.748643730038901,136.66409785132328,187.32167092344145,30.127662212442885,41.44324524489494,0.9744933931554092,1,0,120
2,139,-5.749236936656989,-5.749236936656989,-5.749236936656989,136.8032759849576,187.47784120617763,30.126130862747832,41.449341401598566,0.9746367377317382,1,0,120
2,140,-5.750296508808018,-5.750296508808018,-5.750296508808018,137.06099919341992,187.76307942397585,30.100562311402935,41.44463535340329,0.9745260800637137,1,0,120
2,141,-5.752018905834209,-5.752018905834209,-5.752018905834209,137.4853331343897,188.22911276522953,29.98774560463661,41.38973717490645,0.9732352083685722,1,0,120
2,142,-5.750893726801816,-5.750893726801816,-5.750893726801816,138.83365595200584,189.07140277912487,30.468573370441796,41.668148747902734,0.9797817574348837,1,0,120
2,143,-5.749218011146019,-5.749218011146019,-5.749218011146019,136.07847368899516,187.01759663486774,29.90226667342617,41.25599786357136,0.9700904721267294,1,0,120
2,144,-5.75221654154551,-5.75221654154551,-5.75221654154551,137.51683658319206,188.26070590870984,29.94922090914054,41.376021726270814,0.9729127043271872,1,0,120
2,145,-5.751690979925057,-5.751690979925057,-5.751690979925057,138.0706758948997,188.5883262255422,29.753878378133198,41.23366243667686,0.9695652785562603,1,0,120
2,146,-5.752323434158883,-5.752323434158883,-5.752323434158883,137.40568805106483,188.19570930705868,30.008796169148173,41.41792752329762,0.9738980741286163,1,0,120
2,147,-5.7519000021456375,-5.7519000021456375,-5.7519000021456375,137.64845803385577,188.32083872543632,29.922937900247646,41.351746790011646,0.9723419052774496,1,0,120
2,148,-5.752374998589786,-5.752374998589786,-5.752374998589786,137.32325464576076,188.14306913136488,30.000487576908327,41.41425009362405,0.9738116033201765,1,0,120
2,149,-5.752497792077598,-5.752497792077598,-5.752497792077598,137.2394358630183,188.0961190907943,30.023035719114027,41.43325853774942,0.9742585664647101,1,0,120
2,150,-5.752627036605416,-5.752627036605416,-5.752627036605416,137.21357138439018,188.08881752417335,30.050131752454995,41.45623835789317,0.9747989122502214,1,0,120
2,151,-5.752749051124067,-5.752749051124067,-5.752749051124067,136.97120434844697,187.93484155386486,30.064381078134907,41.46762655535352,0.9750666934801777,1,0,120
2,152,-5.752985638480124,-5.752985638480124,-5.752985638480124,136.92011467170462,187.92264804559431,30.123523662453138,41.512488948246705,0.9761215844573976,1,0,120
2,153,-5.75298444668031,-5.75298444668031,-5.75298444668031,136.71729180049417,187.7817510983544,30.195945842166836,41.563678796573285,0.9773252587521133,1,0,120
2,154,-5.75294943164551,-5.75294943164551,-5.75294943164551,136.8938079882555,187.9014324527227,30.132393787015186,41.5175763296304,0.9762412087657155,1,0,120
2,155,-5.753263822618456,-5.753263822618456,-5.753263822618456,136.96538182192324,187.98009498748877,30.115957958964945,41.51285052190383,0.9761300864735385,1,0,120
2,156,-5.753512403889609,-5.753512403889609,-5.753512403889609,136.9531528502654,187.99492972099816,30.120121859796917,41.52100178012095,0.9763217545543452,1,0,120
2,157,-5.753530346952828,-5.753530346952828,-5.753530346952828,137.11844773182787,188.11431544138577,30.215120029246066,41.58239522624948,0.9777653554905597,1,0,120
2,158,-5.75375810361719,-5.75375810361719,-5.75375810361719,137.06219256066828,188.0964728437747,30.216760134173942,41.58890475159935,0.97791841998656,1,0,120
2,159,-5.754224844548406,-5.754224844548406,-5.754224844548406,137.0664178315666,188.14097717340334,30.186187228018138,41.5799149787207,0.977707035134229,1,0,120
2,160,-5.754493486481832,-5.754493486481832,-5.754493486481832,137.28865009807836,188.31521154914543,30.11387223433757,41.539485209592506,0.9767563725432709,1,0,120
2,161,-5.754897655155306,-5.754897655155306,-5.754897655155306,137.1885029683203,188.2829888509172,30.09485162511274,41.536318952784306,0.976681921415653,1,0,120
2,162,-5.755216451838721,-5.755216451838721,-5.755216451838721,137.17744319557602,188.3042866001144,30.12647043813282,41.56578109597169,0.9773746920641542,1,0,120
2,163,-5.755718305866359,-5.755718305866359,-5.755718305866359,137.22662549130607,188.39045481117364,30.148731166217,41.586387990236894,0.9778592410466538,1,0,120
2,164,-5.756008888747623,-5.756008888747623,-5.756008888747623,137.3256362683261,188.48812444524594,30.134630126286083,41.580469305455566,0.9777200695319355,1,0,120
2,165,-5.756255485165783,-5.756255485165783,-5.756255485165783,137.3145467331258,188.5073626273125,30.113039466421398,41.56714688857896,0.9774068072101652,1,0,120
2,166,-5.756330258472939,-5.756330258472939,-5.756330258472939,137.75406795078575,188.81607960305718,30.1206582546805,41.574062336589584,0.9775694165414865,1,0,120
2,167,-5.7564903695106935,-5.7564903695106935,-5.7564903695106935,137.80613422353423,188.86829745695616,30.06561429577885,41.538245772499685,0.9767272285114497,1,0,120
2,168,-5.756726314929863,-5.756726314929863,-5.756726314929863,137.78683726374578,188.8792493418572,30.090499552613835,41.5583126073529,0.9771990785770139,1,0,120
2,169,-5.756950379779243,-5.756950379779243,-5.756950379779243,137.67829011293546,188.826849084757,30.110553097937196,41.575780410131905,0.9776098151952612,1,0,120
2,170,-5.757173879084344,-5.757173879084344,-5.757173879084344,137.65886729288735,188.83557325755834,30.12827390206502,41.59163637752901,0.977982651235954,1,0,120
2,171,-5.757656122614207,-5.757656122614207,-5.757656122614207,137.51601655654127,188.7826439824845,30.088999676232795,41.57501035733526,0.9775917082309471,1,0,120
2,172,-5.757990140556939,-5.757990140556939,-5.757990140556939,137.57554472172137,188.8555815171028,30.03377534925084,41.543505919918665,0.9768509152275002,1,0,120
2,173,-5.758499079812806,-5.758499079812806,-5.758499079812806,137.37210411607322,188.76756347020262,30.061454433064757,41.56929592584224,0.9774573395128923,1,0,120
2,174,-5.7590026731705874,-5.7590026731705874,-5.7590026731705874,137.10914284720423,188.63500454201895,29.92431583339223,41.484419342964,0.9754615578418457,1,0,120
2,175,-5.759650241996918,-5.759650241996918,-5.759650241996918,136.78240753400775,188.47161422737076,30.110820259417284,41.62568226611174,0.9787832037335185,1,0,120
2,176,-5.76048074099166,-5.76048074099166,-5.76048074099166,136.63236255371282,188.4543229273881,30.119711784007325,41.641175375107316,0.9791475075486857,1,0,120
2,177,-5.759736630192699,-5.759736630192699,-5.759736630192699,137.90916567863772,189.26982160375647,29.904569734129396,41.47112509375095,0.9751489578524257,1,0,120
2,178,-5.760420498765538,-5.760420498765538,-5.760420498765538,136.79576683811047,188.56059538176874,30.0713930851171,41.60735754273586,0.9783523175479489,1,0,120
2,179,-5.7607946596483,-5.7607946596483,-5.7607946596483,136.47989886495748,188.38019808459453,30.089158975100567,41.62509508529882,0.9787693968074584,1,0,120
2,180,-5.761206710579708,-5.761206710579708,-5.761206710579708,136.1818450666983,188.21383266851626,30.08777894198928,41.6319815477032,0.9789313245733857,1,0,120
2,181,-5.760438462770362,-5.760438462770362,-5.760438462770362,135.6522759526665,187.77605606612468,30.04568371126168,41.586172239312965,0.9778541678954396,1,0,120
2,182,-5.7611196979379224,-5.7611196979379224,-5.7611196979379224,136.06736644205935,188.1273333368123,30.0646879571488,41.613379896696415,0.9784939267320543,1,0,120
2,183,-5.761202007210034,-5.761202007210034,-5.761202007210034,135.85083101570288,187.98481582279805,30.19413866593435,41.70512826751922,0.980651291114869,1,0,120
2,184,-5.7611769012955945,-5.7611769012955945,-5.7611769012955945,136.17682995681872,188.20687681656693,30.120985792391537,41.65499621982215,0.9794724898656555,1,0,120
2,185,-5.761293371339426,-5.761293371339426,-5.761293371339426,136.31231266341274,188.3125047608056,30.075330758242185,41.62483117378213,0.9787631912116401,1,0,120
2,186,-5.761283979552078,-5.761283979552078,-5.761283979552078,136.4525166829743,188.4074110991647,30.058403087940913,41.614009014525365,0.9785087197619968,1,0,120
2,187,-5.761335627842149,-5.761335627842149,-5.761335627842149,136.29824211334903,188.30706421286177,30.083372947670217,41.63096441211068,0.9789074077225457,1,0,120
2,188,-5.7615664341221295,-5.7615664341221295,-5.7615664341221295,136.49924972673423,188.46890033991633,30.054574779737845,41.614644362660584,0.9785236592908988,1,0,120
2,189,-5.761742778788144,-5.761742778788144,-5.761742778788144,136.62333322114358,188.57273711093544,30.025497628322498,41.59671453746499,0.9781020587118348,1,0,120
2,190,-5.761856066649116,-5.761856066649116,-5.761856066649116,136.72883965342805,188.65669653284542,30.050540870335507,41.61593593233423,0.9785540291643566,1,0,120
2,191,-5.761976339948809,-5.761976339948809,-5.761976339948809,136.82446966639048,188.73553392528868,30.03005835865573,41.60282221247581,0.9782456741287842,1,0,120
2,192,-5.762034546924224,-5.762034546924224,-5.762034546924224,137.05124555583478,188.89697384252668,30.00327099969062,41.58608821485978,0.9778521921506829,1,0,120
2,193,-5.761964754789283,-5.761964754789283,-5.761964754789283,137.18407958000563,188.9820977066876,29.96827526207128,41.5604024448276,0.9772482188603058,1,0,120
2,194,-5.762020640301163,-5.762020640301163,-5.762020640301163,137.00728722615486,188.8656120190056,29.984620087223384,41.57265307551562,0.9775362792811757,1,0,120
2,195,-5.762145985846465,-5.762145985846465,-5.762145985846465,137.04928888956695,188.90772038123487,29.970361728710408,41.56412977815764,0.9773358630996203,1,0,120
2,196,-5.762181818076757,-5.762181818076757,-5.762181818076757,137.0932780903157,188.94127952987594,29.97107596921398,41.56554164695065,0.9773690616776431,1,0,120
2,197,-5.762207401624087,-5.762207401624087,-5.762207401624087,137.1316010010545,188.9703068084719,29.958996979811182,41.55756750676587,0.9771815583371051,1,0,120
2,198,-5.7621674379563315,-5.7621674379563315,-5.7621674379563315,137.2993968142716,189.083203949417,29.93963845070965,41.5424356059869,0.9768257479451377,1,0,120
2,199,-5.7622645677950874,-5.7622645677950874,-5.7622645677950874,137.1023798932203,188.95555112027841,29.990553270187227,41.580523404084325,0.9777213416030774,1,0,120
2,200,-5.762466885578909,-5.762466885578909,-5.762466885578909,136.9555999355334,188.8744266107675,30.020711870603865,41.60449715499887,0.9782850586029728,1,0,120
2,201,-5.762593452533465,-5.762593452533465,-5.762593452533465,136.82047709032594,188.79358982642145,30.056773280696156,41.631537737703084,0.9789208888579786,1,0,120
2,202,-5.762724811442518,-5.762724811442518,-5.762724811442518,136.853516049566,188.82976076375422,30.04450791793944,41.62484414425738,0.9787634961984326,1,0,120
2,203,-5.762804956151589,-5.762804956151589,-5.762804956151589,136.81752524929078,188.81216844258307,30.083452844276717,41.6537111264823,0.9794422722762299,1,0,120
2,204,-5.762897760679718,-5.762897760679718,-5.762897760679718,136.76400898750575,188.78433169405758,30.106013005414024,41.67086735141104,0.9798456824760284,1,0,120
2,205,-5.762915146545527,-5.762915146545527,-5.762915146545527,136.6873068313031,188.73335120343927,30.072860899850458,41.64798113225107,0.9793075376171037,1,0,120
2,206,-5.763067852563956,-5.763067852563956,-5.763067852563956,136.68270739340085,188.74648182792015,30.07169664622292,41.648459841651025,0.979318793954409,1,0,120
2,207,-5.763145434329864,-5.763145434329864,-5.763145434329864,136.75927699962662,188.8075122825366,30.071803891970607,41.64933274222285,0.9793393192736763,1,0,120
2,208,-5.763225175610273,-5.763225175610273,-5.763225175610273,136.87294347654785,188.89505801290153,30.03069473440104,41.621086762629815,0.9786751454056801,1,0,120
2,209,-5.763314930321867,-5.763314930321867,-5.763314930321867,136.80869112814784,188.8597642092611,30.070029301535985,41.6495169522344,0.9793436507742175,1,0,120
2,210,-5.763402481110564,-5.763402481110564,-5.763402481110564,136.76196525604445,188.83746255764032,30.076341680945838,41.65399500444079,0.9794489473614789,1,0,120
2,211,-5.763453910160596,-5.763453910160596,-5.763453910160596,136.72759767510996,188.81899146499853,30.068129510795565,41.64897800194231,0.9793309779370452,1,0,120
2,212,-5.763288593980751,-5.763288593980751,-5.763288593980751,136.47740999297352,188.63136644423676,30.097461960593247,41.66493382454823,0.9797061619657077,1,0,120
2,213,-5.763400900184341,-5.763400900184341,-5.763400900184341,136.77882369442443,188.848520745344,30.084464086727827,41.66000980505105,0.979590378936666,1,0,120
2,214,-5.763634073876642,-5.763634073876642,-5.763634073876642,136.88324330571945,188.94438219865341,30.0311293108152,41.62631043901471,0.9787979745445416,1,0,120
2,215,-5.763703208400324,-5.763703208400324,-5.763703208400324,137.00669163423328,189.0375720734906,29.985654564329796,41.5949416996562,0.9780603723351624,1,0,120
2,216,-5.763720863305651,-5.763720863305651,-5.763720863305651,137.1384603941642,189.129939654149,29.997462794367998,41.60373642440629,0.9782671708402733,1,0,120
2,217,-5.763788625617783,-5.763788625617783,-5.763788625617783,137.27642633751728,189.2316957977099,29.98311777789873,41.59511533686949,0.97806445522771,1,0,120
2,218,-5.76382392660631,-5.76382392660631,-5.76382392660631,137.20886263917828,189.1887153630655,29.972610376698746,41.58829170086723,0.9779040047571399,1,0,120
2,219,-5.7639253744157335,-5.7639253744157335,-5.7639253744157335,137.07590033722516,189.10873476254233,29.944028557668002,41.56844829640375,0.9774374084171789,1,0,120
2,220,-5.76401432910806,-5.76401432910806,-5.76401432910806,137.08708343780833,189.1263477169582,29.91697774489259,41.550136999681875,0.9770068379449552,1,0,120
2,221,-5.764101315428595,-5.764101315428595,-5.764101315428595,136.98813566557658,189.06841896596,29.9202512638147,41.552010837767305,0.9770508992346372,1,0,120
2,222,-5.764162525972305,-5.764162525972305,-5.764162525972305,136.89261201660662,189.00917748268526,29.95588663758854,41.576931278399854,0.977636876626307,1,0,120
2,223,-5.764095727780391,-5.764095727780391,-5.764095727780391,136.993322986578,189.074109544918,29.90067141095303,41.535732545421936,0.9766681326764519,1,0,120
2,224,-5.764124126392421,-5.764124126392421,-5.764124126392421,136.95199295143345,189.04689251722976,29.9335653344268,41.560395538263066,0.9772480564598598,1,0,120
2,225,-5.764267533506212,-5.764267533506212,-5.764267533506212,136.70437714066577,188.88941350687327,29.996855906511144,41.60701321369449,0.9783442210204232,1,0,120
2,226,-5.764289387773262,-5.764289387773262,-5.764289387773262,136.6987144081256,188.88678983370016,30.02832689426148,41.629997501622164,0.9788846718610738,1,0,120
2,227,-5.764359323861881,-5.764359323861881,-5.764359323861881,136.5613514084779,188.7993881972958,30.03667154523186,41.63624924278864,0.9790316748389161,1,0,120
2,228,-5.764328848639729,-5.764328848639729,-5.764328848639729,136.48324079372276,188.74352736044148,30.062197967893187,41.65222970825953,0.9794074383180769,1,0,120
2,229,-5.764329804677239,-5.764329804677239,-5.764329804677239,136.43354178038857,188.70907936602782,30.03001131330116,41.63014131627643,0.9788880535081816,1,0,120
2,230,-5.764318701675926,-5.764318701675926,-5.764318701675926,136.52540449992904,188.7703055477179,30.07350362103404,41.66126370136628,0.9796198629615698,1,0,120
2,231,-5.764321946581348,-5.764321946581348,-5.764321946581348,136.51225900573945,188.76233917112256,30.050242746292216,41.644424759857394,0.9792239133405598,1,0,120
2,232,-5.764357765076137,-5.764357765076137,-5.764357765076137,136.545656913404,188.78608441877623,30.067093169419174,41.65955834950512,0.9795797634444618,1,0,120
2,233,-5.764336152226681,-5.764336152226681,-5.764336152226681,136.56794281092394,188.80091767823808,30.047852886063072,41.64434100452494,0.9792219439238881,1,0,120
2,234,-5.764439375423111,-5.764439375423111,-5.764439375423111,136.722888230767,188.9194121726801,29.994653719604162,41.608095658948486,0.9783696735577965,1,0,120
2,235,-5.764476030542566,-5.764476030542566,-5.764476030542566,136.75434948840575,188.9446680636168,29.997226788230247,41.61059440642332,0.9784284289204859,1,0,120
2,236,-5.7645141299967655,-5.7645141299967655,-5.7645141299967655,136.81451645976938,188.99144483825597,29.972465128849873,41.5926850290307,0.9780073091495436,1,0,120
2,237,-5.764510411606254,-5.764510411606254,-5.764510411606254,136.98205795083157,189.107839428276,29.903347864761944,41.54388765729437,0.9768598913718236,1,0,120
2,238,-5.764531283425971,-5.764531283425971,-5.764531283425971,136.69119624917215,188.9082434650984,29.987736879141906,41.603162460538705,0.9782536746964852,1,0,120
2,239,-5.764547547855824,-5.764547547855824,-5.764547547855824,136.6488332277378,188.88051602708856,30.01376770541751,41.62147066533995,0.9786841724655164,1,0,120
2,240,-5.764527635890156,-5.764527635890156,-5.764527635890156,136.67756394537304,188.89898088947137,30.01750649601828,41.623163029731025,0.9787239665962166,1,0,120
2,241,-5.76453354118686,-5.76453354118686,-5.76453354118686,136.58718274497514,188.83741277349873,29.99400085038518,41.60665121084793,0.9783357089123534,1,0,120
2,242,-5.764593095581774,-5.764593095581774,-5.764593095581774,136.5261921704838,188.8017201756739,30.007070349275153,41.61605613499789,0.9785568556008695,1,0,120
2,243,-5.764572601133805,-5.764572601133805,-5.764572601133805,136.55628922198173,188.82058401335934,29.991583206923895,41.604938080029434,0.9782954264814201,1,0,120
2,244,-5.764581020835665,-5.764581020835665,-5.764581020835665,136.52196104850572,188.79893772248684,30.000748316882593,41.61014665593432,0.9784179005487155,1,0,120
2,245,-5.764604616925666,-5.764604616925666,-5.764604616925666,136.37565584942854,188.6991239167411,30.038143105603453,41.637318717369155,0.9790568223848359,1,0,120
2,246,-5.764631639733774,-5.764631639733774,-5.764631639733774,136.52663725222573,188.80517656511267,30.03903830121676,41.639463324201685,0.9791072505107432,1,0,120
2,247,-5.764565178316444,-5.764565178316444,-5.764565178316444,136.4500419096234,188.74422581429343,30.067225562942806,41.65926860376457,0.9795729503846209,1,0,120
2,248,-5.764560077809105,-5.764560077809105,-5.764560077809105,136.4444630736436,188.7410205354161,30.072799757304136,41.66188308482828,0.9796344270983304,1,0,120
2,249,-5.764717853508843,-5.764717853508843,-5.764717853508843,136.68184680247862,188.92255154872203,29.985587820539283,41.60240674239506,0.9782359047961378,1,0,120
2,250,-5.764708353634228,-5.764708353634228,-5.764708353634228,136.65547538909124,188.90576773198256,29.9224968316405,41.556217907259416,0.9771498239544649,1,0,120
2,251,-5.76471791856891,-5.76471791856891,-5.76471791856891,136.5852265715355,188.85649973177266,29.997524797925404,41.60989407478123,0.9784119613742259,1,0,120
2,252,-5.764716978562599,-5.764716978562599,-5.764716978562599,136.69578478485843,188.93435043288906,29.982460037264104,41.59798291293034,0.9781318831984,1,0,120
2,253,-5.7647176257229775,-5.7647176257229775,-5.7647176257229775,136.53571609886413,188.82254675323549,29.988181763074678,41.603097952254906,0.9782521578534871,1,0,120
2,254,-5.764775572867011,-5.764775572867011,-5.764775572867011,136.68248162209454,188.92900407998775,29.976999149892446,41.597106300881606,0.97811127060774,1,0,120
2,255,-5.764769645912017,-5.764769645912017,-5.764769645912017,136.79844203834088,189.00714457910883,29.989904715335708,41.6073899211588,0.9783530788917831,1,0,120
2,256,-5.764771219781654,-5.764771219781654,-5.764771219781654,136.58962957979827,188.86492016566905,29.991818003166248,41.60671387506186,0.9783371823940294,1,0,120
2,257,-5.764792884022972,-5.764792884022972,-5.764792884022972,136.60674301449205,188.8770984799293,29.991896985423846,41.60892506728342,0.9783891762038333,1,0,120
2,258,-5.764805574508621,-5.764805574508621,-5.764805574508621,136.60140055537477,188.8761930423906,29.98842372969717,41.60519469366617,0.9783014604754308,1,0,120
2,259,-5.764806521174515,-5.764806521174515,-5.764806521174515,136.6951126601163,188.9414263697637,29.952838377040692,41.58027691529081,0.9777155456838789,1,0,120
2,260,-5.764824911577728,-5.764824911577728,-5.764824911577728,136.54600816282257,188.83939118866886,29.993387137501653,41.609337086677904,0.9783988643972987,1,0,120
2,261,-5.764786588888913,-5.764786588888913,-5.764786588888913,136.42915018089303,188.7543514215185,30.035293737829885,41.63809939539216,0.9790751791899341,1,0,120
2,262,-5.764777026047621,-5.764777026047621,-5.764777026047621,136.57083416335672,188.850408309626,30.02265306022957,41.63022334107442,0.9788899822331945,1,0,120
2,263,-5.764868474431773,-5.764868474431773,-5.764868474431773,136.59147190931128,188.87653487781446,29.933452392263337,41.56720040345726,0.9774080655550421,1,0,120
2,264,-5.764828423939514,-5.764828423939514,-5.764828423939514,136.34350078027603,188.70343969352945,29.925339853229666,41.55842699527399,0.9772017682861016,1,0,120
2,265,-5.764843251103634,-5.764843251103634,-5.764843251103634,136.58312402360846,188.8672599783323,29.9344706049455,41.568497505638405,0.9774385655194706,1,0,120
2,266,-5.764886732019727,-5.764886732019727,-5.764886732019727,136.62178744078201,188.9018920675372,29.896503082994222,41.53935676787899,0.976753352374351,1,0,120
2,267,-5.764850657756694,-5.764850657756694,-5.764850657756694,136.79218917735517,189.01694132692884,29.85609375344779,41.51007879110427,0.9760649122012099,1,0,120
2,268,-5.764879719752569,-5.764879719752569,-5.764879719752569,136.5527734006455,188.85353211774435,29.89827950372269,41.540379845406996,0.9767774089434211,1,0,120
2,269,-5.764833979049883,-5.764833979049883,-5.764833979049883,136.60464464469482,188.88676012357865,29.860444243305015,41.51159626552453,0.976100593982115,1,0,120
2,270,-5.764894970678388,-5.764894970678388,-5.764894970678388,136.6302207348314,188.90895170697976,29.90297410247738,41.543559092502264,0.976852165523685,1,0,120
2,271,-5.764898400661763,-5.764898400661763,-5.764898400661763,136.6721155664706,188.9365563586935,29.931691548605016,41.565202027773374,0.9773610758975122,1,0,120
2,272,-5.764893076193933,-5.764893076193933,-5.764893076193933,136.64170501116814,188.91564111691076,29.931192127177443,41.56412020931684,0.9773356380986078,1,0,120
2,273,-5.764888643018933,-5.764888643018933,-5.764888643018933,136.71640872623232,188.96644527560787,29.914854781895478,41.55318106569324,0.9770784158872441,1,0,120
2,274,-5.764885461720868,-5.764885461720868,-5.764885461720868,136.52083835004186,188.8302326029829,29.996828698630885,41.61043846051474,0.9784247620199644,1,0,120
2,275,-5.7648956283490085,-5.7648956283490085,-5.7648956283490085,136.6254430230025,188.90418092842242,29.921544127275308,41.55794851939133,0.9771905174397049,1,0,120
2,276,-5.764880514202378,-5.764880514202378,-5.764880514202378,136.71580037943244,188.96633930059468,29.92274173604872,41.55738469629029,0.9771772597451487,1,0,120
2,277,-5.764881083562329,-5.764881083562329,-5.764881083562329,136.8023513463093,189.02379238061118,29.927186023537622,41.56292898539298,0.9773076277476636,1,0,120
2,278,-5.764909910455763,-5.764909910455763,-5.764909910455763,136.65950168134165,188.9317649719269,29.904990203168715,41.54412122417622,0.9768653834461503,1,0,120
2,279,-5.764896242009618,-5.764896242009618,-5.764896242009618,136.68278968006499,188.94985477468128,29.85557220167001,41.506377628291276,0.9759778833334911,1,0,120
2,280,-5.764864086487415,-5.764864086487415,-5.764864086487415,136.57007434816,188.86497704069868,29.928269018815328,41.559860089331416,0.977235465953417,1,0,120
2,281,-5.764913180412523,-5.764913180412523,-5.764913180412523,136.58090382435597,188.8782714418989,29.898090658286918,41.538832357166335,0.9767410214197705,1,0,120
2,282,-5.764909782634495,-5.764909782634495,-5.764909782634495,136.63937872406888,188.91785845155715,29.895029920701194,41.537198932678706,0.976702613197586,1,0,120
2,283,-5.764913510765665,-5.764913510765665,-5.764913510765665,136.57668739213298,188.87532424901377,29.898658495405652,41.5392926559944,0.9767518448522545,1,0,120
2,284,-5.764911816557384,-5.764911816557384,-5.764911816557384,136.55895647030837,188.86294258504495,29.900147765610466,41.54023902593075,0.976774097724707,1,0,120
2,285,-5.764911169869097,-5.764911169869097,-5.764911169869097,136.58571310198448,188.8813583766643,29.895381910262188,41.53696741535381,0.9766971693163893,1,0,120
2,286,-5.764917369534714,-5.764917369534714,-5.764917369534714,136.565414996299,188.86785825691894,29.904733090985648,41.543606095260195,0.9768532707430468,1,0,120
2,287,-5.764920813603564,-5.764920813603564,-5.764920813603564,136.54850387298023,188.85669936235305,29.907161713276494,41.54513891079131,0.9768893132536942,1,0,120
2,288,-5.764923477599252,-5.764923477599252,-5.764923477599252,136.53552699661768,188.84807383375517,29.91215726636436,41.54854753303401,0.9769694633441528,1,0,120
2,289,-5.764924818459899,-5.764924818459899,-5.764924818459899,136.53256567162128,188.84633129374188,29.910569207330838,41.547295889264106,0.9769400322854327,1,0,120
2,290,-5.7649268074787425,-5.7649268074787425,-5.7649268074787425,136.50654255558032,188.8285557237426,29.916279884785073,41.55124172084899,0.9770328142764966,1,0,120
2,291,-5.764927054937321,-5.764927054937321,-5.764927054937321,136.48451421483315,188.8137298825183,29.916264997059923,41.55083829375557,0.9770233281217604,1,0,120
2,292,-5.764925932141076,-5.764925932141076,-5.764925932141076,136.4698399397032,188.8034435045932,29.919643804922178,41.553176517496986,0.9770783089412949,1,0,120
2,293,-5.764927912114508,-5.764927912114508,-5.764927912114508,136.4858478064359,188.8147276546209,29.915371052914438,41.550243576313754,0.9770093439799681,1,0,120
2,294,-5.764930478486054,-5.764930478486054,-5.764930478486054,136.48958709960044,188.8174941576467,29.917597524762627,41.551902129654515,0.9770483430801402,1,0,120
2,295,-5.764931391897839,-5.764931391897839,-5.764931391897839,136.48302507020753,188.81309252756475,29.91550591367893,41.55041896274182,0.9770134680034221,1,0,120
2,296,-5.7649326924721205,-5.7649326924721205,-5.7649326924721205,136.49407067001994,188.82090612406233,29.91640157557843,41.551020816867705,0.9770276199566741,1,0,120
2,297,-5.764936388199202,-5.764936388199202,-5.764936388199202,136.4908353691429,188.81882208881683,29.919977134295113,41.553766068301506,0.9770921715951615,1,0,120
2,298,-5.764939403439273,-5.764939403439273,-5.764939403439273,136.49116943398582,188.8193263948226,29.921358386582448,41.554796384425266,0.977116398372035,1,0,120
2,299,-5.764941447004926,-5.764941447004926,-5.764941447004926,136.48539187533913,188.81534957091924,29.925492139877043,41.557870791187156,0.9771886897444801,1,0,120
2,300,-5.764943356047651,-5.764943356047651,-5.764943356047651,136.478672210293,188.81085088016903,29.925074511076318,41.55764901454168,0.9771834749048967,1,0,120
3,1,-0.7709635388885552,-0.7709635388885552,-0.7709635388885552,157.74651865595837,-18.605220964270877,21.42249216731867,-1.075638190326411,-0.012914318053216078,1,0,120
3,2,-5.0053763488835905,-5.0053763488835905,-5.0053763488835905,153.7953971761078,-137.18091299201654,20.858550262400147,-24.252291226531042,-0.29117765177489674,1,0,120
3,3,-3.772908265472438,-3.772908265472438,-3.772908265472438,142.65198621142056,-76.04454307471477,21.093243245402896,-8.359052579932596,-0.10036038568698202,1,0,120
3,4,-5.468346809050595,-5.468346809050595,-5.468346809050595,141.6768912015959,-156.79480311475072,23.18140764962727,-40.89844147121103,-0.49103451866076153,1,0,120
3,5,-5.433721124182859,-5.433721124182859,-5.433721124182859,139.74735532387476,-160.27749991445904,22.72025021711077,-32.60860365916865,-0.3915051387288304,1,0,120
3,6,-5.772494227579268,-5.772494227579268,-5.772494227579268,129.74727246303127,-181.40675565019495,22.279291892421426,-39.618008302801705,-0.4756613928909269,1,0,120
3,7,-5.599655477020728,-5.599655477020728,-5.599655477020728,129.9244553412384,-166.46579965012148,20.941168163103914,-35.48467725981576,-0.4260358290271583,1,0,120
3,8,-6.251936680710286,-6.251936680710286,-6.251936680710286,111.59495802772715,-212.98848636090918,20.92237810864604,-49.26855013572716,-0.5915276458160357,1,0,120
3,9,-6.537286819284469,-6.537286819284469,-6.537286819284469,119.96861424093152,-254.41349952189307,21.533507491104952,-58.147849073398916,-0.6981342088796614,1,0,120
3,10,-6.028412110710081,-6.028412110710081,-6.028412110710081,116.5467830775932,-195.04207528449638,20.771693270576904,-43.69372248381421,-0.5245951976786001,1,0,120
3,11,-6.44614987529826,-6.44614987529826,-6.44614987529826,117.52078737028842,-249.0317841390407,20.01082800224073,-45.386604990107834,-0.5449202691660369,1,0,120
3,12,-6.480831546618738,-6.480831546618738,-6.480831546618738,121.20337440591129,-247.81834721735456,22.2601293488469,-58.14218382698488,-0.6980661908465544,1,0,120
3,13,-6.421931499362592,-6.421931499362592,-6.421931499362592,115.0125337914842,-235.5718183786456,23.21226987380267,-56.03501548115,-0.672767124251008,1,0,120
3,14,-6.6825346650696575,-6.6825346650696575,-6.6825346650696575,117.71463966115715,-272.1010484105474,20.53603603384245,-60.12034572383058,-0.7218163813161456,1,0,120
3,15,-6.909881735478198,-6.909881735478198,-6.909881735478198,114.47284027258796,-300.47976739632327,20.08580406924707,-66.73281665513723,-0.8012069733316874,1,0,120
3,16,-6.98431962932449,-6.98431962932449,-6.98431962932449,112.76999435250809,-311.03136106756637,19.490285972439477,-66.83693640923775,-0.8024570550340383,1,0,120
3,17,-6.786271679400408,-6.786271679400408,-6.786271679400408,116.97809607442997,-287.1137537692439,20.0862284783488,-61.28964791413742,-0.7358552472859028,1,0,120
3,18,-6.959664221002326,-6.959664221002326,-6.959664221002326,114.82565201254448,-309.36485646672264,19.63680451705174,-66.96823159278318,-0.8040334101452739,1,0,120
3,19,-6.9609497172811095,-6.9609497172811095,-6.9609497172811095,113.78088184533512,-308.82398381899003,19.372929590314396,-65.91409562798376,-0.7913772519285203,1,0,120
3,20,-6.99253218480287,-6.99253218480287,-6.99253218480287,112.26743317089387,-311.77356269477355,19.46412811036169,-66.89041334267527,-0.8030991093355068,1,0,120
3,21,-7.0085949384156185,-7.0085949384156185,-7.0085949384156185,110.6680204222369,-312.38508120859495,19.430264321222467,-66.95858676052505,-0.8039176124425967,1,0,120
3,22,-7.024723063043909,-7.024723063043909,-7.024723063043909,108.946345390505,-311.94000321772205,19.471826231465528,-67.99776973023212,-0.8163942421373924,1,0,120
3,23,-7.02707302728274,-7.02707302728274,-7.02707302728274,107.86847636646085,-310.6068558317683,19.481589004958312,-68.19239024431859,-0.8187308932912812,1,0,120
3,24,-7.05357827183284,-7.05357827183284,-7.05357827183284,106.5961355183008,-312.727941132277,19.452320134452428,-69.15813601495923,-0.8303258219139036,1,0,120
3,25,-7.087447151731353,-7.087447151731353,-7.087447151731353,105.3758040692764,-316.63455328702685,19.305328329489452,-69.66122634786984,-0.8363660207717877,1,0,120
3,26,-7.109272604492551,-7.109272604492551,-7.109272604492551,103.67515646758821,-317.8581342758865,19.189328287034765,-69.82071981999985,-0.8382809299345737,1,0,120
3,27,-7.13254815185243,-7.13254815185243,-7.13254815185243,103.41204786918871,-320.88808498209175,19.211843128573552,-70.94463458829313,-0.851774865825825,1,0,120
3,28,-7.1359422818619915,-7.1359422818619915,-7.1359422818619915,102.76442893072596,-320.32230452158365,19.26339658928762,-71.22083092870983,-0.8550909319690262,1,0,120
3,29,-7.152460561034407,-7.152460561034407,-7.152460561034407,101.3571116414836,-320.841297519764,19.233659872537793,-71.61754051672979,-0.8598539032362469,1,0,120
3,30,-7.163102241065544,-7.163102241065544,-7.163102241065544,100.56273507992584,-321.3284927844321,19.191224551318015,-71.85278467226878,-0.8626782896071593,1,0,120
3,31,-7.174288989161963,-7.174288989161963,-7.174288989161963,99.4606002140919,-321.24484235928105,19.30697694528783,-72.51009116770004,-0.8705700372382732,1,0,120
3,32,-7.180384386447096,-7.180384386447096,-7.180384386447096,100.78634489134922,-324.1755547871213,19.31967023229721,-73.00048171391838,-0.8764577600256467,1,0,120
3,33,-7.169961503940265,-7.169961503940265,-7.169961503940265,102.12564178161276,-325.0713255910967,19.206817444733275,-72.05242218146056,-0.8650751757648292,1,0,120
3,34,-7.181995549306118,-7.181995549306118,-7.181995549306118,100.72514031893516,-324.26603101398234,19.324690886185728,-73.13710959078358,-0.8780981404738692,1,0,120
3,35,-7.189567442939085,-7.189567442939085,-7.189567442939085,101.21820891231839,-326.3287915739628,19.259905680661905,-73.29268034821551,-0.8799659527729529,1,0,120
3,36,-7.201701324240358,-7.201701324240358,-7.201701324240358,99.63672287110259,-325.33472446347946,19.533597316978323,-74.53049063860186,-0.894827340108728,1,0,120
3,37,-7.209418122271168,-7.209418122271168,-7.209418122271168,97.73373110489649,-323.38934138829876,19.590159475851223,-74.89981456036743,-0.8992615138236779,1,0,120
3,38,-7.209849003906656,-7.209849003906656,-7.209849003906656,96.91513960337312,-321.8767136134077,19.843800002674314,-75.5379522651461,-0.9069231172841874,1,0,120
3,39,-7.202787017053056,-7.202787017053056,-7.202787017053056,96.95590945185154,-320.59278078405964,20.042708982033652,-75.82734467972143,-0.9103976180202388,1,0,120
3,40,-7.207641491007096,-7.207641491007096,-7.207641491007096,96.79243585706956,-321.2826963175843,19.903296269229017,-75.58609640976768,-0.9075011451021235,1,0,120
3,41,-7.212141673858642,-7.212141673858642,-7.212141673858642,96.15341523317977,-320.89974630148663,19.915343192976316,-75.79306940231331,-0.909986102477381,1,0,120
3,42,-7.221051501524082,-7.221051501524082,-7.221051501524082,96.1253104818239,-322.50511450971675,19.87226728183595,-75.83667546425953,-0.9105096452058619,1,0,120
3,43,-7.225340265977531,-7.225340265977531,-7.225340265977531,93.7085816704359,-319.14950910058457,19.874980760523968,-75.8717296491174,-0.9109305124606898,1,0,120
3,44,-7.224978862043236,-7.224978862043236,-7.224978862043236,92.97241220676244,-317.8666551371171,19.92005466098116,-75.87984577142753,-0.9110279561790464,1,0,120
3,45,-7.223057308033131,-7.223057308033131,-7.223057308033131,94.23539758981727,-319.70031788478934,19.81424373361761,-75.67898156507876,-0.9086163420604481,1,0,120
3,46,-7.222892177937388,-7.222892177937388,-7.222892177937388,94.76942108561218,-320.70082951065945,19.65858285561102,-75.30107012847505,-0.904079064998198,1,0,120
3,47,-7.223546670821503,-7.223546670821503,-7.223546670821503,93.04162303113539,-317.7440815896132,19.856080606417606,-75.72968587225404,-0.9092251076801688,1,0,120
3,48,-7.224671908235307,-7.224671908235307,-7.224671908235307,93.02005076763858,-317.9901422078077,19.9201550041081,-75.77916267718139,-0.9098191356728853,1,0,120
3,49,-7.224746958944808,-7.224746958944808,-7.224746958944808,94.37569283721572,-320.25575124902514,19.739970771421742,-75.5722367008752,-0.9073347427836003,1,0,120
3,50,-7.2316207655220115,-7.2316207655220115,-7.2316207655220115,92.76497626248059,-318.4151830802685,20.134085143801347,-76.6526429278854,-0.9203063067981234,1,0,120
3,51,-7.23507595140773,-7.23507595140773,-7.23507595140773,92.71992785082125,-318.96046190434004,20.15818016565119,-76.7537441810252,-0.9215201478000219,1,0,120
3,52,-7.232780013441236,-7.232780013441236,-7.232780013441236,91.43479479127839,-316.2470331476626,20.345865402816038,-77.08703097484987,-0.9255216528572962,1,0,120
3,53,-7.235025104897337,-7.235025104897337,-7.235025104897337,91.66773284142528,-317.15030442549164,20.138657032668494,-76.67086015315273,-0.9205250262925271,1,0,120
3,54,-7.232913496848223,-7.232913496848223,-7.232913496848223,92.67988664241022,-318.4813486188285,20.40516066048123,-77.1674049599223,-0.9264866383103645,1,0,120
3,55,-7.233350940714505,-7.233350940714505,-7.233350940714505,92.50705745184045,-318.29288557314396,20.23398964430665,-76.84005058443104,-0.9225563590034137,1,0,120
3,56,-7.2299506798372555,-7.2299506798372555,-7.2299506798372555,94.17511619980442,-320.68144218896225,20.112278381618836,-76.47627744370705,-0.9181888290283935,1,0,120
3,57,-7.232501991139944,-7.232501991139944,-7.232501991139944,92.91001079970847,-318.82105767925,20.129024751703405,-76.66581651475644,-0.9204644714042934,1,0,120
3,58,-7.234023694760012,-7.234023694760012,-7.234023694760012,91.07338183807016,-315.98139278191104,20.26264517106141,-76.81378376349564,-0.922240994522255,1,0,120
3,59,-7.234168273768217,-7.234168273768217,-7.234168273768217,93.54920486072061,-320.2799613055182,20.002286808825843,-76.43273803212674,-0.9176660865169665,1,0,120
3,60,-7.235618929419948,-7.235618929419948,-7.235618929419948,92.57814956641558,-318.8085191274277,20.15528401065483,-76.75939247278774,-0.9215879622723369,1,0,120
3,61,-7.236243661350434,-7.236243661350434,-7.236243661350434,92.66563008496789,-319.1054156426426,20.122594662797656,-76.6822233392647,-0.9206614548805667,1,0,120
3,62,-7.23662406558578,-7.23662406558578,-7.23662406558578,92.55474249811955,-318.9791958583128,20.123591194086668,-76.69083569809627,-0.9207648565096085,1,0,120
3,63,-7.236239466266876,-7.236239466266876,-7.236239466266876,92.65102401541805,-319.0958706606551,20.071888222192523,-76.5763270043494,-0.919390043208812,1,0,120
3,64,-7.2364210696472595,-7.2364210696472595,-7.2364210696472595,92.64719803834156,-319.1123475734514,20.114998187592303,-76.66472565550899,-0.920451374339314,1,0,120
3,65,-7.236894236479153,-7.236894236479153,-7.236894236479153,92.47452472992502,-318.8829113457816,20.13285847228987,-76.71596529374193,-0.921066567246207,1,0,120
3,66,-7.23693810875891,-7.23693810875891,-7.23693810875891,92.33620670889084,-318.65004417206114,20.146571876360163,-76.73857202454856,-0.9213379879845239,1,0,120
3,67,-7.237542960651797,-7.237542960651797,-7.237542960651797,92.24075664970758,-318.58114061660467,20.170556558342152,-76.80140738400839,-0.9220924013405671,1,0,120
3,68,-7.2379933006146135,-7.2379933006146135,-7.2379933006146135,92.18692729920525,-318.5641331072992,20.1882742483698,-76.84392630599677,-0.922602891658572,1,0,120
3,69,-7.237976294072555,-7.237976294072555,-7.237976294072555,92.15367333870718,-318.4857410353379,20.2243738915396,-76.9239625248119,-0.9235638218252868,1,0,120
3,70,-7.237942428213285,-7.237942428213285,-7.237942428213285,92.30066653312178,-318.7522895978374,20.176750192924302,-76.82549610724108,-0.9223816151636915,1,0,120
3,71,-7.238567862988045,-7.238567862988045,-7.238567862988045,92.10359281924003,-318.516504313265,20.193101797051312,-76.86698201446536,-0.922879702908659,1,0,120
3,72,-7.239116683263833,-7.239116683263833,-7.239116683263833,91.97717716176244,-318.39352318168216,20.20281681259401,-76.89292083509007,-0.9231911293552888,1,0,120
3,73,-7.239141351230622,-7.239141351230622,-7.239141351230622,92.01388236731607,-318.4757397162609,20.218754353680517,-76.90831815920357,-0.9233759925765453,1,0,120
3,74,-7.2396822076383085,-7.2396822076383085,-7.2396822076383085,91.85656422769438,-318.29591096182014,20.226832503720882,-76.93204722044548,-0.923660888228948,1,0,120
3,75,-7.240484601305801,-7.240484601305801,-7.240484601305801,91.89257596472437,-318.47256773879406,20.22572540263943,-76.97554664665489,-0.9241831506683564,1,0,120
3,76,-7.241499119344844,-7.241499119344844,-7.241499119344844,91.69287998176492,-318.2945256323792,20.2431846655704,-77.03256039649794,-0.9248676686647435,1,0,120
3,77,-7.2426546834035594,-7.2426546834035594,-7.2426546834035594,91.58200726935178,-318.28975789078606,20.280471283758853,-77.13576772586441,-0.9261067956210458,1,0,120
3,78,-7.243644701331498,-7.243644701331498,-7.243644701331498,91.72922191287569,-318.71167502990295,20.261870668043457,-77.13700594101178,-0.926121661869172,1,0,120
3,79,-7.2442773205749456,-7.2442773205749456,-7.2442773205749456,90.78093539242793,-317.1415946831071,20.375476524702858,-77.35394074880399,-0.9287262227055548,1,0,120
3,80,-7.245440626378061,-7.245440626378061,-7.245440626378061,90.66014213951425,-317.1280968551866,20.352879764510323,-77.34228809375763,-0.9285863186980675,1,0,120
3,81,-7.245991557363794,-7.245991557363794,-7.245991557363794,90.70881186343055,-317.3016809013447,20.342961190618244,-77.34624354817362,-0.9286338086410915,1,0,120
3,82,-7.247138167880861,-7.247138167880861,-7.247138167880861,90.40473675297746,-316.97556063667867,20.343257416724267,-77.35822907604401,-0.9287777091834355,1,0,120
3,83,-7.247687244863675,-7.247687244863675,-7.247687244863675,91.0213145654876,-318.1525409620068,20.312632814865022,-77.33161762926424,-0.928458207058408,1,0,120
3,84,-7.248746164996799,-7.248746164996799,-7.248746164996799,90.77117029889864,-317.9035414194818,20.314916196949902,-77.34935726769638,-0.9286711925538301,1,0,120
3,85,-7.248814874275616,-7.248814874275616,-7.248814874275616,90.97967576734798,-318.3246888412051,20.191765035496203,-77.09361352558412,-0.9256006842216974,1,0,120
3,86,-7.249748481542745,-7.249748481542745,-7.249748481542745,90.85313367165541,-318.26207430685105,20.2024454393034,-77.13465353022069,-0.926093418374825,1,0,120
3,87,-7.251357763461432,-7.251357763461432,-7.251357763461432,90.07226492977473,-317.1655168579116,20.284354757407986,-77.30225418268229,-0.9281056638968612,1,0,120
3,88,-7.249998755244165,-7.249998755244165,-7.249998755244165,90.18917378749603,-317.11140200947614,20.310727150824473,-77.34423879081733,-0.9286097391404439,1,0,120
3,89,-7.250631597033557,-7.250631597033557,-7.250631597033557,90.2405397529316,-317.3377768400585,20.292556830792307,-77.30196188645608,-0.9281021545324069,1,0,120
3,90,-7.253082968480952,-7.253082968480952,-7.253082968480952,89.69782998667871,-316.79873045956333,20.28542000280626,-77.34101287477009,-0.9285710081747515,1,0,120
3,91,-7.254477805317654,-7.254477805317654,-7.254477805317654,88.96772292891295,-315.7884739078797,20.264771064373388,-77.27778453415424,-0.9278118766117094,1,0,120
3,92,-7.256726393763122,-7.256726393763122,-7.256726393763122,88.62178142727826,-315.53043598687884,20.283353356847094,-77.38789731808876,-0.9291339117776642,1,0,120
3,93,-7.256766818463917,-7.256766818463917,-7.256766818463917,88.09237311351023,-314.6325820657421,20.338958322153182,-77.43802770885931,-0.9297357868471486,1,0,120
3,94,-7.25815796345571,-7.25815796345571,-7.25815796345571,87.76564088980993,-314.2660333342465,20.354504365189268,-77.51398876479372,-0.9306477898280929,1,0,120
3,95,-7.25938931911363,-7.25938931911363,-7.25938931911363,87.90580242850902,-314.7154103246162,20.328001205616644,-77.51189309326301,-0.9306226287944609,1,0,120
3,96,-7.260400809071026,-7.260400809071026,-7.260400809071026,87.85540246004972,-314.78935819213876,20.2960933773336,-77.4871213975019,-0.9303252150723993,1,0,120
3,97,-7.261382895036253,-7.261382895036253,-7.261382895036253,88.03096306451334,-315.23390761108095,20.310296270703184,-77.57940777949909,-0.931433223043677,1,0,120
3,98,-7.262779792253285,-7.262779792253285,-7.262779792253285,87.84860623596025,-315.1284671661422,20.3306013181127,-77.6652128221801,-0.9324634148142166,1,0,120
3,99,-7.265191205258587,-7.265191205258587,-7.265191205258587,87.83028037038565,-315.48206621290996,20.33026448007882,-77.75156924760967,-0.9335002265916023,1,0,120
3,100,-7.267989367966753,-7.267989367966753,-7.267989367966753,86.64187328531429,-313.75165790008236,20.45904071303987,-78.09886178177031,-0.9376698872488693,1,0,120
3,101,-7.2698395225028225,-7.2698395225028225,-7.2698395225028225,87.53659064059448,-315.66198210765936,20.341450185663707,-77.97157954391072,-0.9361417123318511,1,0,120
3,102,-7.275190057006831,-7.275190057006831,-7.275190057006831,86.71245654973332,-315.12483313397973,20.358366320069134,-78.08377645679309,-0.937488769948978,1,0,120
3,103,-7.279699168394392,-7.279699168394392,-7.279699168394392,85.1597962594866,-313.0924571371139,20.420060091179113,-78.2501399046487,-0.9394861613556416,1,0,120
3,104,-7.27869949947534,-7.27869949947534,-7.27869949947534,84.35384577167234,-311.47161956807366,20.64663503733363,-78.60072248968667,-0.9436953229936502,1,0,120
3,105,-7.280551725163106,-7.280551725163106,-7.280551725163106,85.19880065360171,-313.3042906319016,20.414113407986253,-78.26645008875187,-0.9396819845487087,1,0,120
3,106,-7.278769512897695,-7.278769512897695,-7.278769512897695,84.73338757517396,-312.217067307529,20.37839889197175,-78.07563051761491,-0.9373909682435948,1,0,120
3,107,-7.281560492064552,-7.281560492064552,-7.281560492064552,85.36366950548106,-313.7823210200405,20.38958317246766,-78.24617608743098,-0.9394385710072186,1,0,120
3,108,-7.283370247532401,-7.283370247532401,-7.283370247532401,85.55426252345123,-314.4183141488201,20.36925673261674,-78.28083008146872,-0.9398546334944402,1,0,120
3,109,-7.2852924345095245,-7.2852924345095245,-7.2852924345095245,85.9205083234491,-315.40068254921437,20.33527570526827,-78.29208974621778,-0.9399898191851769,1,0,120
3,110,-7.287221796990427,-7.287221796990427,-7.287221796990427,86.1644339299521,-316.18963830838146,20.28732766626473,-78.24635062080294,-0.9394406664882984,1,0,120
3,111,-7.288736093621063,-7.288736093621063,-7.288736093621063,86.36459587229322,-316.8027887321854,20.258608397829192,-78.24969602305158,-0.9394808320282015,1,0,120
3,112,-7.290599818334505,-7.290599818334505,-7.290599818334505,86.59136040349311,-317.5196433164923,20.23294320846215,-78.27386849516029,-0.9397710513563657,1,0,120
3,113,-7.292278327854535,-7.292278327854535,-7.292278327854535,86.41123523827133,-317.46806216233904,20.24022485733779,-78.33716181404195,-0.9405309630609078,1,0,120
3,114,-7.293793131805751,-7.293793131805751,-7.293793131805751,87.21078480715872,-319.18790138677167,20.166683441978655,-78.26313575918692,-0.9396421920733952,1,0,120
3,115,-7.295362250646796,-7.295362250646796,-7.295362250646796,87.46854276981628,-319.9899404365965,20.08345588436747,-78.09617202021676,-0.9376375934566795,1,0,120
3,116,-7.297850175176031,-7.297850175176031,-7.297850175176031,87.72692710619883,-320.86173472584306,20.065721245444657,-78.16555789466337,-0.9384706535498062,1,0,120
3,117,-7.300716823248591,-7.300716823248591,-7.300716823248591,87.9721380342249,-321.77027730418797,20.0344399122836,-78.22569495893484,-0.9391926706572062,1,0,120
3,118,-7.30197451085036,-7.30197451085036,-7.30197451085036,88.27928385752445,-322.60052977309823,19.939684389826578,-78.0403981566264,-0.936967961772029,1,0,120
3,119,-7.304057984373002,-7.304057984373002,-7.304057984373002,88.2305247525714,-322.8510516955912,19.934794528856937,-78.10803247069548,-0.937779992295912,1,0,120
3,120,-7.303445822850281,-7.303445822850281,-7.303445822850281,89.43535653314082,-324.91933967923137,19.874152481854527,-78.03151536743442,-0.9368613133043041,1,0,120
3,121,-7.303144883186335,-7.303144883186335,-7.303144883186335,88.33610405704464,-322.89625807981815,19.910334221647155,-78.03006337128639,-0.9368438803605537,1,0,120
3,122,-7.305751883628667,-7.305751883628667,-7.305751883628667,88.13768667616078,-322.9692836064329,19.950690339510352,-78.18678131086388,-0.9387254659481147,1,0,120
3,123,-7.308150620622836,-7.308150620622836,-7.308150620622836,87.95213435264151,-323.0351377571054,19.975505891730478,-78.30360379197373,-0.9401280590229855,1,0,120
3,124,-7.310459044281993,-7.310459044281993,-7.310459044281993,87.12480982469592,-321.90851421765126,20.058564632392894,-78.5059198597751,-0.9425571044681553,1,0,120
3,125,-7.314726290561249,-7.314726290561249,-7.314726290561249,86.98185031160747,-322.3735605764988,20.06948571279749,-78.6488822738257,-0.9442735385826271,1,0,120
3,126,-7.320848528827315,-7.320848528827315,-7.320848528827315,86.42238280548045,-322.41283623202435,20.083344352755116,-78.81267618281058,-0.9462400796136482,1,0,120
3,127,-7.326692510531913,-7.326692510531913,-7.326692510531913,85.67635082204438,-322.0012749614921,20.184209417877447,-79.17769409283073,-0.9506225545271597,1,0,120
3,128,-7.333105747519414,-7.333105747519414,-7.333105747519414,85.44005529325094,-322.71925723968207,20.1825597510452,-79.29563236060201,-0.9520385439503146,1,0,120
3,129,-7.338574648130278,-7.338574648130278,-7.338574648130278,84.44052300966896,-321.8420105554268,20.237043692404953,-79.46620130403103,-0.9540864273420107,1,0,120
3,130,-7.3389607667712875,-7.3389607667712875,-7.3389607667712875,86.06411103070468,-324.8696650213195,20.21871396437954,-79.58199910489925,-0.9554767179097167,1,0,120
3,131,-7.343217714449856,-7.343217714449856,-7.343217714449856,85.63947259551036,-324.78790063556437,20.239424005986116,-79.75461405096634,-0.95754916600081,1,0,120
3,132,-7.348128107309514,-7.348128107309514,-7.348128107309514,86.01485486210746,-326.3691667105163,20.149895706908875,-79.71486901849883,-0.9570719795314778,1,0,120
3,133,-7.353104149382413,-7.353104149382413,-7.353104149382413,85.81090494702009,-326.8663586368197,20.118645525322943,-79.77808557131131,-0.9578309695678957,1,0,120
3,134,-7.352059620014133,-7.352059620014133,-7.352059620014133,86.71476228511949,-328.3671501193853,20.075016626920334,-79.71190551526996,-0.9570363991443239,1,0,120
3,135,-7.351732969235522,-7.351732969235522,-7.351732969235522,85.99987238779718,-327.0348690753182,20.082562732093624,-79.62402073412271,-0.9559812376355747,1,0,120
3,136,-7.3549049649816345,-7.3549049649816345,-7.3549049649816345,85.50801658042079,-326.5983167226921,20.145199583734136,-79.88121495077033,-0.9590691606426849,1,0,120
3,137,-7.3564397751407915,-7.3564397751407915,-7.3564397751407915,85.49251854085662,-326.81898454659927,20.143073412582456,-79.93867105696086,-0.9597589896540726,1,0,120
3,138,-7.361170651448463,-7.361170651448463,-7.361170651448463,84.92871964005671,-326.5498985591631,20.16362540530379,-80.1213214977448,-0.9619519258161182,1,0,120
3,139,-7.364682844488076,-7.364682844488076,-7.364682844488076,84.39284038908657,-326.14241811520435,20.17815761735851,-80.23183714492757,-0.963278797835363,1,0,120
3,140,-7.368198353729318,-7.368198353729318,-7.368198353729318,84.74596950370291,-327.4310289665293,20.124371341122345,-80.24040695869661,-0.9633816886602385,1,0,120
3,141,-7.3715573315525775,-7.3715573315525775,-7.3715573315525775,84.57641831857686,-327.63260093024417,20.18748554521094,-80.5168087903741,-0.9667002219708597,1,0,120
3,142,-7.374870510812776,-7.374870510812776,-7.374870510812776,84.56943922476275,-328.1855494802081,20.190224354017687,-80.63228303377431,-0.968086627845657,1,0,120
3,143,-7.374458488011492,-7.374458488011492,-7.374458488011492,84.94266727400245,-328.8532609248816,20.124247903018805,-80.4793115628495,-0.9662500230780336,1,0,120
3,144,-7.375356331003619,-7.375356331003619,-7.375356331003619,84.40852437024515,-327.97073181474184,20.19836104777524,-80.64813406626673,-0.9682769383765772,1,0,120
3,145,-7.376805558434898,-7.376805558434898,-7.376805558434898,84.22932413770494,-327.8785461133093,20.203640093268152,-80.69644192069241,-0.9688569317257648,1,0,120
3,146,-7.377970993400458,-7.377970993400458,-7.377970993400458,83.76982595639733,-327.1842959507409,20.241110286785606,-80.80197393573548,-0.9701239693033813,1,0,120
3,147,-7.3792992556726045,-7.3792992556726045,-7.3792992556726045,83.75825192480947,-327.4035427208974,20.22255248738681,-80.7946334592846,-0.970035838137715,1,0,120
3,148,-7.380633367201666,-7.380633367201666,-7.380633367201666,83.67483657386944,-327.47644104092836,20.2319415865363,-80.84869138870917,-0.9706848679882406,1,0,120
3,149,-7.382526583334683,-7.382526583334683,-7.382526583334683,83.75550515349171,-327.95967510395633,20.227521829960196,-80.90209705474462,-0.9713260666396349,1,0,120
3,150,-7.384181316279562,-7.384181316279562,-7.384181316279562,83.5286635584682,-327.80367320273757,20.252621409096577,-80.99937114482003,-0.9724939579890393,1,0,120
3,151,-7.385987126538595,-7.385987126538595,-7.385987126538595,83.51481735268398,-328.1094509885073,20.229876438651118,-80.99073112053581,-0.9723902242032761,1,0,120
3,152,-7.389026133692007,-7.389026133692007,-7.389026133692007,83.3817737065171,-328.3990935095412,20.221940907319688,-81.04470885406502,-0.9730382912065279,1,0,120
3,153,-7.391009903371589,-7.391009903371589,-7.391009903371589,84.15318111845815,-330.16515920839555,20.191202759240486,-81.14737841908584,-0.9742709616611367,1,0,120
3,154,-7.393697148052544,-7.393697148052544,-7.393697148052544,83.41564574414093,-329.21201421650517,20.238792410110683,-81.28961688674084,-0.9759787039365773,1,0,120
3,155,-7.395048783031649,-7.395048783031649,-7.395048783031649,82.94134182173391,-328.51702129690676,20.291021632272706,-81.42494052191608,-0.9776034254093617,1,0,120
3,156,-7.396703304348658,-7.396703304348658,-7.396703304348658,82.85779815781052,-328.6499480117802,20.313043614720332,-81.50901050289706,-0.9786127856969383,1,0,120
3,157,-7.398724321132434,-7.398724321132434,-7.398724321132434,82.80247844360882,-328.95324289641565,20.242843588696285,-81.37056204954035,-0.9769505470587939,1,0,120
3,158,-7.39921786168593,-7.39921786168593,-7.39921786168593,83.39900038206963,-330.23541346200784,20.193613764334398,-81.27813677969137,-0.9758408715733762,1,0,120
3,159,-7.4005842566153985,-7.4005842566153985,-7.4005842566153985,83.26995252786068,-330.20114657706927,20.21901850037507,-81.38759541332095,-0.9771550528855273,1,0,120
3,160,-7.402156834035827,-7.402156834035827,-7.402156834035827,83.53022117048724,-330.98956764195594,20.19264536419335,-81.38814836530229,-0.9771616917328826,1,0,120
3,161,-7.403224419022001,-7.403224419022001,-7.403224419022001,83.53316442021611,-331.1852037820039,20.184247213503742,-81.40184548118893,-0.977326141928648,1,0,120
3,162,-7.404785349822115,-7.404785349822115,-7.404785349822115,83.49811594990493,-331.38940964243324,20.18681799311956,-81.4551217314859,-0.9779657867899084,1,0,120
3,163,-7.406659314719192,-7.406659314719192,-7.406659314719192,84.14220461110587,-332.9845075160544,20.136860006947924,-81.42928227665259,-0.9776555533479944,1,0,120
3,164,-7.408212099419997,-7.408212099419997,-7.408212099419997,84.57426697547041,-334.13687805275566,20.080638698799532,-81.34550420379522,-0.9766496977652382,1,0,120
3,165,-7.409989418097002,-7.409989418097002,-7.409989418097002,84.19810636581047,-333.7012246579591,20.125876135182065,-81.49255313047532,-0.9784151953327377,1,0,120
3,166,-7.409697210300296,-7.409697210300296,-7.409697210300296,84.02743740940161,-333.3427002339763,20.136526150472733,-81.47191922157207,-0.9781674606719065,1,0,120
3,167,-7.410260173051602,-7.410260173051602,-7.410260173051602,84.17113351570706,-333.6952698404167,20.129604871900373,-81.50845676015419,-0.9786061373555486,1,0,120
3,168,-7.4097633294036145,-7.4097633294036145,-7.4097633294036145,84.62826960013834,-334.52422684161377,20.082268322154707,-81.3910364382129,-0.9771963664891937,1,0,120
3,169,-7.410278245770924,-7.410278245770924,-7.410278245770924,84.17297884190498,-333.7074520092978,20.12123486886518,-81.4870393964947,-0.9783489963869147,1,0,120
3,170,-7.410562999905878,-7.410562999905878,-7.410562999905878,84.17004120061254,-333.7421166260491,20.13383724932547,-81.53073308326444,-0.9788735911558034,1,0,120
3,171,-7.4112528643451085,-7.4112528643451085,-7.4112528643451085,84.0130671461398,-333.5495004367247,20.14464841879401,-81.5754479198113,-0.979410446044424,1,0,120
3,172,-7.411741113692015,-7.411741113692015,-7.411741113692015,83.95752242134716,-333.52236228683853,20.152772551921995,-81.60940847073098,-0.9798181829208045,1,0,120
3,173,-7.412380012928522,-7.412380012928522,-7.412380012928522,83.75145137761113,-333.2235217775947,20.169927108748862,-81.66394747851537,-0.9804729886902246,1,0,120
3,174,-7.413143155687676,-7.413143155687676,-7.413143155687676,83.27497834951323,-332.396687688682,20.221841042881106,-81.80044180957803,-0.9821117657619733,1,0,120
3,175,-7.413667103453795,-7.413667103453795,-7.413667103453795,83.26778760894446,-332.4850396363246,20.194902864959804,-81.7522969440331,-0.9815337292884935,1,0,120
3,176,-7.414368342991426,-7.414368342991426,-7.414368342991426,83.10807645840904,-332.27971087893,20.227324188111698,-81.84790569924273,-0.9826816263086564,1,0,120
3,177,-7.415114387521784,-7.415114387521784,-7.415114387521784,82.98751409447912,-332.1666661695538,20.23665439591831,-81.89242750133535,-0.9832161635886613,1,0,120
3,178,-7.415249172471675,-7.415249172471675,-7.415249172471675,82.87881030089073,-331.95786979667696,20.263502641005047,-81.96491366599227,-0.9840864463596302,1,0,120
3,179,-7.41519750218583,-7.41519750218583,-7.41519750218583,82.66695539293626,-331.52375888946864,20.280793294967125,-81.99775162543685,-0.9844807051878308,1,0,120
3,180,-7.4150667904823235,-7.4150667904823235,-7.4150667904823235,82.90074516525716,-331.9669327294822,20.262162416660665,-81.95942500444735,-0.9840205484382706,1,0,120
3,181,-7.415568662181217,-7.415568662181217,-7.415568662181217,82.72889915001255,-331.7193922975217,20.272387166447206,-81.9863978690572,-0.9843443898149626,1,0,120
3,182,-7.415811869354485,-7.415811869354485,-7.415811869354485,82.68535441589849,-331.6720484413271,20.285457137504732,-82.02283981214993,-0.9847819187608565,1,0,120
3,183,-7.4157478051915575,-7.4157478051915575,-7.4157478051915575,82.56317381847762,-331.41904971351397,20.294117195502842,-82.03449196038542,-0.9849218166834756,1,0,120
3,184,-7.415898533309683,-7.415898533309683,-7.415898533309683,82.73927143119451,-331.79824188641385,20.271788125696588,-81.99541864083133,-0.984452694927987,1,0,120
3,185,-7.416492349951072,-7.416492349951072,-7.416492349951072,82.81258646192975,-332.05237099004125,20.265018919113057,-81.99784138070976,-0.9844817828068217,1,0,120
3,186,-7.4175168384410854,-7.4175168384410854,-7.4175168384410854,82.91753321681121,-332.4508277487581,20.247157080962484,-81.98649122641565,-0.9843455106812824,1,0,120
3,187,-7.419196749359212,-7.419196749359212,-7.419196749359212,83.19506066415383,-333.30691426239525,20.22345675761317,-81.98861701802142,-0.9843710333423022,1,0,120
3,188,-7.420320531422358,-7.420320531422358,-7.420320531422358,83.33522560080581,-333.7983180055263,20.187301862272275,-81.93952999623203,-0.9837816851605674,1,0,120
3,189,-7.420927277049802,-7.420927277049802,-7.420927277049802,83.31966262155909,-333.87478999243115,20.21699264336245,-82.01757638028398,-0.9847187249901449,1,0,120
3,190,-7.421877698182553,-7.421877698182553,-7.421877698182553,83.44547348688153,-334.2900620444111,20.214059335627265,-82.04682287593815,-0.9850698640164611,1,0,120
3,191,-7.421458163342478,-7.421458163342478,-7.421458163342478,83.37220041405972,-334.0559135239659,20.2802054890034,-82.17933716117473,-0.986660855896008,1,0,120
3,192,-7.421994235897426,-7.421994235897426,-7.421994235897426,83.4417690181296,-334.30357959500697,20.20918203832568,-82.04033029546419,-0.9849919128522306,1,0,120
3,193,-7.421643838414628,-7.421643838414628,-7.421643838414628,83.63086421030351,-334.63319127711986,20.166084232800642,-81.93084782825952,-0.9836774453896139,1,0,120
3,194,-7.421827444186768,-7.421827444186768,-7.421827444186768,83.56233225572203,-334.5170075536968,20.199738278650944,-82.01527574117992,-0.9846911030765844,1,0,120
3,195,-7.4219985274018825,-7.4219985274018825,-7.4219985274018825,83.54380248697632,-334.5066002657669,20.203981329749013,-82.03263635460543,-0.9848995379252095,1,0,120
3,196,-7.422109712520774,-7.422109712520774,-7.422109712520774,83.60112809664878,-334.64180937358805,20.191944934059485,-82.01149583254522,-0.9846457207698203,1,0,120
3,197,-7.42244148545654,-7.42244148545654,-7.42244148545654,83.38785203488024,-334.2704027608334,20.209348843780074,-82.05863267249148,-0.9852116546949674,1,0,120
3,198,-7.422558355523422,-7.422558355523422,-7.422558355523422,83.21718245171445,-333.944488689123,20.23084641366544,-82.10900923617007,-0.9858164853635176,1,0,120
3,199,-7.422698445043515,-7.422698445043515,-7.422698445043515,83.1780845947732,-333.8891261941577,20.23465847990125,-82.12254684002396,-0.9859790204272778,1,0,120
3,200,-7.422692217837954,-7.422692217837954,-7.422692217837954,83.10213013633978,-333.73367530407336,20.233671676209518,-82.1219133921287,-0.9859714151305683,1,0,120
3,201,-7.422568559626515,-7.422568559626515,-7.422568559626515,83.1846187018786,-333.8803827134651,20.22743285818848,-82.1028834390167,-0.9857429378700578,1,0,120
3,202,-7.422901164504301,-7.422901164504301,-7.422901164504301,82.96711575342614,-333.49818945080926,20.26102975205406,-82.18414692055629,-0.9867186027880127,1,0,120
3,203,-7.422970328490445,-7.422970328490445,-7.422970328490445,83.01885917274494,-333.6117653671406,20.26305343214079,-82.19319154873689,-0.9868271943256207,1,0,120
3,204,-7.422983564850564,-7.422983564850564,-7.422983564850564,83.00604480933961,-333.5851414857105,20.276314318445586,-82.22346614957779,-0.9871906769796486,1,0,120
3,205,-7.422879423553469,-7.422879423553469,-7.422879423553469,83.01326439213534,-333.57895655882754,20.285459578143485,-82.24093913540861,-0.9874004609928864,1,0,120
3,206,-7.422853247424733,-7.422853247424733,-7.422853247424733,82.99886619311341,-333.54637959904653,20.27967224387917,-82.2274448587729,-0.987238446124003,1,0,120
3,207,-7.42318965661971,-7.42318965661971,-7.42318965661971,82.8981775084265,-333.4064284396804,20.27443201878206,-82.22402460876964,-0.9871973819476276,1,0,120
3,208,-7.423390015381024,-7.423390015381024,-7.423390015381024,82.72521002657473,-333.0937823303002,20.29521907755327,-82.27163744885063,-0.9877690308215267,1,0,120
3,209,-7.423475548368649,-7.423475548368649,-7.423475548368649,82.53434057700966,-332.72513330366047,20.306200202140122,-82.29523306015852,-0.9880523242484713,1,0,120
3,210,-7.423628482513566,-7.423628482513566,-7.423628482513566,82.66645469398533,-333.0184184659287,20.293671269831094,-82.27493013258398,-0.9878085634128417,1,0,120
3,211,-7.423663367078307,-7.423663367078307,-7.423663367078307,82.58767335875544,-332.86374833689126,20.308523602582646,-82.30789176135973,-0.9882043070387099,1,0,120
3,212,-7.423805205384072,-7.423805205384072,-7.423805205384072,82.69267066304161,-333.1021692626816,20.293878629243775,-82.28116788351075,-0.9878834550447395,1,0,120
3,213,-7.423790252072609,-7.423790252072609,-7.423790252072609,82.65898115644356,-333.0322824277754,20.297327031201185,-82.28695817769183,-0.9879529744252791,1,0,120
3,214,-7.423791636280162,-7.423791636280162,-7.423791636280162,82.73312034168464,-333.1816656530241,20.294507808739333,-82.28168770402728,-0.987889696109385,1,0,120
3,215,-7.423956080793546,-7.423956080793546,-7.423956080793546,82.6841456505291,-333.11025712571063,20.305530912023077,-82.31072392220418,-0.9882383105040499,1,0,120
3,216,-7.424067294945958,-7.424067294945958,-7.424067294945958,82.71282604277968,-333.18799645683447,20.29462429457098,-82.29193233255573,-0.9880126950809197,1,0,120
3,217,-7.424147551711108,-7.424147551711108,-7.424147551711108,82.74607078262866,-333.2710825951712,20.284813813738285,-82.27277924614829,-0.9877827394584893,1,0,120
3,218,-7.424259597177891,-7.424259597177891,-7.424259597177891,82.77444445655283,-333.3493157075633,20.28263206804804,-82.2706448955082,-0.9877571140360646,1,0,120
3,219,-7.424355358515374,-7.424355358515374,-7.424355358515374,82.66536739386112,-333.1456049679294,20.298896293621663,-82.3070522234436,-0.9881942273857522,1,0,120
3,220,-7.42444052876773,-7.42444052876773,-7.42444052876773,82.67558976987603,-333.18117338476617,20.311338064780042,-82.33489973867025,-0.9885285699852089,1,0,120
3,221,-7.424495595992792,-7.424495595992792,-7.424495595992792,82.87628711794767,-333.5951220898686,20.29576766996692,-82.3056955566764,-0.9881779389847997,1,0,120
3,222,-7.4245484341862715,-7.4245484341862715,-7.4245484341862715,82.8771989893343,-333.6070738374394,20.284132072408642,-82.2831161340067,-0.9879068461132032,1,0,120
3,223,-7.424588132532999,-7.424588132532999,-7.424588132532999,82.83211182724669,-333.5243982847584,20.286058338704954,-82.28703542712202,-0.987953901896728,1,0,120
3,224,-7.424675178382639,-7.424675178382639,-7.424675178382639,82.69817731884886,-333.2694206771667,20.30199166974492,-82.32211962713392,-0.9883751295192418,1,0,120
3,225,-7.42469072755994,-7.42469072755994,-7.42469072755994,82.71790369759422,-333.3128033719259,20.307050705409523,-82.33196825128933,-0.9884933739864552,1,0,120
3,226,-7.424724246763592,-7.424724246763592,-7.424724246763592,82.63411098213226,-333.1507004456006,20.318504069865583,-82.35508595339594,-0.9887709295440296,1,0,120
3,227,-7.424723316661465,-7.424723316661465,-7.424723316661465,82.56486895992902,-333.0100582153452,20.335060778430037,-82.3892052400747,-0.9891805722323249,1,0,120
3,228,-7.424726969735438,-7.424726969735438,-7.424726969735438,82.56620851566122,-333.0137139947569,20.32797715823115,-82.37471384275534,-0.9890065857416063,1,0,120
3,229,-7.424774260317433,-7.424774260317433,-7.424774260317433,82.58331733660245,-333.0561292831788,20.32577039085136,-82.37220040114609,-0.9889764088804256,1,0,120
3,230,-7.424765622082261,-7.424765622082261,-7.424765622082261,82.56410177581253,-333.0156163188195,20.313975550990154,-82.34832250526301,-0.9886897262908255,1,0,120
3,231,-7.424741718268924,-7.424741718268924,-7.424741718268924,82.5082587581185,-332.89883896811074,20.327019041999094,-82.37372730502865,-0.9889947411807786,1,0,120
3,232,-7.424742523698907,-7.424742523698907,-7.424742523698907,82.44236743498263,-332.76764772212573,20.35278485983999,-82.42405982841785,-0.9895990430931826,1,0,120
3,233,-7.424765595409068,-7.424765595409068,-7.424765595409068,82.59135086990321,-333.07129298336645,20.323154959847894,-82.36617271664227,-0.9889040393462208,1,0,120
3,234,-7.424774426337381,-7.424774426337381,-7.424774426337381,82.8139113725571,-333.520712508351,20.310229252476237,-82.3414930751764,-0.9886077308456527,1,0,120
3,235,-7.4247381121190505,-7.4247381121190505,-7.4247381121190505,82.89277646565459,-333.67393977214414,20.30139503298191,-82.32189303584498,-0.988372409020844,1,0,120
3,236,-7.424755030903625,-7.424755030903625,-7.424755030903625,82.81605830710608,-333.5224059835806,20.313513955494212,-82.34671836595551,-0.9886704666871734,1,0,120
3,237,-7.424793330172757,-7.424793330172757,-7.424793330172757,82.79558683966206,-333.4856362844723,20.31016679805179,-82.34342398885906,-0.9886309137650166,1,0,120
3,238,-7.424758671198997,-7.424758671198997,-7.424758671198997,82.92945477755038,-333.7477589561015,20.293213280701266,-82.3097843402821,-0.9882270297036025,1,0,120
3,239,-7.424753347074047,-7.424753347074047,-7.424753347074047,82.8311796289511,-333.5505798307739,20.301988108903792,-82.32544368497167,-0.9884150387940612,1,0,120
3,240,-7.424818967211243,-7.424818967211243,-7.424818967211243,82.67213455299833,-333.2410040087913,20.329091193326715,-82.3825481639595,-0.9891006461019314,1,0,120
3,241,-7.424807742180179,-7.424807742180179,-7.424807742180179,82.57442329895115,-333.04184781104397,20.342596461001225,-82.40944675235315,-0.9894235957041511,1,0,120
3,242,-7.4248128212313365,-7.4248128212313365,-7.4248128212313365,82.60531009433505,-333.1049618232252,20.33829721930737,-82.40104824634118,-0.9893227616330053,1,0,120
3,243,-7.424765813387461,-7.424765813387461,-7.424765813387461,82.70857108431719,-333.305251556746,20.325575733284683,-82.37366813643821,-0.9889940307913534,1,0,120
3,244,-7.424816579451732,-7.424816579451732,-7.424816579451732,82.6487262053588,-333.19337286564524,20.333691041469482,-82.39173402564319,-0.9892109333160177,1,0,120
3,245,-7.424729463687673,-7.424729463687673,-7.424729463687673,82.66399331775763,-333.2084069468983,20.34463754971381,-82.41148513975385,-0.9894480689735506,1,0,120
3,246,-7.424820501903454,-7.424820501903454,-7.424820501903454,82.72660632436656,-333.35072324956514,20.317129876015887,-82.35890671743294,-0.9888168023685758,1,0,120
3,247,-7.42478590806093,-7.42478590806093,-7.42478590806093,82.7113879104185,-333.3145669180459,20.310442009941678,-82.34368274694442,-0.988634020464131,1,0,120
3,248,-7.424803887100559,-7.424803887100559,-7.424803887100559,82.83210113872748,-333.56038025774865,20.312581617965826,-82.34936920566125,-0.9887022931762064,1,0,120
3,249,-7.424791092127132,-7.424791092127132,-7.424791092127132,82.6037778500162,-333.0968320066332,20.32073863579687,-82.36613476763793,-0.9889035837232092,1,0,120
3,250,-7.42480988837689,-7.42480988837689,-7.42480988837689,82.78251225260871,-333.4609211502276,20.30715404308462,-82.33913989191012,-0.9885794780768207,1,0,120
3,251,-7.424825406277984,-7.424825406277984,-7.424825406277984,82.73184057921381,-333.3623102773864,20.315909875142463,-82.35643638767269,-0.9887871431165084,1,0,120
3,252,-7.42482611083959,-7.42482611083959,-7.42482611083959,82.72708649389739,-333.353104089153,20.31750687376282,-82.35942076127577,-0.988822974077371,1,0,120
3,253,-7.424826696363226,-7.424826696363226,-7.424826696363226,82.7280452063986,-333.3552399096792,20.317187594887674,-82.35869647657432,-0.9888142781765749,1,0,120
3,254,-7.424828552939164,-7.424828552939164,-7.424828552939164,82.71593873213685,-333.33114597886856,20.317467482291427,-82.35931968645009,-0.9888217605536622,1,0,120
3,255,-7.424829566392799,-7.424829566392799,-7.424829566392799,82.70696456505533,-333.3133728143422,20.316931647572055,-82.35811888799668,-0.9888073435375274,1,0,120
3,256,-7.424827520211212,-7.424827520211212,-7.424827520211212,82.69019336076722,-333.27924627776656,20.318224993189947,-82.36059468259266,-0.9888370684014588,1,0,120
3,257,-7.424827856114209,-7.424827856114209,-7.424827856114209,82.71365155020706,-333.32655463326194,20.31622349230871,-82.35664284774597,-0.9887896219156769,1,0,120
3,258,-7.424833108354164,-7.424833108354164,-7.424833108354164,82.71033300760587,-333.3208715429149,20.316829435432684,-82.35794541112041,-0.9888052607409373,1,0,120
3,259,-7.424835917759907,-7.424835917759907,-7.424835917759907,82.71325963011624,-333.3272560589888,20.31547524825924,-82.35531690825935,-0.988773702432338,1,0,120
3,260,-7.424838579219137,-7.424838579219137,-7.424838579219137,82.72052805129559,-333.3424422057533,20.31487287396446,-82.35413123158878,-0.9887594669712231,1,0,120
3,261,-7.424840121047548,-7.424840121047548,-7.424840121047548,82.72317066598049,-333.34818916672106,20.314140689606106,-82.35255854012456,-0.9887405849363985,1,0,120
3,262,-7.4248419327299215,-7.4248419327299215,-7.4248419327299215,82.70607574180569,-333.3140742343435,20.315489334300572,-82.35528485783804,-0.9887733176288434,1,0,120
3,263,-7.42484265891694,-7.42484265891694,-7.42484265891694,82.70676387634997,-333.31565173250044,20.314138575227194,-82.35252151179324,-0.9887401403671633,1,0,120
3,264,-7.424843727535696,-7.424843727535696,-7.424843727535696,82.71338797905054,-333.3292731588023,20.31377069585724,-82.35174328391057,-0.9887307968142054,1,0,120
3,265,-7.424843407094604,-7.424843407094604,-7.424843407094604,82.72350150597521,-333.34961059041007,20.313567520214736,-82.35133128690303,-0.9887258502992526,1,0,120
3,266,-7.42484289684845,-7.42484289684845,-7.42484289684845,82.71917935347896,-333.34083344284323,20.31301773744922,-82.35017440446113,-0.98871196054716,1,0,120
3,267,-7.424845252081638,-7.424845252081638,-7.424845252081638,82.7023203166116,-333.30736872305005,20.31591101139552,-82.35595471031341,-0.9887813600059118,1,0,120
3,268,-7.424846820299904,-7.424846820299904,-7.424846820299904,82.70494192900227,-333.31289544795936,20.315667602333868,-82.35555173631941,-0.9887765218229869,1,0,120
3,269,-7.424846310644608,-7.424846310644608,-7.424846310644608,82.69172721699385,-333.2862192202051,20.316060760338708,-82.35625498346725,-0.9887849651428866,1,0,120
3,270,-7.424847458615981,-7.424847458615981,-7.424847458615981,82.70372932192933,-333.31062258180236,20.31596348594604,-82.3561078598415,-0.9887831987484677,1,0,120
3,271,-7.424850155666943,-7.424850155666943,-7.424850155666943,82.69037214908806,-333.2841980588171,20.318582068999383,-82.3614281457551,-0.9888470751197608,1,0,120
3,272,-7.424852488364646,-7.424852488364646,-7.424852488364646,82.69372152076278,-333.29143101598345,20.31935998343313,-82.36300679276873,-0.988866028658052,1,0,120
3,273,-7.4248543292232245,-7.4248543292232245,-7.4248543292232245,82.69064832952455,-333.28566501095236,20.32079422098006,-82.36584879984514,-0.9889001503391379,1,0,120
3,274,-7.424855691825197,-7.424855691825197,-7.424855691825197,82.67388716104212,-333.2521813571613,20.323117682537813,-82.37048649921391,-0.9889558314456868,1,0,120
3,275,-7.42485693283434,-7.42485693283434,-7.42485693283434,82.69092755999708,-333.2868349791611,20.321977223021502,-82.36816997934301,-0.988928018864599,1,0,120
3,276,-7.424857507139394,-7.424857507139394,-7.424857507139394,82.69379583525014,-333.29259724102803,20.32203308593472,-82.36842645313713,-0.9889310981380753,1,0,120
3,277,-7.424858611431904,-7.424858611431904,-7.424858611431904,82.69389852132721,-333.29312693631795,20.322912317598945,-82.3701072416117,-0.9889512780063024,1,0,120
3,278,-7.424859643248502,-7.424859643248502,-7.424859643248502,82.68116991612379,-333.2677190618227,20.324492715041195,-82.3732379503118,-0.988988865894357,1,0,120
3,279,-7.424859288764868,-7.424859288764868,-7.424859288764868,82.67224131173299,-333.2497152900162,20.326611467960706,-82.37742851986553,-0.9890391786747394,1,0,120
3,280,-7.42485865327848,-7.42485865327848,-7.42485865327848,82.68282802151062,-333.2708863876218,20.324965086290824,-82.3741632363409,-0.9889999750555762,1,0,120
3,281,-7.424859800357124,-7.424859800357124,-7.424859800357124,82.6739923469684,-333.25326374535257,20.326115607345045,-82.37651885121578,-0.9890282570187666,1,0,120
3,282,-7.424861191729384,-7.424861191729384,-7.424861191729384,82.6745601702401,-333.2545483163791,20.32485705703993,-82.37412980143218,-0.9889995736296607,1,0,120
3,283,-7.424861326442209,-7.424861326442209,-7.424861326442209,82.6874380031602,-333.2804793590125,20.323509786134128,-82.37149047040404,-0.9889678853160143,1,0,120
3,284,-7.424862796697766,-7.424862796697766,-7.424862796697766,82.6884602235983,-333.282829949598,20.322031959035623,-82.36852624292816,-0.9889322962334121,1,0,120
3,285,-7.424863913465931,-7.424863913465931,-7.424863913465931,82.69365842379216,-333.29349976369156,20.32133217262053,-82.36716406556805,-0.988915941671226,1,0,120
3,286,-7.424864367121637,-7.424864367121637,-7.424864367121637,82.67464950404113,-333.2552301648858,20.322412450755436,-82.36935575093752,-0.9889422554653888,1,0,120
3,287,-7.42486362008922,-7.42486362008922,-7.42486362008922,82.66705276440055,-333.23972428029407,20.322532671781826,-82.36962110746254,-0.9889454413866331,1,0,120
3,288,-7.424864359717997,-7.424864359717997,-7.424864359717997,82.67839037594777,-333.2627073061008,20.32222236066569,-82.36904125365557,-0.9889384795508085,1,0,120
3,289,-7.424865012022384,-7.424865012022384,-7.424865012022384,82.6879152434978,-333.2821901193147,20.32105483115773,-82.36655557751367,-0.9889086360471449,1,0,120
3,290,-7.424865339986291,-7.424865339986291,-7.424865339986291,82.69748501982295,-333.3015830606986,20.319741910764563,-82.36388897344293,-0.9888766202881273,1,0,120
3,291,-7.4248660394283625,-7.4248660394283625,-7.4248660394283625,82.70517994819753,-333.31720260927204,20.31997108835718,-82.36440102619709,-0.9888827680915308,1,0,120
3,292,-7.424864651917709,-7.424864651917709,-7.424864651917709,82.72065348382418,-333.3480632676517,20.316663746033655,-82.35779507092236,-0.9888034557277355,1,0,120
3,293,-7.4248657590027936,-7.4248657590027936,-7.4248657590027936,82.70568156066037,-333.3181306491143,20.319867659832624,-82.3642179896096,-0.9888805705192174,1,0,120
3,294,-7.424866925534218,-7.424866925534218,-7.424866925534218,82.7014396276942,-333.30988970657745,20.321177165602865,-82.36678553441901,-0.9889113969537776,1,0,120
3,295,-7.424867343258306,-7.424867343258306,-7.424867343258306,82.69170032729092,-333.29048652586386,20.32302883394463,-82.37036267830592,-0.9889543448281588,1,0,120
3,296,-7.424867455387076,-7.424867455387076,-7.424867455387076,82.68355944207028,-333.27422055193176,20.325613242336527,-82.37544170883959,-0.98901532464117,1,0,120
3,297,-7.424867878292389,-7.424867878292389,-7.424867878292389,82.68013083233656,-333.26744367622285,20.326086441720587,-82.3763437806238,-0.9890261550877206,1,0,120
3,298,-7.424868547719163,-7.424868547719163,-7.424868547719163,82.6867737406588,-333.2810054251894,20.325183388368387,-82.37450153490285,-0.9890040367328811,1,0,120
3,299,-7.424867254373768,-7.424867254373768,-7.424867254373768,82.70858430805741,-333.3248391570493,20.324151347759646,-82.37231777492727,-0.9889778180925147,1,0,120
3,300,-7.424868395947016,-7.424868395947016,-7.424868395947016,82.68288747751308,-333.27320508971206,20.32538856001887,-82.37484361966123,-0.9890081438679853,1,0,120
4,1,-0.8929853061353237,-0.8929853061353237,-0.8929853061353237,113.44486687905011,-11.616045345154571,21.208731890421394,-6.518984635738407,-0.11039173799684399,1,0,120
4,2,-0.0672151087085906,-0.0672151087085906,-0.0672151087085906,123.32076942220492,-10.95356013374561,23.547438173200085,-1.5795677982562606,-0.026748219895690206,1,0,120
4,3,-5.165842538358257,-5.165842538358257,-5.165842538358257,105.2134234908736,-122.20165870962555,21.48301517272658,-26.779263433044683,-0.4534769749943248,1,0,120
4,4,-1.9351874660973705,-1.9351874660973705,-1.9351874660973705,111.64660310547177,-17.47591074286548,20.27176815625996,-12.749572934479119,-0.21589980550632948,1,0,120
4,5,-4.234238939962233,-4.234238939962233,-4.234238939962233,105.79667742279736,-71.76240162704086,25.416539779880452,-23.39489498250348,-0.3961664678903898,1,0,120
4,6,-4.499422896394319,-4.499422896394319,-4.499422896394319,109.05957227804537,-87.01567979471982,20.071188898849577,-20.767780800747932,-0.3516792177057141,1,0,120
4,7,-5.306068293845822,-5.306068293845822,-5.306068293845822,113.74672504598414,-137.6094444723515,20.390547959406796,-26.817439558703295,-0.4541234451268569,1,0,120
4,8,-4.81167318928774,-4.81167318928774,-4.81167318928774,106.2320623575406,-109.14537722206596,26.96691247196678,-18.819857775104946,-0.31869331264529466,1,0,120
4,9,4.105025360256416,4.105025360256416,4.105025360256416,119.23368476204791,5.013971628777331,19.93407393392728,-3.4991050456726356,-0.05925344344389227,1,0,120
4,10,-6.144369643419069,-6.144369643419069,-6.144369643419069,124.00208191436832,-222.06459643652846,19.26613812388609,-36.34453010293825,-0.6154541035035761,1,0,120
4,11,-6.74996370865312,-6.74996370865312,-6.74996370865312,121.87350881183833,-300.1856707765673,19.34512724167936,-47.09611188612177,-0.7975201560532454,1,0,120
4,12,-6.708132206802198,-6.708132206802198,-6.708132206802198,118.80502431802007,-291.0645450396401,19.717978172429085,-45.76745868913278,-0.7750208952317688,1,0,120
4,13,-6.690659511171971,-6.690659511171971,-6.690659511171971,114.01082645200754,-282.19732853779027,21.14014713321503,-47.615726417549034,-0.8063192489208993,1,0,120
4,14,-6.281081872763294,-6.281081872763294,-6.281081872763294,112.68414757317849,-232.21481641624072,19.62265641151809,-33.68050039738494,-0.5703417300736702,1,0,120
4,15,-6.583622523103771,-6.583622523103771,-6.583622523103771,127.1188521804064,-282.0991703435865,17.854385818277493,-41.68781323521375,-0.705936647111274,1,0,120
4,16,-6.570039420209907,-6.570039420209907,-6.570039420209907,137.19122986680716,-294.3026913547295,21.22344225980977,-41.87093149757651,-0.7090375507597295,1,0,120
4,17,-6.76405043120113,-6.76405043120113,-6.76405043120113,113.62141508651743,-291.6553180264168,19.945768354153895,-48.47455174728972,-0.820862498534656,1,0,120
4,18,-6.316751297196253,-6.316751297196253,-6.316751297196253,100.91976121362491,-220.27881357102657,20.423252471188356,-38.94357283334394,-0.6594659949513075,1,0,120
4,19,-6.61631118590604,-6.61631118590604,-6.61631118590604,110.31130681616892,-267.7528629282813,20.745615675417103,-45.1746165643477,-0.7649817746984906,1,0,120
4,20,-6.766602793210866,-6.766602793210866,-6.766602793210866,113.13114263495295,-291.3047281156522,19.89760710385273,-48.57235457965515,-0.8225186804784888,1,0,120
4,21,-6.7911977365048495,-6.7911977365048495,-6.7911977365048495,111.74243390241159,-293.1339172022408,20.611328805772803,-50.074552997410684,-0.8479567361602013,1,0,120
4,22,-6.79885448481051,-6.79885448481051,-6.79885448481051,111.98366264182985,-294.4789014222909,20.656291297661742,-50.41830301110595,-0.8537777594588642,1,0,120
4,23,-6.805831271701557,-6.805831271701557,-6.805831271701557,113.05365217081095,-296.92165914979773,20.79159102523785,-50.74973060973454,-0.859390116394353,1,0,120
4,24,-6.7960025078246735,-6.7960025078246735,-6.7960025078246735,112.026184299943,-294.11890036646054,21.119063774112863,-50.942221257040885,-0.8626497309342909,1,0,120
4,25,-6.803649927988377,-6.803649927988377,-6.803649927988377,112.74127388126477,-296.21404403709914,20.868527157623454,-50.772768057939395,-0.8597802298995152,1,0,120
4,26,-6.81592544385129,-6.81592544385129,-6.81592544385129,115.75464972432792,-301.965756013452,20.491560641620357,-50.58497567836221,-0.8566001752863415,1,0,120
4,27,-6.817457545877773,-6.817457545877773,-6.817457545877773,117.01316461116126,-303.9055746837588,20.48606280917414,-50.53401520267748,-0.8557372164370227,1,0,120
4,28,-6.815319176876903,-6.815319176876903,-6.815319176876903,117.38689240175844,-304.0746332664973,20.48429598343441,-50.46477455626696,-0.8545647032736416,1,0,120
4,29,-6.81628472695559,-6.81628472695559,-6.81628472695559,116.53236259361604,-303.11231056328666,20.462520298355095,-50.46923896501694,-0.8546403030592795,1,0,120
4,30,-6.816485449778258,-6.816485449778258,-6.816485449778258,118.50482878022581,-305.84753358091086,20.532351027771334,-50.395584556670606,-0.8533930477576017,1,0,120
4,31,-6.8181073984671645,-6.8181073984671645,-6.8181073984671645,116.8048850807231,-303.7574027902119,20.531409047704784,-50.58724082325084,-0.8566385329900396,1,0,120
4,32,-6.814926222745405,-6.814926222745405,-6.814926222745405,117.5111217337311,-304.23949432283024,20.805715538326833,-50.802685663727985,-0.8602868512039437,1,0,120
4,33,-6.815145955768864,-6.815145955768864,-6.815145955768864,116.81647016031607,-303.35749809658023,20.48667299180676,-50.420141992882215,-0.853808900565305,1,0,120
4,34,-6.815741677116938,-6.815741677116938,-6.815741677116938,118.74440650829203,-305.983956370329,20.227121348494695,-50.04261859737763,-0.8474159626933935,1,0,120
4,35,-6.817262926811578,-6.817262926811578,-6.817262926811578,116.85297623626721,-303.66072435618685,20.368928191299528,-50.3867956077904,-0.8532442167054878,1,0,120
4,36,-6.817858228259562,-6.817858228259562,-6.817858228259562,116.13249335045062,-302.79799791778163,20.65934938572768,-50.79951646358262,-0.8602331843322365,1,0,120
4,37,-6.8180612331714805,-6.8180612331714805,-6.8180612331714805,116.70422424583512,-303.60759264145366,20.516392192977047,-50.57961248055033,-0.8565093555098339,1,0,120
4,38,-6.818707586713334,-6.818707586713334,-6.818707586713334,117.3386395086737,-304.5585340339027,20.467454382620165,-50.49819738422173,-0.855130681608131,1,0,120
4,39,-6.818267264816682,-6.818267264816682,-6.818267264816682,117.58210571761569,-304.82651145868795,20.411695931118256,-50.39373749696549,-0.8533617698604407,1,0,120
4,40,-6.8187445257713195,-6.8187445257713195,-6.8187445257713195,117.3372510508256,-304.56269566858305,20.47364564405183,-50.50678080111262,-0.8552760322051153,1,0,120
4,41,-6.818874194621975,-6.818874194621975,-6.818874194621975,117.52774815502606,-304.83874758822986,20.490505203963274,-50.52079425659237,-0.8555133344526571,1,0,120
4,42,-6.818821415730587,-6.818821415730587,-6.818821415730587,117.57461404348776,-304.89931984732686,20.487931745964296,-50.50785879467337,-0.8552942868244111,1,0,120
4,43,-6.818807694911409,-6.818807694911409,-6.818807694911409,117.49302663168136,-304.78146522686166,20.496113451900815,-50.5287810394562,-0.85564858171747,1,0,120
4,44,-6.819042508084054,-6.819042508084054,-6.819042508084054,117.54770290301266,-304.8848275805333,20.480436818943343,-50.51734961396394,-0.8554550032695392,1,0,120
4,45,-6.8190629855367835,-6.8190629855367835,-6.8190629855367835,117.74823530562192,-305.15804918052316,20.46290106659124,-50.48328601589812,-0.8548781742074952,1,0,120
4,46,-6.819033024084238,-6.819033024084238,-6.819033024084238,117.88295662363971,-305.32624691948297,20.451756219964818,-50.46871454291754,-0.8546314225556073,1,0,120
4,47,-6.8189997556488695,-6.8189997556488695,-6.8189997556488695,117.80005613754354,-305.2233966602902,20.460022846124414,-50.46965650226874,-0.8546473735872038,1,0,120
4,48,-6.819163586131729,-6.819163586131729,-6.819163586131729,117.72091974668514,-305.1369263714459,20.4916804733437,-50.5241815973357,-0.8555706952922262,1,0,120
4,49,-6.819266680556185,-6.819266680556185,-6.819266680556185,117.62900792115133,-305.02265694822665,20.51468536148062,-50.56811043981286,-0.8563145812714411,1,0,120
4,50,-6.819231005914337,-6.819231005914337,-6.819231005914337,117.52221658044459,-304.86759479752976,20.515206355466724,-50.58003262655611,-0.8565164702140987,1,0,120
4,51,-6.819289415039113,-6.819289415039113,-6.819289415039113,117.68050173487,-305.095259803159,20.514897959596222,-50.56609204221971,-0.8562804019581389,1,0,120
4,52,-6.819341308367318,-6.819341308367318,-6.819341308367318,117.59099825002929,-304.9802723250706,20.500989538405005,-50.55720844260149,-0.8561299681012855,1,0,120
4,53,-6.8194345404305015,-6.8194345404305015,-6.8194345404305015,117.53033944222646,-304.90739766467505,20.524121595727838,-50.598342720469766,-0.8568265312439918,1,0,120
4,54,-6.819478294096637,-6.819478294096637,-6.819478294096637,117.53215317488997,-304.9197585759723,20.540281724642462,-50.61690134304692,-0.8571408008297625,1,0,120
4,55,-6.819485457525875,-6.819485457525875,-6.819485457525875,117.54121707665706,-304.93221153578304,20.570422313653445,-50.656194216372064,-0.857806181839172,1,0,120
4,56,-6.81947375973529,-6.81947375973529,-6.81947375973529,117.411144697095,-304.7481093191114,20.576983680417367,-50.67918351693884,-0.8581954800177541,1,0,120
4,57,-6.819471229429678,-6.819471229429678,-6.819471229429678,117.5172433530975,-304.90259385815256,20.568318123102003,-50.649710201793674,-0.8576963822801147,1,0,120
4,58,-6.819551123519655,-6.819551123519655,-6.819551123519655,117.70228155985045,-305.15105087276106,20.54813920107956,-50.62764747325454,-0.857322774565957,1,0,120
4,59,-6.819610838068205,-6.819610838068205,-6.819610838068205,117.56514016832989,-304.9699258828359,20.55198176147588,-50.64783066981445,-0.8576645545011887,1,0,120
4,60,-6.81967050951087,-6.81967050951087,-6.81967050951087,117.61490778670387,-305.04272003362485,20.542150633794193,-50.63705794791529,-0.8574821304643403,1,0,120
4,61,-6.819644580878314,-6.819644580878314,-6.819644580878314,117.50889273024919,-304.8920408787487,20.545476383135608,-50.650918388905126,-0.857716841582063,1,0,120
4,62,-6.819708172217852,-6.819708172217852,-6.819708172217852,117.60016396425051,-305.02993297960165,20.53277002294285,-50.625487365522616,-0.8572861955494211,1,0,120
4,63,-6.819725006486014,-6.819725006486014,-6.819725006486014,117.70354523874258,-305.17280799741195,20.530822238208753,-50.61616517073419,-0.8571283345722687,1,0,120
4,64,-6.819802959150576,-6.819802959150576,-6.819802959150576,117.72704666635417,-305.20971899534743,20.50163760108687,-50.585807681808205,-0.8566142643372527,1,0,120
4,65,-6.819836421655286,-6.819836421655286,-6.819836421655286,117.69358043341792,-305.1747520512355,20.485865825376333,-50.56335246843622,-0.8562340103299594,1,0,120
4,66,-6.819838418591629,-6.819838418591629,-6.819838418591629,117.79368573907905,-305.3039614320957,20.466244610604324,-50.53808502759549,-0.8558061343853147,1,0,120
4,67,-6.819859639950522,-6.819859639950522,-6.819859639950522,117.76582292623289,-305.2757966192353,20.48322956090688,-50.55602688816235,-0.856109959793955,1,0,120
4,68,-6.819937032149098,-6.819937032149098,-6.819937032149098,117.6957934404121,-305.19224461851616,20.47225665122293,-50.54908528905617,-0.8559924115509958,1,0,120
4,69,-6.819924898395954,-6.819924898395954,-6.819924898395954,117.78628142651026,-305.3132131683651,20.44990568196304,-50.51366336464584,-0.8553925807464543,1,0,120
4,70,-6.81999246281209,-6.81999246281209,-6.81999246281209,117.65536884140695,-305.1437864757035,20.48443240819933,-50.57103403840538,-0.8563640891546265,1,0,120
4,71,-6.8200151128837545,-6.8200151128837545,-6.8200151128837545,117.39713647667679,-304.79646479918733,20.489048846764852,-50.595695568144016,-0.8567817046701753,1,0,120
4,72,-6.820081954754756,-6.820081954754756,-6.820081954754756,117.42398348086834,-304.8347947823178,20.500484127452705,-50.61857652519183,-0.8571691681720359,1,0,120
4,73,-6.820103487288306,-6.820103487288306,-6.820103487288306,117.3787313303036,-304.78117097313964,20.51707687234234,-50.63909501274152,-0.857516625886426,1,0,120
4,74,-6.820100037854597,-6.820100037854597,-6.820100037854597,117.24709882962509,-304.5989504367624,20.514319555698346,-50.64746876560553,-0.8576584260568308,1,0,120
4,75,-6.820103379526664,-6.820103379526664,-6.820103379526664,117.4409902851055,-304.8676704685929,20.514771183835443,-50.62983139518362,-0.8573597568493756,1,0,120
4,76,-6.819991708639013,-6.819991708639013,-6.819991708639013,117.32345075081605,-304.6880290304798,20.514251581921375,-50.63748696937049,-0.8574893954644476,1,0,120
4,77,-6.820146825417419,-6.820146825417419,-6.820146825417419,117.4102111414935,-304.8302343642467,20.513042955468386,-50.63310261770499,-0.8574151513562944,1,0,120
4,78,-6.820152152252076,-6.820152152252076,-6.820152152252076,117.40284838458027,-304.82417741871996,20.548768604848078,-50.676653727339286,-0.8581526408508799,1,0,120
4,79,-6.820200667395798,-6.820200667395798,-6.820200667395798,117.46464503834206,-304.9069958143641,20.544483240427848,-50.676556293994494,-0.8581509909257963,1,0,120
4,80,-6.820174678147614,-6.820174678147614,-6.820174678147614,117.46479325112702,-304.8981116469686,20.547182944377408,-50.68448861024539,-0.858285315859234,1,0,120
4,81,-6.820149373445354,-6.820149373445354,-6.820149373445354,117.4440021817629,-304.8715179576653,20.55436068911604,-50.689046055298405,-0.8583624911109549,1,0,120
4,82,-6.820250559521867,-6.820250559521867,-6.820250559521867,117.71101113822398,-305.24573012848117,20.5244475980338,-50.638153025375225,-0.8575006743804251,1,0,120
4,83,-6.820266111554642,-6.820266111554642,-6.820266111554642,117.70361184648166,-305.2416137516434,20.504242703290384,-50.60950156245048,-0.8570154937940075,1,0,120
4,84,-6.820311324928341,-6.820311324928341,-6.820311324928341,117.76364985602373,-305.32796887663017,20.516948877946557,-50.62483010081122,-0.8572750655041963,1,0,120
4,85,-6.820247243717907,-6.820247243717907,-6.820247243717907,117.98543279508976,-305.61878858218495,20.515986513625485,-50.60669403986737,-0.8569679515286499,1,0,120
4,86,-6.820302417362457,-6.820302417362457,-6.820302417362457,117.7365822344683,-305.29307277659456,20.529198395290187,-50.63906854848063,-0.857516177743668,1,0,120
4,87,-6.8202233197182665,-6.8202233197182665,-6.8202233197182665,117.74977921714131,-305.2926986195355,20.524565159110324,-50.63638833765027,-0.8574707913609267,1,0,120
4,88,-6.820253223888589,-6.820253223888589,-6.820253223888589,117.81403553600589,-305.38916510428766,20.517951409882556,-50.61942541792607,-0.857183543224217,1,0,120
4,89,-6.820356169048612,-6.820356169048612,-6.820356169048612,117.62428819133811,-305.1390296814543,20.508908039001064,-50.63197883803657,-0.8573961214003036,1,0,120
4,90,-6.820389949489226,-6.820389949489226,-6.820389949489226,117.66003394692245,-305.1890064495301,20.47933832399655,-50.59596461345399,-0.8567862606525909,1,0,120
4,91,-6.820364750864595,-6.820364750864595,-6.820364750864595,117.65021053521102,-305.1711315993112,20.475888400914677,-50.59226357664854,-0.8567235877198915,1,0,120
4,92,-6.8203611729470115,-6.8203611729470115,-6.8203611729470115,117.66447360523145,-305.19433932075253,20.47840329940843,-50.59002573597418,-0.8566856923826256,1,0,120
4,93,-6.820438311752003,-6.820438311752003,-6.820438311752003,117.4302139858641,-304.8837575085671,20.48710288952842,-50.623737538160796,-0.8572565641736073,1,0,120
4,94,-6.8203989882247,-6.8203989882247,-6.8203989882247,117.40146652536558,-304.8299086560612,20.459348864364678,-50.59776899140626,-0.8568168157818457,1,0,120
4,95,-6.820463002006051,-6.820463002006051,-6.820463002006051,117.41047431784425,-304.86183448714075,20.4792878961753,-50.614533531161875,-0.8571007045749245,1,0,120
4,96,-6.820442806520391,-6.820442806520391,-6.820442806520391,117.3007154695037,-304.7054758384718,20.49353660650831,-50.64417122964524,-0.8576025859611558,1,0,120
4,97,-6.820406259205239,-6.820406259205239,-6.820406259205239,117.31352025765031,-304.72401987595833,20.48467245716943,-50.624214727581005,-0.8572646448445084,1,0,120
4,98,-6.820533044785751,-6.820533044785751,-6.820533044785751,117.36502684009392,-304.813966586216,20.483517275285788,-50.621715479571414,-0.857222322865415,1,0,120
4,99,-6.820608982638669,-6.820608982638669,-6.820608982638669,117.49628897090915,-305.00403181395365,20.48594799307244,-50.61747100433841,-0.8571504474087239,1,0,120
4,100,-6.820641189845409,-6.820641189845409,-6.820641189845409,117.4495267725066,-304.94823591254175,20.507078943090924,-50.64596197613591,-0.8576329102568034,1,0,120
4,101,-6.820723475970253,-6.820723475970253,-6.820723475970253,117.48863736635172,-305.0123865965314,20.487340571492464,-50.62140870519895,-0.8572171279833833,1,0,120
4,102,-6.8207737348718815,-6.8207737348718815,-6.8207737348718815,117.55546383056364,-305.11171082559827,20.47052558086659,-50.59546966618936,-0.8567778792723895,1,0,120
4,103,-6.820824256046829,-6.820824256046829,-6.820824256046829,117.48710736532074,-305.027138495199,20.468763974381556,-50.59866297845777,-0.8568319544560221,1,0,120
4,104,-6.820882169315737,-6.820882169315737,-6.820882169315737,117.58473322748017,-305.16717232292865,20.466026829670547,-50.59121269711292,-0.856705792246387,1,0,120
4,105,-6.820924340100427,-6.820924340100427,-6.820924340100427,117.62834044387552,-305.2348558180173,20.464979633317412,-50.58586634532234,-0.8566152577384715,1,0,120
4,106,-6.820777799202921,-6.820777799202921,-6.820777799202921,117.47952672754008,-305.0198843108778,20.46694000272603,-50.585534998831754,-0.8566096467550103,1,0,120
4,107,-6.8209187110259615,-6.8209187110259615,-6.8209187110259615,117.62575277381697,-305.2297101919512,20.45217123088262,-50.57017471676047,-0.8563495375004686,1,0,120
4,108,-6.821050528998836,-6.821050528998836,-6.821050528998836,117.70991144471833,-305.35811130285106,20.47153268543146,-50.598584176861536,-0.8568306200388313,1,0,120
4,109,-6.820989745056296,-6.820989745056296,-6.820989745056296,117.87690590025993,-305.5798642441496,20.46908734065382,-50.57788370296844,-0.8564800805885787,1,0,120
4,110,-6.821001369224864,-6.821001369224864,-6.821001369224864,117.75725298531069,-305.418632263963,20.479008441141183,-50.59991014629903,-0.8568530738531774,1,0,120
4,111,-6.8210607069432765,-6.8210607069432765,-6.8210607069432765,117.86241431089974,-305.55693507854716,20.445137177395075,-50.56396251264204,-0.8562443407485596,1,0,120
4,112,-6.82112512979805,-6.82112512979805,-6.82112512979805,117.79269833888907,-305.46180985417084,20.438794337872924,-50.5726225311414,-0.8563909885083945,1,0,120
4,113,-6.821258270068394,-6.821258270068394,-6.821258270068394,117.61331068033206,-305.2349167235592,20.45474008748395,-50.61265775710769,-0.8570689404322702,1,0,120
4,114,-6.821351311336446,-6.821351311336446,-6.821351311336446,117.50018077150486,-305.0896536932497,20.463115379476243,-50.63944967759994,-0.8575226317404532,1,0,120
4,115,-6.821274449901344,-6.821274449901344,-6.821274449901344,117.5117974512647,-305.0911370350947,20.486615974111736,-50.66956482138118,-0.8580325981305885,1,0,120
4,116,-6.821344456659374,-6.821344456659374,-6.821344456659374,117.55840446174055,-305.1667013334702,20.458888812879838,-50.63078976701591,-0.8573759858080441,1,0,120
4,117,-6.821379926196341,-6.821379926196341,-6.821379926196341,117.47455951717185,-305.0514386029843,20.44574709763906,-50.62732644489318,-0.8573173383085124,1,0,120
4,118,-6.8214559812145525,-6.8214559812145525,-6.8214559812145525,117.37356729512189,-304.92644905741,20.449224597399844,-50.64007583416643,-0.8575332350039205,1,0,120
4,119,-6.821499364231888,-6.821499364231888,-6.821499364231888,117.41517193870735,-304.9829511970139,20.439349650420322,-50.63221451974911,-0.8574001124073877,1,0,120
4,120,-6.821554207378083,-6.821554207378083,-6.821554207378083,117.32753585433784,-304.86768302044453,20.439515842467344,-50.6443929039531,-0.8576063397684557,1,0,120
4,121,-6.821448870637349,-6.821448870637349,-6.821448870637349,117.25935251429138,-304.7554866599226,20.44129091578285,-50.652175422810515,-0.8577381280500163,1,0,120
4,122,-6.821524474643075,-6.821524474643075,-6.821524474643075,117.31870553567336,-304.85243654686474,20.451715126885464,-50.65870101185514,-0.8578486316263156,1,0,120
4,123,-6.8215226366622295,-6.8215226366622295,-6.8215226366622295,117.14981095884129,-304.6210627022764,20.42517426642205,-50.63750216932716,-0.8574896528587701,1,0,120
4,124,-6.82151310203102,-6.82151310203102,-6.82151310203102,117.26745498454507,-304.781744805402,20.447175210016876,-50.655381783155164,-0.8577924241882752,1,0,120
4,125,-6.821596515793346,-6.821596515793346,-6.821596515793346,117.29291896336227,-304.8324545757448,20.459779452378168,-50.66862159066624,-0.8580166255698645,1,0,120
4,126,-6.821672922567944,-6.821672922567944,-6.821672922567944,117.49814678157183,-305.1228089087165,20.441007248637355,-50.63237151247928,-0.857402770904271,1,0,120
4,127,-6.82159132943179,-6.82159132943179,-6.82159132943179,117.4980662579725,-305.1176195726001,20.448982988283195,-50.633228163384885,-0.8574172773324358,1,0,120
4,128,-6.821705936423772,-6.821705936423772,-6.821705936423772,117.4681703278464,-305.0895473982134,20.45311705365014,-50.648464672372256,-0.8576752906277731,1,0,120
4,129,-6.8218030089625925,-6.8218030089625925,-6.8218030089625925,117.60825432679869,-305.2907416054506,20.4577499188324,-50.65113006834177,-0.8577204261373603,1,0,120
4,130,-6.821805032604004,-6.821805032604004,-6.821805032604004,117.6950010458217,-305.4025453611891,20.44626846221197,-50.63669236715971,-0.857475939761763,1,0,120
4,131,-6.821865749981301,-6.821865749981301,-6.821865749981301,117.78451264574579,-305.5377105042725,20.464857231826663,-50.65161982962306,-0.8577287196987147,1,0,120
4,132,-6.8218601912047045,-6.8218601912047045,-6.8218601912047045,117.76307379969845,-305.5132659974173,20.476525587589336,-50.66248768729547,-0.8579127547538339,1,0,120
4,133,-6.821908709227014,-6.821908709227014,-6.821908709227014,117.76285448173107,-305.5124383255379,20.46216626764785,-50.65317397928102,-0.8577550374907384,1,0,120
4,134,-6.821859435877772,-6.821859435877772,-6.821859435877772,117.99938918973697,-305.8239560399775,20.434578372097302,-50.60197088512076,-0.856887970167987,1,0,120
4,135,-6.821818118394598,-6.821818118394598,-6.821818118394598,117.82039661341838,-305.57878006319083,20.474126542363422,-50.66022835606021,-0.857874495497875,1,0,120
4,136,-6.8219422385213475,-6.8219422385213475,-6.8219422385213475,117.67399305413447,-305.394225686257,20.4486139654704,-50.645385823916364,-0.8576231537612109,1,0,120
4,137,-6.822065145062944,-6.822065145062944,-6.822065145062944,117.55520115596741,-305.249419206429,20.440759422477704,-50.64879659816404,-0.8576809114210544,1,0,120
4,138,-6.82211536122928,-6.82211536122928,-6.82211536122928,117.51515726148918,-305.20133328391967,20.4248220334871,-50.63362020877899,-0.8574239161841662,1,0,120
4,139,-6.822146828644452,-6.822146828644452,-6.822146828644452,117.4332426818886,-305.0874013721452,20.428074874826898,-50.65167537165596,-0.8577296602411284,1,0,120
4,140,-6.822184274216151,-6.822184274216151,-6.822184274216151,117.36224925996078,-304.9963212446925,20.449246190613405,-50.68512818119437,-0.8582961462803157,1,0,120
4,141,-6.8222531946443645,-6.8222531946443645,-6.8222531946443645,117.3968720965616,-305.0503945641382,20.444089402433715,-50.681336074033744,-0.8582319311726688,1,0,120
4,142,-6.822278960180223,-6.822278960180223,-6.822278960180223,117.40968838172364,-305.067537490507,20.43505694126928,-50.673658549535205,-0.8581019208535371,1,0,120
4,143,-6.822353888508311,-6.822353888508311,-6.822353888508311,117.21564739360934,-304.8203919711541,20.447324622575948,-50.69949104211969,-0.8585393653195906,1,0,120
4,144,-6.822293238249427,-6.822293238249427,-6.822293238249427,117.04558363667185,-304.57561137501455,20.427935874599047,-50.6887796467262,-0.8583579797787542,1,0,120
4,145,-6.8223726255973345,-6.8223726255973345,-6.8223726255973345,117.22410942100738,-304.8322635464634,20.443600971547237,-50.69706870990709,-0.8584983458237802,1,0,120
4,146,-6.82232733835125,-6.82232733835125,-6.82232733835125,117.14779597534431,-304.72830784331546,20.472585238904376,-50.73185593630838,-0.859087428725046,1,0,120
4,147,-6.822463452427683,-6.822463452427683,-6.822463452427683,117.31051344730868,-304.96148747883217,20.43390031157784,-50.68302556059071,-0.8582605407442152,1,0,120
4,148,-6.822603337515859,-6.822603337515859,-6.822603337515859,117.47677403157242,-305.2052664448978,20.429499587749355,-50.673029695315485,-0.8580912719083194,1,0,120
4,149,-6.822703856881276,-6.822703856881276,-6.822703856881276,117.51689890102836,-305.27424741034406,20.415444639204463,-50.65557338063856,-0.8577956686780799,1,0,120
4,150,-6.822789749717808,-6.822789749717808,-6.822789749717808,117.64230637276938,-305.45528425010434,20.414604924395295,-50.65051488523222,-0.8577100086971539,1,0,120
4,151,-6.822810034827517,-6.822810034827517,-6.822810034827517,117.66761640103348,-305.4838758626629,20.384617116167185,-50.61950203794635,-0.8571848406988509,1,0,120
4,152,-6.822864458227563,-6.822864458227563,-6.822864458227563,117.69496134808168,-305.53588847403165,20.40711287650935,-50.641457311601215,-0.8575566287843251,1,0,120
4,153,-6.822847646166055,-6.822847646166055,-6.822847646166055,117.6494780370615,-305.467468149922,20.404809458500583,-50.64525571701842,-0.8576209505459264,1,0,120
4,154,-6.822918736437453,-6.822918736437453,-6.822918736437453,117.6283253210274,-305.4509800561412,20.410225099573,-50.65410382220003,-0.8577707833440621,1,0,120
4,155,-6.822924546677405,-6.822924546677405,-6.822924546677405,117.39918478247228,-305.14687904349796,20.427701303337788,-50.68611319392598,-0.8583128263729172,1,0,120
4,156,-6.823035513535749,-6.823035513535749,-6.823035513535749,117.46045986235944,-305.2418567186745,20.421999192273102,-50.682613090627086,-0.8582535560251676,1,0,120
4,157,-6.823161198876862,-6.823161198876862,-6.823161198876862,117.41513702342989,-305.1990110703767,20.443504241211553,-50.71708226335856,-0.8588372530420744,1,0,120
4,158,-6.823277322939613,-6.823277322939613,-6.823277322939613,117.45830472651834,-305.27217697654146,20.451687704851263,-50.730867698152075,-0.8590706940134728,1,0,120
4,159,-6.823380243730747,-6.823380243730747,-6.823380243730747,117.45832540644886,-305.2890162701809,20.46597980969391,-50.750823029732494,-0.8594086153092815,1,0,120
4,160,-6.823414095214604,-6.823414095214604,-6.823414095214604,117.46994995503856,-305.30541252408045,20.485531716343026,-50.78069115372263,-0.8599143986946112,1,0,120
4,161,-6.823394401302096,-6.823394401302096,-6.823394401302096,117.35216115079652,-305.1407977508869,20.489128588011933,-50.7943963113666,-0.8601464802619682,1,0,120
4,162,-6.823485368788096,-6.823485368788096,-6.823485368788096,117.45786053385933,-305.29670279050674,20.472281620985186,-50.76938545171219,-0.859722949233699,1,0,120
4,163,-6.823503068487823,-6.823503068487823,-6.823503068487823,117.32012975399716,-305.1171408337808,20.489260190909814,-50.796202382961944,-0.8601770640711804,1,0,120
4,164,-6.823655915424837,-6.823655915424837,-6.823655915424837,117.52013695034819,-305.40374032504303,20.46143702487615,-50.759097137149446,-0.8595487280951166,1,0,120
4,165,-6.823715796968853,-6.823715796968853,-6.823715796968853,117.51417640232744,-305.3949484010643,20.436187124739895,-50.73826877979091,-0.8591960230809303,1,0,120
4,166,-6.823808476959419,-6.823808476959419,-6.823808476959419,117.61956301313171,-305.54980723491343,20.42215526903653,-50.7178203902815,-0.8588497523987133,1,0,120
4,167,-6.823898666981508,-6.823898666981508,-6.823898666981508,117.72191460234245,-305.70190738733805,20.422149570416522,-50.71383865839142,-0.8587823262076506,1,0,120
4,168,-6.823922939269541,-6.823922939269541,-6.823922939269541,117.82269270170775,-305.83175921710654,20.407491220544035,-50.699392149249405,-0.8585376906790698,1,0,120
4,169,-6.824026854358679,-6.824026854358679,-6.824026854358679,117.7407370310948,-305.73261143259697,20.38650417835003,-50.684275423360724,-0.8582817057769847,1,0,120
4,170,-6.824013471549777,-6.824013471549777,-6.824013471549777,117.88678785494643,-305.93090279482607,20.38252265727378,-50.66684520265712,-0.8579865444190962,1,0,120
4,171,-6.824021322282208,-6.824021322282208,-6.824021322282208,117.64260062517505,-305.60184574151697,20.394522288788956,-50.69776814760101,-0.858510190021453,1,0,120
4,172,-6.824104734240626,-6.824104734240626,-6.824104734240626,117.65744939077251,-305.6308943724191,20.394469453409762,-50.70267546623491,-0.8585932899922568,1,0,120
4,173,-6.8240274832088055,-6.8240274832088055,-6.8240274832088055,117.70208817839907,-305.6744147103613,20.364974572442478,-50.66493492977141,-0.8579541960771864,1,0,120
4,174,-6.8241356068440275,-6.8241356068440275,-6.8241356068440275,117.6369198383381,-305.60339690735003,20.38526034399666,-50.69729072052671,-0.8585021053261449,1,0,120
4,175,-6.824312706075558,-6.824312706075558,-6.824312706075558,117.57416345157574,-305.54583238757493,20.399389484600846,-50.72363084942309,-0.8589481460472705,1,0,120
4,176,-6.824390763911782,-6.824390763911782,-6.824390763911782,117.45803760641317,-305.39888931507755,20.414923240394785,-50.75457793928246,-0.8594722005168565,1,0,120
4,177,-6.824411916472684,-6.824411916472684,-6.824411916472684,117.3246886761762,-305.2176261232087,20.41633358168707,-50.7691534403667,-0.8597190203801897,1,0,120
4,178,-6.824526420984961,-6.824526420984961,-6.824526420984961,117.35237527665826,-305.2712720792161,20.413004612803608,-50.767365241574254,-0.8596887392269714,1,0,120
4,179,-6.824568915172309,-6.824568915172309,-6.824568915172309,117.27140966932663,-305.1639996360169,20.41286392796355,-50.77737999427458,-0.8598583279003573,1,0,120
4,180,-6.824686769459514,-6.824686769459514,-6.824686769459514,117.37113488204082,-305.313298527787,20.426914702811473,-50.79610146388304,-0.8601753551190752,1,0,120
4,181,-6.824578948613591,-6.824578948613591,-6.824578948613591,117.34260080251087,-305.26596218522303,20.4629570916169,-50.83394146501956,-0.8608161333575086,1,0,120
4,182,-6.824654607221623,-6.824654607221623,-6.824654607221623,117.29997196978275,-305.21174063162897,20.42853897009116,-50.802069044380644,-0.8602764094426512,1,0,120
4,183,-6.8248394522151345,-6.8248394522151345,-6.8248394522151345,117.43989177330174,-305.419428829439,20.40310930290702,-50.775241507171884,-0.8598221150050767,1,0,120
4,184,-6.8247794886230855,-6.8247794886230855,-6.8247794886230855,117.66682283983495,-305.7104279160778,20.384734594236836,-50.74291443766126,-0.8592746921183807,1,0,120
4,185,-6.824779943454291,-6.824779943454291,-6.824779943454291,117.41967805111818,-305.38088494539335,20.396003447165974,-50.767888775658214,-0.8596976046930921,1,0,120
4,186,-6.824910135435218,-6.824910135435218,-6.824910135435218,117.44065904455005,-305.4348894170465,20.415791966198782,-50.7897475484917,-0.8600677586447271,1,0,120
4,187,-6.825012979141606,-6.825012979141606,-6.825012979141606,117.3958884376079,-305.3837538516499,20.414473010349578,-50.79964496390164,-0.860235360341898,1,0,120
4,188,-6.825132116758753,-6.825132116758753,-6.825132116758753,117.33530538371119,-305.31550083264693,20.406882835626096,-50.80099993719356,-0.8602583053041876,1,0,120
4,189,-6.825220664114299,-6.825220664114299,-6.825220664114299,117.2729941757132,-305.2383545010647,20.401250577595757,-50.80606849471828,-0.8603441356758721,1,0,120
4,190,-6.825330035321994,-6.825330035321994,-6.825330035321994,117.41592735576731,-305.4434015995,20.38388214926532,-50.78282811538616,-0.8599505857582801,1,0,120
4,191,-6.825497101421004,-6.825497101421004,-6.825497101421004,117.47534610502098,-305.54999755331755,20.398635757763376,-50.8018566433434,-0.860272812667852,1,0,120
4,192,-6.82559290779028,-6.82559290779028,-6.82559290779028,117.63848118761794,-305.7815992983426,20.408819507381672,-50.81124773765318,-0.8604318403815954,1,0,120
4,193,-6.8259482362014,-6.8259482362014,-6.8259482362014,117.65373065633098,-305.85492971483677,20.42427022609391,-50.84093272039215,-0.8609345224739868,1,0,120
4,194,-6.826062986139586,-6.826062986139586,-6.826062986139586,117.58930418743049,-305.789612368227,20.41052978932959,-50.82573199115044,-0.860677115068758,1,0,120
4,195,-6.826376718554833,-6.826376718554833,-6.826376718554833,117.64737119800351,-305.9074327546375,20.408020651668625,-50.83564648337163,-0.8608450059426916,1,0,120
4,196,-6.826734027284864,-6.826734027284864,-6.826734027284864,117.42587208265275,-305.6692432294862,20.487782727251776,-50.95436732047885,-0.8628554109792148,1,0,120
4,197,-6.8272495794410135,-6.8272495794410135,-6.8272495794410135,117.65801683541032,-306.0455158853535,20.479349697826798,-50.959235032359416,-0.8629378402538012,1,0,120
4,198,-6.826376402647126,-6.826376402647126,-6.826376402647126,117.720201405668,-306.0238150592637,20.525263999530072,-50.96470382506595,-0.8630304481621416,1,0,120
4,199,-6.826991332070417,-6.826991332070417,-6.826991332070417,117.2146306112227,-305.4194614253845,20.503733253180798,-50.9974143568187,-0.8635843645544569,1,0,120
4,200,-6.827692460024502,-6.827692460024502,-6.827692460024502,117.99598485547651,-306.51281633198846,20.3868209430807,-50.88808690472691,-0.8617330260222236,1,0,120
4,201,-6.827068408839426,-6.827068408839426,-6.827068408839426,118.37490350291858,-306.9450449612218,20.39593481496845,-50.84493572620206,-0.8610023089151674,1,0,120
4,202,-6.827584908664111,-6.827584908664111,-6.827584908664111,118.18766189052099,-306.75751018249036,20.38015273027691,-50.86299234833532,-0.8613080776830082,1,0,120
4,203,-6.827565957283026,-6.827565957283026,-6.827565957283026,118.02431391644436,-306.5349113588365,20.4319828647503,-50.93827037978066,-0.8625828272319909,1,0,120
4,204,-6.827708914479964,-6.827708914479964,-6.827708914479964,117.95725652146938,-306.46205904433236,20.377268396845178,-50.87943122072325,-0.8615864516622416,1,0,120
4,205,-6.827630479771461,-6.827630479771461,-6.827630479771461,117.94732786098157,-306.42383636492525,20.35252496914525,-50.858857201102886,-0.8612380535741372,1,0,120
4,206,-6.8277801025321825,-6.8277801025321825,-6.8277801025321825,117.90591263170094,-306.40598204585405,20.389760286084652,-50.898041711309816,-0.8619015995749337,1,0,120
4,207,-6.827908521483319,-6.827908521483319,-6.827908521483319,117.9089636942436,-306.4262932429608,20.387460739610425,-50.90164443326457,-0.8619626076552296,1,0,120
4,208,-6.828032909229335,-6.828032909229335,-6.828032909229335,117.6740702803144,-306.12727967237885,20.393444453722168,-50.9270149440597,-0.8623922289746584,1,0,120
4,209,-6.827965350184146,-6.827965350184146,-6.827965350184146,117.52954759908266,-305.9212919565116,20.394884599943655,-50.93588825226171,-0.8625424885578505,1,0,120
4,210,-6.828063403789072,-6.828063403789072,-6.828063403789072,117.73385644069621,-306.2083804915154,20.385145014904612,-50.91792759555155,-0.8622383448574757,1,0,120
4,211,-6.828186330750422,-6.828186330750422,-6.828186330750422,117.63018263417382,-306.0923064771397,20.400713533468718,-50.942022965746574,-0.86264637309226,1,0,120
4,212,-6.828296927525274,-6.828296927525274,-6.828296927525274,117.71153077688669,-306.2190782683482,20.40011150603122,-50.939415656969686,-0.8626022212245295,1,0,120
4,213,-6.828342088317821,-6.828342088317821,-6.828342088317821,117.76339054276164,-306.2889858061662,20.380763781145657,-50.91960974535281,-0.8622668301892427,1,0,120
4,214,-6.828469321417274,-6.828469321417274,-6.828469321417274,117.70921710428604,-306.2222658471329,20.3660468468611,-50.919970805420185,-0.8622729443390046,1,0,120
4,215,-6.828582157867291,-6.828582157867291,-6.828582157867291,117.5919301930261,-306.0754358462827,20.36436675667681,-50.93305024069352,-0.862494429995517,1,0,120
4,216,-6.828558592354088,-6.828558592354088,-6.828558592354088,117.50241516504626,-305.9478442201815,20.34285887282096,-50.91275349632171,-0.862150727254664,1,0,120
4,217,-6.828533725857466,-6.828533725857466,-6.828533725857466,117.60210612555187,-306.0802473621998,20.353411699999327,-50.91858540981956,-0.8622494842088292,1,0,120
4,218,-6.828761639670685,-6.828761639670685,-6.828761639670685,117.54473726962593,-306.03766825920525,20.381701789380408,-50.96421828545915,-0.8630222260901386,1,0,120
4,219,-6.829075862457587,-6.829075862457587,-6.829075862457587,117.646632617525,-306.21805546192616,20.408480293466116,-51.006438368185556,-0.8637371761277545,1,0,120
4,220,-6.828646031991861,-6.828646031991861,-6.828646031991861,117.02713025056464,-305.3377686666369,20.507832744613992,-51.13651317383975,-0.8659398479651828,1,0,120
4,221,-6.829241600207217,-6.829241600207217,-6.829241600207217,117.88877024469508,-306.5457820369896,20.3807265742481,-50.98559572310158,-0.8633842291668647,1,0,120
4,222,-6.829361863058954,-6.829361863058954,-6.829361863058954,117.98756850176824,-306.69632857757426,20.372854827917585,-50.974093398294656,-0.8631894501180724,1,0,120
4,223,-6.829185494279946,-6.829185494279946,-6.829185494279946,118.40474165378481,-307.2269826973816,20.35986649119178,-50.9338943348966,-0.8625087237899217,1,0,120
4,224,-6.829366785956059,-6.829366785956059,-6.829366785956059,117.99712192230973,-306.7062368399567,20.363273227073275,-50.9650291003165,-0.8630359563359205,1,0,120
4,225,-6.829369186346241,-6.829369186346241,-6.829369186346241,117.82554440450821,-306.4765524025278,20.37910525581505,-50.99377941675355,-0.8635228108963754,1,0,120
4,226,-6.829373186165861,-6.829373186165861,-6.829373186165861,117.84079135932444,-306.5088732967134,20.402575264686455,-51.012241299898285,-0.863835442307695,1,0,120
4,227,-6.82943648398189,-6.82943648398189,-6.82943648398189,117.8274531979228,-306.4899775178767,20.389161795664606,-51.00785748426136,-0.8637612072765883,1,0,120
4,228,-6.829306951254182,-6.829306951254182,-6.829306951254182,117.96664995651811,-306.65644037025595,20.391243081257613,-51.000891168972935,-0.8636432404926344,1,0,120
4,229,-6.829419869833869,-6.829419869833869,-6.829419869833869,117.86306004726896,-306.53822224373226,20.400675479008456,-51.01757603511041,-0.8639257801018034,1,0,120
4,230,-6.82962001404148,-6.82962001404148,-6.82962001404148,117.6284073844642,-306.25165117428287,20.405385395186695,-51.042455992902894,-0.8643470944529593,1,0,120
4,231,-6.829686348988631,-6.829686348988631,-6.829686348988631,117.3830973259185,-305.9327031265976,20.41040811388333,-51.06212265339368,-0.8646801274256509,1,0,120
4,232,-6.829755916234381,-6.829755916234381,-6.829755916234381,117.32503516988265,-305.86639382735325,20.42606849309051,-51.08591643383666,-0.865083048574171,1,0,120
4,233,-6.829714615789572,-6.829714615789572,-6.829714615789572,117.09657563045303,-305.5543899660009,20.430917694575996,-51.100718531744846,-0.8653337056021269,1,0,120
4,234,-6.829820093661647,-6.829820093661647,-6.829820093661647,117.40045860599926,-305.9762358200313,20.422092914967557,-51.080090601344935,-0.8649843945950659,1,0,120
4,235,-6.829993492136487,-6.829993492136487,-6.829993492136487,117.44968154621577,-306.0618760660019,20.422321629848273,-51.089465118387096,-0.865143141591261,1,0,120
4,236,-6.82995888433821,-6.82995888433821,-6.82995888433821,117.43775333727788,-306.05472880149324,20.450724562211963,-51.111769841019644,-0.8655208472056363,1,0,120
4,237,-6.830007267080521,-6.830007267080521,-6.830007267080521,117.46742079846797,-306.0846470333588,20.41527764260853,-51.08300666220021,-0.8650337748350736,1,0,120
4,238,-6.829991853086997,-6.829991853086997,-6.829991853086997,117.51043770361287,-306.1444912514738,20.44116016230942,-51.10963554547692,-0.8654847052897513,1,0,120
4,239,-6.829946431948938,-6.829946431948938,-6.829946431948938,117.38370225072016,-305.9636491750274,20.423499810888,-51.09534820032056,-0.8652427650258451,1,0,120
4,240,-6.830116460991014,-6.830116460991014,-6.830116460991014,117.66695290969196,-306.36209479231087,20.402291933076366,-51.06660362734978,-0.864756007724589,1,0,120
4,241,-6.8302174422105795,-6.8302174422105795,-6.8302174422105795,117.85519012588762,-306.6184483255937,20.378096778347885,-51.04057812523665,-0.8643152948573185,1,0,120
4,242,-6.830266234433678,-6.830266234433678,-6.830266234433678,117.95848590253834,-306.76141906674275,20.385484770557444,-51.049497098801666,-0.8644663277325292,1,0,120
4,243,-6.830247505068613,-6.830247505068613,-6.830247505068613,118.16877459493594,-307.0394722500373,20.383739962163133,-51.037676560181296,-0.8642661600875239,1,0,120
4,244,-6.830284423942114,-6.830284423942114,-6.830284423942114,117.91617555200254,-306.70750444742555,20.393977006977813,-51.062929515179015,-0.8646937907305647,1,0,120
4,245,-6.83030652534498,-6.83030652534498,-6.83030652534498,117.94012712195462,-306.734917974802,20.380202790793494,-51.05263253877767,-0.8645194229134012,1,0,120
4,246,-6.830087321837034,-6.830087321837034,-6.830087321837034,118.17171116289548,-307.0129849789908,20.37140157913667,-51.02333767484301,-0.8640233470480894,1,0,120
4,247,-6.830274871318007,-6.830274871318007,-6.830274871318007,117.93291604805421,-306.7138326616333,20.368267380038855,-51.04329200821466,-0.8643612514403453,1,0,120
4,248,-6.8305020635903375,-6.8305020635903375,-6.8305020635903375,117.84411879106176,-306.6332666030975,20.378170346590295,-51.06243228379914,-0.8646853706714178,1,0,120
4,249,-6.830656314054144,-6.830656314054144,-6.830656314054144,117.66911749222409,-306.41654015082435,20.374448374178158,-51.075401855352624,-0.8649049959083013,1,0,120
4,250,-6.830797162901376,-6.830797162901376,-6.830797162901376,117.60989594376825,-306.3544050550579,20.367802348668967,-51.07740906586445,-0.8649389857808516,1,0,120
4,251,-6.830878800491249,-6.830878800491249,-6.830878800491249,117.50667318249256,-306.229799481415,20.38754834228696,-51.10846063952272,-0.8654648095671021,1,0,120
4,252,-6.830926995779943,-6.830926995779943,-6.830926995779943,117.30121057170518,-305.96707079586605,20.406312700789172,-51.13780830564181,-0.8659617795785479,1,0,120
4,253,-6.830935149345625,-6.830935149345625,-6.830935149345625,117.31070075277314,-305.98707042811253,20.418722711900873,-51.14765942900054,-0.8661285973714339,1,0,120
4,254,-6.831035701361429,-6.831035701361429,-6.831035701361429,117.22492833951982,-305.87103153317867,20.39632290954872,-51.14137328877341,-0.8660221485939417,1,0,120
4,255,-6.831116154750055,-6.831116154750055,-6.831116154750055,117.28816819227649,-305.96604170548835,20.390364208397223,-51.13501850818966,-0.8659145374685245,1,0,120
4,256,-6.831120065434403,-6.831120065434403,-6.831120065434403,117.18519002331439,-305.8315972841525,20.410724182555757,-51.16300021543402,-0.8663883764890814,1,0,120
4,257,-6.831114798068436,-6.831114798068436,-6.831114798068436,117.11785058575265,-305.74256686738465,20.419542985115605,-51.175166230474915,-0.8665943943921606,1,0,120
4,258,-6.830986496584833,-6.830986496584833,-6.830986496584833,117.07981508548397,-305.6716988138773,20.4102879461726,-51.16177625833821,-0.866367650140027,1,0,120
4,259,-6.831335733724212,-6.831335733724212,-6.831335733724212,117.29828069131753,-306.0118839276399,20.405871364146183,-51.16161172765419,-0.8663648639962981,1,0,120
4,260,-6.8315418493633375,-6.8315418493633375,-6.8315418493633375,117.47325474928996,-306.2705326307714,20.404456781404274,-51.164813811140064,-0.8664190877107211,1,0,120
4,261,-6.8317285396541,-6.8317285396541,-6.8317285396541,117.60228554432496,-306.4651422824801,20.39993045683854,-51.16493243819885,-0.8664210965277264,1,0,120
4,262,-6.831967700917006,-6.831967700917006,-6.831967700917006,117.82821729101582,-306.79045444227035,20.403428133695428,-51.17958150459553,-0.8666691621376214,1,0,120
4,263,-6.832217553366209,-6.832217553366209,-6.832217553366209,117.98613791271906,-307.0305265204848,20.389068822115245,-51.170093015491325,-0.866508485151602,1,0,120
4,264,-6.832418980892047,-6.832418980892047,-6.832418980892047,118.06932325166431,-307.16018035919626,20.38749964387407,-51.18214834339381,-0.8667126286913768,1,0,120
4,265,-6.832488451212968,-6.832488451212968,-6.832488451212968,118.3798371558261,-307.5712803073102,20.382794560526442,-51.17902551735771,-0.866659747113516,1,0,120
4,266,-6.832284532129561,-6.832284532129561,-6.832284532129561,118.61222326273676,-307.88887285498106,20.449295915962324,-51.21097433079781,-0.8672007646553054,1,0,120
4,267,-6.832626252258265,-6.832626252258265,-6.832626252258265,118.30961268923176,-307.4999738520927,20.38590139769189,-51.18827307215178,-0.8668163441455664,1,0,120
4,268,-6.832541799735913,-6.832541799735913,-6.832541799735913,118.45545400422643,-307.67375177134056,20.359326840526464,-51.1535309836924,-0.8662280256050309,1,0,120
4,269,-6.832709392438501,-6.832709392438501,-6.832709392438501,118.23287097165652,-307.4080151974754,20.388168586446206,-51.19882442676291,-0.8669950195741536,1,0,120
4,270,-6.83286841279433,-6.83286841279433,-6.83286841279433,118.04646125141201,-307.1852497557145,20.407995089738744,-51.23455007236112,-0.8675999935584493,1,0,120
4,271,-6.8329520857662684,-6.8329520857662684,-6.8329520857662684,117.9427408061448,-307.05754547139486,20.41619902486529,-51.253590448692336,-0.8679224211070271,1,0,120
4,272,-6.8331325666601295,-6.8331325666601295,-6.8331325666601295,117.6958934460248,-306.75248905065837,20.41749570369807,-51.272858630246034,-0.8682487062831097,1,0,120
4,273,-6.833196817797157,-6.833196817797157,-6.833196817797157,117.52482050244242,-306.5228917955286,20.41264815402447,-51.285862324163276,-0.8684689093441866,1,0,120
4,274,-6.833188757248039,-6.833188757248039,-6.833188757248039,117.3878458023218,-306.33855293017905,20.427212476156132,-51.30995872676227,-0.8688769550615812,1,0,120
4,275,-6.83320868250373,-6.83320868250373,-6.83320868250373,117.53584437690608,-306.53954155182385,20.414356955583226,-51.28784917180991,-0.8685025543943137,1,0,120
4,276,-6.8331337428052485,-6.8331337428052485,-6.8331337428052485,117.40275236056678,-306.35720735594,20.427857815667245,-51.301645022708676,-0.8687361717508436,1,0,120
4,277,-6.833290891389146,-6.833290891389146,-6.833290891389146,117.625597956139,-306.6725998875225,20.42072748741014,-51.294150443540595,-0.8686092594069512,1,0,120
4,278,-6.83339029053077,-6.83339029053077,-6.83339029053077,117.53715624317934,-306.57856536083136,20.448467603984902,-51.327261244353,-0.8691699539096058,1,0,120
4,279,-6.833386064544034,-6.833386064544034,-6.833386064544034,117.50793850246484,-306.5438040980688,20.46101342605288,-51.339643914129404,-0.8693796406191227,1,0,120
4,280,-6.833394152776931,-6.833394152776931,-6.833394152776931,117.53672729637859,-306.57620549847945,20.445762379618348,-51.326247544645064,-0.8691527880350383,1,0,120
4,281,-6.833589933400302,-6.833589933400302,-6.833589933400302,117.60353479714934,-306.68582600876823,20.425604694466408,-51.31216547406443,-0.8689143238672492,1,0,120
4,282,-6.833772243539942,-6.833772243539942,-6.833772243539942,117.72904549370328,-306.87288754812835,20.417235620103597,-51.309632020486774,-0.8688714226549902,1,0,120
4,283,-6.834052446492749,-6.834052446492749,-6.834052446492749,117.67513611479974,-306.83282116776763,20.4021203351259,-51.31037731141395,-0.868884043326055,1,0,120
4,284,-6.8343027642274725,-6.8343027642274725,-6.8343027642274725,118.023473421218,-307.3218177221047,20.399114722126015,-51.31384339273407,-0.8689427375495187,1,0,120
4,285,-6.834276362426641,-6.834276362426641,-6.834276362426641,118.01321166240534,-307.2961636892694,20.403922275410977,-51.32769758371726,-0.8691773428303456,1,0,120
4,286,-6.834389666411319,-6.834389666411319,-6.834389666411319,117.92476538549357,-307.20005898052887,20.399375325612233,-51.323624848733736,-0.8691083756033381,1,0,120
4,287,-6.834534544333936,-6.834534544333936,-6.834534544333936,117.91409317443515,-307.2105301611062,20.403541502519364,-51.33069345559863,-0.8692280745811136,1,0,120
4,288,-6.83470129992163,-6.83470129992163,-6.83470129992163,117.77583476069344,-307.04679207867946,20.40479789045276,-51.34670288182432,-0.8694991763682995,1,0,120
4,289,-6.834708264243483,-6.834708264243483,-6.834708264243483,117.79901661812687,-307.07085288105037,20.390788012048212,-51.335784404248216,-0.869314284121538,1,0,120
4,290,-6.834600734875531,-6.834600734875531,-6.834600734875531,117.8959535919643,-307.1716586688877,20.35675734969971,-51.297272197272186,-0.8686621228265303,1,0,120
4,291,-6.834661924655567,-6.834661924655567,-6.834661924655567,117.81067061941518,-307.0764294109264,20.38414230794197,-51.32839826888353,-0.8691892081525723,1,0,120
4,292,-6.834860780299965,-6.834860780299965,-6.834860780299965,117.69414162332025,-306.94373198481264,20.38569880724268,-51.347597866022554,-0.8695143319280444,1,0,120
4,293,-6.835031007267628,-6.835031007267628,-6.835031007267628,117.59510383243257,-306.8420463628836,20.415773979415864,-51.39028887715086,-0.8702372566131955,1,0,120
4,294,-6.83514917484623,-6.83514917484623,-6.83514917484623,117.55528348328892,-306.8141431108398,20.43164178021059,-51.40826869461649,-0.8705417247796053,1,0,120
4,295,-6.835270505467805,-6.835270505467805,-6.835270505467805,117.4836529160205,-306.7288740501484,20.428529928404174,-51.41823313809286,-0.8707104615223639,1,0,120
4,296,-6.835152278155116,-6.835152278155116,-6.835152278155116,117.1494692577063,-306.26976562739503,20.445077127046545,-51.44351897260744,-0.8711386489433716,1,0,120
4,297,-6.835226901032483,-6.835226901032483,-6.835226901032483,117.49138898198183,-306.7347303168049,20.42786416055506,-51.41374874200644,-0.8706345232734636,1,0,120
4,298,-6.835394844748549,-6.835394844748549,-6.835394844748549,117.55100814010217,-306.83047694722814,20.433481321148115,-51.432777645899705,-0.8709567565490931,1,0,120
4,299,-6.835467362242177,-6.835467362242177,-6.835467362242177,117.73416161988607,-307.0847997034742,20.442571891808186,-51.44093893438452,-0.8710949588720734,1,0,120
4,300,-6.835526126821596,-6.835526126821596,-6.835526126821596,117.75868666206802,-307.1298324565417,20.454836845295787,-51.454168179197104,-0.8713189813861381,1,0,120
5,1,-3.7715807682545934,-3.7715807682545934,-3.7715807682545934,129.40153582424125,72.2814822895061,34.99354399180312,12.233317219950706,0.43876254723011665,1,0,120
5,2,-1.9452918865917903,-1.9452918865917903,-1.9452918865917903,129.3786972796881,27.51353085397607,29.858110655309016,5.862639051378253,0.2102705584613167,1,0,120
5,3,-3.8500316594044675,-3.8500316594044675,-3.8500316594044675,123.70654356531307,72.46767807579644,31.56144005673232,12.953333269582847,0.4645867836414763,1,0,120
5,4,-1.6634409007702349,-1.6634409007702349,-1.6634409007702349,119.52404310520924,20.305442871323905,27.80304255190912,7.578417611294813,0.2718090077548636,1,0,120
5,5,-5.174507102658325,-5.174507102658325,-5.174507102658325,135.95584036757322,150.1418841004512,27.001974265992672,19.552526036251635,0.7012747216640485,1,0,120
5,6,-5.254840770361926,-5.254840770361926,-5.254840770361926,126.66238385909895,149.51981666058953,26.20849851717733,21.57488510731857,0.7738090475121635,1,0,120
5,7,-5.1894902805869485,-5.1894902805869485,-5.1894902805869485,122.54619228002585,140.59677642976584,23.896770627913863,21.478865342012035,0.7703651838361996,1,0,120
5,8,-4.853383973027171,-4.853383973027171,-4.853383973027171,116.61605978107292,115.33347170136983,27.619115720331568,20.63384681388619,0.7400575840910968,1,0,120
5,9,-4.901264995520167,-4.901264995520167,-4.901264995520167,120.98499215317808,121.71920337289667,28.233058748264433,19.927624270138075,0.7147280682586361,1,0,120
5,10,-5.246975412880381,-5.246975412880381,-5.246975412880381,134.60859726630042,154.16895651796068,22.491396764365156,18.595468264361195,0.6669487004965273,1,0,120
5,11,-5.797384504910073,-5.797384504910073,-5.797384504910073,128.7729487998938,196.28113899607732,21.456775022508968,26.1850342755799,0.939157558942761,1,0,120
5,12,-5.567093187664979,-5.567093187664979,-5.567093187664979,111.86189760143142,165.2509721650784,18.83161341314923,19.678418392794025,0.705790001537872,1,0,120
5,13,-5.873461173638607,-5.873461173638607,-5.873461173638607,125.17359713949652,200.35847947870445,19.82109040347682,26.670832970413556,0.9565813099134843,1,0,120
5,14,-5.748094907169539,-5.748094907169539,-5.748094907169539,130.7631673789195,192.2001698420865,19.498323866010317,24.873324378811446,0.892111515323907,1,0,120
5,15,-5.448003857652389,-5.448003857652389,-5.448003857652389,136.46249368524613,169.24509175709778,20.686338094928892,21.817024950701324,0.7824936824773432,1,0,120
5,16,-5.8676878049699726,-5.8676878049699726,-5.8676878049699726,121.47805035626389,196.50379880517548,19.84906734543926,26.989738107878217,0.9680192239251124,1,0,120
5,17,-5.858403754411753,-5.858403754411753,-5.858403754411753,123.51739908462126,197.78423241803486,20.374381395364118,26.683647594067693,0.9570409217109381,1,0,120
5,18,-5.90635189934994,-5.90635189934994,-5.90635189934994,124.37121941613596,202.65168422786275,19.532733386135593,27.2723551911807,0.9781556234912345,1,0,120
5,19,-5.892537533134164,-5.892537533134164,-5.892537533134164,125.10825338245445,201.8725035637003,19.83744203899128,27.29388917180831,0.97892796545068,1,0,120
5,20,-5.8941840910425105,-5.8941840910425105,-5.8941840910425105,123.3687372102942,200.64233304874838,19.869866456790408,27.358194773132016,0.9812343627205831,1,0,120
5,21,-5.913633852932386,-5.913633852932386,-5.913633852932386,123.91740488085466,203.05850772767457,19.43582528564994,27.262216149101278,0.9777919746256607,1,0,120
5,22,-5.923893372738074,-5.923893372738074,-5.923893372738074,125.72230033800363,205.52923474183893,19.14387478741653,27.194457442956665,0.9753617276231108,1,0,120
5,23,-5.939300032540194,-5.939300032540194,-5.939300032540194,125.00316349661563,206.37565054800152,18.276560735925333,26.86002672775465,0.9633669702048431,1,0,120
5,24,-5.936720296055794,-5.936720296055794,-5.936720296055794,123.93301715397574,205.17737220643502,17.959107329035245,26.626975984898554,0.9550083266962246,1,0,120
5,25,-5.937842019828593,-5.937842019828593,-5.937842019828593,125.01450163594757,206.20457761254633,18.17799503724644,26.790176255489648,0.9608616995096437,1,0,120
5,26,-5.954872285119479,-5.954872285119479,-5.954872285119479,126.38487114837832,209.0654694804334,17.717050608606886,26.666765220107497,0.9564354151856935,1,0,120
5,27,-5.965502767047461,-5.965502767047461,-5.965502767047461,126.1229051840638,209.96122309122453,17.44056514833019,26.58414084316978,0.9534719931279894,1,0,120
5,28,-5.975099695566599,-5.975099695566599,-5.975099695566599,127.10655675768623,211.7318175428254,16.925747540800167,26.339112031932654,0.944683741876903,1,0,120
5,29,-5.979510509950894,-5.979510509950894,-5.979510509950894,125.8793358635389,211.06209933889846,16.73736700171029,26.35905128589549,0.9453988870579937,1,0,120
5,30,-5.980011652148969,-5.980011652148969,-5.980011652148969,126.88369499348295,211.8377428791642,16.308854187651573,26.121863276475978,0.9368918555379064,1,0,120
5,31,-5.978549932059045,-5.978549932059045,-5.978549932059045,128.22609052797455,212.90800898747864,15.905063393458413,25.655796814974924,0.920175824705874,1,0,120
5,32,-5.977948273040276,-5.977948273040276,-5.977948273040276,126.4667856812555,211.28958039005724,16.402038249221597,26.15579141587364,0.9381087288190653,1,0,120
5,33,-5.979043648380371,-5.979043648380371,-5.979043648380371,125.04085223332001,210.13729700365909,15.903525090778343,25.832657839044398,0.926519156774456,1,0,120
5,34,-5.9807837941304856,-5.9807837941304856,-5.9807837941304856,127.45687282337825,212.4205679689339,16.450309563914296,26.224209498496005,0.9405626251472854,1,0,120
5,35,-5.990849097811683,-5.990849097811683,-5.990849097811683,127.97476096389971,213.95127493117946,16.58367624307588,26.439653508871114,0.9482897821463283,1,0,120
5,36,-5.998435261734357,-5.998435261734357,-5.998435261734357,128.10020146401175,214.84445327667598,16.497076912066223,26.492444830259444,0.9501832060008337,1,0,120
5,37,-6.0034105604205195,-6.0034105604205195,-6.0034105604205195,128.78771858292777,215.96202640482812,16.445968891772768,26.507811205099724,0.9507343394052401,1,0,120
5,38,-6.007425520172995,-6.007425520172995,-6.007425520172995,128.5298761379654,216.18876428571656,16.566025016826785,26.653038895808912,0.9559431041546731,1,0,120
5,39,-6.0081105222086215,-6.0081105222086215,-6.0081105222086215,128.59469168308314,216.29429184018846,16.55653405169949,26.677007979061887,0.9568027839809834,1,0,120
5,40,-5.998324594446665,-5.998324594446665,-5.998324594446665,129.753421050909,216.2534475073116,16.770387444418123,26.67240486639555,0.9566376878421066,1,0,120
5,41,-6.006011174368561,-6.006011174368561,-6.006011174368561,127.73496480727054,215.350323705478,16.66881918730778,26.740340801282255,0.9590742913653716,1,0,120
5,42,-6.010307980566616,-6.010307980566616,-6.010307980566616,129.00543237736423,216.9227946568293,16.58601202479156,26.684182385450786,0.9570601026432448,1,0,120
5,43,-6.014261867061142,-6.014261867061142,-6.014261867061142,130.41117955720063,218.51650673294154,16.05865779866398,26.30776451602096,0.9435594257422473,1,0,120
5,44,-6.0216020372112276,-6.0216020372112276,-6.0216020372112276,128.8471693655883,217.91940783534497,15.47208335909982,25.994410120685874,0.932320595733102,1,0,120
5,45,-6.026752488449383,-6.026752488449383,-6.026752488449383,127.46589881291618,217.27962771404327,15.300705550997737,25.94412774133857,0.9305171580843803,1,0,120
5,46,-6.026187119173504,-6.026187119173504,-6.026187119173504,126.86414055898098,216.7397409463776,15.158962834742264,25.781289897902532,0.924676784154165,1,0,120
5,47,-6.027129966027959,-6.027129966027959,-6.027129966027959,127.549494473213,217.36370703843687,15.247904149145391,25.932193300876232,0.9300891151093742,1,0,120
5,48,-6.026577622760566,-6.026577622760566,-6.026577622760566,126.03786555112761,215.9713220615555,14.974967663414178,25.73278074425693,0.9229369453651561,1,0,120
5,49,-6.0284640884215674,-6.0284640884215674,-6.0284640884215674,127.75797734010354,217.66692507812752,15.25458796173577,25.974674682990436,0.9316127606661073,1,0,120
5,50,-6.0286475697962745,-6.0286475697962745,-6.0286475697962745,128.7685438214134,218.55507282821026,14.80126399691647,25.583131511550498,0.917569596725964,1,0,120
5,51,-6.028587883983071,-6.028587883983071,-6.028587883983071,127.50736919937741,217.44484211501677,14.73041874992869,25.550931836943285,0.9164147169009236,1,0,120
5,52,-6.0269643659661885,-6.0269643659661885,-6.0269643659661885,129.4132223792859,218.94381496767812,14.835706862288655,25.565259886889557,0.9169286095416713,1,0,120
5,53,-6.023433138978333,-6.023433138978333,-6.023433138978333,130.10376374535412,219.15577587154635,14.662664106061408,25.359398558250795,0.9095451468793598,1,0,120
5,54,-6.031822960375246,-6.031822960375246,-6.031822960375246,126.8012550186519,217.17109561981738,15.103149018267805,25.932650290324034,0.9301055055822582,1,0,120
5,55,-6.025188302006427,-6.025188302006427,-6.025188302006427,125.66330562940058,215.51278279684348,15.254654315959922,25.942209722365817,0.9304483660408986,1,0,120
5,56,-6.030873648867579,-6.030873648867579,-6.030873648867579,127.20666724690278,217.42479761453995,15.212130701655095,26.003594958725532,0.9326500209300228,1,0,120
5,57,-6.032823274865219,-6.032823274865219,-6.032823274865219,126.51308545497226,217.02073816026592,15.095156240588581,25.95068329586715,0.9307522808848236,1,0,120
5,58,-6.028903163893968,-6.028903163893968,-6.028903163893968,126.78830085553804,216.8196935951108,15.184532758690754,25.987927075158105,0.9320880735546586,1,0,120
5,59,-6.031125008375233,-6.031125008375233,-6.031125008375233,127.24596513128458,217.47605419227875,15.197027547799786,26.003613386621964,0.9326506818685592,1,0,120
5,60,-6.03280887137546,-6.03280887137546,-6.03280887137546,125.36830710230035,216.04901364594366,14.839223414439491,25.716010198095017,0.9223354496775888,1,0,120
5,61,-6.03207981291526,-6.03207981291526,-6.03207981291526,126.4475078157557,216.8921247235601,15.073210113395026,25.913923180535964,0.9294338354011342,1,0,120
5,62,-6.0317566858079,-6.0317566858079,-6.0317566858079,124.55486280127204,215.21368138269486,15.060279893115029,25.91317526580137,0.9294070105450334,1,0,120
5,63,-6.032051646471938,-6.032051646471938,-6.032051646471938,127.38007204036498,217.68194357552977,14.901096204161043,25.772151183797586,0.9243490132473047,1,0,120
5,64,-6.0285395096656496,-6.0285395096656496,-6.0285395096656496,126.50251878591175,216.58261022826466,15.27827399319825,26.01662178280871,0.9331172435495534,1,0,120
5,65,-6.031887020419729,-6.031887020419729,-6.031887020419729,126.75094723561931,217.13045340062183,15.19753940125937,26.018837616537787,0.9331967170753133,1,0,120
5,66,-6.032805378372908,-6.032805378372908,-6.032805378372908,126.67062297855638,217.15623752739054,15.099908937743416,25.95219743749876,0.9308065873846232,1,0,120
5,67,-6.033038199204483,-6.033038199204483,-6.033038199204483,126.7266362701489,217.22906070499695,14.997603032061727,25.867977058715102,0.9277859228126673,1,0,120
5,68,-6.033204663015533,-6.033204663015533,-6.033204663015533,126.65817516592942,217.1866697161321,14.997586939355507,25.871861482738776,0.9279252423241706,1,0,120
5,69,-6.033157496248533,-6.033157496248533,-6.033157496248533,126.6279483327881,217.15693047952723,15.005498319682262,25.876723475787866,0.9280996235174708,1,0,120
5,70,-6.033072563497696,-6.033072563497696,-6.033072563497696,126.7420291949212,217.24588027646377,15.002497869325907,25.872733744988896,0.9279565270525754,1,0,120
5,71,-6.033481189186768,-6.033481189186768,-6.033481189186768,126.44760078652709,217.03299044578097,14.994214882256587,25.875505494918247,0.9280559391774652,1,0,120
5,72,-6.033607502546351,-6.033607502546351,-6.033607502546351,126.28135247608964,216.902281196924,15.000613872429128,25.884248514974818,0.9283695180442217,1,0,120
5,73,-6.033689082200998,-6.033689082200998,-6.033689082200998,126.11110526786564,216.76390600355617,15.00248251704017,25.887802706460718,0.9284969933709593,1,0,120
5,74,-6.033815504542683,-6.033815504542683,-6.033815504542683,126.12696680961795,216.78948654134015,14.960156009797963,25.854804546134808,0.9273134749010146,1,0,120
5,75,-6.033826485186523,-6.033826485186523,-6.033826485186523,126.00617113422135,216.68645006502854,14.953639269200652,25.849670766444667,0.9271293457549077,1,0,120
5,76,-6.033983142617123,-6.033983142617123,-6.033983142617123,125.86969957024098,216.5825459528158,14.938156595111113,25.841801080229047,0.9268470900504422,1,0,120
5,77,-6.033920368713044,-6.033920368713044,-6.033920368713044,125.91468011996119,216.61432920464094,14.926758840891441,25.83131556388188,0.9264710144710397,1,0,120
5,78,-6.033845485111676,-6.033845485111676,-6.033845485111676,125.9263967263114,216.61620151037215,14.951293182445978,25.851563995218196,0.9271972486682571,1,0,120
5,79,-6.0340090522624,-6.0340090522624,-6.0340090522624,125.8923622260779,216.6057826347153,14.891840058071748,25.801341801686984,0.9253959696557827,1,0,120
5,80,-6.034230669519583,-6.034230669519583,-6.034230669519583,125.83178319910161,216.5779725139319,14.8611883148926,25.77745062559759,0.9245390840630336,1,0,120
5,81,-6.034295369824047,-6.034295369824047,-6.034295369824047,125.63336724877362,216.41271957624406,14.852395100129934,25.772004822296545,0.9243437638170922,1,0,120
5,82,-6.0345021035535735,-6.0345021035535735,-6.0345021035535735,125.47071062665214,216.29315130165133,14.835563040605521,25.761831709501646,0.9239788929645756,1,0,120
5,83,-6.034641390436986,-6.034641390436986,-6.034641390436986,125.37804686840667,216.22834527943385,14.79292065975099,25.72674517749433,0.9227204725475937,1,0,120
5,84,-6.034674294473734,-6.034674294473734,-6.034674294473734,125.16983076415843,216.05240249479695,14.799628581294066,25.732687294366855,0.9229335936731276,1,0,120
5,85,-6.034535588231606,-6.034535588231606,-6.034535588231606,125.07509204395217,215.95419612544467,14.771603113885076,25.708077551492877,0.9220509358235907,1,0,120
5,86,-6.034622075063248,-6.034622075063248,-6.034622075063248,125.09555255886852,215.98158062176583,14.811261353198443,25.743084395909904,0.9233064981498789,1,0,120
5,87,-6.034803534656334,-6.034803534656334,-6.034803534656334,125.151149231119,216.0473571275421,14.798068076720758,25.735872397698444,0.9230478312119597,1,0,120
5,88,-6.0348929560461535,-6.0348929560461535,-6.0348929560461535,125.20446837943705,216.10546198907508,14.761434402561985,25.70299161647358,0.9218685226838026,1,0,120
5,89,-6.034957605172279,-6.034957605172279,-6.034957605172279,125.18520425721684,216.0980187656158,14.762802864029016,25.7027918384512,0.921861357406192,1,0,120
5,90,-6.03498433642012,-6.03498433642012,-6.03498433642012,125.17720880250585,216.09556236487117,14.783044740056013,25.71905961349614,0.9224448206065776,1,0,120
5,91,-6.035039209974355,-6.035039209974355,-6.035039209974355,125.11817668058504,216.04709024142875,14.775964663047686,25.717045855714588,0.9223725947762609,1,0,120
5,92,-6.035167596083059,-6.035167596083059,-6.035167596083059,125.03199123175686,215.98373920107974,14.783184730704725,25.72766923352123,0.922753614921723,1,0,120
5,93,-6.035241909471827,-6.035241909471827,-6.035241909471827,124.85330194712424,215.83584309626588,14.795304916835454,25.740516749062117,0.9232144064260179,1,0,120
5,94,-6.035335595601833,-6.035335595601833,-6.035335595601833,124.802745283793,215.80155027061642,14.758801262592353,25.710808477427985,0.9221488837471212,1,0,120
5,95,-6.0353550264893725,-6.0353550264893725,-6.0353550264893725,124.78626371907114,215.7922167515241,14.731364839851105,25.684484836326227,0.9212047548886508,1,0,120
5,96,-6.0353363890599825,-6.0353363890599825,-6.0353363890599825,124.91564042584054,215.90169275592922,14.730711248610618,25.684128664510048,0.9211919803606541,1,0,120
5,97,-6.0353111921952065,-6.0353111921952065,-6.0353111921952065,124.90049735884479,215.8866470670829,14.72682552467545,25.679670673619572,0.9210320891877641,1,0,120
5,98,-6.035450800547869,-6.035450800547869,-6.035450800547869,124.55763360921156,215.60131676267332,14.74596714600942,25.701649395070845,0.9218203823085453,1,0,120
5,99,-6.035463046427638,-6.035463046427638,-6.035463046427638,124.4052970535884,215.4691656552912,14.732315818123562,25.691471397240985,0.9214553362484097,1,0,120
5,100,-6.0354458842394445,-6.0354458842394445,-6.0354458842394445,124.30778465923171,215.38592221194182,14.74677452062615,25.70065878486145,0.9217848528890942,1,0,120
5,101,-6.0354376423521945,-6.0354376423521945,-6.0354376423521945,124.39124490307509,215.45226892790896,14.73434852980656,25.694888457777356,0.9215778932097001,1,0,120
5,102,-6.035465473401934,-6.035465473401934,-6.035465473401934,124.2229826086564,215.31069224463621,14.715755011786447,25.677825084433096,0.9209658949251582,1,0,120
5,103,-6.035516337882264,-6.035516337882264,-6.035516337882264,124.253187326788,215.34105010120254,14.719449180315735,25.68299385955048,0.9211512792241008,1,0,120
5,104,-6.0355384291120275,-6.0355384291120275,-6.0355384291120275,124.31589276104616,215.397940914608,14.702077704416329,25.668074510224166,0.9206161789241794,1,0,120
5,105,-6.035494819094402,-6.035494819094402,-6.035494819094402,124.18569818467122,215.27946753361869,14.741947988365029,25.70296644682782,0.9218676199443667,1,0,120
5,106,-6.035542318471518,-6.035542318471518,-6.035542318471518,124.32454879201973,215.40768069757013,14.686999514678384,25.653235232601393,0.9200839504916325,1,0,120
5,107,-6.035433082194322,-6.035433082194322,-6.035433082194322,124.3416366393192,215.41394825490914,14.66992693407379,25.63381497261706,0.9193874196500469,1,0,120
5,108,-6.0355175403420604,-6.0355175403420604,-6.0355175403420604,124.38870502474677,215.4593577655803,14.67836709918946,25.646708384621693,0.919849857285884,1,0,120
5,109,-6.0356152275954,-6.0356152275954,-6.0356152275954,124.42335275646148,215.50192744348107,14.673864379544828,25.64204714737735,0.9196826764395281,1,0,120
5,110,-6.035639366586972,-6.035639366586972,-6.035639366586972,124.38100342171779,215.4643954140406,14.67052094602535,25.642878630078446,0.9197124985606544,1,0,120
5,111,-6.035653926469126,-6.035653926469126,-6.035653926469126,124.52453246777117,215.58815840587152,14.663614215191513,25.639290256345976,0.9195837972467782,1,0,120
5,112,-6.035613479235026,-6.035613479235026,-6.035613479235026,124.54338769242167,215.60174672041776,14.65643448182551,25.63094049957527,0.9192843232379222,1,0,120
5,113,-6.035640368685202,-6.035640368685202,-6.035640368685202,124.61675775772828,215.66808281697996,14.670171232796589,25.64331480951924,0.9197281426577584,1,0,120
5,114,-6.035667644894109,-6.035667644894109,-6.035667644894109,124.50752923403529,215.5770634208447,14.640529246249587,25.61729863747104,0.9187950415444783,1,0,120
5,115,-6.035651131478742,-6.035651131478742,-6.035651131478742,124.52547988280865,215.59235046800958,14.622306570586062,25.599784368083412,0.9181668713342872,1,0,120
5,116,-6.035682217854908,-6.035682217854908,-6.035682217854908,124.43125657542052,215.512462315439,14.63345285042631,25.611408696981368,0.9185837917872932,1,0,120
5,117,-6.035650226767368,-6.035650226767368,-6.035650226767368,124.38227496201405,215.46160538089197,14.63152483738533,25.614269398662355,0.9186863942730987,1,0,120
5,118,-6.035635400470274,-6.035635400470274,-6.035635400470274,124.46784194254616,215.54017103006237,14.619717771252205,25.59786439843484,0.9180980093274851,1,0,120
5,119,-6.035735646105154,-6.035735646105154,-6.035735646105154,124.23689837800423,215.34813759622796,14.678967024481697,25.653096823574103,0.9200789862863985,1,0,120
5,120,-6.0357266523794655,-6.0357266523794655,-6.0357266523794655,124.12076422479632,215.2457169011348,14.699447849306305,25.67144671982883,0.9207371272531839,1,0,120
5,121,-6.035731921943702,-6.035731921943702,-6.035731921943702,124.27191389334631,215.3796103319553,14.682395910814016,25.65452101201611,0.9201300665075123,1,0,120
5,122,-6.035775888805546,-6.035775888805546,-6.035775888805546,124.18403157594199,215.3094920814298,14.685792821104188,25.65664992023127,0.9202064223457946,1,0,120
5,123,-6.035767580945141,-6.035767580945141,-6.035767580945141,124.08902216227916,215.22493737506215,14.725317168763867,25.692060374763592,0.9214764606313905,1,0,120
5,124,-6.035791954618709,-6.035791954618709,-6.035791954618709,124.28461357437425,215.39822363880518,14.68118994045916,25.65311152877624,0.9200795137060533,1,0,120
5,125,-6.035774373797689,-6.035774373797689,-6.035774373797689,124.21746833728676,215.34275902799214,14.664467107778098,25.633707715262048,0.9193835727367814,1,0,120
5,126,-6.035792455682527,-6.035792455682527,-6.035792455682527,124.28530629306611,215.40011266125111,14.669240739353246,25.641519899313487,0.9196637660573836,1,0,120
5,127,-6.035770613969327,-6.035770613969327,-6.035770613969327,124.37415270875421,215.47678358657703,14.691758142640206,25.65878648581996,0.9202830528249331,1,0,120
5,128,-6.035776057569497,-6.035776057569497,-6.035776057569497,124.26571516231756,215.379674268924,14.672737531688488,25.646022434900832,0.9198252548790808,1,0,120
5,129,-6.035823505281871,-6.035823505281871,-6.035823505281871,124.1938368925947,215.32096392950186,14.65555736740711,25.633188916037845,0.9193649653823721,1,0,120
5,130,-6.0357960537157025,-6.0357960537157025,-6.0357960537157025,124.33081672906168,215.43660053878145,14.625644341857623,25.607125779207813,0.9184301798210444,1,0,120
5,131,-6.035794299889881,-6.035794299889881,-6.035794299889881,124.22024186710713,215.34276765972726,14.644734883502808,25.621386696221904,0.918941664658921,1,0,120
5,132,-6.03581910272014,-6.03581910272014,-6.03581910272014,123.97569799275573,215.13222510319792,14.649894296147632,25.62713057821423,0.9191476758534833,1,0,120
5,133,-6.035822030667965,-6.035822030667965,-6.035822030667965,124.21101878074045,215.33432769420247,14.659539059428722,25.638010031915783,0.9195378804670595,1,0,120
5,134,-6.035819224068384,-6.035819224068384,-6.035819224068384,124.201280690062,215.3270333193489,14.651404077699024,25.629458828949787,0.919231181349577,1,0,120
5,135,-6.035827806446578,-6.035827806446578,-6.035827806446578,124.15304109499962,215.2847985600256,14.663960237591413,25.64176402803611,0.9196725220258806,1,0,120
5,136,-6.035830384298411,-6.035830384298411,-6.035830384298411,124.16073038517266,215.29149386907577,14.66354531227976,25.641691764244577,0.9196699301986047,1,0,120
5,137,-6.035830492410033,-6.035830492410033,-6.035830492410033,124.15709866241632,215.28820529350202,14.663190925719853,25.64153433980513,0.9196642839828804,1,0,120
5,138,-6.0358299683570396,-6.0358299683570396,-6.0358299683570396,124.15079601164561,215.2821922314279,14.663146804347523,25.641976635953643,0.9196801474630192,1,0,120
5,139,-6.03582999610151,-6.03582999610151,-6.03582999610151,124.15811086028938,215.28882570002486,14.663537183692558,25.642032977303504,0.9196821682128891,1,0,120
5,140,-6.035829786387712,-6.035829786387712,-6.035829786387712,124.15819788238326,215.28898207512805,14.661905928559692,25.64051129438185,0.9196275912357064,1,0,120
5,141,-6.0358270493703605,-6.0358270493703605,-6.0358270493703605,124.15013105057648,215.28168765285926,14.663111663608353,25.64152204263468,0.9196638429301607,1,0,120
5,142,-6.0358380208216085,-6.0358380208216085,-6.0358380208216085,124.16691241303658,215.2976442359186,14.666249848950532,25.644172684492155,0.9197589113692659,1,0,120
5,143,-6.035850060291306,-6.035850060291306,-6.035850060291306,124.20006750995479,215.32816451127655,14.668702091242555,25.6459988908749,0.9198244104444435,1,0,120
5,144,-6.035868001217394,-6.035868001217394,-6.035868001217394,124.20765241658377,215.33662739197064,14.687281074148256,25.662397449590095,0.920412564357517,1,0,120
5,145,-6.035874437233019,-6.035874437233019,-6.035874437233019,124.28311121863986,215.40383703655357,14.689589356411847,25.663421632067834,0.9204492978865084,1,0,120
5,146,-6.035886662456762,-6.035886662456762,-6.035886662456762,124.24945923784287,215.3759671131478,14.694659894327522,25.667974462953527,0.9206125906092097,1,0,120
5,147,-6.035890026030232,-6.035890026030232,-6.035890026030232,124.22635562147356,215.35601906337172,14.705744288741503,25.677902022113585,0.9209686543870492,1,0,120
5,148,-6.035888529073464,-6.035888529073464,-6.035888529073464,124.22792333290919,215.35624594509346,14.708466387616205,25.68121590581013,0.9210875107876295,1,0,120
5,149,-6.035886998662215,-6.035886998662215,-6.035886998662215,124.23534537524172,215.36342196610522,14.706262169685,25.678381535862783,0.9209858527209309,1,0,120
5,150,-6.035895618821267,-6.035895618821267,-6.035895618821267,124.22014109772148,215.35153391238032,14.705365470509461,25.677341707133053,0.9209485580204064,1,0,120
5,151,-6.03589230541598,-6.03589230541598,-6.03589230541598,124.21221773746643,215.3447056012037,14.706520541160996,25.677899319999113,0.9209685574724833,1,0,120
5,152,-6.035895306536655,-6.035895306536655,-6.035895306536655,124.2194555546274,215.35096728814972,14.704726890693141,25.676722050158535,0.9209263332822051,1,0,120
5,153,-6.0359015211410485,-6.0359015211410485,-6.0359015211410485,124.22796447286726,215.3590625590104,14.704990574982459,25.67698568044712,0.9209357886976797,1,0,120
5,154,-6.035901077773462,-6.035901077773462,-6.035901077773462,124.2324651231542,215.3631762428436,14.705189030501586,25.67689478818001,0.9209325287378565,1,0,120
5,155,-6.035902240080823,-6.035902240080823,-6.035902240080823,124.22042919640921,215.35254052186536,14.704750136809409,25.676849186962595,0.9209308931956768,1,0,120
5,156,-6.035910244977183,-6.035910244977183,-6.035910244977183,124.21212700736572,215.34614174792875,14.704143709872875,25.676484477131876,0.9209178124415813,1,0,120
5,157,-6.035925149014489,-6.035925149014489,-6.035925149014489,124.21406030693527,215.34943885122797,14.702834224598092,25.67552465446102,0.920883387254007,1,0,120
5,158,-6.035947427335992,-6.035947427335992,-6.035947427335992,124.18310455618644,215.32469036773915,14.703644698801167,25.676804780662287,0.9209293005106278,1,0,120
5,159,-6.035965893620713,-6.035965893620713,-6.035965893620713,124.24524545548353,215.38103320050936,14.702301593310198,25.67543118054385,0.920880034700218,1,0,120
5,160,-6.035972866478819,-6.035972866478819,-6.035972866478819,124.19200019406006,215.33546508679075,14.697571135742429,25.671544020559768,0.9207406170602237,1,0,120
5,161,-6.035981471861686,-6.035981471861686,-6.035981471861686,124.18605658638818,215.33183557775106,14.695898850397423,25.66960268312393,0.9206709886721858,1,0,120
5,162,-6.035987692139702,-6.035987692139702,-6.035987692139702,124.17685407018763,215.3247573960958,14.697225712597264,25.670596996475098,0.9207066509092439,1,0,120
5,163,-6.035997570661147,-6.035997570661147,-6.035997570661147,124.18989807980293,215.33708168066013,14.694742726921486,25.66862646960302,0.9206359756071787,1,0,120
5,164,-6.03599429438671,-6.03599429438671,-6.03599429438671,124.21390966551122,215.35773984441408,14.68370224129025,25.658827561756336,0.9202845260624981,1,0,120
5,165,-6.0359974748381395,-6.0359974748381395,-6.0359974748381395,124.19086757547788,215.33779853752867,14.695497054781706,25.669393731545682,0.9206634943740268,1,0,120
5,166,-6.036000374648401,-6.036000374648401,-6.036000374648401,124.19123482905405,215.33801475455192,14.695997272632708,25.670279606606673,0.9206952673421678,1,0,120
5,167,-6.036005206838821,-6.036005206838821,-6.036005206838821,124.18268284621216,215.33087877427096,14.696570461272442,25.67107504774884,0.9207237967896948,1,0,120
5,168,-6.036011985150398,-6.036011985150398,-6.036011985150398,124.18527873422883,215.33385351680667,14.69777018667025,25.672210417798567,0.9207645181938824,1,0,120
5,169,-6.0360238726748845,-6.0360238726748845,-6.0360238726748845,124.17306364323407,215.32437647254045,14.700494892195902,25.67488534759573,0.9208604577489812,1,0,120
5,170,-6.036045645727449,-6.036045645727449,-6.036045645727449,124.18585288285331,215.3369626089066,14.705556422665287,25.68041153156332,0.9210586609436247,1,0,120
5,171,-6.036064017993043,-6.036064017993043,-6.036064017993043,124.13566562995632,215.2943731730681,14.711782962860996,25.68706925438813,0.9212974481321563,1,0,120
5,172,-6.036083929610762,-6.036083929610762,-6.036083929610762,124.17682919416009,215.3328496981202,14.71581656353261,25.69021084894259,0.9214101251766811,1,0,120
5,173,-6.03608655267075,-6.03608655267075,-6.03608655267075,124.19522807979628,215.34750797288166,14.72038994466492,25.695799992005107,0.9216105864745328,1,0,120
5,174,-6.036093813720225,-6.036093813720225,-6.036093813720225,124.18686966388728,215.34128545681557,14.723956994911122,25.698740636551797,0.9217160562067899,1,0,120
5,175,-6.036098518226433,-6.036098518226433,-6.036098518226433,124.17089224454273,215.32802553785302,14.723346276668652,25.69817509461462,0.9216957723690982,1,0,120
5,176,-6.03610506656723,-6.03610506656723,-6.03610506656723,124.14895197390362,215.30976347551734,14.726681537623367,25.701082886124603,0.9218000637879173,1,0,120
5,177,-6.03611420801926,-6.03611420801926,-6.03611420801926,124.1569599365058,215.31754668975879,14.7297880718674,25.704045411960603,0.921906318318775,1,0,120
5,178,-6.03612822959288,-6.03612822959288,-6.03612822959288,124.18896768552942,215.34692048569636,14.722666903417522,25.69795442171906,0.9216878576718808,1,0,120
5,179,-6.036136669928446,-6.036136669928446,-6.036136669928446,124.19830207401462,215.35652843945184,14.720903354948398,25.695932266279037,0.9216153306495034,1,0,120
5,180,-6.036145944762417,-6.036145944762417,-6.036145944762417,124.2292460343798,215.38432298578232,14.720689900023988,25.695916003174712,0.9216147473538241,1,0,120
5,181,-6.0361576523281375,-6.0361576523281375,-6.0361576523281375,124.2534317055937,215.4070543549974,14.714764342018714,25.690436227995093,0.9214182086658436,1,0,120
5,182,-6.0361737935100885,-6.0361737935100885,-6.0361737935100885,124.21967143969101,215.37872721547348,14.70694619301457,25.684638754835177,0.9212102753599865,1,0,120
5,183,-6.036188384077533,-6.036188384077533,-6.036188384077533,124.24226018560202,215.40019689542112,14.708648626833478,25.68600178340425,0.9212591620091399,1,0,120
5,184,-6.036211673945816,-6.036211673945816,-6.036211673945816,124.23439590282429,215.39652683550415,14.704110762489044,25.68171978019922,0.9211055828449846,1,0,120
5,185,-6.036230585375743,-6.036230585375743,-6.036230585375743,124.24077257760318,215.4049601108245,14.693979259905959,25.672308447500498,0.9207680341463382,1,0,120
5,186,-6.036240847892137,-6.036240847892137,-6.036240847892137,124.25063865465674,215.41554886177968,14.694763676108888,25.672196879064366,0.9207640326109945,1,0,120
5,187,-6.0362559651040275,-6.0362559651040275,-6.0362559651040275,124.3007485925563,215.46029175549782,14.685679170214408,25.664866063421577,0.9205011041438524,1,0,120
5,188,-6.0362721533493175,-6.0362721533493175,-6.0362721533493175,124.30031640861928,215.46098156172576,14.693629537107734,25.672649509298147,0.9207802667354561,1,0,120
5,189,-6.036277582866766,-6.036277582866766,-6.036277582866766,124.32725787673068,215.4862014503426,14.683117628978433,25.66233526888862,0.9204103341723204,1,0,120
5,190,-6.036294581716023,-6.036294581716023,-6.036294581716023,124.23295719384214,215.4052734052765,14.686612577763785,25.66653669256273,0.920561023255265,1,0,120
5,191,-6.036313472409098,-6.036313472409098,-6.036313472409098,124.2132602088896,215.38873647711807,14.688519677543898,25.669914304689225,0.920682165352174,1,0,120
5,192,-6.036332904132408,-6.036332904132408,-6.036332904132408,124.21177571867364,215.38858670779993,14.693407771123141,25.675359599292303,0.9208774673530546,1,0,120
5,193,-6.036353807240663,-6.036353807240663,-6.036353807240663,124.18794986916895,215.37017252513976,14.701860616927357,25.68295318751238,0.9211498204728301,1,0,120
5,194,-6.036366564629983,-6.036366564629983,-6.036366564629983,124.16121059435827,215.34740568529077,14.704091743722236,25.68598874724251,0.9212586944516141,1,0,120
5,195,-6.036375866716051,-6.036375866716051,-6.036375866716051,124.14681058596281,215.33489171603688,14.71765202917647,25.698895002965546,0.9217215927427667,1,0,120
5,196,-6.036393071393989,-6.036393071393989,-6.036393071393989,124.12668379971201,215.3204199541177,14.709038987518545,25.69049616587309,0.9214203584094947,1,0,120
5,197,-6.03641285809328,-6.03641285809328,-6.03641285809328,124.20607275081495,215.39220051748006,14.70874424769446,25.68974244929695,0.9213933254634106,1,0,120
5,198,-6.036434477501541,-6.036434477501541,-6.036434477501541,124.23182432389623,215.4169350914782,14.704959725470188,25.686674901428898,0.9212833041918178,1,0,120
5,199,-6.036454971801151,-6.036454971801151,-6.036454971801151,124.25245933281516,215.43937016843333,14.70971710855477,25.688741993951076,0.9213574429363696,1,0,120
5,200,-6.036496125369659,-6.036496125369659,-6.036496125369659,124.27447489174554,215.46211550243387,14.698974887620592,25.6807391413563,0.921070411060513,1,0,120
5,201,-6.036458900061281,-6.036458900061281,-6.036458900061281,124.23945669163669,215.43078373009624,14.692804225102567,25.67184578098198,0.9207514400585259,1,0,120
5,202,-6.036501942591847,-6.036501942591847,-6.036501942591847,124.28884061671928,215.47605711033268,14.703159777018344,25.683592689405515,0.9211727569727628,1,0,120
5,203,-6.036519595814691,-6.036519595814691,-6.036519595814691,124.36432027129993,215.5402999542457,14.725216051360308,25.706079795837542,0.9219792839286616,1,0,120
5,204,-6.036509073833386,-6.036509073833386,-6.036509073833386,124.23420065347024,215.42663203494277,14.747560485633672,25.724994587353226,0.9226576855393231,1,0,120
5,205,-6.036520757761728,-6.036520757761728,-6.036520757761728,124.3723958621184,215.54733630161752,14.728884569302297,25.70936828887642,0.9220972296629497,1,0,120
5,206,-6.036521045012919,-6.036521045012919,-6.036521045012919,124.4488216617132,215.61469563215329,14.716897364135537,25.697918167052045,0.9216865573549051,1,0,120
5,207,-6.036531924145962,-6.036531924145962,-6.036531924145962,124.42315150382012,215.59334256202993,14.716194053649136,25.69771694226141,0.9216793401872214,1,0,120
5,208,-6.036530763259516,-6.036530763259516,-6.036530763259516,124.44441915052366,215.6115195248742,14.712578826463483,25.694705563638593,0.9215713334927602,1,0,120
5,209,-6.036531436055124,-6.036531436055124,-6.036531436055124,124.42708582497987,215.5969053441472,14.716781044471093,25.698015599604933,0.9216900518898967,1,0,120
5,210,-6.03653903499573,-6.03653903499573,-6.03653903499573,124.41223575697026,215.58441643436282,14.716154107731768,25.69800123468663,0.9216895366749283,1,0,120
5,211,-6.036551302836018,-6.036551302836018,-6.036551302836018,124.38914188980785,215.565232861071,14.716589980565375,25.699016666575286,0.9217259563535809,1,0,120
5,212,-6.036567806192642,-6.036567806192642,-6.036567806192642,124.34157316867001,215.5247836783061,14.718540323241838,25.701892984387012,0.9218291189305847,1,0,120
5,213,-6.0365810288436155,-6.0365810288436155,-6.0365810288436155,124.36172911336917,215.5435799802342,14.712690037610317,25.697099245725198,0.9216571857624836,1,0,120
5,214,-6.036589253011285,-6.036589253011285,-6.036589253011285,124.3421287608117,215.52669601036445,14.712175295214143,25.69752853656049,0.9216725827915158,1,0,120
5,215,-6.036606825115959,-6.036606825115959,-6.036606825115959,124.35874079671792,215.54427869525347,14.716825656273636,25.700507180761306,0.9217794154267973,1,0,120
5,216,-6.0366022736607015,-6.0366022736607015,-6.0366022736607015,124.37307717346145,215.55678927218622,14.716901025909566,25.69994677564371,0.921759315827281,1,0,120
5,217,-6.036606249438349,-6.036606249438349,-6.036606249438349,124.36363482962788,215.54860598858454,14.71696134601973,25.700472763498432,0.9217781810105179,1,0,120
5,218,-6.036611103257621,-6.036611103257621,-6.036611103257621,124.37399086811477,215.55808619809233,14.713641343977432,25.69768033333532,0.9216780271643206,1,0,120
5,219,-6.036611821174632,-6.036611821174632,-6.036611821174632,124.38246174020007,215.56545703403805,14.71550938769537,25.699362666850067,0.921738366067085,1,0,120
5,220,-6.036612506407777,-6.036612506407777,-6.036612506407777,124.40273519984629,215.58290869016471,14.715617844355037,25.699669202782957,0.921749360344787,1,0,120
5,221,-6.036614141295713,-6.036614141295713,-6.036614141295713,124.403273777323,215.58380547098722,14.711855157429392,25.696173740583387,0.9216239914141156,1,0,120
5,222,-6.036619200024817,-6.036619200024817,-6.036619200024817,124.39622375815279,215.57825215975774,14.712805970010871,25.69704806281103,0.9216553500260769,1,0,120
5,223,-6.036623707785941,-6.036623707785941,-6.036623707785941,124.3893249683139,215.57274694101602,14.713703104105381,25.69789228493345,0.9216856290617792,1,0,120
5,224,-6.036625415147853,-6.036625415147853,-6.036625415147853,124.39121535756206,215.57477144246218,14.713758616977065,25.697761305956544,0.9216809313441849,1,0,120
5,225,-6.0366308972099905,-6.0366308972099905,-6.0366308972099905,124.3853197806844,215.57004934777325,14.713023454277607,25.697394264102904,0.9216677669492994,1,0,120
5,226,-6.036639534872633,-6.036639534872633,-6.036639534872633,124.36386816883056,215.55199477128505,14.71703396405593,25.701364415235073,0.9218101611660372,1,0,120
5,227,-6.036648862090328,-6.036648862090328,-6.036648862090328,124.35620375367662,215.54617108785658,14.712780368641633,25.697976296991964,0.9216886422546957,1,0,120
5,228,-6.036666452197867,-6.036666452197867,-6.036666452197867,124.34550993115785,215.53830240587985,14.708421406875882,25.694910179053664,0.921578672269243,1,0,120
5,229,-6.036692592060606,-6.036692592060606,-6.036692592060606,124.30385696432752,215.50462234377113,14.703826360424916,25.69162336828122,0.9214607868714517,1,0,120
5,230,-6.036689027912706,-6.036689027912706,-6.036689027912706,124.40051887592735,215.58489812832326,14.715763912846933,25.705116225289416,0.9219447243189882,1,0,120
5,231,-6.036680939706118,-6.036680939706118,-6.036680939706118,124.30461827267837,215.50346123235158,14.702245293167737,25.690668041135112,0.9214265229212468,1,0,120
5,232,-6.036705664873811,-6.036705664873811,-6.036705664873811,124.34521027266297,215.54270035062092,14.696159324934348,25.684345356410244,0.9211997522747135,1,0,120
5,233,-6.036710601215594,-6.036710601215594,-6.036710601215594,124.34764271197197,215.54578502672155,14.703301166329277,25.69016130163736,0.9214083481033444,1,0,120
5,234,-6.036708531862893,-6.036708531862893,-6.036708531862893,124.37219733830548,215.56686538682726,14.701814609274109,25.688840593369584,0.9213609793223916,1,0,120
5,235,-6.036710386062515,-6.036710386062515,-6.036710386062515,124.35329489857365,215.55081270654057,14.703370878990667,25.690071007656908,0.9214051096017875,1,0,120
5,236,-6.036717373714621,-6.036717373714621,-6.036717373714621,124.32908194624989,215.5304237245876,14.702875047968003,25.68986894105161,0.9213978622414145,1,0,120
5,237,-6.036721554854538,-6.036721554854538,-6.036721554854538,124.32724450490994,215.5295314515115,14.699124576601399,25.686417932505666,0.9212740876941754,1,0,120
5,238,-6.036726221225991,-6.036726221225991,-6.036726221225991,124.31155572653444,215.51658617017546,14.700274493039176,25.68731292233561,0.9213061875744017,1,0,120
5,239,-6.036731230833039,-6.036731230833039,-6.036731230833039,124.29478086069966,215.50251392940726,14.698980833108498,25.686313143374356,0.9212703293067037,1,0,120
5,240,-6.036734178850168,-6.036734178850168,-6.036734178850168,124.27859672739797,215.48873722344018,14.697965006384251,25.685521771044602,0.9212419457919983,1,0,120
5,241,-6.036738147929017,-6.036738147929017,-6.036738147929017,124.2710233909486,215.48285970678953,14.696915016424395,25.68439549254224,0.9212015504670261,1,0,120
5,242,-6.03673963597817,-6.03673963597817,-6.03673963597817,124.26282526707209,215.47598712572554,14.696781702705936,25.684218137110356,0.9211951894024302,1,0,120
5,243,-6.0367403463562175,-6.0367403463562175,-6.0367403463562175,124.2372162872771,215.4539307073539,14.69716045206216,25.68446605948435,0.9212040814347688,1,0,120
5,244,-6.03674162510555,-6.03674162510555,-6.03674162510555,124.23105277063596,215.4489716343972,14.696574880973843,25.6837222825213,0.9211774049847912,1,0,120
5,245,-6.0367447053104595,-6.0367447053104595,-6.0367447053104595,124.2358771075179,215.45355940533233,14.694859611806967,25.682204029762907,0.9211229510345147,1,0,120
5,246,-6.0367471417868686,-6.0367471417868686,-6.0367471417868686,124.22287545461035,215.44242510205777,14.698082150510842,25.6851453523677,0.9212284450861363,1,0,120
5,247,-6.036749634557742,-6.036749634557742,-6.036749634557742,124.22273317607223,215.44257707213984,14.695488830609456,25.682919792348894,0.9211486227153673,1,0,120
5,248,-6.036750835473218,-6.036750835473218,-6.036750835473218,124.23191031123594,215.45107414949157,14.696630561286208,25.68352275837199,0.9211702488126416,1,0,120
5,249,-6.0367508368450045,-6.0367508368450045,-6.0367508368450045,124.22739735897264,215.44749864676314,14.69417218437499,25.681048374683233,0.921081502083477,1,0,120
5,250,-6.036749739236809,-6.036749739236809,-6.036749739236809,124.22102532124732,215.44183829814904,14.694543802690761,25.681368822266286,0.9210929953191438,1,0,120
5,251,-6.0367512687654425,-6.0367512687654425,-6.0367512687654425,124.22502787159891,215.4454343937278,14.694399010681998,25.681305167574813,0.9210907122675338,1,0,120
5,252,-6.036757640416634,-6.036757640416634,-6.036757640416634,124.22464593187436,215.44545354129878,14.695393003788086,25.682585390051987,0.9211366289772052,1,0,120
5,253,-6.03676921381841,-6.03676921381841,-6.03676921381841,124.21889600044571,215.44116102746125,14.69776732627112,25.685343631785884,0.9212355566145158,1,0,120
5,254,-6.036784902775685,-6.036784902775685,-6.036784902775685,124.18070474501181,215.40841301803337,14.70310262737291,25.691466163582866,0.9214551485370044,1,0,120
5,255,-6.036798962014715,-6.036798962014715,-6.036798962014715,124.15927185217103,215.39066924916494,14.708221635313595,25.696743952897794,0.9216444427604702,1,0,120
5,256,-6.036814994724227,-6.036814994724227,-6.036814994724227,124.20569384541236,215.43160346384548,14.708120687002713,25.69794826730156,0.9216876369363394,1,0,120
5,257,-6.036808632223064,-6.036808632223064,-6.036808632223064,124.17638591013103,215.40483985253653,14.711499548793059,25.701439689238768,0.921812860958171,1,0,120
5,258,-6.0368141782617615,-6.0368141782617615,-6.0368141782617615,124.22358961279198,215.44685785483352,14.709064767438916,25.69894618281035,0.9217234283690869,1,0,120
5,259,-6.036823176949257,-6.036823176949257,-6.036823176949257,124.21361500595158,215.4394317406087,14.704958774366768,25.69523706403477,0.9215903963898868,1,0,120
5,260,-6.036830334851512,-6.036830334851512,-6.036830334851512,124.23438066856608,215.4585804347533,14.70739647831032,25.69708879769475,0.9216568110313808,1,0,120
5,261,-6.036835773195011,-6.036835773195011,-6.036835773195011,124.23756348744307,215.46162493434056,14.70251475534497,25.693225674327056,0.9215182554933694,1,0,120
5,262,-6.036838414708419,-6.036838414708419,-6.036838414708419,124.21443919327113,215.44135123369395,14.7101474216907,25.70037327228578,0.9217746126392328,1,0,120
5,263,-6.036841459395649,-6.036841459395649,-6.036841459395649,124.22732292043956,215.4524110918426,14.70972034335577,25.70049125444777,0.9217788442105221,1,0,120
5,264,-6.036846416226635,-6.036846416226635,-6.036846416226635,124.25688673835123,215.4791189391696,14.706742548883442,25.697452707092822,0.9216698630770024,1,0,120
5,265,-6.036851484428475,-6.036851484428475,-6.036851484428475,124.27986023096264,215.49974012174562,14.704902547657612,25.695781022367633,0.9216099061058063,1,0,120
5,266,-6.036853921722008,-6.036853921722008,-6.036853921722008,124.30972476223113,215.52623808999937,14.700612283973097,25.691766910204805,0.9214659351741479,1,0,120
5,267,-6.036857193314843,-6.036857193314843,-6.036857193314843,124.30062620273465,215.51938755036963,14.698702752083625,25.68946092112714,0.9213832281190286,1,0,120
5,268,-6.036849766019876,-6.036849766019876,-6.036849766019876,124.34167411476214,215.5541772022237,14.700147827060542,25.69064209857724,0.921425592460394,1,0,120
5,269,-6.036855177812506,-6.036855177812506,-6.036855177812506,124.30017945348914,215.51878420090432,14.697601797384317,25.688478306059352,0.9213479854548896,1,0,120
5,270,-6.036863687137946,-6.036863687137946,-6.036863687137946,124.29318717371679,215.5135179147921,14.69773292128681,25.68881756030702,0.9213601532140663,1,0,120
5,271,-6.036873341520856,-6.036873341520856,-6.036873341520856,124.28628517428652,215.50875589588716,14.699540833060327,25.690323756123934,0.9214141747277225,1,0,120
5,272,-6.036882065851286,-6.036882065851286,-6.036882065851286,124.2736454853516,215.498322660126,14.695638538914007,25.6874549928418,0.921311283102954,1,0,120
5,273,-6.036888026091549,-6.036888026091549,-6.036888026091549,124.27094925358708,215.4967010100678,14.695982120697144,25.687753841003996,0.9213220016495691,1,0,120
5,274,-6.036896576587243,-6.036896576587243,-6.036896576587243,124.27457853457003,215.50068338628623,14.697369218871824,25.689155665229077,0.921372279751306,1,0,120
5,275,-6.036904723999,-6.036904723999,-6.036904723999,124.25983973858432,215.48892492392045,14.69460907039494,25.68671116377313,0.9212846047841459,1,0,120
5,276,-6.036916880067781,-6.036916880067781,-6.036916880067781,124.29177348932103,215.51779606009427,14.687427010849987,25.68078515820019,0.921072061509633,1,0,120
5,277,-6.036929175601736,-6.036929175601736,-6.036929175601736,124.29197213795274,215.51993033334256,14.692395365142662,25.684617378184285,0.921209508660846,1,0,120
5,278,-6.036936008454603,-6.036936008454603,-6.036936008454603,124.3307624355619,215.55362678718217,14.691500924015028,25.684626599167864,0.9212098393824459,1,0,120
5,279,-6.036944487379719,-6.036944487379719,-6.036944487379719,124.28364971403597,215.5141659020506,14.68170198818337,25.675726992856333,0.9208906443624538,1,0,120
5,280,-6.036948105273916,-6.036948105273916,-6.036948105273916,124.32435832174346,215.5501109947332,14.679532179232169,25.6736601377706,0.920816514133844,1,0,120
5,281,-6.036950274872985,-6.036950274872985,-6.036950274872985,124.35055577203823,215.5731703902622,14.676112073107667,25.670625241889937,0.9207076639648148,1,0,120
5,282,-6.0369558678665785,-6.0369558678665785,-6.0369558678665785,124.35193648331483,215.57426229490645,14.676509667900794,25.671750863614992,0.9207480357336837,1,0,120
5,283,-6.036965270163066,-6.036965270163066,-6.036965270163066,124.31673251757135,215.543916450063,14.68495754303222,25.680015663256736,0.9210444626535419,1,0,120
5,284,-6.036968349716796,-6.036968349716796,-6.036968349716796,124.28628344515175,215.51707293696546,14.689325681668352,25.68459904748939,0.921208851208559,1,0,120
5,285,-6.036980250046641,-6.036980250046641,-6.036980250046641,124.29301739725041,215.52417704990586,14.693596512024097,25.688479772522694,0.9213480380513506,1,0,120
5,286,-6.0369893472831935,-6.0369893472831935,-6.0369893472831935,124.2847376996487,215.51775730188774,14.700178880453109,25.694523830271873,0.9215648154082976,1,0,120
5,287,-6.036993042499385,-6.036993042499385,-6.036993042499385,124.28332347539256,215.51633019469097,14.700211890196725,25.69519802988924,0.9215889963835915,1,0,120
5,288,-6.037001252334142,-6.037001252334142,-6.037001252334142,124.28327512547074,215.51717209639642,14.705278648021613,25.69970108678287,0.9217505039025617,1,0,120
5,289,-6.037006549135463,-6.037006549135463,-6.037006549135463,124.25715563072981,215.49453531663696,14.71285987294617,25.706889394369444,0.9220083211478969,1,0,120
5,290,-6.037008786965952,-6.037008786965952,-6.037008786965952,124.27101812311085,215.50719895720175,14.714821668577736,25.708227867921455,0.9220563271020075,1,0,120
5,291,-6.0370116877827416,-6.0370116877827416,-6.0370116877827416,124.28821154103186,215.52241776081007,14.713532496191931,25.70715977451975,0.9220180186552316,1,0,120
5,292,-6.0370135405366225,-6.0370135405366225,-6.0370135405366225,124.30042628453776,215.53340400977197,14.713826039296881,25.707250469117028,0.9220212715253899,1,0,120
5,293,-6.037016319477212,-6.037016319477212,-6.037016319477212,124.30681223097126,215.53903418475562,14.713255612630338,25.707001473959025,0.9220123410163703,1,0,120
5,294,-6.037020153640868,-6.037020153640868,-6.037020153640868,124.29562212862594,215.52994852705402,14.711149799240388,25.705012905479773,0.9219410186304948,1,0,120
5,295,-6.037021972346282,-6.037021972346282,-6.037021972346282,124.30498823032639,215.53819469636932,14.71144016438854,25.705364972956453,0.9219536459514486,1,0,120
5,296,-6.037024201043814,-6.037024201043814,-6.037024201043814,124.30087618240402,215.53494991357283,14.712580466463013,25.706300044162468,0.9219871833981457,1,0,120
5,297,-6.037027581225012,-6.037027581225012,-6.037027581225012,124.29148723228275,215.5269843061416,14.712082639854325,25.706094544413,0.9219798129039525,1,0,120
5,298,-6.037032836364362,-6.037032836364362,-6.037032836364362,124.29192414831908,215.52810695885918,14.71073108571906,25.70481209370815,0.9219338162762316,1,0,120
5,299,-6.037042299016552,-6.037042299016552,-6.037042299016552,124.29822867932532,215.53495826635205,14.705391888616248,25.699939790033067,0.9217590652800038,1,0,120
5,300,-6.037057966144371,-6.037057966144371,-6.037057966144371,124.30831357092242,215.54526506771776,14.708836054606005,25.703262084694998,0.9218782233499132,1,0,120
6,1,-1.267715558453709,-1.267715558453709,-1.267715558453709,126.22218841142471,21.846004490200464,19.172869833435897,0.8817096679043142,0.012906258839461948,1,0,120
6,2,-0.3865305390643128,-0.3865305390643128,-0.3865305390643128,129.30940780562557,17.40783013272058,19.9319054627782,-2.586793827622282,-0.037864879924667916,1,0,120
6,3,-3.9990601041329867,-3.9990601041329867,-3.9990601041329867,116.22479697380466,71.2749347332528,20.819528440734175,15.185098222070105,0.22227589794099756,1,0,120
6,4,-4.121571343444559,-4.121571343444559,-4.121571343444559,131.0020485320493,76.5061771824575,21.351261735346156,20.413909308353034,0.2988140053915096,1,0,120
6,5,-4.930898372768443,-4.930898372768443,-4.930898372768443,124.82103096507308,115.1309848258768,21.18779717719789,27.07587113117927,0.3963302364070689,1,0,120
6,6,-6.05269516078606,-6.05269516078606,-6.05269516078606,116.38185718797921,194.02143046390276,23.286287280943096,49.68934760735717,0.7273409889094549,1,0,120
6,7,-6.1325193688880635,-6.1325193688880635,-6.1325193688880635,127.6050311809092,211.71806185544747,23.38286019521493,51.99444127635803,0.7610824081365362,1,0,120
6,8,-5.622041017779872,-5.622041017779872,-5.622041017779872,131.08782427771325,163.124099558877,25.56854448479188,44.98195869001009,0.6584353365877551,1,0,120
6,9,-5.10385094152554,-5.10385094152554,-5.10385094152554,148.96646826172656,133.85301805403387,24.272994851796128,35.03955989557369,0.5129008403729804,1,0,120
6,10,-6.385844026153611,-6.385844026153611,-6.385844026153611,115.40789931071487,231.5169977126397,22.682111368980404,54.7356701859511,0.8012078724852651,1,0,120
6,11,-6.137534414460259,-6.137534414460259,-6.137534414460259,106.86640391009865,194.65466470124534,19.447247440880815,47.15508587729053,0.6902450614791431,1,0,120
6,12,-6.103330529098953,-6.103330529098953,-6.103330529098953,123.86336536754881,206.82047844325444,19.536897724099802,46.456874752428135,0.6800248111744318,1,0,120
6,13,-6.382931925131469,-6.382931925131469,-6.382931925131469,115.76989656075497,231.61572072991078,25.87338015737589,57.874594529656044,0.8471547091051179,1,0,120
6,14,-6.120784741030719,-6.120784741030719,-6.120784741030719,125.59010000866022,212.66341170091374,21.996439065632735,46.53652627232038,0.6811907313975016,1,0,120
6,15,-6.444480944255055,-6.444480944255055,-6.444480944255055,112.98119959644424,236.07042535196584,25.172351160848596,58.766777343241024,0.8602142713889431,1,0,120
6,16,-6.3480987772946005,-6.3480987772946005,-6.3480987772946005,115.44593682198531,227.2725965505291,24.706667144799145,55.71846635183489,0.8155938117179327,1,0,120
6,17,-6.450768477543933,-6.450768477543933,-6.450768477543933,113.31321177126082,237.212831663074,25.120871159134914,58.85286479141187,0.8614743992171459,1,0,120
6,18,-6.454614975552589,-6.454614975552589,-6.454614975552589,113.19672029003175,237.3949143124441,25.483796030171554,59.50464864040012,0.8710150579721048,1,0,120
6,19,-6.446667842643524,-6.446667842643524,-6.446667842643524,113.20965825691476,236.43990076044435,25.36391806607144,59.16821150986879,0.8660903703477036,1,0,120
6,20,-6.4659300983814525,-6.4659300983814525,-6.4659300983814525,113.42735571047606,238.99675469097485,25.543983875848927,59.90020874642079,0.8768051738126195,1,0,120
6,21,-6.468369751005847,-6.468369751005847,-6.468369751005847,114.10880794159289,240.01152441513997,25.520352759661137,59.95770582581521,0.8776468025439244,1,0,120
6,22,-6.484863170929777,-6.484863170929777,-6.484863170929777,114.30433273622567,242.15672466996375,25.735984572212548,60.74147259405843,0.889119396243343,1,0,120
6,23,-6.523868831855854,-6.523868831855854,-6.523868831855854,113.10329953323046,245.83574244080137,26.061370302240984,62.060659618955185,0.9084293457888037,1,0,120
6,24,-6.551719162331221,-6.551719162331221,-6.551719162331221,112.54521943680078,248.79676335728797,26.400819210054895,63.17179382133815,0.9246938670290199,1,0,120
6,25,-6.568851887191122,-6.568851887191122,-6.568851887191122,111.6597173239775,250.07180666304282,26.562397745635167,63.75990871858896,0.9333025546362497,1,0,120
6,26,-6.584028723294627,-6.584028723294627,-6.584028723294627,111.39354060436418,251.74505073963428,26.86514594571813,64.51904069841767,0.9444145500941987,1,0,120
6,27,-6.576552169481405,-6.576552169481405,-6.576552169481405,110.33218044133268,249.5280783031332,27.08019861339876,64.59011287513219,0.9454548879087332,1,0,120
6,28,-6.579514951345796,-6.579514951345796,-6.579514951345796,111.31522811384521,251.0948738543882,26.761885661357944,64.24897840811195,0.9404614417770947,1,0,120
6,29,-6.581372660144072,-6.581372660144072,-6.581372660144072,112.34889597140102,252.41997462491912,27.040846203220674,64.71367259999191,0.9472635261138269,1,0,120
6,30,-6.575631272098673,-6.575631272098673,-6.575631272098673,112.1557590666187,251.3686194123438,26.903641638067672,64.481005113933,0.9438577941502198,1,0,120
6,31,-6.587435734227773,-6.587435734227773,-6.587435734227773,111.42059729810455,252.34728433540315,26.698369952814822,64.29590833426772,0.9411483910035026,1,0,120
6,32,-6.58801203917578,-6.58801203917578,-6.58801203917578,111.50232426505369,252.3702189537928,26.9421940389219,64.73728555924062,0.9476091670601874,1,0,120
6,33,-6.598458946468649,-6.598458946468649,-6.598458946468649,110.77760650292385,252.9482215233267,27.25705866574424,65.34782018288647,0.95654602935178,1,0,120
6,34,-6.61051206916946,-6.61051206916946,-6.61051206916946,109.61636351630224,253.33764337614002,27.255389987503346,65.53067591842144,0.9592226286213603,1,0,120
6,35,-6.614266070812039,-6.614266070812039,-6.614266070812039,108.73693164932052,252.90851137886438,27.2732629446695,65.5518321014629,0.9595323078551576,1,0,120
6,36,-6.613298710858654,-6.613298710858654,-6.613298710858654,108.44335604541526,252.50967810826722,27.37700600336457,65.57445843066971,0.9598635067429093,1,0,120
6,37,-6.6163086020432385,-6.6163086020432385,-6.6163086020432385,109.38994447549558,253.91759637616212,27.11949365459069,65.4526826849712,0.9580809820053853,1,0,120
6,38,-6.6110150921035835,-6.6110150921035835,-6.6110150921035835,108.77516660113797,252.53097496239326,26.85768821580709,64.97078617637531,0.9510270942006227,1,0,120
6,39,-6.618885109682088,-6.618885109682088,-6.618885109682088,109.7606129861567,254.65710534118682,27.255505358411114,65.71778434913968,0.9619614778432759,1,0,120
6,40,-6.618947815068498,-6.618947815068498,-6.618947815068498,110.30890248323138,255.1442261185276,27.462395795184,66.12241412794691,0.9678843534218695,1,0,120
6,41,-6.619343262180939,-6.619343262180939,-6.619343262180939,110.56718955579723,255.43810172542214,27.456892415431913,66.18672105083249,0.9688256630412857,1,0,120
6,42,-6.620613096160727,-6.620613096160727,-6.620613096160727,110.94608547850125,256.0371976385562,27.538535182080963,66.32836417483112,0.9708990017917856,1,0,120
6,43,-6.6204630160394045,-6.6204630160394045,-6.6204630160394045,110.87977533801822,255.87676951254957,27.665125800726706,66.53475065933111,0.9739200386329201,1,0,120
6,44,-6.622987038744247,-6.622987038744247,-6.622987038744247,110.60990869877025,256.05833088016936,27.383033968642078,66.11664175970567,0.9677998588525685,1,0,120
6,45,-6.61999510140531,-6.61999510140531,-6.61999510140531,111.98037828695804,257.28068891859266,27.19814897006544,65.79166032217124,0.9630428569691605,1,0,120
6,46,-6.616680811930563,-6.616680811930563,-6.616680811930563,110.95064005742233,255.53439016288564,27.36545221489872,66.00215267049037,0.9661239944796407,1,0,120
6,47,-6.628781861181301,-6.628781861181301,-6.628781861181301,109.83176786465441,256.02541831622796,27.188715021077027,65.94386352153862,0.9652707716203615,1,0,120
6,48,-6.630426060220039,-6.630426060220039,-6.630426060220039,109.0187542970443,255.3056162227124,27.400064064465568,66.22021304536034,0.96931591098362,1,0,120
6,49,-6.629975766395971,-6.629975766395971,-6.629975766395971,109.10043582042658,255.31808752002178,27.28667402320646,66.0979986504401,0.9675269654019094,1,0,120
6,50,-6.628304178002565,-6.628304178002565,-6.628304178002565,109.29569087122994,255.313197782224,27.28925759963534,66.06720152485072,0.9670761643175654,1,0,120
6,51,-6.627165302241871,-6.627165302241871,-6.627165302241871,107.50734304065597,253.1760431099241,27.344324759277697,65.97687651357808,0.9657540080368785,1,0,120
6,52,-6.631526966839169,-6.631526966839169,-6.631526966839169,109.05534121338198,255.49061898845292,27.373695937690066,66.22429270571453,0.9693756280928056,1,0,120
6,53,-6.630638033009856,-6.630638033009856,-6.630638033009856,108.08409631611613,254.40570480776105,27.038440015909895,65.62279001364807,0.9605709730923737,1,0,120
6,54,-6.631122670994193,-6.631122670994193,-6.631122670994193,109.32067379948325,255.73549365808609,27.392351631582677,66.24898694188349,0.9697370965165293,1,0,120
6,55,-6.630523250280027,-6.630523250280027,-6.630523250280027,109.00650060711558,255.29280165852663,27.092729901616483,65.87179472342602,0.9642158454960956,1,0,120
6,56,-6.6306687320308555,-6.6306687320308555,-6.6306687320308555,109.11908066664978,255.46902072094946,27.30256811312067,66.09915943876041,0.9675439567484547,1,0,120
6,57,-6.623508838818424,-6.623508838818424,-6.623508838818424,108.87516425528834,254.0786902713491,27.73945211770276,66.56688644171923,0.9743904346607821,1,0,120
6,58,-6.633727067602946,-6.633727067602946,-6.633727067602946,110.07339214683608,257.0070440983964,27.313599771851894,66.19071234139312,0.9688840866142079,1,0,120
6,59,-6.63007807772983,-6.63007807772983,-6.63007807772983,110.9277051430117,257.58871981102163,26.93541740553418,65.5784369452826,0.959921743304512,1,0,120
6,60,-6.631137279315981,-6.631137279315981,-6.631137279315981,110.3875632273672,256.9644634106184,27.52997086999244,66.43768923766636,0.9724992763605624,1,0,120
6,61,-6.633134348208101,-6.633134348208101,-6.633134348208101,110.22737833209636,257.0929919666837,27.306798812475026,66.1820221145536,0.9687568811166987,1,0,120
6,62,-6.634201341437462,-6.634201341437462,-6.634201341437462,109.77361845377051,256.73627211411804,27.31639635784536,66.18854990454508,0.9688524333719892,1,0,120
6,63,-6.634523811672209,-6.634523811672209,-6.634523811672209,109.73257534984572,256.76676790950114,27.234216303016417,66.06493884270358,0.9670430437082249,1,0,120
6,64,-6.63410549039003,-6.63410549039003,-6.63410549039003,109.68398751823426,256.6584866461393,27.202044179143464,66.01053345844853,0.96624667048355,1,0,120
6,65,-6.634151078614962,-6.634151078614962,-6.634151078614962,109.75575051959036,256.7440544506869,27.23014244348529,66.04999886582617,0.9668243558389018,1,0,120
6,66,-6.63505567076479,-6.63505567076479,-6.63505567076479,109.7237469527571,256.82909710423826,27.22500335467819,66.06720340804664,0.9670761918833444,1,0,120
6,67,-6.635616772579259,-6.635616772579259,-6.635616772579259,109.66074856427915,256.832555916279,27.243944443814957,66.10238848709699,0.9675912227988952,1,0,120
6,68,-6.635919075172194,-6.635919075172194,-6.635919075172194,109.62052409375009,256.82895037639764,27.255072699368228,66.12048622310337,0.967856133203997,1,0,120
6,69,-6.636137689355494,-6.636137689355494,-6.636137689355494,109.72365610646114,256.974707917954,27.248106401192533,66.12347225803325,0.9678998420813196,1,0,120
6,70,-6.636038153659692,-6.636038153659692,-6.636038153659692,109.72439244165844,256.96610835228535,27.263593353382515,66.1351250931698,0.9680704135426075,1,0,120
6,71,-6.635812340450397,-6.635812340450397,-6.635812340450397,109.73808016807607,256.9487893261146,27.25704472724775,66.12438403193191,0.9679131884133012,1,0,120
6,72,-6.636765680214214,-6.636765680214214,-6.636765680214214,109.66332379429917,256.98749047649545,27.23010055638279,66.11972009639196,0.9678449188213025,1,0,120
6,73,-6.637385489440242,-6.637385489440242,-6.637385489440242,109.6423496850595,257.0449680841508,27.208009244436845,66.11154738041637,0.9677252885261589,1,0,120
6,74,-6.6377133303751386,-6.6377133303751386,-6.6377133303751386,109.6258188380427,257.0692045677642,27.192599371466923,66.1025666385115,0.9675938305374197,1,0,120
6,75,-6.6384279291787065,-6.6384279291787065,-6.6384279291787065,109.51898007057652,257.04159768330004,27.181708177087234,66.10654165807199,0.967652015939267,1,0,120
6,76,-6.638814735473343,-6.638814735473343,-6.638814735473343,109.51351524769701,257.0919302125467,27.132771650158656,66.05439425285999,0.9668886944810005,1,0,120
6,77,-6.639324562525952,-6.639324562525952,-6.639324562525952,109.5117080654883,257.1523694767062,27.134140127421716,66.07582099212836,0.9672023340532425,1,0,120
6,78,-6.639858188378776,-6.639858188378776,-6.639858188378776,109.42533438652565,257.12354502998414,27.12474865375656,66.07758473946916,0.9672281513721814,1,0,120
6,79,-6.640426117895247,-6.640426117895247,-6.640426117895247,109.35805436979602,257.12124526827654,27.11224847606513,66.07721856377897,0.9672227913785119,1,0,120
6,80,-6.640872956606557,-6.640872956606557,-6.640872956606557,109.33436859422542,257.15198870135686,27.09235935751299,66.06707779280407,0.9670743531569543,1,0,120
6,81,-6.641302561622056,-6.641302561622056,-6.641302561622056,109.25550656495975,257.1200256243726,27.100686958792856,66.08489356630423,0.967335136261176,1,0,120
6,82,-6.641650173650034,-6.641650173650034,-6.641650173650034,109.29467016361846,257.2093615073888,27.095530438699505,66.09204548503247,0.9674398243661901,1,0,120
6,83,-6.642285117015654,-6.642285117015654,-6.642285117015654,109.20592359020542,257.19352405422137,27.09264161194756,66.10187856139324,0.9675837586263212,1,0,120
6,84,-6.643511475902381,-6.643511475902381,-6.643511475902381,109.07411745141276,257.2060923813151,27.076684211307924,66.11220911942506,0.9677349749062012,1,0,120
6,85,-6.644453434101116,-6.644453434101116,-6.644453434101116,108.81247801020166,257.0130454130389,27.221359005050786,66.31859443653545,0.9707559946593614,1,0,120
6,86,-6.646437993439892,-6.646437993439892,-6.646437993439892,108.67738742647651,257.1226932861016,27.151272766436126,66.28577005502619,0.9702755190794454,1,0,120
6,87,-6.647846248900916,-6.647846248900916,-6.647846248900916,108.26819801976171,256.85095740357025,27.051981145092928,66.17896514806037,0.9687121339598268,1,0,120
6,88,-6.649618855681311,-6.649618855681311,-6.649618855681311,108.3616508195116,257.2055564817421,27.015075881155543,66.17834208859003,0.9687030137617736,1,0,120
6,89,-6.651354328823188,-6.651354328823188,-6.651354328823188,108.42170223439477,257.50216659776214,26.964217150359268,66.1734547418668,0.9686314739293955,1,0,120
6,90,-6.653166568027262,-6.653166568027262,-6.653166568027262,108.39453291709714,257.731268720246,26.969712163289543,66.21184077633778,0.9691933596778872,1,0,120
6,91,-6.654638404486736,-6.654638404486736,-6.654638404486736,108.46199433704253,258.0087959923946,26.945955904262597,66.22512704531059,0.9693878409596695,1,0,120
6,92,-6.656538981747095,-6.656538981747095,-6.656538981747095,108.09148539987228,257.8393402681342,26.932010522845225,66.24179257570268,0.9696317870756834,1,0,120
6,93,-6.655468047911314,-6.655468047911314,-6.655468047911314,108.23968453675795,257.8513620649537,27.029491660711866,66.35082958792864,0.971227845227359,1,0,120
6,94,-6.657083122641223,-6.657083122641223,-6.657083122641223,107.93995460004027,257.7331262948951,26.94936569657378,66.27508454906452,0.9701191071552122,1,0,120
6,95,-6.658462971068624,-6.658462971068624,-6.658462971068624,107.658610817768,257.59430537653276,26.86323924795218,66.19558063739386,0.9689553475865891,1,0,120
6,96,-6.659537773356834,-6.659537773356834,-6.659537773356834,107.42603954650272,257.4716440396801,26.84397155984281,66.18890456132658,0.9688576247545813,1,0,120
6,97,-6.660138978502426,-6.660138978502426,-6.660138978502426,107.44846973592922,257.5769138459477,26.86312517860319,66.23107306148201,0.96947487734655,1,0,120
6,98,-6.661080447946565,-6.661080447946565,-6.661080447946565,107.11973252162261,257.3152525621372,26.835861292730552,66.21557451776086,0.9692480133070807,1,0,120
6,99,-6.661602166971013,-6.661602166971013,-6.661602166971013,106.84177890108982,257.0638355064346,26.814822414741936,66.19003795584617,0.9688742151171115,1,0,120
6,100,-6.662285032926618,-6.662285032926618,-6.662285032926618,106.6935150955643,256.98095639854273,26.692261092906183,66.05552673586882,0.9669052715010507,1,0,120
6,101,-6.662917273591121,-6.662917273591121,-6.662917273591121,106.49734120919638,256.8214847346802,26.65892359755603,66.03900763217847,0.9666634687446733,1,0,120
6,102,-6.6636020632478825,-6.6636020632478825,-6.6636020632478825,106.31140740834759,256.69557696320487,26.653244574091367,66.04301759603513,0.966722165652913,1,0,120
6,103,-6.664564230630452,-6.664564230630452,-6.664564230630452,106.02699438396641,256.48664783807305,26.652781224223663,66.06116326857752,0.9669877777417595,1,0,120
6,104,-6.665124059578503,-6.665124059578503,-6.665124059578503,105.83282511339611,256.33120610055397,26.646049904443046,66.06254539684606,0.9670080090104327,1,0,120
6,105,-6.666370029484674,-6.666370029484674,-6.666370029484674,105.79684862321841,256.44941726788824,26.635839447129058,66.08900425096694,0.9673953074968962,1,0,120
6,106,-6.667459641859255,-6.667459641859255,-6.667459641859255,105.59829139528532,256.3511953615287,26.607481633985614,66.08640124380439,0.9673572052899866,1,0,120
6,107,-6.668846506909449,-6.668846506909449,-6.668846506909449,105.49038640513032,256.41722107857424,26.581816951708895,66.0810055962671,0.9672782250697876,1,0,120
6,108,-6.670821832877769,-6.670821832877769,-6.670821832877769,105.02645864226318,256.1124373335226,26.516027793009027,66.0564366841453,0.9669185911100038,1,0,120
6,109,-6.673471202176975,-6.673471202176975,-6.673471202176975,105.02686062168881,256.4580877036713,26.45966809028515,66.06921836957605,0.9671056864165188,1,0,120
6,110,-6.673501992587465,-6.673501992587465,-6.673501992587465,103.91355127103438,255.12416326655557,26.395407136387977,65.96058875191491,0.9655155916107097,1,0,120
6,111,-6.676234745389959,-6.676234745389959,-6.676234745389959,103.69754895713476,255.20751290256382,26.342801120164726,65.98470913299032,0.9658686600784803,1,0,120
6,112,-6.6771604034723016,-6.6771604034723016,-6.6771604034723016,103.51923465578773,255.0870155322251,26.28988061069576,65.96807030447667,0.9656251048182858,1,0,120
6,113,-6.675855392447322,-6.675855392447322,-6.675855392447322,103.25318785549962,254.56039641857686,26.18932007299274,65.83188049682968,0.9636315904305324,1,0,120
6,114,-6.677412808770445,-6.677412808770445,-6.677412808770445,103.57758999680883,255.18636325938203,26.238120272490413,65.91739972676409,0.9648834008137714,1,0,120
6,115,-6.678927366500933,-6.678927366500933,-6.678927366500933,103.7931770680004,255.6587504966446,26.316062532398934,66.05136716392843,0.9668443846648525,1,0,120
6,116,-6.678784116122053,-6.678784116122053,-6.678784116122053,103.80591952042784,255.63513616719916,26.291284232747905,66.0370604811025,0.9666349668049752,1,0,120
6,117,-6.67891726494757,-6.67891726494757,-6.67891726494757,103.81247789692591,255.68133061624235,26.311709520948714,66.04564164069916,0.9667605758018238,1,0,120
6,118,-6.6794156351366425,-6.6794156351366425,-6.6794156351366425,103.87458005599264,255.8239244185595,26.329141612471968,66.08155953848598,0.9672863335457622,1,0,120
6,119,-6.68016737019709,-6.68016737019709,-6.68016737019709,103.957468524078,256.0367517988133,26.366400898969854,66.13829224357357,0.9681167735456588,1,0,120
6,120,-6.680815179502811,-6.680815179502811,-6.680815179502811,103.9603004061291,256.13794931247855,26.416430950270957,66.20682044668546,0.9691198732726556,1,0,120
6,121,-6.681881380236469,-6.681881380236469,-6.681881380236469,104.18512588295195,256.5644301612847,26.453199866707973,66.27562216275456,0.9701269766180205,1,0,120
6,122,-6.682614226664043,-6.682614226664043,-6.682614226664043,104.30226661493627,256.81080028984314,26.498735195900654,66.34858757121822,0.971195027113823,1,0,120
6,123,-6.682925933690978,-6.682925933690978,-6.682925933690978,104.35094240188508,256.90615555537494,26.497359320803668,66.36203560273785,0.9713918762377372,1,0,120
6,124,-6.683444979679988,-6.683444979679988,-6.683444979679988,104.42728253702026,257.08044022521324,26.54401628836423,66.42359676599878,0.9722929940732628,1,0,120
6,125,-6.683143088593195,-6.683143088593195,-6.683143088593195,104.44622012849439,257.07043332511074,26.671614006158237,66.5656718237765,0.9743726553688785,1,0,120
6,126,-6.683643599128417,-6.683643599128417,-6.683643599128417,104.3457205121212,257.00775190898975,26.537695350228557,66.41984766662358,0.9722381156379767,1,0,120
6,127,-6.6838657707699145,-6.6838657707699145,-6.6838657707699145,104.44484350060102,257.1584317419727,26.55353474484411,66.44712511963522,0.9726373965825603,1,0,120
6,128,-6.684192131813669,-6.684192131813669,-6.684192131813669,104.4195932416201,257.17464666037995,26.536108711768314,66.43099607190749,0.9724013033736667,1,0,120
6,129,-6.684589638871855,-6.684589638871855,-6.684589638871855,104.4127066381121,257.21573974133173,26.51622740818158,66.42114569135362,0.9722571158188249,1,0,120
6,130,-6.684862483833572,-6.684862483833572,-6.684862483833572,104.31504999446517,257.130137084551,26.50016383487248,66.4103032487743,0.9720984066932765,1,0,120
6,131,-6.685306552156982,-6.685306552156982,-6.685306552156982,104.28150090781355,257.15052321643213,26.489417074551337,66.40696767853768,0.9720495814003054,1,0,120
6,132,-6.685671367478239,-6.685671367478239,-6.685671367478239,104.3546189543543,257.28916102538983,26.482986886357367,66.40985974189142,0.9720919147437881,1,0,120
6,133,-6.68608819109709,-6.68608819109709,-6.68608819109709,104.27644346134613,257.24920410202583,26.457008830666947,66.38839324323519,0.9717776931829734,1,0,120
6,134,-6.6864503148758905,-6.6864503148758905,-6.6864503148758905,104.18214536128238,257.1831966419821,26.440281504182256,66.37552569714329,0.9715893410682852,1,0,120
6,135,-6.686826798470486,-6.686826798470486,-6.686826798470486,104.22204476523774,257.2816127623183,26.42386212248231,66.36710738706815,0.9714661158244486,1,0,120
6,136,-6.687586805353692,-6.687586805353692,-6.687586805353692,104.16280674582896,257.3178316183694,26.4878812969848,66.45982389674876,0.9728232782966189,1,0,120
6,137,-6.687976335699313,-6.687976335699313,-6.687976335699313,104.11963440102186,257.3217554630211,26.47767416735817,66.45280483538941,0.9727205349265375,1,0,120
6,138,-6.688636891262751,-6.688636891262751,-6.688636891262751,104.0557919041623,257.3349268543213,26.49974092759446,66.49478056198988,0.9733349657445276,1,0,120
6,139,-6.689190602450599,-6.689190602450599,-6.689190602450599,103.96254155100641,257.2877283512819,26.451644192075015,66.4562509861972,0.9727709788719134,1,0,120
6,140,-6.689332298063579,-6.689332298063579,-6.689332298063579,103.99093300692395,257.3396374682647,26.483543387269908,66.50210952259495,0.9734422453469143,1,0,120
6,141,-6.689613089619001,-6.689613089619001,-6.689613089619001,103.92219586986377,257.2924749682129,26.456912131773116,66.47634930032223,0.9730651732692039,1,0,120
6,142,-6.689842966807228,-6.689842966807228,-6.689842966807228,103.97059232033443,257.38728847062646,26.465586459354384,66.48961343974126,0.9732593306237804,1,0,120
6,143,-6.690285909729997,-6.690285909729997,-6.690285909729997,103.879770737131,257.33367899110885,26.455717402859882,66.48989960182291,0.9732635193970585,1,0,120
6,144,-6.691077344622049,-6.691077344622049,-6.691077344622049,103.85638514533859,257.40961277897577,26.456825156025058,66.5144465967375,0.9736228325379153,1,0,120
6,145,-6.692162171651679,-6.692162171651679,-6.692162171651679,103.31963466817379,256.8942321030414,26.440986499191553,66.51767809248797,0.973670134413025,1,0,120
6,146,-6.692630545747733,-6.692630545747733,-6.692630545747733,103.24839969985297,256.84759475243766,26.24121620105984,66.3020843858029,0.9705143244180523,1,0,120
6,147,-6.693663420633551,-6.693663420633551,-6.693663420633551,103.53610997568555,257.345905409513,26.313112656470633,66.41933483885633,0.9722306089856794,1,0,120
6,148,-6.694587719277574,-6.694587719277574,-6.694587719277574,103.16738327093518,257.0212082181902,26.30300481902011,66.42083919691005,0.9722526294252132,1,0,120
6,149,-6.695320981548499,-6.695320981548499,-6.695320981548499,103.24613791259893,257.2221460569262,26.43764284087772,66.60504304021813,0.9749489619794525,1,0,120
6,150,-6.695622522340774,-6.695622522340774,-6.695622522340774,103.17537214582299,257.1751990396624,26.401003836661104,66.56667162380984,0.9743872902067254,1,0,120
6,151,-6.695132574110483,-6.695132574110483,-6.695132574110483,103.11065041241577,257.0157084409131,26.429102779284488,66.60112117514264,0.9748915546404604,1,0,120
6,152,-6.695865763766666,-6.695865763766666,-6.695865763766666,103.17927115075224,257.2159790470471,26.42159588690967,66.59586500952959,0.974814616123878,1,0,120
6,153,-6.69590483236958,-6.69590483236958,-6.69590483236958,103.20539357632586,257.26337169201935,26.470402157103187,66.64839201912262,0.9755834941418335,1,0,120
6,154,-6.696032661596271,-6.696032661596271,-6.696032661596271,103.1056366146553,257.15353521807134,26.464863324371937,66.64738974868908,0.975568823142849,1,0,120
6,155,-6.696350798893183,-6.696350798893183,-6.696350798893183,103.17388736542622,257.28356289151293,26.474407137911705,66.66607920516579,0.975842395013089,1,0,120
6,156,-6.696468631488464,-6.696468631488464,-6.696468631488464,103.07537306857989,257.17603792562966,26.434316092611027,66.61946891421955,0.9751601245317361,1,0,120
6,157,-6.696501500389785,-6.696501500389785,-6.696501500389785,103.0125894234007,257.10737594363627,26.465884023022003,66.65442713971207,0.9756718348182378,1,0,120
6,158,-6.696637872764902,-6.696637872764902,-6.696637872764902,103.13569236251521,257.2784256960996,26.478085837324336,66.674586811672,0.9759669273570912,1,0,120
6,159,-6.696757346376026,-6.696757346376026,-6.696757346376026,103.14676336203073,257.3091756446197,26.450357340045038,66.64237080736744,0.9754953570596756,1,0,120
6,160,-6.696846269484431,-6.696846269484431,-6.696846269484431,103.18777095582081,257.3731739715123,26.44657690910506,66.63930294588398,0.9754504504244981,1,0,120
6,161,-6.696880171768646,-6.696880171768646,-6.696880171768646,103.08579862055944,257.24871743570577,26.430179696350447,66.62128719028199,0.9751867400292831,1,0,120
6,162,-6.696913060863503,-6.696913060863503,-6.696913060863503,103.14681600481063,257.33315814975066,26.435904827381826,66.6256118119688,0.975250042824868,1,0,120
6,163,-6.697163993275267,-6.697163993275267,-6.697163993275267,103.1422035602049,257.36074722072783,26.445591407341688,66.64501461013847,0.9755340564231119,1,0,120
6,164,-6.697360457420001,-6.697360457420001,-6.697360457420001,103.14793422697392,257.39325758302203,26.433983419835496,66.63698528996431,0.9754165251219988,1,0,120
6,165,-6.697479888233841,-6.697479888233841,-6.697479888233841,103.1691975346117,257.4355724690202,26.434868527067803,66.64171301646208,0.9754857284710416,1,0,120
6,166,-6.697583119443554,-6.697583119443554,-6.697583119443554,103.26852327051594,257.5740162777268,26.477238057324293,66.69711360576258,0.9762966692732111,1,0,120
6,167,-6.697725027299676,-6.697725027299676,-6.697725027299676,103.32613426188571,257.6664335853575,26.476456732868865,66.69871934500742,0.9763201737067873,1,0,120
6,168,-6.697751945108225,-6.697751945108225,-6.697751945108225,103.26778580820105,257.5943925965008,26.45968989182504,66.68125789060441,0.9760645770422136,1,0,120
6,169,-6.697782702278792,-6.697782702278792,-6.697782702278792,103.35584156072204,257.71068469813486,26.481704795429682,66.70749573588789,0.9764486404532717,1,0,120
6,170,-6.697874103870884,-6.697874103870884,-6.697874103870884,103.2217524668974,257.5607000693817,26.49348028006278,66.71945462257513,0.9766236918252094,1,0,120
6,171,-6.6980863760281375,-6.6980863760281375,-6.6980863760281375,103.18094664604902,257.5357959843014,26.462618690114788,66.68917439797355,0.9761804570160073,1,0,120
6,172,-6.698230668038539,-6.698230668038539,-6.698230668038539,103.16564402368904,257.53426199627415,26.48457368385812,66.72241970150574,0.9766670939535413,1,0,120
6,173,-6.698326720016721,-6.698326720016721,-6.698326720016721,103.21913953971705,257.6139775139629,26.478322270254036,66.71735378274715,0.9765929402256897,1,0,120
6,174,-6.698441897971475,-6.698441897971475,-6.698441897971475,103.2224589893593,257.6320704550101,26.470413647166687,66.71220089004422,0.976517513393687,1,0,120
6,175,-6.698521313346784,-6.698521313346784,-6.698521313346784,103.20760068836628,257.62471967955094,26.46690727191185,66.70946537601463,0.9764774715824083,1,0,120
6,176,-6.698535510941468,-6.698535510941468,-6.698535510941468,103.11139576588015,257.50283219096934,26.459982247398575,66.70465743472657,0.9764070940681226,1,0,120
6,177,-6.698606997885093,-6.698606997885093,-6.698606997885093,103.04121167332772,257.42940657257,26.491320485921335,66.74106703444556,0.9769400492293512,1,0,120
6,178,-6.698734247482368,-6.698734247482368,-6.698734247482368,103.14090938678137,257.57250869345074,26.51728887290298,66.7758098692489,0.9774486066775805,1,0,120
6,179,-6.6988406184039775,-6.6988406184039775,-6.6988406184039775,103.18430715361066,257.63940064953357,26.51559639121747,66.77833179286637,0.9774855220026191,1,0,120
6,180,-6.69872256603505,-6.69872256603505,-6.69872256603505,103.33062478085046,257.8052787801246,26.568239698219944,66.84202505564261,0.9784178490096189,1,0,120
6,181,-6.698794104648754,-6.698794104648754,-6.698794104648754,103.17750590690451,257.62338462879745,26.52248342760979,66.78691024798688,0.9776110914119815,1,0,120
6,182,-6.698990828893715,-6.698990828893715,-6.698990828893715,103.1507074187874,257.6194055107393,26.48464017978317,66.74194047049717,0.9769528343809402,1,0,120
6,183,-6.699035819618836,-6.699035819618836,-6.699035819618836,103.0814868357378,257.5397822545966,26.48542968881133,66.74323631655564,0.9769718026709062,1,0,120
6,184,-6.699146070270486,-6.699146070270486,-6.699146070270486,103.05689454757587,257.525407317469,26.464374899010533,66.71835650084061,0.9766076177774148,1,0,120
6,185,-6.699181397973151,-6.699181397973151,-6.699181397973151,103.0353715122325,257.50611345863274,26.464828017684617,66.7170030329514,0.9765878060326363,1,0,120
6,186,-6.699147613191129,-6.699147613191129,-6.699147613191129,103.03567877645231,257.5030937580301,26.463467235970718,66.71322707644907,0.9765325344690372,1,0,120
6,187,-6.699197209102019,-6.699197209102019,-6.699197209102019,102.97372253177923,257.42979100081374,26.461275483646983,66.71425687471161,0.9765476084139111,1,0,120
6,188,-6.6991228844022235,-6.6991228844022235,-6.6991228844022235,102.84911091967949,257.26645221408944,26.451652396220368,66.6974306073986,0.9763013094686359,1,0,120
6,189,-6.699156090717387,-6.699156090717387,-6.699156090717387,102.92338823554277,257.35972410028705,26.43035775638856,66.67590610860586,0.9759862389154581,1,0,120
6,190,-6.699294822387528,-6.699294822387528,-6.699294822387528,103.07553860487872,257.56898866822917,26.456092761015327,66.71186274847415,0.9765125637568772,1,0,120
6,191,-6.699374461217634,-6.699374461217634,-6.699374461217634,103.1310004298185,257.64651602234176,26.479156728420005,66.74553152540612,0.9770053993984837,1,0,120
6,192,-6.699423251669803,-6.699423251669803,-6.699423251669803,103.17089119942673,257.7036761655481,26.49642096934745,66.76780356350929,0.9773314122563499,1,0,120
6,193,-6.6994622378799535,-6.6994622378799535,-6.6994622378799535,103.26485947058808,257.8251241683199,26.471747425764338,66.7393701137598,0.9769152101032785,1,0,120
6,194,-6.699466287427261,-6.699466287427261,-6.699466287427261,103.27861341341047,257.84205398815527,26.49754070121068,66.77256180270442,0.9774010622430835,1,0,120
6,195,-6.699398181428559,-6.699398181428559,-6.699398181428559,103.42258084228729,258.010312287078,26.52293706113474,66.80499174237025,0.9778757640760238,1,0,120
6,196,-6.699427382925453,-6.699427382925453,-6.699427382925453,103.27171171632025,257.82564621436927,26.482015032444867,66.75460522443896,0.9771382180718091,1,0,120
6,197,-6.699530047661352,-6.699530047661352,-6.699530047661352,103.17945267879361,257.72807397743406,26.49866074139715,66.77424697362028,0.9774257293787865,1,0,120
6,198,-6.6995255654363515,-6.6995255654363515,-6.6995255654363515,103.04066381040496,257.55346387017596,26.472695232739756,66.7419267672162,0.9769526337955348,1,0,120
6,199,-6.699455186371133,-6.699455186371133,-6.699455186371133,103.18881446305427,257.72838452650336,26.498770689435716,66.77364053912879,0.9774168525332656,1,0,120
6,200,-6.699613586857146,-6.699613586857146,-6.699613586857146,103.19144371491376,257.7576506065225,26.517800432299943,66.7971745113301,0.977761337285795,1,0,120
6,201,-6.699607972867865,-6.699607972867865,-6.699607972867865,103.16201941290603,257.72479369869666,26.506050786191846,66.77760430495383,0.9774748732055789,1,0,120
6,202,-6.699626732934964,-6.699626732934964,-6.699626732934964,103.18654338663762,257.7527147449646,26.516362569275813,66.7963139203327,0.9777487401570895,1,0,120
6,203,-6.6996849607020454,-6.6996849607020454,-6.6996849607020454,103.13295685708265,257.6926085695263,26.49688607493645,66.77444262069965,0.97742859321474,1,0,120
6,204,-6.699744733142512,-6.699744733142512,-6.699744733142512,103.11056126459,257.6739042255656,26.498546792685303,66.77689240993325,0.9774644526536256,1,0,120
6,205,-6.699770341387838,-6.699770341387838,-6.699770341387838,103.10628850653072,257.672406875368,26.50192947762229,66.78143001723762,0.9775308730826102,1,0,120
6,206,-6.699735027639463,-6.699735027639463,-6.699735027639463,103.02451558354764,257.5660393782007,26.540195786197433,66.82760912404048,0.9782068319918387,1,0,120
6,207,-6.699786544074921,-6.699786544074921,-6.699786544074921,103.15500632529152,257.7343286596723,26.50405150619603,66.78576582222674,0.9775943395767452,1,0,120
6,208,-6.699780869865169,-6.699780869865169,-6.699780869865169,103.27073091275969,257.87870566761416,26.53356568737701,66.82217379419087,0.9781272709112807,1,0,120
6,209,-6.699765517138757,-6.699765517138757,-6.699765517138757,103.22713055568933,257.8217693609448,26.514597512669656,66.79835226666046,0.9777785769914447,1,0,120
6,210,-6.699809888534888,-6.699809888534888,-6.699809888534888,103.10516533213035,257.6729193405891,26.45272479713059,66.72433192116506,0.9766950845753746,1,0,120
6,211,-6.699764332146438,-6.699764332146438,-6.699764332146438,103.1160245756311,257.6791919367741,26.455731723168995,66.7280289694756,0.9767492010994128,1,0,120
6,212,-6.699758714932803,-6.699758714932803,-6.699758714932803,103.12569569357447,257.6892279222019,26.459954563462354,66.73447440452797,0.9768435478624653,1,0,120
6,213,-6.699827041846507,-6.699827041846507,-6.699827041846507,103.10241736669917,257.67584656802404,26.448843985968274,66.71588794539008,0.9765714836430575,1,0,120
6,214,-6.699792754322453,-6.699792754322453,-6.699792754322453,103.06416352861947,257.62415347466145,26.418591145930105,66.67624078219504,0.9759911377887789,1,0,120
6,215,-6.699781070815281,-6.699781070815281,-6.699781070815281,103.14767937399728,257.7261886974128,26.43431787861995,66.69656722209376,0.9762886714375152,1,0,120
6,216,-6.699886237233787,-6.699886237233787,-6.699886237233787,103.02547487170949,257.59043990296146,26.45553097473036,66.72292282772638,0.9766744585968801,1,0,120
6,217,-6.699895926051306,-6.699895926051306,-6.699895926051306,102.96761903070693,257.5215535924991,26.49090465725054,66.76522316003076,0.9772936409168531,1,0,120
6,218,-6.699874168934581,-6.699874168934581,-6.699874168934581,102.91475267559622,257.4554360165022,26.48280550076491,66.75144712528615,0.9770919905588413,1,0,120
6,219,-6.699939670841077,-6.699939670841077,-6.699939670841077,103.04918434594313,257.628650364418,26.497096367861385,66.77511653875524,0.9774384578688078,1,0,120
6,220,-6.6999543189708906,-6.6999543189708906,-6.6999543189708906,103.08258582615355,257.67227801495244,26.493922804506955,66.77171059206493,0.9773886024218521,1,0,120
6,221,-6.699975152986998,-6.699975152986998,-6.699975152986998,103.18340273937655,257.80060669261445,26.527735331020637,66.81526762563927,0.9780261800395793,1,0,120
6,222,-6.6999588144694595,-6.6999588144694595,-6.6999588144694595,103.12183955657267,257.72292505331495,26.542041696092735,66.83115990282657,0.9782588074569643,1,0,120
6,223,-6.699993825481181,-6.699993825481181,-6.699993825481181,103.18024782941316,257.79850623983117,26.521550632777586,66.80871178725707,0.9779302172185393,1,0,120
6,224,-6.69999869487936,-6.69999869487936,-6.69999869487936,103.20068331497421,257.8262181650372,26.517176955657,66.80188871109392,0.9778303426336863,1,0,120
6,225,-6.7000305253547365,-6.7000305253547365,-6.7000305253547365,103.15896606980442,257.7745753796359,26.511542871163574,66.79944169659787,0.9777945238107566,1,0,120
6,226,-6.700035032042017,-6.700035032042017,-6.700035032042017,103.24720898426376,257.885295157355,26.50204569134747,66.78799149951793,0.977626918517704,1,0,120
6,227,-6.700036725311129,-6.700036725311129,-6.700036725311129,103.28769014268904,257.93473271294926,26.529279340047854,66.8235396759066,0.9781472643667333,1,0,120
6,228,-6.7000274133480575,-6.7000274133480575,-6.7000274133480575,103.3123165715867,257.9652396466046,26.539227604508756,66.8347647073822,0.9783115737386034,1,0,120
6,229,-6.700042830584629,-6.700042830584629,-6.700042830584629,103.28423310563934,257.93267675483617,26.53640443337656,66.83117510598191,0.9782590299971781,1,0,120
6,230,-6.700071775446217,-6.700071775446217,-6.700071775446217,103.18592491410746,257.81380256008026,26.524951463357088,66.81742725590247,0.9780577921996692,1,0,120
6,231,-6.700110553468874,-6.700110553468874,-6.700110553468874,103.15085276976052,257.774855233979,26.474945040514065,66.75618507588098,0.9771613435658133,1,0,120
6,232,-6.700089596746299,-6.700089596746299,-6.700089596746299,103.22279807443354,257.85890365994214,26.464197565315953,66.74533368960405,0.9770025035245218,1,0,120
6,233,-6.700103727665049,-6.700103727665049,-6.700103727665049,103.14730535209037,257.7693542745261,26.46382109493616,66.74221238114808,0.9769568145451253,1,0,120
6,234,-6.70005894160742,-6.70005894160742,-6.70005894160742,102.96986018880227,257.54218885845677,26.43985170836193,66.70987463715215,0.976483462250727,1,0,120
6,235,-6.700080546232897,-6.700080546232897,-6.700080546232897,103.19958974788656,257.8316731724492,26.47034976618947,66.74974906844388,0.9770671348019768,1,0,120
6,236,-6.700109599111399,-6.700109599111399,-6.700109599111399,103.15188402625226,257.7795002068184,26.474123655573294,66.75164796065562,0.9770949303397656,1,0,120
6,237,-6.700064372401606,-6.700064372401606,-6.700064372401606,103.1513333015977,257.76832708322263,26.47240749752339,66.75264480177974,0.977109521865795,1,0,120
6,238,-6.700118898171673,-6.700118898171673,-6.700118898171673,103.19946796234183,257.83511332712476,26.485319542055286,66.77111622672227,0.9773799022416945,1,0,120
6,239,-6.700102665932565,-6.700102665932565,-6.700102665932565,103.22346871778595,257.8642085355352,26.478946751288383,66.76144730897511,0.9772383708967576,1,0,120
6,240,-6.700122183190567,-6.700122183190567,-6.700122183190567,103.22226112359732,257.8633337506081,26.49935522632452,66.78951781570626,0.9776492603752502,1,0,120
6,241,-6.70006651643685,-6.70006651643685,-6.70006651643685,103.26300451118988,257.90374798035793,26.500467180136646,66.79243729430593,0.9776919950166578,1,0,120
6,242,-6.700149633650151,-6.700149633650151,-6.700149633650151,103.2080820566566,257.8510872660468,26.507278671141684,66.79839212594086,0.9777791604422208,1,0,120
6,243,-6.700153987292714,-6.700153987292714,-6.700153987292714,103.02105631393925,257.6198245665223,26.491522130216964,66.77650163657663,0.9774587326050974,1,0,120
6,244,-6.700160014306266,-6.700160014306266,-6.700160014306266,103.06263473880247,257.6739382355436,26.480335437242793,66.7614252310705,0.9772380477255802,1,0,120
6,245,-6.70012023709013,-6.70012023709013,-6.70012023709013,103.15091927565335,257.7804787764371,26.48259742778018,66.76179526527788,0.9772434641993173,1,0,120
6,246,-6.700157162566506,-6.700157162566506,-6.700157162566506,103.06111867310655,257.6733555660395,26.484516064707524,66.76488192237437,0.9772886459602597,1,0,120
6,247,-6.700148376654466,-6.700148376654466,-6.700148376654466,103.06329333863894,257.6744438402845,26.532928896521923,66.8257084215522,0.9781790099556475,1,0,120
6,248,-6.700170427386189,-6.700170427386189,-6.700170427386189,103.08640144498409,257.7041376883235,26.489660125418286,66.77435059742066,0.9774272461996159,1,0,120
6,249,-6.700132339803547,-6.700132339803547,-6.700132339803547,103.05212335864104,257.65494166753024,26.487219206843,66.77138996228163,0.9773839091184604,1,0,120
6,250,-6.700147974063986,-6.700147974063986,-6.700147974063986,103.08724990305375,257.7007550860694,26.494281989456283,66.78093952700493,0.9775236934018925,1,0,120
6,251,-6.700178515855277,-6.700178515855277,-6.700178515855277,103.10921478533047,257.7325026689535,26.496667387803676,66.78463358905702,0.9775777662137815,1,0,120
6,252,-6.700113313849145,-6.700113313849145,-6.700113313849145,103.05286262823928,257.65296494827476,26.46470061314958,66.74300680661868,0.976968443158404,1,0,120
6,253,-6.700171582565563,-6.700171582565563,-6.700171582565563,103.09554251071489,257.7137404706466,26.495451235630707,66.78363094118018,0.9775630896898706,1,0,120
6,254,-6.700176714361616,-6.700176714361616,-6.700176714361616,103.08662293026536,257.70427169711706,26.495467524585003,66.78278514960425,0.9775507091916176,1,0,120
6,255,-6.700180368404253,-6.700180368404253,-6.700180368404253,103.1305267614472,257.7595339546178,26.509128433446467,66.80018192006085,0.9778053590277902,1,0,120
6,256,-6.700180674640749,-6.700180674640749,-6.700180674640749,103.1419699840616,257.77399183024943,26.509880410612443,66.80103904679403,0.9778179054474103,1,0,120
6,257,-6.700180214828653,-6.700180214828653,-6.700180214828653,103.15017060761016,257.78420843138804,26.509419950174273,66.80043617621254,0.9778090807695661,1,0,120
6,258,-6.700180659310033,-6.700180659310033,-6.700180659310033,103.14157276866503,257.7734352680744,26.507871401610345,66.79858119337358,0.9777819279668534,1,0,120
6,259,-6.700182433791681,-6.700182433791681,-6.700182433791681,103.14526777137712,257.77839981308017,26.511610613578874,66.80321012125233,0.9778496851249374,1,0,120
6,260,-6.7001784503887825,-6.7001784503887825,-6.7001784503887825,103.15690962689189,257.79206182131315,26.514203822568714,66.80671907180195,0.9779010483181707,1,0,120
6,261,-6.700184580606529,-6.700184580606529,-6.700184580606529,103.1466225164136,257.7805462411107,26.511226032107626,66.80262644917478,0.9778411414702806,1,0,120
6,262,-6.7001891712715596,-6.7001891712715596,-6.7001891712715596,103.14691627604432,257.7820143311252,26.51089322140046,66.80185450632138,0.9778298419522669,1,0,120
6,263,-6.700192267521203,-6.700192267521203,-6.700192267521203,103.13595508290554,257.7692757395141,26.510239505822437,66.80055693211558,0.9778108483660866,1,0,120
6,264,-6.700194338887577,-6.700194338887577,-6.700194338887577,103.1395845374897,257.7745198766324,26.510543940747137,66.80057316949686,0.9778110860450564,1,0,120
6,265,-6.700195388434829,-6.700195388434829,-6.700195388434829,103.13520070397271,257.76943802238327,26.511189902220377,66.80114649244219,0.9778194782115488,1,0,120
6,266,-6.700195865511365,-6.700195865511365,-6.700195865511365,103.13676730372063,257.771415406179,26.512498428038672,66.8028454598706,0.977844347297359,1,0,120
6,267,-6.700193731410532,-6.700193731410532,-6.700193731410532,103.13713955407962,257.771760471212,26.51641893783501,66.80752742593431,0.9779128808159259,1,0,120
6,268,-6.70019514621662,-6.70019514621662,-6.70019514621662,103.13626152344736,257.7706712616428,26.511948102183812,66.80215089998386,0.9778341804930197,1,0,120
6,269,-6.700195804611617,-6.700195804611617,-6.700195804611617,103.13664239279711,257.77130717911166,26.51086016342388,66.80073675947156,0.9778134806366481,1,0,120
6,270,-6.700195360060216,-6.700195360060216,-6.700195360060216,103.1413569429349,257.77707666873636,26.51486898358683,66.80581440194463,0.9778878059734764,1,0,120
6,271,-6.700196958268889,-6.700196958268889,-6.700196958268889,103.1423318904497,257.77879532907616,26.510136836747748,66.79965217141877,0.977797604691705,1,0,120
6,272,-6.700198988005645,-6.700198988005645,-6.700198988005645,103.12963139897025,257.76351377977437,26.507298075873162,66.79581165356791,0.9777413880942636,1,0,120
6,273,-6.700200300057855,-6.700200300057855,-6.700200300057855,103.13514599929833,257.7706275394295,26.505449645731442,66.79350010014296,0.9777075521186476,1,0,120
6,274,-6.700200222117158,-6.700200222117158,-6.700200222117158,103.13463116100341,257.77041488120705,26.503346176768552,66.79042253761794,0.9776625034819042,1,0,120
6,275,-6.700200490450042,-6.700200490450042,-6.700200490450042,103.13202815025473,257.76677872350433,26.505695763115217,66.79378500441702,0.9777117224804335,1,0,120
6,276,-6.7002019074926,-6.7002019074926,-6.7002019074926,103.12360563255635,257.75628952416554,26.502197999769493,66.78958202080103,0.9776502001943337,1,0,120
6,277,-6.700202353401615,-6.700202353401615,-6.700202353401615,103.11526184812453,257.74618201737144,26.501912877740224,66.78895954968456,0.9776410886084661,1,0,120
6,278,-6.700202021653585,-6.700202021653585,-6.700202021653585,103.10583195876764,257.7343049680726,26.498226442834987,66.78436204522448,0.9775737914189975,1,0,120
6,279,-6.700202709001911,-6.700202709001911,-6.700202709001911,103.11805344598804,257.74970057530413,26.503547718014133,66.79104009991919,0.9776715432136882,1,0,120
6,280,-6.700202751957859,-6.700202751957859,-6.700202751957859,103.1150579866931,257.745864368456,26.50595562097905,66.7941477278264,0.9777170319404282,1,0,120
6,281,-6.700202759259161,-6.700202759259161,-6.700202759259161,103.12663034920558,257.76020306782243,26.505827418489215,66.79413661668325,0.9777168692981268,1,0,120
6,282,-6.700204077741463,-6.700204077741463,-6.700204077741463,103.12638085311974,257.7598829349789,26.504720158818394,66.79297228264224,0.9776998260501555,1,0,120
6,283,-6.700204880820803,-6.700204880820803,-6.700204880820803,103.11664447695138,257.74776112774873,26.50361311882588,66.7916499804613,0.9776804705016882,1,0,120
6,284,-6.700205153738447,-6.700205153738447,-6.700205153738447,103.11476836959687,257.7455699388319,26.504968983674285,66.79323417091646,0.9777036595091468,1,0,120
6,285,-6.7002046875351295,-6.7002046875351295,-6.7002046875351295,103.10870038188611,257.73773076937675,26.5024117279586,66.79019967343402,0.9776592412483724,1,0,120
6,286,-6.700204742697302,-6.700204742697302,-6.700204742697302,103.11514391282344,257.7457584689181,26.506081753705434,66.79484213730827,0.9777271965431764,1,0,120
6,287,-6.700205651496447,-6.700205651496447,-6.700205651496447,103.11455326317768,257.74526866999156,26.50483644196975,66.79318099372344,0.9777028811138966,1,0,120
6,288,-6.70020632928298,-6.70020632928298,-6.70020632928298,103.11532055779605,257.7465166288846,26.504665530694222,66.79278962451396,0.9776971523434144,1,0,120
6,289,-6.700206712009504,-6.700206712009504,-6.700206712009504,103.12047362472063,257.752980567629,26.50359332900831,66.79149653602818,0.977678224418149,1,0,120
6,290,-6.700207168420608,-6.700207168420608,-6.700207168420608,103.13168156848602,257.7670726613177,26.504365421093507,66.79247558721771,0.9776925555392983,1,0,120
6,291,-6.700207208650823,-6.700207208650823,-6.700207208650823,103.13519680983728,257.77105722025215,26.504264854197167,66.79277205435415,0.9776968951555456,1,0,120
6,292,-6.7002071782252,-6.7002071782252,-6.7002071782252,103.14580861219218,257.7844391710133,26.505884034874573,66.79469547725213,0.9777250497677528,1,0,120
6,293,-6.700206869530136,-6.700206869530136,-6.700206869530136,103.13614031827683,257.77221709520967,26.50686390481017,66.7959916697596,0.9777440231289578,1,0,120
6,294,-6.7002081189095835,-6.7002081189095835,-6.7002081189095835,103.12381640407318,257.757256176361,26.50072170941127,66.78803905796339,0.9776276146670482,1,0,120
6,295,-6.700207680581328,-6.700207680581328,-6.700207680581328,103.1262876977143,257.76053698547656,26.49725840616816,66.78344525424143,0.977560371648114,1,0,120
6,296,-6.700208027216747,-6.700208027216747,-6.700208027216747,103.12667314035707,257.76079551507326,26.502372964490114,66.79012819512846,0.9776581949657395,1,0,120
6,297,-6.700208440038025,-6.700208440038025,-6.700208440038025,103.1172488576888,257.74912262772773,26.498843054995657,66.78565102518112,0.9775926592045792,1,0,120
6,298,-6.700207889133947,-6.700207889133947,-6.700207889133947,103.11161688468924,257.7419020213209,26.497153180914076,66.78361583398204,0.9775628685542559,1,0,120
6,299,-6.7002084832532205,-6.7002084832532205,-6.7002084832532205,103.11842362151495,257.75061898033823,26.499415897025596,66.78634951893261,0.977602883591906,1,0,120
6,300,-6.700208607097735,-6.700208607097735,-6.700208607097735,103.1091470555568,257.73932599623356,26.502159458959202,66.78948383228486,0.9776487629339168,1,0,120
7,1,-2.555457121107348,-2.555457121107348,-2.555457121107348,101.70782762037858,-32.28758962941745,21.021471313773176,-7.466754234274729,-0.12401860262106656,1,0,120
7,2,-4.608247080569281,-4.608247080569281,-4.608247080569281,105.81432234619561,-89.40520557581956,23.715472478405086,-24.58117875370568,-0.4082796010372962,1,0,120
7,3,-5.004201509216541,-5.004201509216541,-5.004201509216541,107.798509130073,-112.65538359562018,24.646547580076703,-27.841414780169316,-0.4624302940333076,1,0,120
7,4,-4.867640313262924,-4.867640313262924,-4.867640313262924,137.20959913698985,-116.89983497497072,23.035989434558168,-27.44049881035631,-0.45577130449318803,1,0,120
7,5,-2.8712038312846273,-2.8712038312846273,-2.8712038312846273,104.85455845877618,-42.519933554001405,23.85937710415,-5.1546353821388005,-0.08561560445896421,1,0,120
7,6,-5.289725427727915,-5.289725427727915,-5.289725427727915,106.22855957125287,-129.18122619998394,23.103947834673548,-30.959993057536636,-0.5142281312177901,1,0,120
7,7,-5.420621413276733,-5.420621413276733,-5.420621413276733,103.17961079214896,-135.58219152903519,19.939298396845796,-31.232909823767564,-0.5187611257315847,1,0,120
7,8,-5.747784103370097,-5.747784103370097,-5.747784103370097,99.44561232555036,-159.27858638675878,19.171050588886956,-33.557500711353,-0.5573712774117697,1,0,120
7,9,-5.385036956480162,-5.385036956480162,-5.385036956480162,112.9014460860284,-137.75531834510966,19.905996387184455,-32.443728741253025,-0.5388721492716926,1,0,120
7,10,-5.093305249085283,-5.093305249085283,-5.093305249085283,105.36007046411126,-121.23072778003149,20.96591599130146,-22.233469039069217,-0.36928545859818884,1,0,120
7,11,-5.980542024396992,-5.980542024396992,-5.980542024396992,108.99785302167582,-189.79239367147505,25.062163043184608,-40.51497506842637,-0.6729310267303374,1,0,120
7,12,-5.824591089515383,-5.824591089515383,-5.824591089515383,111.21489594084025,-178.113920058955,24.865210039866202,-36.516464732986044,-0.606518011274316,1,0,120
7,13,-5.7660692149397,-5.7660692149397,-5.7660692149397,115.69796032514273,-175.2595597764644,24.623222258407726,-36.4047522006186,-0.604662528727981,1,0,120
7,14,-5.812117513735777,-5.812117513735777,-5.812117513735777,105.29645932942609,-172.5313143389696,25.086943667010903,-36.25231277871229,-0.6021305953743421,1,0,120
7,15,-5.575177297078076,-5.575177297078076,-5.575177297078076,110.97968676502768,-157.85579212332567,27.24685958099103,-33.09879541601753,-0.5497524395663703,1,0,120
7,16,-5.901419838578818,-5.901419838578818,-5.901419838578818,108.89583513385138,-181.4841500065383,19.99516247705061,-35.58011308804714,-0.590965735288827,1,0,120
7,17,-6.24524453136125,-6.24524453136125,-6.24524453136125,113.84092312295707,-216.2608621178794,23.60949443672305,-49.940731353200505,-0.8294875553647596,1,0,120
7,18,-5.789280012685884,-5.789280012685884,-5.789280012685884,131.81539663793177,-182.05914230778575,19.875361806660898,-40.58216490522177,-0.6740470122587553,1,0,120
7,19,-6.123515886683762,-6.123515886683762,-6.123515886683762,114.68370901356235,-206.0889035467293,23.85777826587588,-45.38591445572755,-0.753834599730244,1,0,120
7,20,-5.657026504733224,-5.657026504733224,-5.657026504733224,125.94555649705006,-165.4829025601219,27.257224593840522,-43.9481242681466,-0.7299537106141192,1,0,120
7,21,-6.026536681969598,-6.026536681969598,-6.026536681969598,119.86162188859429,-196.84759618799396,22.592791921295557,-46.083868127271735,-0.7654272190027278,1,0,120
7,22,-6.249385331294646,-6.249385331294646,-6.249385331294646,114.95182387040728,-217.38436290566807,23.533958859631138,-50.37173935084777,-0.8366463566202438,1,0,120
7,23,-6.2460223822144725,-6.2460223822144725,-6.2460223822144725,116.07480102812943,-217.5572809139698,22.330465875854866,-49.67125717093192,-0.8250117402409678,1,0,120
7,24,-6.261811444681211,-6.261811444681211,-6.261811444681211,114.60908543173713,-218.3491304875861,23.492641800454994,-50.70188386774532,-0.8421298719957326,1,0,120
7,25,-6.319169399144857,-6.319169399144857,-6.319169399144857,111.50754414235637,-222.2054112249249,23.509357114166818,-51.56358795515026,-0.8564422938914832,1,0,120
7,26,-6.3591053095572585,-6.3591053095572585,-6.3591053095572585,109.75318741205814,-225.06629268712206,23.850732331459326,-52.758995067990526,-0.8762973359949459,1,0,120
7,27,-6.385087025863178,-6.385087025863178,-6.385087025863178,107.89804397345708,-226.55948649622167,24.24402056625233,-53.35448410669035,-0.8861880751486082,1,0,120
7,28,-6.391507344524749,-6.391507344524749,-6.391507344524749,106.07633107886414,-225.9311990552074,24.543052487419004,-53.26017769577033,-0.8846216985231634,1,0,120
7,29,-6.399244407004689,-6.399244407004689,-6.399244407004689,104.9782278766485,-225.61596763492844,24.504936693790235,-53.43589111035914,-0.887540199849891,1,0,120
7,30,-6.391488307182026,-6.391488307182026,-6.391488307182026,104.76239174415315,-224.68250273753802,24.853317837575386,-53.431510682773585,-0.88746744340298,1,0,120
7,31,-6.3782165579159,-6.3782165579159,-6.3782165579159,105.5132327666225,-223.67282636616505,24.742877551673793,-53.283430105177665,-0.8850079080101495,1,0,120
7,32,-6.434773106999591,-6.434773106999591,-6.434773106999591,104.42721250770276,-229.08522313316644,24.485467336345298,-54.34166248824805,-0.9025845547403063,1,0,120
7,33,-6.446074009651115,-6.446074009651115,-6.446074009651115,103.67794186153627,-229.73240405725994,24.761605408953695,-54.77696281856836,-0.909814649235583,1,0,120
7,34,-6.474377017581017,-6.474377017581017,-6.474377017581017,102.42561812448626,-231.9840840636984,24.687449239053237,-55.08617792301026,-0.914950538801384,1,0,120
7,35,-6.486377129028283,-6.486377129028283,-6.486377129028283,101.36934570530568,-232.4915658172266,24.46935608314274,-54.85500057928459,-0.9111108126999272,1,0,120
7,36,-6.493074284638278,-6.493074284638278,-6.493074284638278,101.11967031564964,-233.0209793223408,24.840239550757573,-55.428219349084,-0.9206316551699212,1,0,120
7,37,-6.510394133528634,-6.510394133528634,-6.510394133528634,100.97922845992393,-234.80233250744092,24.367556254138673,-55.44666122393284,-0.9209379643742562,1,0,120
7,38,-6.526703582900352,-6.526703582900352,-6.526703582900352,100.66110886590525,-236.2867171650292,24.018451976762368,-55.55898861747615,-0.922803659420085,1,0,120
7,39,-6.520269852776099,-6.520269852776099,-6.520269852776099,100.08801290067798,-234.86123935131758,23.72386270631047,-55.03311668601516,-0.9140692213963902,1,0,120
7,40,-6.516399739834292,-6.516399739834292,-6.516399739834292,100.36084345270855,-234.83134938728608,24.145489517598634,-55.31288544803078,-0.9187160237195381,1,0,120
7,41,-6.536228195387666,-6.536228195387666,-6.536228195387666,100.70616300792261,-237.55866310136554,24.057153966614056,-55.778694207496095,-0.9264528461225527,1,0,120
7,42,-6.5470424276476535,-6.5470424276476535,-6.5470424276476535,100.76346316840892,-238.81654776670013,23.713253543174744,-55.77227291176858,-0.9263461919997363,1,0,120
7,43,-6.5412117477795455,-6.5412117477795455,-6.5412117477795455,100.81141898564667,-238.1501827857125,23.74322103788545,-55.672986552103616,-0.9246971012169622,1,0,120
7,44,-6.545620110497802,-6.545620110497802,-6.545620110497802,100.41552474763542,-238.3464835918801,23.512745646769343,-55.383676211711375,-0.919891818625154,1,0,120
7,45,-6.564721615882486,-6.564721615882486,-6.564721615882486,101.4923677083931,-241.4807895627175,23.32292431309976,-56.12754195771151,-0.9322470117200523,1,0,120
7,46,-6.572206116080661,-6.572206116080661,-6.572206116080661,101.83067223651867,-242.66857456666736,23.054316642594642,-56.138960421255774,-0.9324366659993293,1,0,120
7,47,-6.576636355037758,-6.576636355037758,-6.576636355037758,101.99912181264288,-243.3304375022913,23.257154522270124,-56.584562775557416,-0.939837871338521,1,0,120
7,48,-6.5758016663484815,-6.5758016663484815,-6.5758016663484815,102.4935581030881,-243.61685137776854,22.883514309815077,-56.31752973402402,-0.9354026021940504,1,0,120
7,49,-6.577649671391399,-6.577649671391399,-6.577649671391399,102.103589887215,-243.55811001148305,23.258836529518877,-56.63600409129883,-0.9406922827594775,1,0,120
7,50,-6.579797815413358,-6.579797815413358,-6.579797815413358,102.53945970991893,-244.14719343840716,23.271003657544696,-56.906058374057025,-0.9451777330272482,1,0,120
7,51,-6.581965335993866,-6.581965335993866,-6.581965335993866,102.63988714301004,-244.5902334010296,23.259776556019556,-56.8962858601284,-0.9450154170485114,1,0,120
7,52,-6.579709834131096,-6.579709834131096,-6.579709834131096,102.46496597859843,-244.07597433153927,22.801711253999635,-56.31274240725807,-0.9353230873798251,1,0,120
7,53,-6.58039724408829,-6.58039724408829,-6.58039724408829,102.4781274803287,-244.18654363912898,23.003642056073396,-56.56330895442492,-0.9394848572825459,1,0,120
7,54,-6.583599408602162,-6.583599408602162,-6.583599408602162,102.91760867762817,-244.91954894897628,23.375495677132832,-57.284491407624074,-0.9514632935982927,1,0,120
7,55,-6.581230312561908,-6.581230312561908,-6.581230312561908,103.390634756689,-245.0822086948155,23.626933517675262,-57.62858127940813,-0.9571784335018985,1,0,120
7,56,-6.584335768048025,-6.584335768048025,-6.584335768048025,102.90072678966375,-244.9719580787901,23.481440374783954,-57.449946852479854,-0.9542114157974766,1,0,120
7,57,-6.579894150495051,-6.579894150495051,-6.579894150495051,103.23999665721641,-244.83769979446677,23.940471866658317,-57.864844139596684,-0.9611026271813073,1,0,120
7,58,-6.582402195256585,-6.582402195256585,-6.582402195256585,102.74716232151692,-244.60988858399529,23.605021498409627,-57.48393897934597,-0.9547760059717055,1,0,120
7,59,-6.578952742806281,-6.578952742806281,-6.578952742806281,102.88394996348336,-244.06168235229978,22.97772943811335,-56.925635991484135,-0.9455029062792102,1,0,120
7,60,-6.584355274890755,-6.584355274890755,-6.584355274890755,102.91372604999296,-244.9997107409959,23.536701527424142,-57.50680434038744,-0.9551557868022801,1,0,120
7,61,-6.581049819654732,-6.581049819654732,-6.581049819654732,102.87204525007671,-244.5543103249625,23.533730508765917,-57.39933017382085,-0.9533707011362395,1,0,120
7,62,-6.584362459489172,-6.584362459489172,-6.584362459489172,102.91036001046166,-244.94298003434918,23.55971825064978,-57.588126014032845,-0.9565064942197031,1,0,120
7,63,-6.579885229098556,-6.579885229098556,-6.579885229098556,102.90070634536923,-244.4465917080516,23.851827955512583,-57.744911480740505,-0.9591106129414793,1,0,120
7,64,-6.584193469197938,-6.584193469197938,-6.584193469197938,103.1240126275368,-245.12169868703813,23.494089327749425,-57.560824231307464,-0.9560530269116292,1,0,120
7,65,-6.584152076555513,-6.584152076555513,-6.584152076555513,102.91270350843091,-244.91606305815088,23.588382739104624,-57.62030215057926,-0.9570409218126074,1,0,120
7,66,-6.584184869805195,-6.584184869805195,-6.584184869805195,102.89208592958956,-244.90843009401152,23.534173854241892,-57.54340461697687,-0.9557636968815124,1,0,120
7,67,-6.584434423852,-6.584434423852,-6.584434423852,102.91309292022565,-244.95601943648575,23.55023220027796,-57.57789499034524,-0.9563365626508703,1,0,120
7,68,-6.584406105434885,-6.584406105434885,-6.584406105434885,102.9171814247064,-244.9647013773051,23.56810874523977,-57.5912010469624,-0.9565575687930681,1,0,120
7,69,-6.5843836756427265,-6.5843836756427265,-6.5843836756427265,102.92858079726304,-244.95544553990592,23.554705759957216,-57.59466744248837,-0.956615143679796,1,0,120
7,70,-6.584510933378386,-6.584510933378386,-6.584510933378386,102.87414190505424,-244.91594489544747,23.47528451084935,-57.493269213701794,-0.9549309759346413,1,0,120
7,71,-6.58465536058468,-6.58465536058468,-6.58465536058468,102.85489741863927,-244.92247288396396,23.468538015021004,-57.47747235565101,-0.9546685989767566,1,0,120
7,72,-6.584741627871921,-6.584741627871921,-6.584741627871921,102.85128982584503,-244.93511161024173,23.439429039217,-57.438713941935866,-0.9540248434495294,1,0,120
7,73,-6.584741526319689,-6.584741526319689,-6.584741526319689,102.83018574926189,-244.90660930563251,23.403574213717324,-57.39900576854285,-0.9533653129464051,1,0,120
7,74,-6.584669339194846,-6.584669339194846,-6.584669339194846,102.83324778738297,-244.90881646186963,23.447895945539194,-57.44261766674754,-0.9540896821305641,1,0,120
7,75,-6.58483546257284,-6.58483546257284,-6.58483546257284,102.85477908986257,-244.95582431611984,23.41470412714672,-57.40676396985581,-0.9534941723216434,1,0,120
7,76,-6.584771216075989,-6.584771216075989,-6.584771216075989,102.84876517275373,-244.9515517258775,23.431382504243377,-57.41409162795723,-0.9536158806154629,1,0,120
7,77,-6.584801849958879,-6.584801849958879,-6.584801849958879,102.85313673465535,-244.94434001917838,23.414779753153645,-57.41129090622547,-0.9535693621973382,1,0,120
7,78,-6.58480515239086,-6.58480515239086,-6.58480515239086,102.84580928353077,-244.95330831257482,23.386725330207785,-57.360456885563714,-0.9527250376072585,1,0,120
7,79,-6.584783722689898,-6.584783722689898,-6.584783722689898,102.85648520226799,-244.94291590912164,23.402400172541647,-57.399161738310504,-0.9533679035168228,1,0,120
7,80,-6.584932727603432,-6.584932727603432,-6.584932727603432,102.90290429441315,-245.02310915612537,23.457694170917463,-57.46326122348498,-0.9544325600369983,1,0,120
7,81,-6.58500497232048,-6.58500497232048,-6.58500497232048,102.93407753102957,-245.06451212256087,23.437398331122907,-57.445804509969356,-0.9541426138102126,1,0,120
7,82,-6.585036144214522,-6.585036144214522,-6.585036144214522,102.92561795566652,-245.06788841031363,23.437709100660367,-57.43738948034291,-0.9540028448848479,1,0,120
7,83,-6.585019727962253,-6.585019727962253,-6.585019727962253,102.97546555326278,-245.1164731698185,23.450359242878502,-57.46111955400921,-0.9543969881074386,1,0,120
7,84,-6.585045706296093,-6.585045706296093,-6.585045706296093,102.91697641107831,-245.0643533766609,23.43345118675423,-57.42693012305298,-0.9538291208228644,1,0,120
7,85,-6.585003265028516,-6.585003265028516,-6.585003265028516,102.93934961793772,-245.09514292164812,23.483258821474703,-57.476110275007805,-0.9546459755807364,1,0,120
7,86,-6.585080833461622,-6.585080833461622,-6.585080833461622,102.92355488907393,-245.07169632816954,23.427676140321726,-57.42586179841686,-0.9538113765494679,1,0,120
7,87,-6.585088450365852,-6.585088450365852,-6.585088450365852,102.92766209588999,-245.06334232584362,23.401951506464442,-57.409489497386645,-0.9535394418062378,1,0,120
7,88,-6.585053995044853,-6.585053995044853,-6.585053995044853,102.92572742086234,-245.03809107425818,23.38278950572212,-57.40427323634214,-0.9534528026340691,1,0,120
7,89,-6.585092586485574,-6.585092586485574,-6.585092586485574,102.93190209617796,-245.0672986719734,23.420458610994366,-57.433389376405586,-0.9539364054005579,1,0,120
7,90,-6.585078666046206,-6.585078666046206,-6.585078666046206,102.92036022107393,-245.0590127735041,23.37232468571846,-57.368126836373285,-0.9528524311911009,1,0,120
7,91,-6.585072690416319,-6.585072690416319,-6.585072690416319,102.9157697693099,-245.04984556422724,23.43605641467941,-57.44719336545231,-0.9541656819213133,1,0,120
7,92,-6.585065411813829,-6.585065411813829,-6.585065411813829,102.9211852796602,-245.05260413902215,23.410798847843694,-57.419581281664534,-0.9537070606865208,1,0,120
7,93,-6.585101470349147,-6.585101470349147,-6.585101470349147,102.93184445258592,-245.0700127555191,23.423952573663318,-57.43613242613767,-0.9539819659190937,1,0,120
7,94,-6.585113743948421,-6.585113743948421,-6.585113743948421,102.93817958334482,-245.08035994724673,23.434365179715638,-57.447688846487274,-0.9541739115835808,1,0,120
7,95,-6.585126081099791,-6.585126081099791,-6.585126081099791,102.9392669292738,-245.08049603827357,23.434858421454397,-57.45131084865025,-0.9542340710093298,1,0,120
7,96,-6.585125665392894,-6.585125665392894,-6.585125665392894,102.94599508829117,-245.08606632414356,23.439989797733414,-57.45987283997668,-0.9543762808861573,1,0,120
7,97,-6.585128474799551,-6.585128474799551,-6.585128474799551,102.9405690209505,-245.0823844168932,23.43506716519184,-57.4515929752346,-0.9542387569737603,1,0,120
7,98,-6.585132121124899,-6.585132121124899,-6.585132121124899,102.94563337075382,-245.08767314218218,23.43733805079679,-57.45563571471953,-0.9543059046105983,1,0,120
7,99,-6.585136386363643,-6.585136386363643,-6.585136386363643,102.94649128458268,-245.09085796054427,23.441374547214437,-57.458954332269734,-0.95436102498798,1,0,120
7,100,-6.585139522784046,-6.585139522784046,-6.585139522784046,102.9472074916261,-245.0925236965956,23.442637500997417,-57.460131930207,-0.9543805842296595,1,0,120
7,101,-6.585139075985194,-6.585139075985194,-6.585139075985194,102.94949346897695,-245.0937972984446,23.44462311071482,-57.46390336739244,-0.9544432256873714,1,0,120
7,102,-6.585138882270465,-6.585138882270465,-6.585138882270465,102.94713621797726,-245.0922450498433,23.44493444711934,-57.46297758291114,-0.9544278489260509,1,0,120
7,103,-6.585148198000881,-6.585148198000881,-6.585148198000881,102.94720443229768,-245.0940550847122,23.442310354944826,-57.45951767424738,-0.9543703817824685,1,0,120
7,104,-6.5851555319541175,-6.5851555319541175,-6.5851555319541175,102.94813462112592,-245.09639030317916,23.44331777177957,-57.46061105255623,-0.9543885421833261,1,0,120
7,105,-6.585171911150114,-6.585171911150114,-6.585171911150114,102.94896126468186,-245.09995647286445,23.439276992225146,-57.45567564336123,-0.9543065678029565,1,0,120
7,106,-6.585202911387584,-6.585202911387584,-6.585202911387584,102.95323875064584,-245.11221521629065,23.439744506555773,-57.453786050255474,-0.9542751827206107,1,0,120
7,107,-6.585258631954572,-6.585258631954572,-6.585258631954572,102.96105195777861,-245.1303804984368,23.435681656938044,-57.448539450888155,-0.9541880396459049,1,0,120
7,108,-6.585301762527216,-6.585301762527216,-6.585301762527216,102.98617642550465,-245.18280515183028,23.46810708271962,-57.47151755461701,-0.9545696930693232,1,0,120
7,109,-6.585288038017461,-6.585288038017461,-6.585288038017461,102.99395349454772,-245.19296038895502,23.41212535272366,-57.40159407217797,-0.9534083032190076,1,0,120
7,110,-6.58531286229131,-6.58531286229131,-6.58531286229131,102.94134023622615,-245.1394299424867,23.45073698787471,-57.44212096812851,-0.954081432244908,1,0,120
7,111,-6.585336335779836,-6.585336335779836,-6.585336335779836,102.94271141057614,-245.1423416354061,23.45075191603302,-57.44441979202535,-0.9541196144213147,1,0,120
7,112,-6.585341401821289,-6.585341401821289,-6.585341401821289,102.94896520360797,-245.1443768674765,23.46313576564442,-57.46545957159524,-0.9544690733669078,1,0,120
7,113,-6.585349474388053,-6.585349474388053,-6.585349474388053,102.94911873013592,-245.14177134450674,23.454126844353798,-57.45868710634338,-0.9543565865151269,1,0,120
7,114,-6.5853538075726945,-6.5853538075726945,-6.5853538075726945,102.94972486895058,-245.14261172763423,23.454183080506407,-57.459295175921696,-0.954366686209992,1,0,120
7,115,-6.5853540798837065,-6.5853540798837065,-6.5853540798837065,102.95101594928944,-245.1431180517191,23.451501276772365,-57.45716540182395,-0.9543313118559937,1,0,120
7,116,-6.585363541354188,-6.585363541354188,-6.585363541354188,102.9517102420833,-245.14390855563428,23.45130709476359,-57.4584050434435,-0.9543519016084596,1,0,120
7,117,-6.585361051399705,-6.585361051399705,-6.585361051399705,102.95056606198571,-245.1423813163054,23.44899621239762,-57.45541990610218,-0.9543023201504276,1,0,120
7,118,-6.585361785493312,-6.585361785493312,-6.585361785493312,102.95139821378633,-245.14316625294782,23.452888746829434,-57.46040138427238,-0.9543850597106531,1,0,120
7,119,-6.585375344940089,-6.585375344940089,-6.585375344940089,102.95258159337683,-245.14467145484446,23.449931372918023,-57.45882432297635,-0.9543588656064887,1,0,120
7,120,-6.585396393806249,-6.585396393806249,-6.585396393806249,102.95394077171356,-245.14607673683196,23.448059106234187,-57.459989622512616,-0.9543782205786211,1,0,120
7,121,-6.5854257487615415,-6.5854257487615415,-6.5854257487615415,102.95738430026677,-245.14594420110996,23.441749712979966,-57.46113317840479,-0.9543972144010126,1,0,120
7,122,-6.585453212342466,-6.585453212342466,-6.585453212342466,102.95929876653749,-245.146821382508,23.439429187071298,-57.463925289936256,-0.9544435898085363,1,0,120
7,123,-6.5854597924543725,-6.5854597924543725,-6.5854597924543725,102.96461360980777,-245.1502049369787,23.424501139871026,-57.45002961799255,-0.9542127904862513,1,0,120
7,124,-6.585465264674242,-6.585465264674242,-6.585465264674242,102.96546781183855,-245.1478349359292,23.421897253052876,-57.4511330110859,-0.9542311172270661,1,0,120
7,125,-6.585479033620912,-6.585479033620912,-6.585479033620912,102.96997534213921,-245.1564372717664,23.4280328469475,-57.45735471887735,-0.9543344563061361,1,0,120
7,126,-6.585478846390983,-6.585478846390983,-6.585478846390983,102.97015475095661,-245.15687083307807,23.42529461363274,-57.45382972857398,-0.9542759081929988,1,0,120
7,127,-6.585479054548741,-6.585479054548741,-6.585479054548741,102.96740621141585,-245.15381693214906,23.426309137362935,-57.45483936347246,-0.9542926776627494,1,0,120
7,128,-6.585478132357544,-6.585478132357544,-6.585478132357544,102.97014538772227,-245.1554858457813,23.424976695226274,-57.45471489668568,-0.9542906103391863,1,0,120
7,129,-6.58547830157682,-6.58547830157682,-6.58547830157682,102.96805566805497,-245.15396413726506,23.42817455690426,-57.4575887410277,-0.954338343282881,1,0,120
7,130,-6.585480366331675,-6.585480366331675,-6.585480366331675,102.9676684096805,-245.15550780537092,23.42893593306001,-57.456805329620764,-0.9543253312585238,1,0,120
7,131,-6.585489274780066,-6.585489274780066,-6.585489274780066,102.96839249813756,-245.1578414974399,23.43079099249217,-57.458906973907254,-0.9543602383921242,1,0,120
7,132,-6.585506240456809,-6.585506240456809,-6.585506240456809,102.97033042975197,-245.16301273094015,23.434547749849457,-57.4631197092838,-0.9544302095654372,1,0,120
7,133,-6.585535343751909,-6.585535343751909,-6.585535343751909,102.97452107783039,-245.17364696825322,23.44295308958573,-57.47196709448693,-0.9545771596745898,1,0,120
7,134,-6.5855139022963005,-6.5855139022963005,-6.5855139022963005,102.98252158157324,-245.18954370442194,23.465990092534334,-57.48997527934011,-0.9548762655311857,1,0,120
7,135,-6.5855531538575365,-6.5855531538575365,-6.5855531538575365,102.95827168568692,-245.15882250637875,23.428191935634974,-57.45236414511472,-0.9542515656732187,1,0,120
7,136,-6.585571258982566,-6.585571258982566,-6.585571258982566,102.96039878523607,-245.16130778742556,23.425816081492798,-57.4523204797366,-0.954250840415763,1,0,120
7,137,-6.5855816341205005,-6.5855816341205005,-6.5855816341205005,102.97368987744827,-245.1733911991547,23.439625324431056,-57.4742492593695,-0.954615065154107,1,0,120
7,138,-6.585589163436737,-6.585589163436737,-6.585589163436737,102.97145525571096,-245.16891828775152,23.436328653115055,-57.473240172796615,-0.9545983047917371,1,0,120
7,139,-6.585594932839352,-6.585594932839352,-6.585594932839352,102.96871180599354,-245.16580186503137,23.433141611764277,-57.47013021316588,-0.9545466501054424,1,0,120
7,140,-6.585598399782006,-6.585598399782006,-6.585598399782006,102.96715211464809,-245.16499776287972,23.43003020321793,-57.4658670061819,-0.95447584062702,1,0,120
7,141,-6.585602116633559,-6.585602116633559,-6.585602116633559,102.96449095339001,-245.1637335058433,23.431990023262244,-57.46685407267744,-0.9544922352482477,1,0,120
7,142,-6.585602191629952,-6.585602191629952,-6.585602191629952,102.96194379015532,-245.16101805220111,23.435131201220948,-57.4702919971481,-0.9545493372467051,1,0,120
7,143,-6.585602338209823,-6.585602338209823,-6.585602338209823,102.96162986471973,-245.15967980289275,23.434505694674026,-57.470527787600474,-0.9545532535939555,1,0,120
7,144,-6.585606098916337,-6.585606098916337,-6.585606098916337,102.96021131274412,-245.15755223411563,23.431845514946595,-57.46834150734145,-0.9545169407042908,1,0,120
7,145,-6.5856163629739335,-6.5856163629739335,-6.5856163629739335,102.96072175357767,-245.15995419919182,23.43399431572306,-57.47067619846235,-0.9545557186151851,1,0,120
7,146,-6.585635920689934,-6.585635920689934,-6.585635920689934,102.95982273880885,-245.16251033064685,23.43682911799175,-57.47339693403882,-0.9546009085081035,1,0,120
7,147,-6.585666859488428,-6.585666859488428,-6.585666859488428,102.96326304058783,-245.17147743011614,23.44647241884393,-57.48477456624905,-0.9547898846018087,1,0,120
7,148,-6.585725030141057,-6.585725030141057,-6.585725030141057,102.95280481954501,-245.17012095917823,23.445920063690078,-57.481752325798986,-0.9547396868819371,1,0,120
7,149,-6.585786363762109,-6.585786363762109,-6.585786363762109,102.95551818050222,-245.18006499965065,23.454616935427175,-57.49475036138843,-0.9549555769675142,1,0,120
7,150,-6.5857997654632365,-6.5857997654632365,-6.5857997654632365,102.95381029849084,-245.181491752037,23.481080062506244,-57.52498736380236,-0.9554577966293872,1,0,120
7,151,-6.585763513007585,-6.585763513007585,-6.585763513007585,102.9405086045107,-245.1685237798713,23.5052651361291,-57.54549626698391,-0.955798438015733,1,0,120
7,152,-6.5858075646889604,-6.5858075646889604,-6.5858075646889604,102.96140101765815,-245.18857849962072,23.486288128405487,-57.53440195504631,-0.9556141677129517,1,0,120
7,153,-6.585866472833386,-6.585866472833386,-6.585866472833386,102.95712799955582,-245.1884980959203,23.47098076702367,-57.51995904409588,-0.9553742790574994,1,0,120
7,154,-6.585856834570049,-6.585856834570049,-6.585856834570049,102.95117893303572,-245.18663569950996,23.470035994920305,-57.512109575853735,-0.9552439037897237,1,0,120
7,155,-6.585868813493505,-6.585868813493505,-6.585868813493505,102.95702246841483,-245.18827375882938,23.465428576242584,-57.51376438808418,-0.9552713892933281,1,0,120
7,156,-6.58588244440259,-6.58588244440259,-6.58588244440259,102.95943086915716,-245.19586627185316,23.466744081665393,-57.51269313496276,-0.9552535963794323,1,0,120
7,157,-6.585886449838064,-6.585886449838064,-6.585886449838064,102.96633844497046,-245.20277987347916,23.463374880056946,-57.51062180639168,-0.9552191927728726,1,0,120
7,158,-6.585903030435519,-6.585903030435519,-6.585903030435519,102.96573704921758,-245.20294784539664,23.46046657047575,-57.50876168365262,-0.9551882971767991,1,0,120
7,159,-6.5859321057864575,-6.5859321057864575,-6.5859321057864575,102.96271204024305,-245.2013222904314,23.452920544234196,-57.502132036761864,-0.9550781824579446,1,0,120
7,160,-6.585962678206855,-6.585962678206855,-6.585962678206855,102.9739799754096,-245.21156246759082,23.453510398317793,-57.51071576320839,-0.9552207533429341,1,0,120
7,161,-6.585990258470077,-6.585990258470077,-6.585990258470077,102.97048350222796,-245.20890475619464,23.438950303418675,-57.495929383368015,-0.9549751598617385,1,0,120
7,162,-6.586010567061617,-6.586010567061617,-6.586010567061617,102.96598638696287,-245.20397577126312,23.422924599483597,-57.47935852997871,-0.9546999272751152,1,0,120
7,163,-6.586009500501441,-6.586009500501441,-6.586009500501441,102.98383928068475,-245.21954663256358,23.416979382116093,-57.47788449973531,-0.9546754444589849,1,0,120
7,164,-6.586016123089566,-6.586016123089566,-6.586016123089566,102.96634107036475,-245.20518142148916,23.42553908145893,-57.48254909129482,-0.9547529207102258,1,0,120
7,165,-6.586012787651731,-6.586012787651731,-6.586012787651731,102.97012436915278,-245.20758855696795,23.426731365816906,-57.485594940579105,-0.9548035105596007,1,0,120
7,166,-6.586015782342337,-6.586015782342337,-6.586015782342337,102.96683254780348,-245.20510208318757,23.42602759406912,-57.483750314483075,-0.9547728723540818,1,0,120
7,167,-6.586025342708567,-6.586025342708567,-6.586025342708567,102.96457479951455,-245.20461898485107,23.42644515969526,-57.48347684762531,-0.954768330222856,1,0,120
7,168,-6.58602773211179,-6.58602773211179,-6.58602773211179,102.96484502938571,-245.2053037813181,23.431422135751713,-57.48943676284319,-0.9548673210740171,1,0,120
7,169,-6.5860306037794105,-6.5860306037794105,-6.5860306037794105,102.96363791238187,-245.20188060515375,23.429197078047054,-57.48918482583294,-0.9548631365414908,1,0,120
7,170,-6.586041591688739,-6.586041591688739,-6.586041591688739,102.95985532003235,-245.19964802878988,23.428051213534744,-57.487178846243374,-0.954829818344885,1,0,120
7,171,-6.586063378177282,-6.586063378177282,-6.586063378177282,102.9533824407388,-245.1961732192426,23.42782617723899,-57.48593029125561,-0.9548090805463691,1,0,120
7,172,-6.586101932460892,-6.586101932460892,-6.586101932460892,102.936321224306,-245.1839739618148,23.421429921583762,-57.47587236552972,-0.9546420240376566,1,0,120
7,173,-6.586182331754151,-6.586182331754151,-6.586182331754151,102.91716348019062,-245.17599566929715,23.429662875283157,-57.48293304816903,-0.9547592980186936,1,0,120
7,174,-6.5863223081572055,-6.5863223081572055,-6.5863223081572055,102.86713407449528,-245.14553538654195,23.44037047759167,-57.48747273626496,-0.9548346996934145,1,0,120
7,175,-6.586463816436932,-6.586463816436932,-6.586463816436932,102.80463656155725,-245.1007640855947,23.439705303928406,-57.477973560491826,-0.954676923708231,1,0,120
7,176,-6.586532103109744,-6.586532103109744,-6.586532103109744,102.7285552566126,-244.98095960802743,23.299013268675985,-57.34821078332273,-0.9525216367131308,1,0,120
7,177,-6.586626192621599,-6.586626192621599,-6.586626192621599,102.758812964579,-245.00455045928192,23.340100280339243,-57.424410073497285,-0.9537872642122639,1,0,120
7,178,-6.586667742251722,-6.586667742251722,-6.586667742251722,102.75545317554557,-245.0170166325764,23.366675707999732,-57.44606574785824,-0.9541469528251199,1,0,120
7,179,-6.586654070814134,-6.586654070814134,-6.586654070814134,102.76098788467289,-245.01113296188225,23.4017931682563,-57.49862314420737,-0.9550199017193932,1,0,120
7,180,-6.586653184099123,-6.586653184099123,-6.586653184099123,102.74792939720626,-245.00866455421095,23.371103955121168,-57.4485043720448,-0.9541874570059788,1,0,120
7,181,-6.586698512975084,-6.586698512975084,-6.586698512975084,102.75683721095066,-245.0229932813092,23.36542999839278,-57.44490850616301,-0.9541277316892106,1,0,120
7,182,-6.586781700090391,-6.586781700090391,-6.586781700090391,102.76003370367275,-245.0366209469444,23.3672515780747,-57.44987920878343,-0.9542102922735941,1,0,120
7,183,-6.586915504780147,-6.586915504780147,-6.586915504780147,102.77351342913866,-245.06816942270177,23.381154840964605,-57.471404695478384,-0.9545678185422897,1,0,120
7,184,-6.587023091858818,-6.587023091858818,-6.587023091858818,102.77398432846451,-245.08526573119133,23.392842886507317,-57.48516350368086,-0.9547963446345467,1,0,120
7,185,-6.587197109120582,-6.587197109120582,-6.587197109120582,102.79683067217988,-245.1317340021408,23.411046946365282,-57.5142459706407,-0.9552793881096588,1,0,120
7,186,-6.587148654613471,-6.587148654613471,-6.587148654613471,102.80791662834795,-245.14279196856813,23.4181433299574,-57.517655087463694,-0.9553360116292356,1,0,120
7,187,-6.58723875586835,-6.58723875586835,-6.58723875586835,102.77647803415982,-245.11562652739445,23.403302103618287,-57.50296422199757,-0.9550920045882594,1,0,120
7,188,-6.587257319853462,-6.587257319853462,-6.587257319853462,102.79138842651128,-245.131874827973,23.375209417918917,-57.473716646442284,-0.9546062187519222,1,0,120
7,189,-6.587275730280848,-6.587275730280848,-6.587275730280848,102.77878609007391,-245.12807036212325,23.375980548299403,-57.46611787126075,-0.9544800073553665,1,0,120
7,190,-6.587253378469477,-6.587253378469477,-6.587253378469477,102.78045967718091,-245.12059218233065,23.365223074076134,-57.459319948520694,-0.954367097668976,1,0,120
7,191,-6.587282637835274,-6.587282637835274,-6.587282637835274,102.77604715206391,-245.124456307942,23.37154620889501,-57.462173974601086,-0.9544145014424535,1,0,120
7,192,-6.587314589184621,-6.587314589184621,-6.587314589184621,102.77312181255594,-245.12402384095947,23.377901464804065,-57.47155416478774,-0.9545703011437385,1,0,120
7,193,-6.587335595901031,-6.587335595901031,-6.587335595901031,102.7672859029617,-245.1207407568708,23.376694148336934,-57.469568115943844,-0.954537313985647,1,0,120
7,194,-6.587356541122368,-6.587356541122368,-6.587356541122368,102.77057213377728,-245.1259917635338,23.38007350187938,-57.475480614105635,-0.9546355172660843,1,0,120
7,195,-6.587370694811519,-6.587370694811519,-6.587370694811519,102.76556933898851,-245.12250975033672,23.381438510318837,-57.47674100057791,-0.9546564515789262,1,0,120
7,196,-6.587396440000841,-6.587396440000841,-6.587396440000841,102.759289368845,-245.11830185227603,23.383956518714925,-57.480332005246524,-0.9547160961536684,1,0,120
7,197,-6.587442700560467,-6.587442700560467,-6.587442700560467,102.74678587757512,-245.1110196998034,23.381743895370377,-57.47696163619422,-0.9546601162128441,1,0,120
7,198,-6.587442433299436,-6.587442433299436,-6.587442433299436,102.74828712773524,-245.12718551268296,23.427219171519535,-57.517099528269185,-0.9553267841024128,1,0,120
7,199,-6.587423428737312,-6.587423428737312,-6.587423428737312,102.75008787253651,-245.11148388146037,23.38116383321081,-57.476846727712136,-0.9546582076473643,1,0,120
7,200,-6.587492859442665,-6.587492859442665,-6.587492859442665,102.7477661792873,-245.11512787869754,23.382071369335264,-57.4820110313488,-0.9547439838361117,1,0,120
7,201,-6.587540865843527,-6.587540865843527,-6.587540865843527,102.73937012894991,-245.10516220867802,23.38000500612483,-57.486689378204005,-0.9548216885551041,1,0,120
7,202,-6.587589898088263,-6.587589898088263,-6.587589898088263,102.71898266654743,-245.0900290003612,23.37137110931912,-57.47442345846995,-0.9546179585035247,1,0,120
7,203,-6.5876401561721245,-6.5876401561721245,-6.5876401561721245,102.7102138055129,-245.08599988845725,23.361475056778776,-57.463660410946325,-0.9544391903169817,1,0,120
7,204,-6.587692167921451,-6.587692167921451,-6.587692167921451,102.70591124118604,-245.0849645747259,23.35870599554826,-57.46407823322987,-0.9544461301109166,1,0,120
7,205,-6.587775577568032,-6.587775577568032,-6.587775577568032,102.68971891455344,-245.0684401674128,23.34019643436984,-57.45157462090534,-0.9542384521186391,1,0,120
7,206,-6.587814726090817,-6.587814726090817,-6.587814726090817,102.66040042119116,-245.03399583305105,23.31643893480609,-57.42823131912271,-0.9538507329602457,1,0,120
7,207,-6.587958846718862,-6.587958846718862,-6.587958846718862,102.64815589230096,-245.03687124506877,23.34764011198501,-57.469909841330676,-0.9545429898527809,1,0,120
7,208,-6.588038964849786,-6.588038964849786,-6.588038964849786,102.64903941157324,-245.0464181677051,23.356874782856398,-57.48462806396103,-0.954787451280921,1,0,120
7,209,-6.588161069916454,-6.588161069916454,-6.588161069916454,102.63193307738975,-245.0412402376363,23.37373131716139,-57.507976950516934,-0.9551752631992682,1,0,120
7,210,-6.588034251356542,-6.588034251356542,-6.588034251356542,102.63394366310229,-245.03874161385644,23.369323127546068,-57.488413508346945,-0.9548503253903815,1,0,120
7,211,-6.588121186332022,-6.588121186332022,-6.588121186332022,102.64571926928798,-245.04088608907634,23.36182243077695,-57.504551509180956,-0.9551183685386808,1,0,120
7,212,-6.588226402613085,-6.588226402613085,-6.588226402613085,102.64248789890762,-245.05832303817738,23.418694606951465,-57.56742393775863,-0.9561626443365642,1,0,120
7,213,-6.588227273525239,-6.588227273525239,-6.588227273525239,102.63018026301971,-245.03849203441183,23.445222593463267,-57.60445511928604,-0.9567777115052885,1,0,120
7,214,-6.588248094597586,-6.588248094597586,-6.588248094597586,102.61174835831824,-245.02138412055544,23.444896021891545,-57.602197870464906,-0.9567402198675861,1,0,120
7,215,-6.588308354609153,-6.588308354609153,-6.588308354609153,102.59815499273499,-245.01616171335883,23.440077171408024,-57.59443593283466,-0.9566112984342119,1,0,120
7,216,-6.588339629460124,-6.588339629460124,-6.588339629460124,102.59478561204563,-245.01066241255438,23.43963200682372,-57.60008796237199,-0.9567051754767929,1,0,120
7,217,-6.588366454967157,-6.588366454967157,-6.588366454967157,102.59649699215151,-245.01384022985508,23.43142052372411,-57.593165382264594,-0.9565901953014028,1,0,120
7,218,-6.588374279344718,-6.588374279344718,-6.588374279344718,102.59656544228845,-245.0166144696162,23.437863329503504,-57.59939205392271,-0.9566936168275159,1,0,120
7,219,-6.588387584683691,-6.588387584683691,-6.588387584683691,102.59146318172245,-245.01242706164766,23.437678736373396,-57.59924554219906,-0.9566911833499077,1,0,120
7,220,-6.588392735293107,-6.588392735293107,-6.588392735293107,102.5843176782374,-245.00788209996034,23.435447403037617,-57.593312106993764,-0.9565926323169133,1,0,120
7,221,-6.588386037530975,-6.588386037530975,-6.588386037530975,102.58049469777546,-245.00136061351486,23.43821609444136,-57.597554431273394,-0.9566630949453214,1,0,120
7,222,-6.5883834332731785,-6.5883834332731785,-6.5883834332731785,102.58627294325376,-245.0081333404753,23.43603660743995,-57.59470835452286,-0.9566158232057571,1,0,120
7,223,-6.5884112934271855,-6.5884112934271855,-6.5884112934271855,102.58242010830605,-245.00856320484095,23.43706002522891,-57.59509675741785,-0.9566222743601381,1,0,120
7,224,-6.588432895004305,-6.588432895004305,-6.588432895004305,102.57824198499534,-245.00662399079025,23.433727017654473,-57.59128608234428,-0.9565589811830978,1,0,120
7,225,-6.588473635795241,-6.588473635795241,-6.588473635795241,102.57280835627354,-245.00651325779305,23.428391741750435,-57.58463046281573,-0.9564484350732876,1,0,120
7,226,-6.5885553671976504,-6.5885553671976504,-6.5885553671976504,102.55887278465823,-245.00089322702263,23.41992663443746,-57.5757165010906,-0.9563003791654214,1,0,120
7,227,-6.58870259833859,-6.58870259833859,-6.58870259833859,102.53933986693823,-244.99985607277955,23.40438297857924,-57.556899232392546,-0.955987834879664,1,0,120
7,228,-6.588787292407507,-6.588787292407507,-6.588787292407507,102.48456379669115,-244.94797266529537,23.307403436949823,-57.439250079072636,-0.9540337483868595,1,0,120
7,229,-6.589033289922416,-6.589033289922416,-6.589033289922416,102.44784396329962,-244.92764150624117,23.3437356955904,-57.49631088141506,-0.9549814963304655,1,0,120
7,230,-6.589238981861826,-6.589238981861826,-6.589238981861826,102.43922603613102,-244.94830602880438,23.36488477150313,-57.521815703622664,-0.9554051171315582,1,0,120
7,231,-6.5893523649771195,-6.5893523649771195,-6.5893523649771195,102.34896673368162,-244.8689426108513,23.356021476159267,-57.49913691752658,-0.9550284352062487,1,0,120
7,232,-6.58959999523556,-6.58959999523556,-6.58959999523556,102.27937800638247,-244.81668777893583,23.34617594905027,-57.493270156720996,-0.9549309915976617,1,0,120
7,233,-6.589387771505044,-6.589387771505044,-6.589387771505044,102.30022034261009,-244.7466298765874,23.296414296796925,-57.496456523612146,-0.9549839153657247,1,0,120
7,234,-6.589704544855122,-6.589704544855122,-6.589704544855122,102.28516253397856,-244.83608713645907,23.362922993113774,-57.51678501125235,-0.955321560151054,1,0,120
7,235,-6.589608470892115,-6.589608470892115,-6.589608470892115,102.24926060678143,-244.82164564355546,23.393520656592578,-57.51032102379251,-0.9552141969424928,1,0,120
7,236,-6.589684848923026,-6.589684848923026,-6.589684848923026,102.27820536046806,-244.82911470123713,23.376888014627774,-57.52921135613035,-0.9555279547743539,1,0,120
7,237,-6.589710082696662,-6.589710082696662,-6.589710082696662,102.27028194050561,-244.8166832965769,23.353391687496543,-57.50765278734707,-0.9551698790307143,1,0,120
7,238,-6.589797977031742,-6.589797977031742,-6.589797977031742,102.26705162336513,-244.82110525810674,23.36755594233807,-57.52967444569292,-0.9555356464324207,1,0,120
7,239,-6.589868281341503,-6.589868281341503,-6.589868281341503,102.25828559631128,-244.82108885510814,23.351146924410628,-57.510023749637035,-0.9552092593853962,1,0,120
7,240,-6.58995813858175,-6.58995813858175,-6.58995813858175,102.25598799856462,-244.82249829907641,23.34960857948512,-57.51758129563587,-0.9553347859883368,1,0,120
7,241,-6.590110159445547,-6.590110159445547,-6.590110159445547,102.23325488114489,-244.8112422317866,23.358570460837853,-57.53524343343169,-0.9556281441972735,1,0,120
7,242,-6.590234600694389,-6.590234600694389,-6.590234600694389,102.21821411928539,-244.7974520942605,23.333102166497735,-57.519079153808406,-0.9553596645730141,1,0,120
7,243,-6.590264163608156,-6.590264163608156,-6.590264163608156,102.21491529841975,-244.79963849438457,23.341513050808892,-57.52751619347369,-0.9554997990727869,1,0,120
7,244,-6.590258956984102,-6.590258956984102,-6.590258956984102,102.20143027903192,-244.778915693158,23.332717322230007,-57.5206259319703,-0.9553853556912945,1,0,120
7,245,-6.590267484625283,-6.590267484625283,-6.590267484625283,102.20832860111429,-244.7942550484563,23.34155247784883,-57.52551895916833,-0.9554666261304501,1,0,120
7,246,-6.59028828052108,-6.59028828052108,-6.59028828052108,102.20834504521545,-244.79705873391327,23.34352820587935,-57.52825735155539,-0.9555121092930955,1,0,120
7,247,-6.590308644217855,-6.590308644217855,-6.590308644217855,102.2076357777378,-244.79545818756375,23.351404149949275,-57.541564684854464,-0.9557331366402644,1,0,120
7,248,-6.5903322228079215,-6.5903322228079215,-6.5903322228079215,102.20349170547587,-244.79222654779466,23.345775309121905,-57.53659408686429,-0.9556505777937307,1,0,120
7,249,-6.5903339322895205,-6.5903339322895205,-6.5903339322895205,102.20298368512711,-244.7899770825635,23.3377959665549,-57.528882789505595,-0.9555224974668826,1,0,120
7,250,-6.590339538400894,-6.590339538400894,-6.590339538400894,102.20316256091886,-244.78885789159608,23.33704062784921,-57.530155295913445,-0.955543633085061,1,0,120
7,251,-6.590362397522051,-6.590362397522051,-6.590362397522051,102.19984411071613,-244.78830220437175,23.337349774745523,-57.5305428938686,-0.9555500708698426,1,0,120
7,252,-6.590408000228857,-6.590408000228857,-6.590408000228857,102.19327262062812,-244.7872082351083,23.339111387750602,-57.53273845666952,-0.9555865379373251,1,0,120
7,253,-6.590498531735879,-6.590498531735879,-6.590498531735879,102.18019894774345,-244.78486350570947,23.342643278687497,-57.53727774915619,-0.9556619330411978,1,0,120
7,254,-6.590677295004272,-6.590677295004272,-6.590677295004272,102.15422289084988,-244.77959219271386,23.349167296985044,-57.546144168709624,-0.95580919930024,1,0,120
7,255,-6.5910240433412515,-6.5910240433412515,-6.5910240433412515,102.10467254121949,-244.76556094665796,23.354556413447416,-57.55939142234064,-0.9560292287577978,1,0,120
7,256,-6.591683056522145,-6.591683056522145,-6.591683056522145,101.99735356192787,-244.73891815973641,23.37859446840602,-57.585275992687194,-0.9564591569626248,1,0,120
7,257,-6.592878296177881,-6.592878296177881,-6.592878296177881,101.80994639052876,-244.6473522380562,23.33450050296525,-57.578160832987024,-0.9563409781481421,1,0,120
7,258,-6.59400849006552,-6.59400849006552,-6.59400849006552,101.57790857670729,-244.53213899461602,23.668662548097615,-57.98756929018449,-0.9631410231435709,1,0,120
7,259,-6.59580249820415,-6.59580249820415,-6.59580249820415,101.23097292884123,-244.41262933556675,23.61081295189833,-57.888869666588235,-0.9615016777180251,1,0,120
7,260,-6.585842848890347,-6.585842848890347,-6.585842848890347,101.28244044099095,-243.15437954158875,24.442989095947176,-58.70812288213209,-0.975109014426414,1,0,120
7,261,-6.595713627759033,-6.595713627759033,-6.595713627759033,101.1547833320481,-244.33425646540854,23.64828996243625,-57.9069376330662,-0.9618017765139003,1,0,120
7,262,-6.595823458826161,-6.595823458826161,-6.595823458826161,101.31921185194602,-244.59608729295098,23.566935015981358,-57.76228528454268,-0.9593991820843965,1,0,120
7,263,-6.59455517402325,-6.59455517402325,-6.59455517402325,101.07364818000002,-244.2294405912937,23.539757028940414,-57.60711984440514,-0.9568219710959046,1,0,120
7,264,-6.595486373687021,-6.595486373687021,-6.595486373687021,101.36913698594776,-244.61999630621375,23.578863596664387,-57.76227457551662,-0.9593990042134761,1,0,120
7,265,-6.596070204636468,-6.596070204636468,-6.596070204636468,101.30846956189261,-244.61374978505063,23.500760005143725,-57.68879092570501,-0.9581784819786209,1,0,120
7,266,-6.596398991086036,-6.596398991086036,-6.596398991086036,101.3141702788634,-244.6419161251732,23.455506755943144,-57.662413061059404,-0.9577403604319843,1,0,120
7,267,-6.5961191749365105,-6.5961191749365105,-6.5961191749365105,101.3341672567037,-244.63550325405436,23.46359031353734,-57.66054555242599,-0.9577093421603455,1,0,120
7,268,-6.596413234560549,-6.596413234560549,-6.596413234560549,101.31363375722586,-244.6429543533909,23.462318539232392,-57.67112989374464,-0.957885142136991,1,0,120
7,269,-6.5966603836946325,-6.5966603836946325,-6.5966603836946325,101.30966414074257,-244.65711697051174,23.453250379551445,-57.67853122960434,-0.9580080741770782,1,0,120
7,270,-6.597075897982533,-6.597075897982533,-6.597075897982533,101.32586345259855,-244.70414855519093,23.42734799239253,-57.68255924872623,-0.9580749773169371,1,0,120
7,271,-6.597848865361502,-6.597848865361502,-6.597848865361502,101.24643099807237,-244.67326403447197,23.356849207782012,-57.64850139486003,-0.9575092954540776,1,0,120
7,272,-6.598338873247741,-6.598338873247741,-6.598338873247741,101.25239277438399,-244.70472066413026,23.280111977856127,-57.60523028651683,-0.9567905865985009,1,0,120
7,273,-6.598698785782258,-6.598698785782258,-6.598698785782258,101.24488893817792,-244.72321917781096,23.335482081496906,-57.69924319615817,-0.9583520883322181,1,0,120
7,274,-6.59885184754075,-6.59885184754075,-6.59885184754075,101.27453423802676,-244.7385324882478,23.343795095534443,-57.753147898959746,-0.9592474152314842,1,0,120
7,275,-6.599036601288484,-6.599036601288484,-6.599036601288484,101.20821596002533,-244.67723595583442,23.315333880325912,-57.727325183670416,-0.9588185144044871,1,0,120
7,276,-6.599207758291897,-6.599207758291897,-6.599207758291897,101.20265125244642,-244.67542731931147,23.28459531581843,-57.710926150803125,-0.9585461356604268,1,0,120
7,277,-6.599016207241964,-6.599016207241964,-6.599016207241964,101.22025988033377,-244.6616984728754,23.263823364596796,-57.691853572890636,-0.9582293508317217,1,0,120
7,278,-6.599238055603394,-6.599238055603394,-6.599238055603394,101.19805515170843,-244.67648935348814,23.284916695023984,-57.70925300828022,-0.958518345700939,1,0,120
7,279,-6.599195632316634,-6.599195632316634,-6.599195632316634,101.1938798012956,-244.667538029802,23.274447189517964,-57.694003001398144,-0.9582650516344495,1,0,120
7,280,-6.599235850273676,-6.599235850273676,-6.599235850273676,101.19967471130903,-244.67768387075625,23.28400735626787,-57.70858766946344,-0.9585072947961231,1,0,120
7,281,-6.599283518952128,-6.599283518952128,-6.599283518952128,101.19115529959167,-244.67476326554592,23.28830776183192,-57.71359112790884,-0.9585903994363993,1,0,120
7,282,-6.599377306201023,-6.599377306201023,-6.599377306201023,101.18036806122728,-244.67208720806576,23.292905947647725,-57.72292986393814,-0.9587455106073663,1,0,120
7,283,-6.599548304950658,-6.599548304950658,-6.599548304950658,101.15696403243463,-244.6632681874966,23.28973125386774,-57.72531495402748,-0.9587851256168771,1,0,120
7,284,-6.599875111902203,-6.599875111902203,-6.599875111902203,101.11551242751844,-244.64840109712375,23.303983962412353,-57.75654540724691,-0.9593038459397876,1,0,120
7,285,-6.600434924610292,-6.600434924610292,-6.600434924610292,101.02598645137604,-244.60713294243453,23.303481727425506,-57.773012043505936,-0.9595773475382919,1,0,120
7,286,-6.600612053271179,-6.600612053271179,-6.600612053271179,100.91187437759689,-244.48600134368684,23.405686910143768,-57.906443993694445,-0.9617935774406265,1,0,120
7,287,-6.6007379510343815,-6.6007379510343815,-6.6007379510343815,100.8822669844769,-244.45904996494022,23.46816917126252,-57.99241384467789,-0.9632214884782722,1,0,120
7,288,-6.600882365742178,-6.600882365742178,-6.600882365742178,100.83933123596478,-244.40196791597435,23.43325349052018,-57.976637135633965,-0.9629594461840976,1,0,120
7,289,-6.6011564846438295,-6.6011564846438295,-6.6011564846438295,100.76806098620848,-244.35307129449635,23.396723083669894,-57.935784357859646,-0.9622809044437651,1,0,120
7,290,-6.6015914869952255,-6.6015914869952255,-6.6015914869952255,100.68505355249059,-244.32191873653585,23.404852159212826,-57.941510068896754,-0.962376005294758,1,0,120
7,291,-6.601406254693528,-6.601406254693528,-6.601406254693528,100.79123346689414,-244.41046702092478,23.45139772505131,-58.010901771427136,-0.9635285625788602,1,0,120
7,292,-6.6016591282462445,-6.6016591282462445,-6.6016591282462445,100.68232182997673,-244.31747903899978,23.401297160020153,-57.94851559057901,-0.9624923630832166,1,0,120
7,293,-6.601838502886943,-6.601838502886943,-6.601838502886943,100.66106945257079,-244.30877674972956,23.385125046160464,-57.93873822262443,-0.9623299664818296,1,0,120
7,294,-6.601811235842961,-6.601811235842961,-6.601811235842961,100.63587430010253,-244.2821485229988,23.415092242736744,-57.967059359250236,-0.9628003646868287,1,0,120
7,295,-6.601820609187242,-6.601820609187242,-6.601820609187242,100.65490947900108,-244.2988691165672,23.391459946232406,-57.9461548132981,-0.9624531518958264,1,0,120
7,296,-6.601991500409691,-6.601991500409691,-6.601991500409691,100.63339028661679,-244.29198181300671,23.366970711507957,-57.92280785551694,-0.9620653720133466,1,0,120
7,297,-6.602259956586328,-6.602259956586328,-6.602259956586328,100.59963600040476,-244.2757073146229,23.339100885355645,-57.90453595677209,-0.961761886016825,1,0,120
7,298,-6.602670773579048,-6.602670773579048,-6.602670773579048,100.44229069954613,-244.13908164588292,23.287020935148863,-57.84777372667893,-0.960819097190926,1,0,120
7,299,-6.603135591873865,-6.603135591873865,-6.603135591873865,100.35158396429388,-244.07018042775945,23.24602188397258,-57.82605990281177,-0.9604584427473655,1,0,120
7,300,-6.603642307248677,-6.603642307248677,-6.603642307248677,100.1873282112501,-243.98490000108268,23.1539224468747,-57.67451266801041,-0.9579413281214577,1,0,120
8,1,-4.876271815801068,-4.876271815801068,-4.876271815801068,123.32552946366815,124.51786802559778,17.057180445082636,11.165239551719667,0.1171363484636192,1,0,120
8,2,-6.154265339163204,-6.154265339163204,-6.154265339163204,134.36193535046786,224.4629314444522,22.674382645867695,47.41990395527806,0.49748994350607445,1,0,120
8,3,-6.47155556944006,-6.47155556944006,-6.47155556944006,134.63189612998303,268.0327545282257,23.269457868971628,51.46908548885047,0.5399705671337096,1,0,120
8,4,-5.848119974426495,-5.848119974426495,-5.848119974426495,149.08365403181605,205.66884191849644,23.164873901660382,38.663454434855566,0.40562460397824296,1,0,120
8,5,-6.635762439496937,-6.635762439496937,-6.635762439496937,134.1693874180598,296.02791577092216,20.635884030809645,47.39587519276197,0.4972378538409852,1,0,120
8,6,-6.627500575991328,-6.627500575991328,-6.627500575991328,145.6557077586838,304.3192217043323,22.018657864311383,51.62078184682315,0.5415620383570399,1,0,120
8,7,-6.771920950485287,-6.771920950485287,-6.771920950485287,142.78356073712223,325.0736871330082,21.833379337709623,54.01533902917206,0.5666837281540567,1,0,120
8,8,-6.18241651313332,-6.18241651313332,-6.18241651313332,140.250935262107,246.0904941605117,19.90231224525426,32.36934181700175,0.33959204234273077,1,0,120
8,9,-5.971975810964749,-5.971975810964749,-5.971975810964749,147.5595388499799,223.09721212194086,19.85548532243598,33.1713223704536,0.34800575108001564,1,0,120
8,10,-6.890805985050239,-6.890805985050239,-6.890805985050239,131.52337694961324,335.6242138596991,23.773146937766622,55.127035202125604,0.5783467139500669,1,0,120
8,11,-6.80756110993365,-6.80756110993365,-6.80756110993365,132.50245842877462,319.2125276080932,26.193672188191897,59.68893483013857,0.6262063466975505,1,0,120
8,12,-6.440419225520508,-6.440419225520508,-6.440419225520508,132.92820313785913,267.1949633462846,25.275260920954327,47.672118902471226,0.5001359716369802,1,0,120
8,13,-6.904321691431429,-6.904321691431429,-6.904321691431429,136.37569497931054,343.2345170940233,23.111031591441193,55.4383487911013,0.5816127555670692,1,0,120
8,14,-6.866997716976633,-6.866997716976633,-6.866997716976633,138.17437171802686,338.1752900130646,22.736186852933926,54.86935084321895,0.5756433053291685,1,0,120
8,15,-6.883624417364849,-6.883624417364849,-6.883624417364849,136.15722662710078,339.8801990406914,23.16093628248968,54.47965295151059,0.571554921212801,1,0,120
8,16,-6.908320977048656,-6.908320977048656,-6.908320977048656,136.67827801723382,344.3622923908937,22.9638731117659,55.30317513655307,0.5801946267191465,1,0,120
8,17,-6.905205351309503,-6.905205351309503,-6.905205351309503,136.31000376232,343.28036867498236,22.785084549317766,55.07867055041873,0.5778393125038717,1,0,120
8,18,-6.904813101265735,-6.904813101265735,-6.904813101265735,135.7029464809454,342.8601367515049,22.8241816057605,54.70922646511952,0.5739634143726251,1,0,120
8,19,-6.9350607946224505,-6.9350607946224505,-6.9350607946224505,136.53394908728924,348.22737992866905,23.188557305600995,56.91938522447338,0.5971505502505758,1,0,120
8,20,-6.962825450658046,-6.962825450658046,-6.962825450658046,136.1012411262249,352.16030568190735,23.044887091991793,57.9081611813594,0.6075239600195055,1,0,120
8,21,-6.981849718310558,-6.981849718310558,-6.981849718310558,135.5666551644223,354.5262387114111,23.129620311674223,58.875948617028705,0.617677175790484,1,0,120
8,22,-7.00298190496289,-7.00298190496289,-7.00298190496289,136.39230431942553,358.4987774012811,22.99463519714394,60.20276899323503,0.6315970646756264,1,0,120
8,23,-7.021071271020176,-7.021071271020176,-7.021071271020176,136.3159955285392,361.02435126680314,23.065930958151164,61.47475149259266,0.6449416404542474,1,0,120
8,24,-7.026784681569512,-7.026784681569512,-7.026784681569512,138.16877538074624,364.0709596377013,23.16260954885617,62.220210740601765,0.6527623749611728,1,0,120
8,25,-7.02791440485596,-7.02791440485596,-7.02791440485596,137.46722591398722,363.58058737517854,22.885250951636053,61.65544656924868,0.6468373419630951,1,0,120
8,26,-7.041196245395842,-7.041196245395842,-7.041196245395842,137.2935944742171,365.2415796180825,23.078909074719167,62.85454086592708,0.6594172357240691,1,0,120
8,27,-7.05524312710047,-7.05524312710047,-7.05524312710047,137.4731679656772,367.7470373477746,22.865451846004575,63.3208288555214,0.6643091390442364,1,0,120
8,28,-7.053481637571017,-7.053481637571017,-7.053481637571017,137.93680552351506,368.1698293831459,22.8021473307117,63.05587879704033,0.6615295047845384,1,0,120
8,29,-7.031305256293733,-7.031305256293733,-7.031305256293733,137.24411007323224,363.2699786397421,22.63157522821303,62.0538809655111,0.6510173821730965,1,0,120
8,30,-7.094484271185123,-7.094484271185123,-7.094484271185123,137.910202437335,374.81998940755307,23.182156862414672,65.8212666067792,0.690541639151931,1,0,120
8,31,-7.131637279129093,-7.131637279129093,-7.131637279129093,138.8135942208074,382.4701003459003,23.615369514629965,68.29169028166528,0.7164592566910604,1,0,120
8,32,-7.163841290362163,-7.163841290362163,-7.163841290362163,139.52818063270666,388.9002479777205,24.011159919936926,70.74152577148485,0.7421608802240591,1,0,120
8,33,-7.1886945776690245,-7.1886945776690245,-7.1886945776690245,139.9061675292442,393.4252422639911,24.112162736412547,72.64501274308712,0.7621306723784265,1,0,120
8,34,-7.228107200412135,-7.228107200412135,-7.228107200412135,140.63485427785693,401.1753580741671,24.97806418291346,76.47558669875202,0.8023178482655142,1,0,120
8,35,-7.247659660273551,-7.247659660273551,-7.247659660273551,139.4918867113719,403.35433918224385,26.15986899541444,79.04568422170932,0.8292811603950998,1,0,120
8,36,-7.257113246225316,-7.257113246225316,-7.257113246225316,140.8809501758918,407.22910424580266,26.596032885049326,80.11945123149623,0.8405462251565419,1,0,120
8,37,-7.261774114481656,-7.261774114481656,-7.261774114481656,141.27710035813624,408.68967210808853,26.77402123700326,80.63252945721442,0.845929012472338,1,0,120
8,38,-7.26510883098436,-7.26510883098436,-7.26510883098436,140.96374669118552,408.5855564906972,26.986403564185316,81.40593215494174,0.8540429062660218,1,0,120
8,39,-7.280470172956353,-7.280470172956353,-7.280470172956353,141.59664107630644,412.2418911159326,27.301918272485185,82.91973840781384,0.8699244944685356,1,0,120
8,40,-7.281483701203903,-7.281483701203903,-7.281483701203903,141.4711901118515,412.22558497998426,27.655534860258044,83.52155262594748,0.8762382255478482,1,0,120
8,41,-7.282157136528552,-7.282157136528552,-7.282157136528552,141.68415723125128,412.70689825640517,27.4704664070436,83.24809487993946,0.8733693357512529,1,0,120
8,42,-7.288803123562906,-7.288803123562906,-7.288803123562906,141.8115995942677,414.0680680802584,28.1880843375743,84.77913903301429,0.8894317695751772,1,0,120
8,43,-7.292463077460141,-7.292463077460141,-7.292463077460141,141.81491566569798,414.54757254079595,28.856678383384338,86.20000776700432,0.9043383351150167,1,0,120
8,44,-7.298747619822179,-7.298747619822179,-7.298747619822179,141.52799989261462,415.2348413179912,29.344506335933726,87.3842755405553,0.9167626814046166,1,0,120
8,45,-7.295901840767855,-7.295901840767855,-7.295901840767855,140.90124845320105,413.62201405228984,29.978462866968545,88.2930215522772,0.9262964839711352,1,0,120
8,46,-7.299930835522511,-7.299930835522511,-7.299930835522511,141.93073746517027,416.08787771234864,29.31030297251924,87.37072832566598,0.9166205553645406,1,0,120
8,47,-7.309346751404279,-7.309346751404279,-7.309346751404279,142.00446294072822,417.9973450463919,29.252827668994374,87.8611116324002,0.9217652465852062,1,0,120
8,48,-7.3103803259485245,-7.3103803259485245,-7.3103803259485245,142.4554583620005,418.85994593050077,29.426231162875116,88.1818090897718,0.9251297358954504,1,0,120
8,49,-7.314028705462044,-7.314028705462044,-7.314028705462044,142.1023743871135,418.976389310125,29.634506643219844,88.77712652127329,0.9313753081270004,1,0,120
8,50,-7.31453143630881,-7.31453143630881,-7.31453143630881,141.87698072924468,418.7182026401074,29.252775231651956,88.26443409097922,0.9259965682538971,1,0,120
8,51,-7.316826964405684,-7.316826964405684,-7.316826964405684,142.35106387352857,419.87209652667013,29.35920227209324,88.55292831790264,0.9290232082232508,1,0,120
8,52,-7.3142948715540825,-7.3142948715540825,-7.3142948715540825,142.4692899032808,419.5015408329819,29.71004065498958,88.97328745478889,0.9334332644616403,1,0,120
8,53,-7.3175061506329415,-7.3175061506329415,-7.3175061506329415,142.4057049547655,420.09074713876475,29.548434113839342,88.86800656469433,0.9323287454791722,1,0,120
8,54,-7.317639118290405,-7.317639118290405,-7.317639118290405,141.8288386415075,419.21168088743644,29.654016536786276,89.08292129703013,0.9345834509747633,1,0,120
8,55,-7.314581780016112,-7.314581780016112,-7.314581780016112,141.52369518993302,418.07127276212543,29.717874965892445,89.08973122799566,0.9346548950707807,1,0,120
8,56,-7.317280908824351,-7.317280908824351,-7.317280908824351,141.92666372066827,419.2656177250457,29.571971429230725,88.96133672778016,0.9333078874362031,1,0,120
8,57,-7.312163021007854,-7.312163021007854,-7.312163021007854,142.8857001304708,419.6424525617091,28.918030812148714,87.7363519489451,0.9204563724058648,1,0,120
8,58,-7.318999792395228,-7.318999792395228,-7.318999792395228,141.27247635687783,418.64768330563453,29.870984137112238,89.48925442581974,0.9388463580754784,1,0,120
8,59,-7.318383448714997,-7.318383448714997,-7.318383448714997,140.25182244831979,416.99480362579646,30.46512028720435,90.35218439716688,0.9478994970928005,1,0,120
8,60,-7.319967297527546,-7.319967297527546,-7.319967297527546,141.171821469188,418.69849335383384,30.17424879702224,89.9851542309759,0.9440489237804719,1,0,120
8,61,-7.319815534139969,-7.319815534139969,-7.319815534139969,141.35559183859164,418.9395064708773,30.123393049802438,89.902784730829,0.9431847719253068,1,0,120
8,62,-7.319836911969106,-7.319836911969106,-7.319836911969106,141.10099220231047,418.56535259176866,30.12009768349858,89.89959407514094,0.9431512982362944,1,0,120
8,63,-7.319791616113085,-7.319791616113085,-7.319791616113085,141.03074163320753,418.4485356020605,30.243583187833035,90.08393187333431,0.945085216130682,1,0,120
8,64,-7.320006608036123,-7.320006608036123,-7.320006608036123,141.16789026505074,418.7020791206428,30.155321525453573,89.95763452025156,0.9437602100085827,1,0,120
8,65,-7.320071297844322,-7.320071297844322,-7.320071297844322,141.08814921122297,418.59445590862197,30.198662238968172,90.02766950773585,0.9444949584804452,1,0,120
8,66,-7.319988697560186,-7.319988697560186,-7.319988697560186,141.10666861683268,418.6047718633346,30.210863797333356,90.04195558243299,0.9446448360192252,1,0,120
8,67,-7.320089851988162,-7.320089851988162,-7.320089851988162,141.05642952431168,418.5504343925811,30.20213416492901,90.03446774772078,0.9445662799244792,1,0,120
8,68,-7.320142897168599,-7.320142897168599,-7.320142897168599,141.1135591240412,418.64751832286834,30.217464305985736,90.05845595659355,0.9448179441346847,1,0,120
8,69,-7.3200591252535965,-7.3200591252535965,-7.3200591252535965,141.1964623928869,418.75478541586637,30.151882621139848,89.95559505907173,0.9437388136888412,1,0,120
8,70,-7.32015316689625,-7.32015316689625,-7.32015316689625,141.08820209188207,418.61184172484843,30.22493485058713,90.07019011560406,0.9449410491099444,1,0,120
8,71,-7.320312277490677,-7.320312277490677,-7.320312277490677,141.01435131529482,418.53392246962284,30.27886461040653,90.15900026790013,0.9458727708968591,1,0,120
8,72,-7.320393755892993,-7.320393755892993,-7.320393755892993,140.89852899360835,418.37664760798157,30.30269953383609,90.20038696993689,0.9463069655354139,1,0,120
8,73,-7.320450944575914,-7.320450944575914,-7.320450944575914,140.87393462434383,418.3506875597684,30.37184347218457,90.30705758149321,0.9474260643123107,1,0,120
8,74,-7.320458966901157,-7.320458966901157,-7.320458966901157,140.83934139048336,418.301025655546,30.430835372633243,90.39499478982631,0.9483486279017894,1,0,120
8,75,-7.320514978925755,-7.320514978925755,-7.320514978925755,140.83688410560075,418.3083830330545,30.415635175826775,90.37566017187557,0.9481457852726458,1,0,120
8,76,-7.320492360305929,-7.320492360305929,-7.320492360305929,140.7848663654977,418.22578682054433,30.420875324275137,90.38302611963184,0.9482230626314652,1,0,120
8,77,-7.320488211978034,-7.320488211978034,-7.320488211978034,140.89560090746824,418.39016330159,30.385602578899046,90.3296710447545,0.9476633058421744,1,0,120
8,78,-7.320500024980919,-7.320500024980919,-7.320500024980919,140.79479037259455,418.2411322383398,30.468586882961862,90.45523331049093,0.9489806000430783,1,0,120
8,79,-7.320496252733383,-7.320496252733383,-7.320496252733383,140.83009545049214,418.2937462349656,30.407745005057613,90.36373306967747,0.9480206560989486,1,0,120
8,80,-7.320474486466743,-7.320474486466743,-7.320474486466743,140.89522945192147,418.3876796561489,30.406194060047294,90.35868999338135,0.9479677483633273,1,0,120
8,81,-7.32053946252051,-7.32053946252051,-7.32053946252051,140.7742373122119,418.21948159068825,30.41271979383275,90.37340625300301,0.9481221390422858,1,0,120
8,82,-7.3206041201512315,-7.3206041201512315,-7.3206041201512315,140.67409685010912,418.0832683039223,30.447849749928736,90.42947728792251,0.9487103894111759,1,0,120
8,83,-7.320620793522888,-7.320620793522888,-7.320620793522888,140.54991468644843,417.9004451212202,30.465552893880606,90.45830522805099,0.9490128280310315,1,0,120
8,84,-7.320643436040351,-7.320643436040351,-7.320643436040351,140.4604839749602,417.77162009739607,30.441113960552542,90.42361160280737,0.9486488515523201,1,0,120
8,85,-7.32065300569791,-7.32065300569791,-7.32065300569791,140.42167840471637,417.7157473312849,30.483593936744345,90.4873791295267,0.9493178470714811,1,0,120
8,86,-7.320634025851129,-7.320634025851129,-7.320634025851129,140.28768825584638,417.511406985996,30.49107142711505,90.49876492365851,0.9494372972940026,1,0,120
8,87,-7.320649155571387,-7.320649155571387,-7.320649155571387,140.40238620338752,417.68664374702394,30.515402930719677,90.53411395333701,0.9498081497274942,1,0,120
8,88,-7.320592068565997,-7.320592068565997,-7.320592068565997,140.33505577526842,417.57330092660465,30.51339838442763,90.52985996022657,0.9497635203922221,1,0,120
8,89,-7.320647678707327,-7.320647678707327,-7.320647678707327,140.45032014675746,417.75728068937747,30.46815134377139,90.46411620972036,0.949073791987119,1,0,120
8,90,-7.320668799750655,-7.320668799750655,-7.320668799750655,140.5148231272927,417.858049004768,30.446733730343876,90.43276822573361,0.9487449151762908,1,0,120
8,91,-7.3206325869534945,-7.3206325869534945,-7.3206325869534945,140.57690663768767,417.9426325795464,30.39583395145183,90.35560618525793,0.9479353956295353,1,0,120
8,92,-7.320642873134392,-7.320642873134392,-7.320642873134392,140.50549545066193,417.8385512787464,30.430414929348874,90.40755078100909,0.9484803548523559,1,0,120
8,93,-7.320682385883209,-7.320682385883209,-7.320682385883209,140.55812150075684,417.9257090859529,30.454553442398705,90.4445461855739,0.9488684796731968,1,0,120
8,94,-7.320636002528123,-7.320636002528123,-7.320636002528123,140.5724504669671,417.93724860681107,30.46294980933635,90.4549927941425,0.9489780767468543,1,0,120
8,95,-7.3206727755324845,-7.3206727755324845,-7.3206727755324845,140.51732218095486,417.86283343754457,30.44611881979084,90.43179511906968,0.9487347061556288,1,0,120
8,96,-7.32067121872538,-7.32067121872538,-7.32067121872538,140.5675629548979,417.9378189298663,30.503075353210335,90.51574404011143,0.949615427972903,1,0,120
8,97,-7.320681149545315,-7.320681149545315,-7.320681149545315,140.57830081216935,417.95550932303786,30.44834070224235,90.43519050219174,0.9487703276735293,1,0,120
8,98,-7.320679442240498,-7.320679442240498,-7.320679442240498,140.5737100496757,417.94849566065136,30.454405372021704,90.44396082429189,0.9488623385525528,1,0,120
8,99,-7.320679833583944,-7.320679833583944,-7.320679833583944,140.55027013399805,417.91328644552726,30.460315817690702,90.45321508655948,0.948959426526772,1,0,120
8,100,-7.320682793859661,-7.320682793859661,-7.320682793859661,140.55786268699114,417.9254125665128,30.45603859651873,90.44676917780325,0.9488918014471006,1,0,120
8,101,-7.3206822199909904,-7.3206822199909904,-7.3206822199909904,140.56507020500436,417.93600025180035,30.45156714904599,90.44010235737743,0.9488218587470874,1,0,120
8,102,-7.320682744552377,-7.320682744552377,-7.320682744552377,140.55582633733417,417.9223983581096,30.458278364457875,90.45007320314609,0.9489264645156448,1,0,120
8,103,-7.320683090100124,-7.320683090100124,-7.320683090100124,140.56169593666607,417.93112307161704,30.45008270806905,90.43797898373907,0.9487995820880628,1,0,120
8,104,-7.320684821725105,-7.320684821725105,-7.320684821725105,140.55162896407538,417.91642462769244,30.45355710821531,90.4433185611727,0.9488556004654578,1,0,120
8,105,-7.320686433721242,-7.320686433721242,-7.320686433721242,140.54729067456918,417.91029887875857,30.45899981593504,90.45149563870089,0.9489413875189572,1,0,120
8,106,-7.320686310267892,-7.320686310267892,-7.320686310267892,140.5506799833226,417.91536634978706,30.46374612773399,90.45848929428116,0.9490147590998614,1,0,120
8,107,-7.320686432122296,-7.320686432122296,-7.320686432122296,140.54481334340568,417.90660819630943,30.45949641588562,90.45224178037523,0.94894921541291,1,0,120
8,108,-7.320687762373446,-7.320687762373446,-7.320687762373446,140.53199212509185,417.8877105995342,30.461183454418098,90.45492746442105,0.9489773913620956,1,0,120
8,109,-7.320688044104669,-7.320688044104669,-7.320688044104669,140.52784663413036,417.8815666738684,30.460360738194368,90.45375799503384,0.9489651222680897,1,0,120
8,110,-7.320688283455364,-7.320688283455364,-7.320688283455364,140.51391990569678,417.8608202162701,30.463090009668864,90.457920406657,0.9490087908070477,1,0,120
8,111,-7.320687647726869,-7.320687647726869,-7.320687647726869,140.51767224610106,417.8662466295173,30.45926668278083,90.45222689484696,0.948949059246406,1,0,120
8,112,-7.320688545796914,-7.320688545796914,-7.320688545796914,140.50969559674894,417.8545852953862,30.465549581639106,90.46159869436998,0.9490473803231347,1,0,120
8,113,-7.320689325743809,-7.320689325743809,-7.320689325743809,140.50251252996372,417.8439446122608,30.468500560891986,90.46614648393492,0.9490950919249102,1,0,120
8,114,-7.32068934135986,-7.32068934135986,-7.32068934135986,140.49937776622096,417.8392152877813,30.46669169316853,90.46353082411753,0.9490676506113214,1,0,120
8,115,-7.320690040028286,-7.320690040028286,-7.320690040028286,140.48955452415538,417.82477255128,30.475310978561275,90.47636137020972,0.9492022579622046,1,0,120
8,116,-7.320690267316575,-7.320690267316575,-7.320690267316575,140.4759636333678,417.80451662556584,30.478642271110598,90.48142326026559,0.9492553630760467,1,0,120
8,117,-7.320690288499837,-7.320690288499837,-7.320690288499837,140.4675979867252,417.79202935325674,30.479843485886626,90.48326508238755,0.9492746859322099,1,0,120
8,118,-7.320690311540009,-7.320690311540009,-7.320690311540009,140.46200485959065,417.7837322649285,30.489045127467588,90.49693256699615,0.9494180737415192,1,0,120
8,119,-7.320690287462166,-7.320690287462166,-7.320690287462166,140.4566004269463,417.7756292751647,30.49053603225382,90.49921145081572,0.9494419818832085,1,0,120
8,120,-7.320690238131662,-7.320690238131662,-7.320690238131662,140.46127632024508,417.78261365868025,30.487672585801203,90.4949089853813,0.949396844016883,1,0,120
8,121,-7.3206902854408025,-7.3206902854408025,-7.3206902854408025,140.45763637377067,417.77719373457643,30.49099528777871,90.49986930543818,0.9494488835433061,1,0,120
8,122,-7.320690133436233,-7.320690133436233,-7.320690133436233,140.4564019990986,417.77534712270375,30.489920770450002,90.49824479188482,0.949431840506765,1,0,120
8,123,-7.320689800984083,-7.320689800984083,-7.320689800984083,140.4644365803697,417.7872590503381,30.490163463433813,90.49855360784215,0.9494350803453213,1,0,120
8,124,-7.320690127096033,-7.320690127096033,-7.320690127096033,140.46177165655,417.7834094959605,30.491545567998344,90.50057898478046,0.9494563289049887,1,0,120
8,125,-7.320690440798835,-7.320690440798835,-7.320690440798835,140.46275547889658,417.78480552501026,30.486643272457716,90.49343738023153,0.9493814051673333,1,0,120
8,126,-7.320690200877253,-7.320690200877253,-7.320690200877253,140.45517304169044,417.7733755842412,30.483864179076633,90.48940231637133,0.9493390726545186,1,0,120
8,127,-7.320690519438016,-7.320690519438016,-7.320690519438016,140.47509400673152,417.8032140336009,30.483431764910986,90.48861721146699,0.9493308359909676,1,0,120
8,128,-7.320690088988622,-7.320690088988622,-7.320690088988622,140.48292812248496,417.8147275528413,30.480697912869687,90.4845762584448,0.9492884416939944,1,0,120
8,129,-7.320690554574699,-7.320690554574699,-7.320690554574699,140.47123635134787,417.79747040626853,30.484282247860538,90.48989930446258,0.9493442866376105,1,0,120
8,130,-7.320690211162895,-7.320690211162895,-7.320690211162895,140.4777023817606,417.80716151179985,30.488654279333375,90.49623260444382,0.9494107303202641,1,0,120
8,131,-7.320690542768673,-7.320690542768673,-7.320690542768673,140.4676211561723,417.7920883340946,30.48533800491748,90.49147348315442,0.9493608016029131,1,0,120
8,132,-7.320690537491798,-7.320690537491798,-7.320690537491798,140.47171058314902,417.79817170977407,30.483792273591437,90.48917025658088,0.9493366380774231,1,0,120
8,133,-7.32069057351455,-7.32069057351455,-7.32069057351455,140.46936757898757,417.79466782306275,30.483460310737144,90.4887066575574,0.9493317743844849,1,0,120
8,134,-7.32069057139804,-7.32069057139804,-7.32069057139804,140.4691804400818,417.7943908631949,30.48366300523664,90.48900620476914,0.94933491698312,1,0,120
8,135,-7.320690560312982,-7.320690560312982,-7.320690560312982,140.46972421765867,417.7951956180633,30.48315697125052,90.48825474305063,0.9493270332757164,1,0,120
8,136,-7.320690576519248,-7.320690576519248,-7.320690576519248,140.468817008636,417.7938381778715,30.48355936498958,90.48886583360333,0.9493334443263339,1,0,120
8,137,-7.320690597937015,-7.320690597937015,-7.320690597937015,140.46834358458597,417.7931438498943,30.484323464137617,90.48999772817733,0.9493453192168484,1,0,120
8,138,-7.320690616618804,-7.320690616618804,-7.320690616618804,140.46822504374725,417.79297555517405,30.48432090961937,90.48999074796255,0.9493452459862772,1,0,120
8,139,-7.320690631510853,-7.320690631510853,-7.320690631510853,140.46794737967883,417.79257002558796,30.48472361753388,90.49058595489291,0.9493514903992233,1,0,120
8,140,-7.320690641318966,-7.320690641318966,-7.320690641318966,140.46770401399226,417.7922109676842,30.48484746216977,90.49076982308675,0.9493534193904218,1,0,120
8,141,-7.3206906440129895,-7.3206906440129895,-7.3206906440129895,140.4673863494146,417.7917331716071,30.484718166710532,90.49058384363988,0.9493514682497235,1,0,120
8,142,-7.320690653001081,-7.320690653001081,-7.320690653001081,140.46714613335786,417.79138421310756,30.485348170143673,90.49151455254265,0.9493612324685607,1,0,120
8,143,-7.3206906488598165,-7.3206906488598165,-7.3206906488598165,140.4675050275577,417.79191608032147,30.484701844925183,90.490554331894,0.9493511586371861,1,0,120
8,144,-7.320690650714861,-7.320690650714861,-7.320690650714861,140.46775344163075,417.79228917020237,30.485079245592882,90.49111206228733,0.949357009877672,1,0,120
8,145,-7.320690658249109,-7.320690658249109,-7.320690658249109,140.46607220336784,417.78978794235127,30.485567099283248,90.49184109382175,0.9493646582663575,1,0,120
8,146,-7.320690654198558,-7.320690654198558,-7.320690654198558,140.4649853375468,417.7881580938491,30.485732311766284,90.49209975907281,0.9493673719656779,1,0,120
8,147,-7.320690656240275,-7.320690656240275,-7.320690656240275,140.4659458906757,417.78959967661945,30.48560208000929,90.49189307271358,0.9493652035853861,1,0,120
8,148,-7.320690666286027,-7.320690666286027,-7.320690666286027,140.46653147816778,417.79048154493057,30.485948950553876,90.49239997044509,0.9493705215321295,1,0,120
8,149,-7.320690668293609,-7.320690668293609,-7.320690668293609,140.46601754434562,417.78972675362,30.48672061030493,90.49353841243867,0.9493824651126901,1,0,120
8,150,-7.320690666782973,-7.320690666782973,-7.320690666782973,140.46590997853394,417.7895703618284,30.487149787294005,90.49417253345894,0.9493891177796978,1,0,120
8,151,-7.3206906686683855,-7.3206906686683855,-7.3206906686683855,140.46596920538735,417.78965175376226,30.48652064976433,90.49324438059219,0.9493793803766513,1,0,120
8,152,-7.32069067063426,-7.32069067063426,-7.32069067063426,140.46657930941228,417.79056642091285,30.48615555690554,90.49269445150398,0.949373610980929,1,0,120
8,153,-7.320690673502895,-7.320690673502895,-7.320690673502895,140.46691335049877,417.79106769382713,30.48641123414129,90.49307059349768,0.9493775571479093,1,0,120
8,154,-7.32069067254687,-7.32069067254687,-7.32069067254687,140.46677400088123,417.79085900013183,30.486421787847615,90.49308757403672,0.9493777352935129,1,0,120
8,155,-7.3206906720765526,-7.3206906720765526,-7.3206906720765526,140.4668242588664,417.7909359080115,30.486627893242815,90.49339166071564,0.9493809255164383,1,0,120
8,156,-7.320690671074338,-7.320690671074338,-7.320690671074338,140.46637392276574,417.79027187118214,30.48685665938762,90.4937260532577,0.9493844336831148,1,0,120
8,157,-7.320690673078406,-7.320690673078406,-7.320690673078406,140.46765017765694,417.79216936161527,30.48628174060393,90.49287168933712,0.9493754704119326,1,0,120
8,158,-7.320690672131767,-7.320690672131767,-7.320690672131767,140.46794172680626,417.7925976915466,30.486220540341066,90.4927855586047,0.9493745668003764,1,0,120
8,159,-7.32069067298884,-7.32069067298884,-7.32069067298884,140.46724175611308,417.79155036568056,30.485721782655908,90.49205105389262,0.9493668609916919,1,0,120
8,160,-7.320690672512208,-7.320690672512208,-7.320690672512208,140.4668905390109,417.7910343011166,30.486549973804852,90.49327607516688,0.9493797128896015,1,0,120
8,161,-7.320690673736807,-7.320690673736807,-7.320690673736807,140.46689653291998,417.79104223540287,30.486390305195872,90.49303999675206,0.9493772361524626,1,0,120
8,162,-7.3206906734572135,-7.3206906734572135,-7.3206906734572135,140.46691028039004,417.79106428437285,30.486511423956937,90.49321837110126,0.9493791075068414,1,0,120
8,163,-7.320690673611877,-7.320690673611877,-7.320690673611877,140.46684160916837,417.7909602632656,30.486411793830626,90.49307223192841,0.9493775743369532,1,0,120
8,164,-7.320690673888934,-7.320690673888934,-7.320690673888934,140.46695999675921,417.7911361948653,30.48637899692613,90.4930236112957,0.9493770642499686,1,0,120
8,165,-7.320690673967017,-7.320690673967017,-7.320690673967017,140.4669796297253,417.79116466713106,30.486315689025833,90.49293023098568,0.9493760845819119,1,0,120
8,166,-7.320690674148337,-7.320690674148337,-7.320690674148337,140.4669770564056,417.7911610298681,30.486308201031306,90.49291895701006,0.9493759663047956,1,0,120
8,167,-7.320690674172822,-7.320690674172822,-7.320690674172822,140.46695220722438,417.7911234224872,30.486318179742,90.49293446392088,0.9493761289903251,1,0,120
8,168,-7.32069067418621,-7.32069067418621,-7.32069067418621,140.46698341735072,417.79116977936303,30.486312821459798,90.49292654223554,0.9493760458826328,1,0,120
8,169,-7.320690674143066,-7.320690674143066,-7.320690674143066,140.46694485734386,417.7911119561693,30.486265995291213,90.49285741792292,0.9493753206881994,1,0,120
8,170,-7.320690674093009,-7.320690674093009,-7.320690674093009,140.46696054640475,417.7911358910744,30.486342045307754,90.49296985116878,0.9493765002437122,1,0,120
8,171,-7.320690674423596,-7.320690674423596,-7.320690674423596,140.46702682285814,417.79123383927225,30.486246353606674,90.49282825778361,0.9493750147644238,1,0,120
8,172,-7.3206906744832265,-7.3206906744832265,-7.3206906744832265,140.46705515679054,417.79127480487375,30.48618817963709,90.49274294663012,0.9493741197512038,1,0,120
8,173,-7.320690674512288,-7.320690674512288,-7.320690674512288,140.46707984513372,417.79131160766894,30.486172731945604,90.49271988853062,0.9493738778449226,1,0,120
8,174,-7.320690674604593,-7.320690674604593,-7.320690674604593,140.46696845105745,417.7911452633514,30.48617083951862,90.49271784263465,0.9493738563810945,1,0,120
8,175,-7.320690674551791,-7.320690674551791,-7.320690674551791,140.4669180254906,417.79106974632356,30.486185825771937,90.49274066153619,0.9493740957779109,1,0,120
8,176,-7.3206906746430915,-7.3206906746430915,-7.3206906746430915,140.4670250278411,417.79122960227494,30.486144025278158,90.4926777590112,0.9493734358572659,1,0,120
8,177,-7.320690674913456,-7.320690674913456,-7.320690674913456,140.4671217331468,417.79137419614597,30.486102296013478,90.49261496218288,0.9493727770455018,1,0,120
8,178,-7.320690675114503,-7.320690675114503,-7.320690675114503,140.4672110608276,417.79150735032033,30.486049445594663,90.4925360868238,0.9493719495512503,1,0,120
8,179,-7.320690675229832,-7.320690675229832,-7.320690675229832,140.46729216758476,417.79162833550185,30.485986441731814,90.49244204302177,0.9493709629223908,1,0,120
8,180,-7.320690675338757,-7.320690675338757,-7.320690675338757,140.46737990125075,417.79175886665337,30.485923000275516,90.49234765276083,0.9493699726587743,1,0,120
8,181,-7.320690675484793,-7.320690675484793,-7.320690675484793,140.46739912799825,417.791787875493,30.48592667004468,90.49235271938063,0.9493700258135087,1,0,120
8,182,-7.32069067555355,-7.32069067555355,-7.32069067555355,140.46743017841914,417.79183499225667,30.485938230837153,90.49236896662863,0.9493701962660364,1,0,120
8,183,-7.3206906756567145,-7.3206906756567145,-7.3206906756567145,140.46748133793957,417.791911225583,30.485915456614745,90.49233495757197,0.9493698394714782,1,0,120
8,184,-7.320690675751033,-7.320690675751033,-7.320690675751033,140.46755807078944,417.7920255581277,30.485854657247202,90.4922443359732,0.949368888745511,1,0,120
8,185,-7.320690675803436,-7.320690675803436,-7.320690675803436,140.46743078260997,417.79183587838236,30.48589374783327,90.4923029130372,0.9493695032870395,1,0,120
8,186,-7.320690675884918,-7.320690675884918,-7.320690675884918,140.4674118849253,417.7918073952609,30.485832952955416,90.49221294455744,0.9493685594130503,1,0,120
8,187,-7.320690675951021,-7.320690675951021,-7.320690675951021,140.46744873180592,417.7918627032,30.4858383228925,90.49222041365525,0.9493686377725732,1,0,120
8,188,-7.320690675969016,-7.320690675969016,-7.320690675969016,140.4674687228806,417.79189356267443,30.48584976607718,90.49223628945225,0.9493688043281479,1,0,120
8,189,-7.320690676053709,-7.320690676053709,-7.320690676053709,140.46757905853346,417.7920583853312,30.485833373802603,90.49221114609934,0.9493685405451331,1,0,120
8,190,-7.320690676165148,-7.320690676165148,-7.320690676165148,140.46759792759343,417.7920866573999,30.48581497709928,90.49218360456487,0.9493682516024049,1,0,120
8,191,-7.320690676226803,-7.320690676226803,-7.320690676226803,140.46766493270266,417.79218642629763,30.485752934823793,90.49209122916609,0.9493672824770358,1,0,120
8,192,-7.3206906762431085,-7.3206906762431085,-7.3206906762431085,140.46767453420506,417.79220002252293,30.485714083263954,90.49203415347056,0.9493666836866086,1,0,120
8,193,-7.320690676282336,-7.320690676282336,-7.320690676282336,140.46768636430158,417.7922179551702,30.485693551123603,90.49200329419104,0.949366359936876,1,0,120
8,194,-7.3206906762501305,-7.3206906762501305,-7.3206906762501305,140.46766091576887,417.7921804002744,30.485721655989863,90.49204478985118,0.9493667952746119,1,0,120
8,195,-7.320690676242602,-7.320690676242602,-7.320690676242602,140.46773535175845,417.79229085790047,30.48566028307846,90.49195375009852,0.949365840161724,1,0,120
8,196,-7.320690676354316,-7.320690676354316,-7.320690676354316,140.46778615854208,417.7923671986204,30.485701479362977,90.49201421102167,0.949366474467126,1,0,120
8,197,-7.3206906763949275,-7.3206906763949275,-7.3206906763949275,140.46776976152583,417.7923425929663,30.48568205540979,90.49198557496784,0.9493661740416166,1,0,120
8,198,-7.320690676410553,-7.320690676410553,-7.320690676410553,140.4678390398943,417.7924458358365,30.485639489463612,90.49192204718577,0.9493655075612977,1,0,120
8,199,-7.3206906764328545,-7.3206906764328545,-7.3206906764328545,140.46778383114332,417.7923640514598,30.485646446854137,90.49193210597821,0.949365613089729,1,0,120
8,200,-7.320690676442112,-7.320690676442112,-7.320690676442112,140.4679176172774,417.79256382904373,30.48562359985345,90.49189725463935,0.9493652474586511,1,0,120
8,201,-7.320690676463533,-7.320690676463533,-7.320690676463533,140.46785422267243,417.7924684604162,30.485608440736,90.4918758494949,0.9493650228937909,1,0,120
8,202,-7.320690676459938,-7.320690676459938,-7.320690676459938,140.46783842676638,417.79244529639243,30.48565253846209,90.49194108654466,0.9493657073063158,1,0,120
8,203,-7.320690676456955,-7.320690676456955,-7.320690676456955,140.4678663509549,417.7924861085735,30.485578172904322,90.49183123311909,0.9493645548161183,1,0,120
8,204,-7.320690676428051,-7.320690676428051,-7.320690676428051,140.46792238474688,417.79257005037107,30.485544373623213,90.49178033815838,0.9493640208687877,1,0,120
8,205,-7.320690676427097,-7.320690676427097,-7.320690676427097,140.46786103270082,417.7924783960206,30.48560568253924,90.49187192814881,0.9493649817543097,1,0,120
8,206,-7.320690676495971,-7.320690676495971,-7.320690676495971,140.46777782047852,417.79235470164946,30.48562326109355,90.49189806794706,0.9493652559911949,1,0,120
8,207,-7.320690676504964,-7.320690676504964,-7.320690676504964,140.4677863959535,417.7923679542203,30.485649281161873,90.49193624796031,0.9493656565439386,1,0,120
8,208,-7.320690676511578,-7.320690676511578,-7.320690676511578,140.46774391519733,417.79230466618924,30.485641643515955,90.49192503083681,0.9493655388632671,1,0,120
8,209,-7.32069067649378,-7.32069067649378,-7.32069067649378,140.46767201404856,417.7921973226598,30.485671875884925,90.49197042434601,0.9493660150939729,1,0,120
8,210,-7.320690676516868,-7.320690676516868,-7.320690676516868,140.46778621079557,417.79236767709824,30.485609641619046,90.49187732405797,0.9493650383636725,1,0,120
8,211,-7.320690676480295,-7.320690676480295,-7.320690676480295,140.46777711578204,417.7923543157056,30.48558275433646,90.49183718428122,0.9493646172507304,1,0,120
8,212,-7.3206906765096065,-7.3206906765096065,-7.3206906765096065,140.46786172990747,417.7924803139151,30.485597238561457,90.4918585147487,0.9493648410321422,1,0,120
8,213,-7.320690676479709,-7.320690676479709,-7.320690676479709,140.46775410658407,417.79231933109304,30.485625868831303,90.49190205761141,0.9493652978474141,1,0,120
8,214,-7.320690676498181,-7.320690676498181,-7.320690676498181,140.4677977467437,417.79238471054373,30.48558573445045,90.49184189460343,0.9493646666674886,1,0,120
8,215,-7.320690676497949,-7.320690676497949,-7.320690676497949,140.46781156085535,417.792406856048,30.485669280001016,90.49196448549591,0.9493659527885283,1,0,120
8,216,-7.320690676519773,-7.320690676519773,-7.320690676519773,140.4678108511703,417.79240399939,30.48557928455724,90.49183250398333,0.9493645681489622,1,0,120
8,217,-7.320690676483756,-7.320690676483756,-7.320690676483756,140.46788861981676,417.792520091706,30.485580143758302,90.49183329195023,0.9493645764156513,1,0,120
8,218,-7.3206906765113535,-7.3206906765113535,-7.3206906765113535,140.4678617554033,417.79247983253424,30.485558371311484,90.49180125379172,0.9493642402981071,1,0,120
8,219,-7.3206906765216635,-7.3206906765216635,-7.3206906765216635,140.46781019690627,417.79240308577266,30.485581655404648,90.49183596998243,0.9493646045113238,1,0,120
8,220,-7.320690676524453,-7.320690676524453,-7.320690676524453,140.46779905293317,417.7923864661395,30.485576119808744,90.49182779420288,0.9493645187378876,1,0,120
8,221,-7.320690676524003,-7.320690676524003,-7.320690676524003,140.4677852576776,417.79236579116395,30.48558031184059,90.49183419275296,0.9493645858661197,1,0,120
8,222,-7.320690676523941,-7.320690676523941,-7.320690676523941,140.46780300146867,417.7923923448003,30.48557267116588,90.4918226585602,0.9493644648590229,1,0,120
8,223,-7.320690676522481,-7.320690676522481,-7.320690676522481,140.46778460907132,417.792364874938,30.485575414413677,90.49182686376719,0.949364508976535,1,0,120
8,224,-7.3206906765243716,-7.3206906765243716,-7.3206906765243716,140.4678019074583,417.7923907317962,30.485574401881824,90.49182521821075,0.9493644917127342,1,0,120
8,225,-7.32069067652492,-7.32069067652492,-7.32069067652492,140.4678025148437,417.79239165520835,30.485578240472208,90.49183090439871,0.9493645513674591,1,0,120
8,226,-7.320690676527305,-7.320690676527305,-7.320690676527305,140.46779815464586,417.79238528594476,30.48558557161046,90.49184169091772,0.9493646645305887,1,0,120
8,227,-7.320690676529058,-7.320690676529058,-7.320690676529058,140.46780397433068,417.79239404148933,30.48558736958051,90.49184426034958,0.9493646914869172,1,0,120
8,228,-7.320690676530176,-7.320690676530176,-7.320690676530176,140.46780820884467,417.79240046550933,30.485589230729275,90.49184689852603,0.9493647191644565,1,0,120
8,229,-7.320690676530178,-7.320690676530178,-7.320690676530178,140.46780697745035,417.7923986722495,30.485592344434398,90.49185149006036,0.9493647673349916,1,0,120
8,230,-7.320690676530125,-7.320690676530125,-7.320690676530125,140.46779427792782,417.7923797994868,30.48559847461427,90.49186059671689,0.94936486287441,1,0,120
8,231,-7.320690676529191,-7.320690676529191,-7.320690676529191,140.46780628046685,417.7923975935856,30.485590435244706,90.49184869409385,0.9493647380020511,1,0,120
8,232,-7.320690676531899,-7.320690676531899,-7.320690676531899,140.4678161511417,417.7924124209865,30.485594757365664,90.49185496662345,0.9493648038081819,1,0,120
8,233,-7.320690676532602,-7.320690676532602,-7.320690676532602,140.46782206728454,417.79242127809584,30.48559266378459,90.49185179237573,0.9493647705066315,1,0,120
8,234,-7.320690676532671,-7.320690676532671,-7.320690676532671,140.46782924321053,417.7924320053227,30.485587173599612,90.49184357121642,0.9493646842571088,1,0,120
8,235,-7.320690676533143,-7.320690676533143,-7.320690676533143,140.46783953744549,417.79244745984,30.485591553379766,90.49184993144893,0.9493647509833449,1,0,120
8,236,-7.320690676533639,-7.320690676533639,-7.320690676533639,140.46783935613257,417.79244726653434,30.48559514200601,90.49185519024805,0.9493648061542639,1,0,120
8,237,-7.320690676533802,-7.320690676533802,-7.320690676533802,140.4678501925777,417.79246345947297,30.48559413424848,90.49185360883703,0.9493647895634232,1,0,120
8,238,-7.320690676534531,-7.320690676534531,-7.320690676534531,140.46785036487714,417.7924637539126,30.48559721182321,90.49185814589815,0.949364837162471,1,0,120
8,239,-7.320690676534349,-7.320690676534349,-7.320690676534349,140.467859559141,417.7924774966667,30.485595659603042,90.49185576388331,0.949364812172365,1,0,120
8,240,-7.320690676534499,-7.320690676534499,-7.320690676534499,140.46785423891262,417.79246948930574,30.485595364651537,90.49185542366521,0.9493648086030815,1,0,120
8,241,-7.320690676534391,-7.320690676534391,-7.320690676534391,140.46784553940813,417.792456631439,30.48560422015579,90.4918685134166,0.9493649459297975,1,0,120
8,242,-7.320690676534503,-7.320690676534503,-7.320690676534503,140.46785162037403,417.79246562105965,30.48559516927139,90.49185510869542,0.9493648052986821,1,0,120
8,243,-7.320690676534541,-7.320690676534541,-7.320690676534541,140.46785309746792,417.7924678814368,30.485599479152967,90.49186145133915,0.9493648718403915,1,0,120
8,244,-7.320690676534398,-7.320690676534398,-7.320690676534398,140.46785219488544,417.7924665056898,30.48559358726787,90.49185272628442,0.9493647803044198,1,0,120
8,245,-7.32069067653443,-7.32069067653443,-7.32069067653443,140.46785951225274,417.7924774759011,30.48559810603593,90.49185935187157,0.9493648498145348,1,0,120
8,246,-7.320690676534094,-7.320690676534094,-7.320690676534094,140.4678547822088,417.79247036832965,30.48559963802427,90.49186170507666,0.949364874502393,1,0,120
8,247,-7.320690676534497,-7.320690676534497,-7.320690676534497,140.46785857853394,417.79247605892834,30.48559837697318,90.49185978355948,0.949364854343443,1,0,120
8,248,-7.320690676534532,-7.320690676534532,-7.320690676534532,140.46785025063406,417.79246358320785,30.48559883907554,90.49186056586743,0.9493648625507634,1,0,120
8,249,-7.3206906765344995,-7.3206906765344995,-7.3206906765344995,140.46784839633608,417.792460865452,30.485600604534017,90.49186315154476,0.9493648896775257,1,0,120
8,250,-7.320690676534532,-7.320690676534532,-7.320690676534532,140.46785245842938,417.7924669224849,30.485599475157258,90.49186145434372,0.949364871871913,1,0,120
8,251,-7.3206906765345146,-7.3206906765345146,-7.3206906765345146,140.4678523963554,417.7924668287718,30.485599961073333,90.49186217814285,0.9493648794654077,1,0,120
8,252,-7.320690676534537,-7.320690676534537,-7.320690676534537,140.46785286997036,417.79246754638325,30.485599592680746,90.49186161696255,0.9493648735779736,1,0,120
8,253,-7.320690676534547,-7.320690676534547,-7.320690676534547,140.46785226365716,417.7924666440748,30.48560036386034,90.49186276436669,0.9493648856155774,1,0,120
8,254,-7.32069067653455,-7.32069067653455,-7.32069067653455,140.46785170779262,417.79246581098204,30.485600002445405,90.49186223381774,0.949364880049502,1,0,120
8,255,-7.320690676534546,-7.320690676534546,-7.320690676534546,140.46785237791067,417.79246681483033,30.485599991758452,90.4918622102892,0.9493648798026602,1,0,120
8,256,-7.320690676534538,-7.320690676534538,-7.320690676534538,140.46785196245702,417.7924661932558,30.485600140744644,90.49186243572686,0.9493648821677634,1,0,120
8,257,-7.320690676534569,-7.320690676534569,-7.320690676534569,140.46785223582145,417.7924665948379,30.48559962887612,90.49186167958847,0.9493648742349923,1,0,120
8,258,-7.32069067653458,-7.32069067653458,-7.32069067653458,140.46785134523157,417.79246526984906,30.485599925101063,90.49186212098755,0.949364878865782,1,0,120
8,259,-7.320690676534586,-7.320690676534586,-7.320690676534586,140.46785228574367,417.79246667338845,30.485599779621694,90.49186189935827,0.9493648765406331,1,0,120
8,260,-7.320690676534592,-7.320690676534592,-7.320690676534592,140.4678522898247,417.79246667243353,30.48559889737976,90.49186059482663,0.949364862854579,1,0,120
8,261,-7.320690676534586,-7.320690676534586,-7.320690676534586,140.46785195834315,417.7924661816181,30.485599093895733,90.49186088499843,0.9493648658988187,1,0,120
8,262,-7.320690676534588,-7.320690676534588,-7.320690676534588,140.46785240929623,417.79246685323255,30.485598938603513,90.49186065291889,0.9493648634640344,1,0,120
8,263,-7.320690676534604,-7.320690676534604,-7.320690676534604,140.46785171942383,417.79246581440617,30.4855989398691,90.49186066805517,0.9493648636228316,1,0,120
8,264,-7.320690676534609,-7.320690676534609,-7.320690676534609,140.46785125973713,417.7924651274102,30.485599012454784,90.49186077958184,0.9493648647928761,1,0,120
8,265,-7.320690676534604,-7.320690676534604,-7.320690676534604,140.46785177861634,417.7924659072366,30.485598951019444,90.49186067979761,0.9493648637460235,1,0,120
8,266,-7.320690676534604,-7.320690676534604,-7.320690676534604,140.46785163889297,417.7924656924286,30.48559889966818,90.49186061055084,0.9493648630195444,1,0,120
8,267,-7.320690676534624,-7.320690676534624,-7.320690676534624,140.46785030526155,417.79246369543637,30.48559891516111,90.49186064798224,0.9493648634122431,1,0,120
8,268,-7.320690676534633,-7.320690676534633,-7.320690676534633,140.4678501019947,417.7924633800968,30.485598510876176,90.49186006012748,0.9493648572449631,1,0,120
8,269,-7.320690676534639,-7.320690676534639,-7.320690676534639,140.46784909967548,417.7924618849995,30.48559906785954,90.49186089318293,0.9493648659846836,1,0,120
8,270,-7.320690676534643,-7.320690676534643,-7.320690676534643,140.46784799466184,417.7924602341893,30.48559921081697,90.49186111378606,0.949364868299067,1,0,120
8,271,-7.320690676534646,-7.320690676534646,-7.320690676534646,140.46784793769956,417.7924601401859,30.48559891222811,90.49186067922194,0.9493648637399841,1,0,120
8,272,-7.3206906765346424,-7.3206906765346424,-7.3206906765346424,140.46784802814898,417.7924602649315,30.485598617371934,90.4918602506011,0.9493648592432529,1,0,120
8,273,-7.320690676534645,-7.320690676534645,-7.320690676534645,140.46784763308574,417.7924596835273,30.485598635315487,90.49186027137381,0.9493648594611828,1,0,120
8,274,-7.320690676534649,-7.320690676534649,-7.320690676534649,140.46784665618256,417.79245822633027,30.485599390260088,90.49186139860468,0.9493648712871456,1,0,120
8,275,-7.320690676534649,-7.320690676534649,-7.320690676534649,140.4678467265362,417.7924583334639,30.485599314009924,90.491861282705,0.9493648700712232,1,0,120
8,276,-7.320690676534649,-7.320690676534649,-7.320690676534649,140.46784691639442,417.79245861464676,30.48559931884098,90.49186129095062,0.9493648701577293,1,0,120
8,277,-7.3206906765346496,-7.3206906765346496,-7.3206906765346496,140.4678462440514,417.792457609336,30.48559937157166,90.49186137513554,0.949364871040927,1,0,120
8,278,-7.320690676534651,-7.320690676534651,-7.320690676534651,140.46784498774815,417.7924557409161,30.485600204021768,90.49186261344899,0.9493648840322753,1,0,120
8,279,-7.320690676534653,-7.320690676534653,-7.320690676534653,140.46784464447794,417.79245522737466,30.48560012640539,90.49186250129401,0.9493648828556391,1,0,120
8,280,-7.32069067653465,-7.32069067653465,-7.32069067653465,140.46784471063762,417.79245532759467,30.48560039387038,90.49186289704545,0.949364887007532,1,0,120
8,281,-7.32069067653465,-7.32069067653465,-7.32069067653465,140.4678441537792,417.79245449655684,30.48560011126578,90.49186248012374,0.9493648826335384,1,0,120
8,282,-7.320690676534652,-7.320690676534652,-7.320690676534652,140.46784409997613,417.7924544072155,30.48560025619637,90.49186270493735,0.9493648849920946,1,0,120
8,283,-7.320690676534652,-7.320690676534652,-7.320690676534652,140.46784459709565,417.79245516092317,30.485600482299457,90.49186302638384,0.9493648883644421,1,0,120
8,284,-7.3206906765346496,-7.3206906765346496,-7.3206906765346496,140.46784546909868,417.7924564635244,30.4856000455763,90.49186237087619,0.9493648814874045,1,0,120
8,285,-7.320690676534651,-7.320690676534651,-7.320690676534651,140.46784467965472,417.7924552809412,30.485600088280304,90.49186244334415,0.9493648822476777,1,0,120
8,286,-7.320690676534649,-7.320690676534649,-7.320690676534649,140.4678432113372,417.7924530868992,30.485600086823002,90.4918624523945,0.9493648823426264,1,0,120
8,287,-7.320690676534652,-7.320690676534652,-7.320690676534652,140.46784481195766,417.79245547569894,30.485600184223898,90.49186258790166,0.9493648837642541,1,0,120
8,288,-7.320690676534652,-7.320690676534652,-7.320690676534652,140.46784470953094,417.7924553244537,30.485600108550607,90.49186247438045,0.9493648825732846,1,0,120
8,289,-7.320690676534651,-7.320690676534651,-7.320690676534651,140.46784428114205,417.7924546847087,30.485600143700236,90.49186252952964,0.9493648831518637,1,0,120
8,290,-7.320690676534653,-7.320690676534653,-7.320690676534653,140.46784463885885,417.7924552189438,30.485600122149936,90.49186249504515,0.9493648827900814,1,0,120
8,291,-7.320690676534652,-7.320690676534652,-7.320690676534652,140.46784474363008,417.7924553758222,30.485600127857364,90.49186250240608,0.949364882867306,1,0,120
8,292,-7.320690676534651,-7.320690676534651,-7.320690676534651,140.4678446982288,417.79245530764956,30.485600095252746,90.49186245461388,0.9493648823659102,1,0,120
8,293,-7.320690676534652,-7.320690676534652,-7.320690676534652,140.46784464547187,417.79245522774204,30.485600102119825,90.49186246630084,0.9493648824885201,1,0,120
8,294,-7.320690676534651,-7.320690676534651,-7.320690676534651,140.4678446582563,417.7924552479453,30.485600131581513,90.49186250890129,0.9493648829354484,1,0,120
8,295,-7.320690676534652,-7.320690676534652,-7.320690676534652,140.4678445649186,417.79245510904093,30.485600170822234,90.49186256738426,0.9493648835490027,1,0,120
8,296,-7.320690676534651,-7.320690676534651,-7.320690676534651,140.467844619305,417.79245518990615,30.48560011698827,90.4918624873403,0.9493648827092485,1,0,120
8,297,-7.320690676534653,-7.320690676534653,-7.320690676534653,140.46784453649965,417.79245506618264,30.48560016535042,90.49186255985994,0.9493648834700639,1,0,120
8,298,-7.320690676534652,-7.320690676534652,-7.320690676534652,140.46784464909035,417.7924552338195,30.48560008868757,90.49186244563396,0.9493648822717005,1,0,120
8,299,-7.320690676534653,-7.320690676534653,-7.320690676534653,140.46784472150884,417.79245534230427,30.485600099745977,90.49186246124734,0.949364882435503,1,0,120
9,1,-4.163685444374314,-4.163685444374314,-4.163685444374314,112.79805069382333,79.07825653772792,23.45183999880761,14.527140064734551,0.12118559929738337,1,0,120
9,2,-1.6413896164294641,-1.6413896164294641,-1.6413896164294641,121.01781735518159,-12.005110770302144,28.211959525133775,-15.75051168346155,-0.13139098192040488,1,0,120
9,3,-5.756089084744061,-5.756089084744061,-5.756089084744061,119.8495702634786,169.96688227487397,28.400943538229455,46.51271285916919,0.3880096810292939,1,0,120
9,4,-6.39564717598052,-6.39564717598052,-6.39564717598052,128.1896459855759,243.69946584321843,32.97832427334507,67.06868712718345,0.5594878969555075,1,0,120
9,5,-6.53337015678463,-6.53337015678463,-6.53337015678463,133.86111572384834,268.18925757611106,33.760096925532714,71.33264256864868,0.5950578710349681,1,0,120
9,6,-6.683952492022542,-6.683952492022542,-6.683952492022542,148.7436307984204,311.2743949805023,34.256385393672765,71.22205291381826,0.5941353306356194,1,0,120
9,7,-5.871963709720135,-5.871963709720135,-5.871963709720135,153.68930772359275,225.71969099085763,30.025788288337505,29.640468298947933,0.24726118824880583,1,0,120
9,8,-6.8750152224331,-6.8750152224331,-6.8750152224331,139.8998791723862,325.80817440175497,31.249180432221124,81.17630330915134,0.6771738223373029,1,0,120
9,9,-6.4700478578199,-6.4700478578199,-6.4700478578199,121.89209236660193,249.36768774154174,32.832546523886776,66.6655642213509,0.5561250402117763,1,0,120
9,10,-6.583794693106994,-6.583794693106994,-6.583794693106994,132.95305208495864,277.51721776806704,34.53292648991308,70.5331364840382,0.5883883804419348,1,0,120
9,11,-6.872482241281896,-6.872482241281896,-6.872482241281896,139.72427586495692,330.01482606589263,39.26983979569198,85.66594423426601,0.7146264677799434,1,0,120
9,12,-6.863497203664529,-6.863497203664529,-6.863497203664529,135.32901813686277,319.5685895865296,32.07891236050606,80.63178876968466,0.6726314746696023,1,0,120
9,13,-6.83886924090284,-6.83886924090284,-6.83886924090284,132.6763385266437,315.12513070842283,40.412779252489095,86.82897500855289,0.7243284862608832,1,0,120
9,14,-6.939510011397388,-6.939510011397388,-6.939510011397388,139.93731317892025,334.88537715263305,30.280622188795174,84.29226628343739,0.7031672276975212,1,0,120
9,15,-6.872618711646488,-6.872618711646488,-6.872618711646488,141.9691312014265,327.35700848962966,28.687214810693366,78.55454478911967,0.6553030772321229,1,0,120
9,16,-6.941957073289138,-6.941957073289138,-6.941957073289138,140.6124542956159,336.121425893733,30.297724196379512,84.42194271474493,0.7042489902449134,1,0,120
9,17,-6.939695783375318,-6.939695783375318,-6.939695783375318,138.5223068712197,332.8885123780645,30.18196552023371,84.45996458772557,0.7045661692246048,1,0,120
9,18,-6.931403338272141,-6.931403338272141,-6.931403338272141,140.7908672738746,334.8169485174128,30.171952447688714,83.57753221704361,0.6972049064293144,1,0,120
9,19,-6.962129215909929,-6.962129215909929,-6.962129215909929,139.5953797629305,337.74594535656774,30.78755022225215,86.40475801968077,0.7207896623905607,1,0,120
9,20,-6.974285082765871,-6.974285082765871,-6.974285082765871,139.98882477032606,340.0251612141626,31.339543102932804,87.89367343342214,0.7332102149503434,1,0,120
9,21,-6.976849597476808,-6.976849597476808,-6.976849597476808,137.9622267993676,337.54624189534337,31.635506169270354,88.75211818984714,0.740371372742413,1,0,120
9,22,-6.986034410752181,-6.986034410752181,-6.986034410752181,137.94777156750052,338.77680583190954,31.867123350201563,89.7578880187569,0.7487615182857563,1,0,120
9,23,-6.986745732937475,-6.986745732937475,-6.986745732937475,139.22179933558533,340.5488628859165,31.94523741524385,89.84158622829558,0.7494597298840382,1,0,120
9,24,-6.977787959478374,-6.977787959478374,-6.977787959478374,139.8200873696319,339.97001978165554,31.907880401559854,89.19855964313206,0.7440955933960613,1,0,120
9,25,-6.976972325988418,-6.976972325988418,-6.976972325988418,138.93962842991223,338.5776674359086,31.520454159721588,88.82933980664626,0.7410155565162881,1,0,120
9,26,-6.99981840517509,-6.99981840517509,-6.99981840517509,138.82833401352812,342.0553952533695,32.583402058456265,91.46699308226898,0.7630188958880206,1,0,120
9,27,-6.980961082120723,-6.980961082120723,-6.980961082120723,138.923437274615,338.9891659781376,32.92139777634964,91.00709574829277,0.7591824260952862,1,0,120
9,28,-6.987263833455299,-6.987263833455299,-6.987263833455299,138.35938467823283,339.3205626461382,32.328154769414645,90.57797930643633,0.7556027309217694,1,0,120
9,29,-7.035327614589391,-7.035327614589391,-7.035327614589391,138.84152758601385,348.12182027515746,33.755937868830806,94.68998204291802,0.7899051134769361,1,0,120
9,30,-7.06363551384653,-7.06363551384653,-7.06363551384653,138.97252581041687,353.3063599155265,34.43908763163748,96.87556353812812,0.8081372639298166,1,0,120
9,31,-7.08730036031028,-7.08730036031028,-7.08730036031028,138.59717671805038,357.02110382447916,35.33165919468849,99.19804948636049,0.8275114731851902,1,0,120
9,32,-7.104787845475758,-7.104787845475758,-7.104787845475758,138.33119828844195,359.88878725678785,36.38306504782857,101.3748920792444,0.8456707235964327,1,0,120
9,33,-7.1170867503309765,-7.1170867503309765,-7.1170867503309765,138.29577680364605,362.18895480053584,36.70009932079583,102.29386887974215,0.8533368405205106,1,0,120
9,34,-7.128609659694506,-7.128609659694506,-7.128609659694506,138.90907298259322,365.23143873705635,37.138268237976504,103.33659226453014,0.8620352531277988,1,0,120
9,35,-7.142323861657391,-7.142323861657391,-7.142323861657391,138.2503881407544,366.8732104313069,37.957748095316774,105.13428948724822,0.8770316677227945,1,0,120
9,36,-7.14140017440445,-7.14140017440445,-7.14140017440445,139.10068623901208,368.2006057825812,39.05491438242889,106.18891205441709,0.8858293434707663,1,0,120
9,37,-7.138256786802697,-7.138256786802697,-7.138256786802697,137.42364610462766,364.86212182224574,38.09093924995988,105.25857657905614,0.8780684723270424,1,0,120
9,38,-7.143794484675613,-7.143794484675613,-7.143794484675613,137.79299465163825,366.55574545268615,38.63724585476048,106.09655429174714,0.8850588937629058,1,0,120
9,39,-7.148368107552802,-7.148368107552802,-7.148368107552802,137.11114163356325,366.4980346612808,38.82944344011059,106.57852275325992,0.8890794812006666,1,0,120
9,40,-7.155360752810875,-7.155360752810875,-7.155360752810875,138.22034162197147,369.26611652869957,39.0638672545745,107.27663966308306,0.8949031819235591,1,0,120
9,41,-7.165920286220603,-7.165920286220603,-7.165920286220603,137.8887479695771,370.97124398545424,39.35354116543493,108.03755846295927,0.9012507768643896,1,0,120
9,42,-7.167901334643346,-7.167901334643346,-7.167901334643346,138.12532102991293,371.7815898164716,39.17841850282902,107.78502944660609,0.8991441763876014,1,0,120
9,43,-7.169839276160943,-7.169839276160943,-7.169839276160943,137.54593186374132,371.42161766361085,40.068867969493866,109.03081010318239,0.9095364955080576,1,0,120
9,44,-7.173757109905425,-7.173757109905425,-7.173757109905425,136.61368448382368,370.99247798732046,40.54780111721164,109.78733079092086,0.9158474013378302,1,0,120
9,45,-7.177363223774533,-7.177363223774533,-7.177363223774533,136.2895533117654,371.0841125576252,40.83855881049304,110.51798333283567,0.9219425147445666,1,0,120
9,46,-7.172870450522993,-7.172870450522993,-7.172870450522993,136.88337680630903,371.42780719558766,40.423616058827825,109.33621522476062,0.9120841891712304,1,0,120
9,47,-7.177432052527279,-7.177432052527279,-7.177432052527279,136.7968548609628,371.8917984952808,41.10739122944549,110.78088856059289,0.9241356737175097,1,0,120
9,48,-7.1733523428255745,-7.1733523428255745,-7.1733523428255745,136.0246985735742,369.88725134609723,41.303987931224356,111.02204037324579,0.926147365406842,1,0,120
9,49,-7.178781878830654,-7.178781878830654,-7.178781878830654,136.50464406869295,371.5449440324626,40.917227827175374,110.79836323449682,0.9242814476840397,1,0,120
9,50,-7.179461400459651,-7.179461400459651,-7.179461400459651,137.40283010601354,372.8423049949656,40.91691239501251,110.88427162816835,0.9249980966683111,1,0,120
9,51,-7.1851403143235935,-7.1851403143235935,-7.1851403143235935,135.90995885752525,371.8921655347631,41.13376072576548,111.47111755800701,0.9298935733681861,1,0,120
9,52,-7.1820512224150805,-7.1820512224150805,-7.1820512224150805,134.75114913099702,369.63592475416283,41.912919531168704,112.46362006555343,0.9381730427369126,1,0,120
9,53,-7.182841761865266,-7.182841761865266,-7.182841761865266,135.83804783026804,371.4174627515987,41.4938048728997,111.78333932350108,0.9324981315672867,1,0,120
9,54,-7.189687382091888,-7.189687382091888,-7.189687382091888,136.7745702312607,374.14842434469773,40.943379320217865,111.23665856817927,0.927937713297565,1,0,120
9,55,-7.182864276539283,-7.182864276539283,-7.182864276539283,136.9522399572771,373.11796518629023,40.38090382424782,110.09003548082518,0.9183725679633818,1,0,120
9,56,-7.190382462013084,-7.190382462013084,-7.190382462013084,136.36253565207505,373.5225513621658,40.81275917332138,111.28937516336147,0.9283774758490104,1,0,120
9,57,-7.192841619786519,-7.192841619786519,-7.192841619786519,135.69208325205872,373.04307580911643,40.152674893553,110.53925669836342,0.9221199774481039,1,0,120
9,58,-7.196135077689525,-7.196135077689525,-7.196135077689525,136.2410742125984,374.60025656573964,40.67425741231133,111.25131633824036,0.9280599886140624,1,0,120
9,59,-7.198078401615476,-7.198078401615476,-7.198078401615476,136.32331698443747,375.19930296707787,40.86888940645352,111.50498564480787,0.9301761014072722,1,0,120
9,60,-7.200687121921758,-7.200687121921758,-7.200687121921758,136.98831945510392,376.6271387802178,40.43696665426459,111.0328210998667,0.926237298374418,1,0,120
9,61,-7.208453429961092,-7.208453429961092,-7.208453429961092,136.54386764916063,377.3965416389531,40.717266439187235,111.93423936747665,0.933756941779186,1,0,120
9,62,-7.215574392429328,-7.215574392429328,-7.215574392429328,135.61145889130916,377.3113498268999,41.049797463139846,112.9331484411881,0.9420898548096854,1,0,120
9,63,-7.2178386391850795,-7.2178386391850795,-7.2178386391850795,134.9080457283046,376.80531894984864,41.174757904402085,113.19032412696066,0.9442352178657436,1,0,120
9,64,-7.223425746448394,-7.223425746448394,-7.223425746448394,135.82215612048566,378.99285531819095,41.13817159806972,113.5963926572719,0.9476226470487963,1,0,120
9,65,-7.226086336852179,-7.226086336852179,-7.226086336852179,134.88526761172085,378.0137137963698,41.74537888219996,114.77158169813218,0.9574260899542648,1,0,120
9,66,-7.230783716092912,-7.230783716092912,-7.230783716092912,135.21235167615282,379.26146259078735,41.46445565385206,114.7471325724424,0.9572221350164167,1,0,120
9,67,-7.234270332029087,-7.234270332029087,-7.234270332029087,135.86628544358516,380.8381488653864,41.26491727975874,114.66837710844764,0.9565651558684483,1,0,120
9,68,-7.23947348933397,-7.23947348933397,-7.23947348933397,135.46449623987417,381.1562609924547,41.570422188088806,115.5060005489899,0.9635526219612456,1,0,120
9,69,-7.237599319619477,-7.237599319619477,-7.237599319619477,135.0758448999764,380.21361927864405,42.017871117463436,116.06583827515246,0.9682227958600289,1,0,120
9,70,-7.239517937879687,-7.239517937879687,-7.239517937879687,134.98238475410312,380.4079314480389,41.39170402066548,115.33751928116757,0.962147148941749,1,0,120
9,71,-7.239855339945922,-7.239855339945922,-7.239855339945922,134.4655793878356,379.7182515154027,40.82049537502883,114.57914142609934,0.9558207505969425,1,0,120
9,72,-7.242189821790225,-7.242189821790225,-7.242189821790225,133.91662808368687,379.25009220066136,41.13346629163792,115.29137489552942,0.9617622118513891,1,0,120
9,73,-7.240972529414674,-7.240972529414674,-7.240972529414674,134.8190637687627,380.22727963481293,40.82486143663453,114.85088647594046,0.9580876514855101,1,0,120
9,74,-7.242186448770645,-7.242186448770645,-7.242186448770645,133.27785896994374,378.2966422993276,41.41018557505111,115.73230571172282,0.9654404626957378,1,0,120
9,75,-7.243906487237296,-7.243906487237296,-7.243906487237296,133.373431820614,378.8690607635269,41.02105571540439,115.16931357779535,0.9607439746846298,1,0,120
9,76,-7.245250270963588,-7.245250270963588,-7.245250270963588,133.31589232520525,379.11710075039184,41.2803474259084,115.53920465177828,0.9638296110367008,1,0,120
9,77,-7.242270993860865,-7.242270993860865,-7.242270993860865,132.21680937589227,376.82412722688093,41.07288589435623,115.24433786798667,0.9613698283301637,1,0,120
9,78,-7.242337995307611,-7.242337995307611,-7.242337995307611,132.5597706554642,377.4692146451971,41.43353437879033,115.6137319112257,0.9644513184450332,1,0,120
9,79,-7.246273528123762,-7.246273528123762,-7.246273528123762,134.3083964211504,380.80775909051306,41.14983808794145,115.3218897456359,0.9620167671445263,1,0,120
9,80,-7.242738836980142,-7.242738836980142,-7.242738836980142,133.95400019997209,379.65005334516815,41.048330712892415,114.95969535212315,0.9589953366052457,1,0,120
9,81,-7.24652101268583,-7.24652101268583,-7.24652101268583,134.16794248568925,380.6616567507031,40.911633530447375,114.99368102951433,0.9592788455866299,1,0,120
9,82,-7.247635978756949,-7.247635978756949,-7.247635978756949,134.30983774089395,381.1344758325704,41.53462994066833,115.87939676132288,0.9666674982249357,1,0,120
9,83,-7.243610042274786,-7.243610042274786,-7.243610042274786,135.47264843960514,382.2001605200583,41.10169859230099,114.84258515822893,0.9580184017806579,1,0,120
9,84,-7.245299888688354,-7.245299888688354,-7.245299888688354,133.95933551605745,380.21240457090164,41.71725978714985,115.98425209478701,0.9675422028377332,1,0,120
9,85,-7.250118216410971,-7.250118216410971,-7.250118216410971,135.2831112870498,382.92947056105976,41.619786587724896,116.19704381261307,0.9693173142316731,1,0,120
9,86,-7.251826134640615,-7.251826134640615,-7.251826134640615,135.37966064549107,383.32235260870175,41.589554947044284,116.32420538086815,0.9703780977573992,1,0,120
9,87,-7.250806851318386,-7.250806851318386,-7.250806851318386,136.28140458437977,384.4204193939946,41.52798047475212,116.15560228244938,0.9689716084254161,1,0,120
9,88,-7.250239241697735,-7.250239241697735,-7.250239241697735,135.82872188227824,383.7133827181561,41.34386542930754,115.82367470821065,0.9662026641027068,1,0,120
9,89,-7.252616422455909,-7.252616422455909,-7.252616422455909,136.29598446047603,384.7706951170928,41.19028772965435,115.80300670569255,0.9660302513456003,1,0,120
9,90,-7.249092819392329,-7.249092819392329,-7.249092819392329,135.52104583422468,382.9667127149496,41.789645260322104,116.47862847710223,0.9716662973189849,1,0,120
9,91,-7.252695067831853,-7.252695067831853,-7.252695067831853,135.8768852095267,384.2439820679383,41.33376941925333,115.96056852479288,0.9673446341758734,1,0,120
9,92,-7.2484526159351885,-7.2484526159351885,-7.2484526159351885,135.509265605675,382.8749547895817,41.603695488480064,116.13206911302792,0.9687752944071717,1,0,120
9,93,-7.252407596109926,-7.252407596109926,-7.252407596109926,135.6654440347531,383.9103664724103,41.102570202651876,115.59728063701286,0.9643140816925957,1,0,120
9,94,-7.255697962378717,-7.255697962378717,-7.255697962378717,135.1727813597439,383.70399549813925,41.47836432441136,116.46068785025342,0.9715166363666738,1,0,120
9,95,-7.254618055310451,-7.254618055310451,-7.254618055310451,136.71069124814932,385.7611875163082,40.92289769598745,115.52165487873701,0.9636832105921493,1,0,120
9,96,-7.256478806091631,-7.256478806091631,-7.256478806091631,134.7069928577126,383.164518837781,40.97556445992356,115.82184105499331,0.9661873677427175,1,0,120
9,97,-7.25555659852202,-7.25555659852202,-7.25555659852202,133.6644691563721,381.4587595801305,41.50266739601147,116.56540113343289,0.9723901559940715,1,0,120
9,98,-7.2568500807860605,-7.2568500807860605,-7.2568500807860605,134.9759689437754,383.60262415493054,40.85720318788278,115.69026228572311,0.9650897358662596,1,0,120
9,99,-7.2558079149488925,-7.2558079149488925,-7.2558079149488925,134.19867958018003,382.2301132233316,41.12858980736609,116.0842486383094,0.9683763753589885,1,0,120
9,100,-7.256053694785919,-7.256053694785919,-7.256053694785919,134.79998729883675,383.20612155588105,40.78041833454788,115.52912766252972,0.9637455486558222,1,0,120
9,101,-7.253482984553351,-7.253482984553351,-7.253482984553351,134.34984460236717,382.02983935481063,40.97028098175915,115.69544561417005,0.9651329752624105,1,0,120
9,102,-7.255809579081138,-7.255809579081138,-7.255809579081138,135.50727735546639,384.17463559565624,40.43973094905897,115.02007428357145,0.9594990184696659,1,0,120
9,103,-7.257060502055241,-7.257060502055241,-7.257060502055241,134.88264606169938,383.5168869722758,40.8722205912695,115.71733162060193,0.9653155486246727,1,0,120
9,104,-7.256958938757338,-7.256958938757338,-7.256958938757338,134.78769150404463,383.3566017663047,40.73850298379065,115.52740304083869,0.9637311618383029,1,0,120
9,105,-7.257005259115692,-7.257005259115692,-7.257005259115692,134.82692472966914,383.4251101922896,40.88202348206754,115.73010055406404,0.965422067240663,1,0,120
9,106,-7.257179606982004,-7.257179606982004,-7.257179606982004,134.9508544174014,383.6424605087518,40.91640903730563,115.78110595217956,0.9658475549629875,1,0,120
9,107,-7.257169693094388,-7.257169693094388,-7.257169693094388,134.95738553412122,383.6536675343708,40.94326327208816,115.81482428727787,0.9661288337713414,1,0,120
9,108,-7.25719217688792,-7.25719217688792,-7.25719217688792,134.93622882595344,383.62430522496794,40.92630524876104,115.79568482310592,0.9659691721018335,1,0,120
9,109,-7.257391211067778,-7.257391211067778,-7.257391211067778,134.82054233042638,383.49063055073736,41.00441705096336,115.92570173266226,0.9670537749233916,1,0,120
9,110,-7.257577227073983,-7.257577227073983,-7.257577227073983,134.85463007473976,383.57682002879733,41.01209872194981,115.94528741905124,0.9672171589846812,1,0,120
9,111,-7.257672726723347,-7.257672726723347,-7.257672726723347,134.80813471889144,383.52598172137954,41.07405809383964,116.04194052187725,0.9680234404783357,1,0,120
9,112,-7.257790241336014,-7.257790241336014,-7.257790241336014,134.7629959376383,383.4851797740651,41.10953365494906,116.0983721127401,0.968494193574096,1,0,120
9,113,-7.257857248568144,-7.257857248568144,-7.257857248568144,134.69530158023076,383.39943542082233,41.14729588005024,116.15833875721052,0.9689944361349592,1,0,120
9,114,-7.257917343925889,-7.257917343925889,-7.257917343925889,134.78395400017115,383.5327988660151,41.16297903189988,116.18817396689252,0.9692433218584646,1,0,120
9,115,-7.257942371550198,-7.257942371550198,-7.257942371550198,134.70656898707324,383.42282600427893,41.181660921128554,116.22102856302446,0.9695173953446554,1,0,120
9,116,-7.257951216040337,-7.257951216040337,-7.257951216040337,134.80748219765536,383.57306721323323,41.14843499951547,116.16912737088508,0.9690844348964438,1,0,120
9,117,-7.257883605348886,-7.257883605348886,-7.257883605348886,134.701276927352,383.4025171413689,41.233659536935654,116.2929896159958,0.970117695423786,1,0,120
9,118,-7.257992974949021,-7.257992974949021,-7.257992974949021,134.83996037531688,383.62930143886757,41.12848824153617,116.14112324452735,0.968850824094845,1,0,120
9,119,-7.2580973825397015,-7.2580973825397015,-7.2580973825397015,134.86599337800686,383.69013077882965,41.14203534003828,116.16259026881688,0.9690299023023976,1,0,120
9,120,-7.258026783362971,-7.258026783362971,-7.258026783362971,134.94468459401162,383.794998469382,41.164538375195285,116.18374551389498,0.9692063796435431,1,0,120
9,121,-7.258159011537575,-7.258159011537575,-7.258159011537575,134.83873070215992,383.663701307303,41.130555659242084,116.1494049288356,0.9689199100175809,1,0,120
9,122,-7.25831529902452,-7.25831529902452,-7.25831529902452,134.83805511577623,383.6927908098029,41.072528923051095,116.07599338884404,0.9683075099560701,1,0,120
9,123,-7.258346443933312,-7.258346443933312,-7.258346443933312,134.8969199379415,383.78535187020566,41.018032212520914,115.99742006093717,0.9676520501898151,1,0,120
9,124,-7.25842203428366,-7.25842203428366,-7.25842203428366,134.90278194211967,383.80743046922413,40.97385080073294,115.93979254157398,0.9671713206422972,1,0,120
9,125,-7.258367009901653,-7.258367009901653,-7.258367009901653,134.797406812159,383.6527404128641,40.95270122515834,115.90094851668265,0.9668472832602246,1,0,120
9,126,-7.258443545330665,-7.258443545330665,-7.258443545330665,134.87099309132958,383.76453041642446,40.98269908874988,115.95547385452612,0.967302134367463,1,0,120
9,127,-7.258526020159482,-7.258526020159482,-7.258526020159482,134.93888632615966,383.88050422570507,40.97248528426961,115.94205754702364,0.9671902153484544,1,0,120
9,128,-7.2585212631109455,-7.2585212631109455,-7.2585212631109455,135.06004397905411,384.05526759509735,40.92721428997759,115.8739030435009,0.9666216695564118,1,0,120
9,129,-7.2584924961573964,-7.2584924961573964,-7.2584924961573964,134.9745167642509,383.92618764388396,40.94798476848941,115.90380755833526,0.9668711334244375,1,0,120
9,130,-7.258631088210951,-7.258631088210951,-7.258631088210951,134.8548612390198,383.7749455606863,41.02917852055254,116.03504161717703,0.9679658897218297,1,0,120
9,131,-7.258652461310864,-7.258652461310864,-7.258652461310864,134.90937173579022,383.85555463494586,40.976010663874305,115.96168152396345,0.967353918830038,1,0,120
9,132,-7.2587093282217445,-7.2587093282217445,-7.2587093282217445,134.79649205422913,383.6987484981807,40.987477074036,115.98858039311617,0.9675783095610537,1,0,120
9,133,-7.258786576169064,-7.258786576169064,-7.258786576169064,134.74262294751995,383.63146489670606,41.049140757875044,116.08624309976551,0.968393013183485,1,0,120
9,134,-7.258823117715918,-7.258823117715918,-7.258823117715918,134.71771487256336,383.59794960938393,41.06345296342151,116.11382792533684,0.9686231261722411,1,0,120
9,135,-7.258815005032282,-7.258815005032282,-7.258815005032282,134.66248259341978,383.51414628295,41.135852793204435,116.22000556825478,0.9695088615084226,1,0,120
9,136,-7.2588472872760805,-7.2588472872760805,-7.2588472872760805,134.66091361061416,383.52187701251836,41.06397124522763,116.11593129405368,0.9686406725025827,1,0,120
9,137,-7.258936878206313,-7.258936878206313,-7.258936878206313,134.58627843649774,383.4352269863141,41.052128827220834,116.10200200987313,0.9685244742251735,1,0,120
9,138,-7.258994156143033,-7.258994156143033,-7.258994156143033,134.56555203711264,383.4158163700915,41.00583604084142,116.04040183590975,0.9680106047391419,1,0,120
9,139,-7.258977517895934,-7.258977517895934,-7.258977517895934,134.4117908147639,383.18799344006914,41.051262831404685,116.10995521294352,0.9685908199529716,1,0,120
9,140,-7.258963704382013,-7.258963704382013,-7.258963704382013,134.5202181193949,383.3440077885891,41.01838498567487,116.0579718672561,0.9681571741787489,1,0,120
9,141,-7.2590482154139835,-7.2590482154139835,-7.2590482154139835,134.54271180798722,383.39546681031777,41.00376663194507,116.03881867136236,0.967997397959032,1,0,120
9,142,-7.259081886002327,-7.259081886002327,-7.259081886002327,134.628890869001,383.5294854775177,40.99801949639192,116.02761247866276,0.9679039157476612,1,0,120
9,143,-7.259082024526798,-7.259082024526798,-7.259082024526798,134.65134046325613,383.5679589051857,40.92884353792765,115.92271447023369,0.9670288551397279,1,0,120
9,144,-7.259049005282132,-7.259049005282132,-7.259049005282132,134.5276990010692,383.3843292538055,40.97828704670009,115.99254917365768,0.9676114171821175,1,0,120
9,145,-7.259095180603265,-7.259095180603265,-7.259095180603265,134.65608604545662,383.5740675528149,40.92716652733482,115.92425624950371,0.9670417166832932,1,0,120
9,146,-7.2591291005131175,-7.2591291005131175,-7.2591291005131175,134.70351799953295,383.6468926709175,40.890985046022706,115.87590533057117,0.9666383726622878,1,0,120
9,147,-7.259083432924757,-7.259083432924757,-7.259083432924757,134.82647961190943,383.81482838598833,40.84342073439194,115.80379309450781,0.9660368114117546,1,0,120
9,148,-7.259061031354686,-7.259061031354686,-7.259061031354686,134.718424147758,383.65654789658424,40.86329634365362,115.83106803621929,0.9662643393451522,1,0,120
9,149,-7.2592105461554395,-7.2592105461554395,-7.2592105461554395,134.7348630476618,383.7056219838249,40.945218094665734,115.95923276569336,0.9673334912553624,1,0,120
9,150,-7.259248705718822,-7.259248705718822,-7.259248705718822,134.76996695553692,383.76249761123836,40.95269470278576,115.97244142684168,0.9674436780856706,1,0,120
9,151,-7.2592397131236535,-7.2592397131236535,-7.2592397131236535,134.87423539808407,383.90970117422603,40.985212050672374,116.01745369024815,0.9678191709970307,1,0,120
9,152,-7.259251001411936,-7.259251001411936,-7.259251001411936,134.77899317174186,383.7762605464168,40.95995550595537,115.98241080128756,0.9675268427424069,1,0,120
9,153,-7.2592816965329625,-7.2592816965329625,-7.2592816965329625,134.64853688494924,383.5900574417143,41.00421843496334,116.05371069442236,0.9681216274172209,1,0,120
9,154,-7.259274136106065,-7.259274136106065,-7.259274136106065,134.60762170627413,383.52887082385826,40.99732383582281,116.04500679602832,0.9680490193788591,1,0,120
9,155,-7.259256881418087,-7.259256881418087,-7.259256881418087,134.7174996710557,383.68411623445684,40.967945953122154,115.99994358077434,0.9676731014264965,1,0,120
9,156,-7.259324350785933,-7.259324350785933,-7.259324350785933,134.64781843327327,383.59550161973135,41.00894255578536,116.0646197422066,0.9682126308416805,1,0,120
9,157,-7.2593366549572,-7.2593366549572,-7.2593366549572,134.64173003530675,383.59603540169644,40.993241483580434,116.03616841890799,0.9679752895171403,1,0,120
9,158,-7.2593657468684185,-7.2593657468684185,-7.2593657468684185,134.5900699311474,383.5296108423361,40.96771075270667,116.00005386426639,0.9676740214128818,1,0,120
9,159,-7.259346376315323,-7.259346376315323,-7.259346376315323,134.45849536017778,383.3350502773285,41.03505524641509,116.09838921147981,0.9684943362120144,1,0,120
9,160,-7.259362767035203,-7.259362767035203,-7.259362767035203,134.6579451113498,383.62699944136256,40.937010314063635,115.95480637595968,0.9672965662522159,1,0,120
9,161,-7.259406751594685,-7.259406751594685,-7.259406751594685,134.63045168848873,383.5957302580148,40.91715119691267,115.92969570240682,0.9670870926731285,1,0,120
9,162,-7.2593951345508,-7.2593951345508,-7.2593951345508,134.65472466543935,383.62864101461855,40.873995976279055,115.86701791727974,0.966564233740165,1,0,120
9,163,-7.259383294625049,-7.259383294625049,-7.259383294625049,134.60914343420953,383.56176847184395,40.90323199520555,115.90767658294894,0.9669034088801993,1,0,120
9,164,-7.259417947505717,-7.259417947505717,-7.259417947505717,134.73234034716475,383.7450973544888,40.934770886197235,115.95312906736028,0.9672825741211482,1,0,120
9,165,-7.259381454127078,-7.259381454127078,-7.259381454127078,134.81848172857008,383.8653895568695,40.898002962841026,115.89393614072229,0.9667887859249289,1,0,120
9,166,-7.259392721666363,-7.259392721666363,-7.259392721666363,134.7239486523664,383.7322774778565,40.92630648685503,115.9356718476368,0.967136945757628,1,0,120
9,167,-7.25944888248809,-7.25944888248809,-7.25944888248809,134.6797308719914,383.67047557921916,40.94644839509943,115.97725866956537,0.9674838635897567,1,0,120
9,168,-7.259420300319845,-7.259420300319845,-7.259420300319845,134.70683516128983,383.7017016639804,40.9375379024808,115.96477131073044,0.9673796938731223,1,0,120
9,169,-7.259459206473645,-7.259459206473645,-7.259459206473645,134.71287469465358,383.72025025841197,40.92260482318636,115.94329244330433,0.9672005168699638,1,0,120
9,170,-7.259443386375879,-7.259443386375879,-7.259443386375879,134.76043597586488,383.7803132028787,40.95486149383282,115.99279998625028,0.967613509464164,1,0,120
9,171,-7.259440459661719,-7.259440459661719,-7.259440459661719,134.7842489191043,383.82070628689513,40.87695798713271,115.87474699384912,0.9666287098016542,1,0,120
9,172,-7.259480572098941,-7.259480572098941,-7.259480572098941,134.57148171413724,383.5203314206457,40.94781719827099,115.98325952143223,0.9675339227773558,1,0,120
9,173,-7.259463808419824,-7.259463808419824,-7.259463808419824,134.50211560778615,383.4161111765473,40.96090085965978,116.0032012565447,0.9677002770019221,1,0,120
9,174,-7.259480716906738,-7.259480716906738,-7.259480716906738,134.56985528524262,383.51960744291,40.92643640993486,115.95128091464113,0.9672671568061182,1,0,120
9,175,-7.25949278383101,-7.25949278383101,-7.25949278383101,134.5804318893406,383.53658158679013,40.90020914391801,115.91504841926624,0.9669649048386642,1,0,120
9,176,-7.259444157880928,-7.259444157880928,-7.259444157880928,134.4761718014232,383.37533890988743,40.91542245926028,115.93741297558631,0.9671514702705792,1,0,120
9,177,-7.259495017440138,-7.259495017440138,-7.259495017440138,134.61044300681817,383.58092648433745,40.914293996606666,115.93401024317451,0.9671230846306849,1,0,120
9,178,-7.259506460994557,-7.259506460994557,-7.259506460994557,134.6777807709983,383.6789393395659,40.890672755068344,115.90105705943343,0.9668481887253226,1,0,120
9,179,-7.259500020201689,-7.259500020201689,-7.259500020201689,134.65207896024992,383.64480215958974,40.91532792505599,115.93209629090858,0.9671071184149438,1,0,120
9,180,-7.259491572113601,-7.259491572113601,-7.259491572113601,134.71440545911722,383.73038129111546,40.85671402130408,115.84968897181339,0.9664196754422363,1,0,120
9,181,-7.259509439001034,-7.259509439001034,-7.259509439001034,134.68402915352934,383.68780540602063,40.88655554009881,115.89596698349538,0.9668057272428647,1,0,120
9,182,-7.259485975866929,-7.259485975866929,-7.259485975866929,134.54875466028278,383.48630616478505,40.934207417957104,115.96692676766986,0.9673976747241224,1,0,120
9,183,-7.2594893921997246,-7.2594893921997246,-7.2594893921997246,134.68429192040708,383.68759010516754,40.853745149199796,115.84486618254518,0.9663794436688005,1,0,120
9,184,-7.259516559591164,-7.259516559591164,-7.259516559591164,134.75467223396038,383.78576216841384,40.899746810560146,115.91904984690548,0.9669982848022596,1,0,120
9,185,-7.259521169683718,-7.259521169683718,-7.259521169683718,134.76203549078497,383.7966727343836,40.912325629046826,115.93765617038554,0.9671534990048902,1,0,120
9,186,-7.259512227268572,-7.259512227268572,-7.259512227268572,134.77122121084696,383.8079077670164,40.90187396127048,115.9223861344221,0.9670261161579379,1,0,120
9,187,-7.259507513264574,-7.259507513264574,-7.259507513264574,134.82761425293518,383.88893650943106,40.88642862703594,115.89841715847822,0.9668261666357774,1,0,120
9,188,-7.259460052740085,-7.259460052740085,-7.259460052740085,134.7524804401807,383.76717978514307,40.98435847784949,116.04073175641686,0.9680133569404834,1,0,120
9,189,-7.25951600648341,-7.25951600648341,-7.25951600648341,134.70822897633772,383.7175892032549,40.92736177248038,115.96030237141295,0.9673424139207709,1,0,120
9,190,-7.259512827340723,-7.259512827340723,-7.259512827340723,134.73759360103546,383.75921811043753,40.86985796190169,115.87785008925182,0.9666545958655579,1,0,120
9,191,-7.259525791050015,-7.259525791050015,-7.259525791050015,134.75871900570115,383.7956122566848,40.9083607875562,115.92951478625905,0.967085583468172,1,0,120
9,192,-7.259501547373075,-7.259501547373075,-7.259501547373075,134.8048775629268,383.86037231001114,40.83232865456305,115.81620478645125,0.9661403499141548,1,0,120
9,193,-7.259507238736842,-7.259507238736842,-7.259507238736842,134.74895184220588,383.7763624074992,40.91982117637037,115.94653748333032,0.9672275870378386,1,0,120
9,194,-7.259503377391209,-7.259503377391209,-7.259503377391209,134.76755384811537,383.80929106284555,40.8764475257413,115.87740904961332,0.9666509167069164,1,0,120
9,195,-7.259531985793669,-7.259531985793669,-7.259531985793669,134.60287272706933,383.574831604687,40.941342451756505,115.97705393818072,0.9674821557177713,1,0,120
9,196,-7.259510184570415,-7.259510184570415,-7.259510184570415,134.4664650848946,383.37485374364513,40.93686231107247,115.9710838810547,0.9674323534203175,1,0,120
9,197,-7.259514318446621,-7.259514318446621,-7.259514318446621,134.569594370713,383.5221646478992,40.97847593613061,116.03079328924893,0.9679304501126786,1,0,120
9,198,-7.259529817868984,-7.259529817868984,-7.259529817868984,134.59939623150123,383.5695554340904,40.94218712053775,115.9780438660971,0.9674904137098657,1,0,120
9,199,-7.259530657726725,-7.259530657726725,-7.259530657726725,134.63940610614122,383.62719082765636,40.931537251152164,115.96239214699578,0.9673598468570044,1,0,120
9,200,-7.259530639208769,-7.259530639208769,-7.259530639208769,134.60207360289968,383.57349742728184,40.943493605686434,115.97997552372972,0.9675065276240156,1,0,120
9,201,-7.259533382370678,-7.259533382370678,-7.259533382370678,134.59237226333823,383.5599595519648,40.93878088502922,115.97368894107683,0.9674540848663269,1,0,120
9,202,-7.259532736281877,-7.259532736281877,-7.259532736281877,134.59332820237088,383.560914583217,40.94211560286116,115.978677761363,0.9674957016727646,1,0,120
9,203,-7.259533533180501,-7.259533533180501,-7.259533533180501,134.59481843792418,383.5634811094302,40.93770027506239,115.97214813675703,0.9674412314558096,1,0,120
9,204,-7.259534472832738,-7.259534472832738,-7.259534472832738,134.60074443163856,383.5725099995975,40.92976159633485,115.96049005273025,0.9673439795608634,1,0,120
9,205,-7.259534904454753,-7.259534904454753,-7.259534904454753,134.6063917126088,383.5813267179818,40.92293017560789,115.95009619546352,0.9672572738626828,1,0,120
9,206,-7.25953348408335,-7.25953348408335,-7.25953348408335,134.59941432205298,383.5713468318253,40.91937655313479,115.94473622677206,0.9672125609312183,1,0,120
9,207,-7.259533613272353,-7.259533613272353,-7.259533613272353,134.60173442445443,383.5745428432507,40.9245372620912,115.9522173416274,0.9672749684927284,1,0,120
9,208,-7.259538493176331,-7.259538493176331,-7.259538493176331,134.61034830197642,383.58726156005554,40.91953151886498,115.94585159293528,0.9672218653308677,1,0,120
9,209,-7.259542768940602,-7.259542768940602,-7.259542768940602,134.62164507038963,383.60374030312715,40.916844739654884,115.94269207321949,0.9671955085745796,1,0,120
9,210,-7.25954633424637,-7.25954633424637,-7.25954633424637,134.6200211925374,383.60118428432156,40.91114754389713,115.93572134877314,0.9671373586967782,1,0,120
9,211,-7.25954777893338,-7.25954777893338,-7.25954777893338,134.6195019194726,383.60007463815657,40.9117766744253,115.93734815180576,0.9671509295097234,1,0,120
9,212,-7.259547167653816,-7.259547167653816,-7.259547167653816,134.6410427723554,383.63052349816803,40.905881432599955,115.92900871881801,0.9670813618467204,1,0,120
9,213,-7.259547455855253,-7.259547455855253,-7.259547455855253,134.61203913935705,383.5892781824916,40.91354878378302,115.93996642255794,0.9671727711598219,1,0,120
9,214,-7.2595481873546035,-7.2595481873546035,-7.2595481873546035,134.6318241659216,383.6178266937403,40.90641566327177,115.92960336100147,0.9670863223598736,1,0,120
9,215,-7.259548564534022,-7.259548564534022,-7.259548564534022,134.63485063417562,383.6225039920148,40.905022697556056,115.92734458132351,0.9670674795891883,1,0,120
9,216,-7.259549196574665,-7.259549196574665,-7.259549196574665,134.63456403325736,383.6225223586275,40.89799530665377,115.91707692371034,0.9669818266502279,1,0,120
9,217,-7.259549088186937,-7.259549088186937,-7.259549088186937,134.63782353731605,383.6274898045683,40.89106253706831,115.90685559460199,0.9668965601842827,1,0,120
9,218,-7.259549043364266,-7.259549043364266,-7.259549043364266,134.6341808184476,383.6220574177185,40.89679525621135,115.91525072347709,0.9669665924631328,1,0,120
9,219,-7.259549523070463,-7.259549523070463,-7.259549523070463,134.6322291920502,383.6187619711161,40.89777446588311,115.9172823004783,0.9669835399060096,1,0,120
9,220,-7.259549923436317,-7.259549923436317,-7.259549923436317,134.64060217089684,383.63101184047696,40.894692087537294,115.91266056224498,0.9669449853030316,1,0,120
9,221,-7.259549552984865,-7.259549552984865,-7.259549552984865,134.64165458052736,383.63245073929806,40.89079909728052,115.90708721417421,0.9668984923578932,1,0,120
9,222,-7.259549900317437,-7.259549900317437,-7.259549900317437,134.63515470406486,383.6233210484753,40.8960478350624,115.9145233763937,0.9669605249239059,1,0,120
9,223,-7.259550193862647,-7.259550193862647,-7.259550193862647,134.65294345499947,383.6490319587866,40.88985599338841,115.90538712488964,0.9668843101900411,1,0,120
9,224,-7.259550420585684,-7.259550420585684,-7.259550420585684,134.6437168534099,383.63590062694357,40.891924397691305,115.90838969071847,0.9669093576348771,1,0,120
9,225,-7.259550227415164,-7.259550227415164,-7.259550227415164,134.6478206430131,383.64170979643427,40.888724703406304,115.90381872084237,0.966871226542223,1,0,120
9,226,-7.259550261035848,-7.259550261035848,-7.259550261035848,134.64231022069487,383.6338406055173,40.89003496496313,115.90571982128992,0.966887085547921,1,0,120
9,227,-7.25955020940263,-7.25955020940263,-7.25955020940263,134.6482268331745,383.64201019484983,40.89796834427096,115.91724447884272,0.966983224397413,1,0,120
9,228,-7.259550181378516,-7.259550181378516,-7.259550181378516,134.64132844908363,383.6322976510577,40.894676632054214,115.91245061789225,0.966943233944396,1,0,120
9,229,-7.259550520977227,-7.259550520977227,-7.259550520977227,134.64027042435018,383.63136105698857,40.88938088091223,115.90443108394291,0.9668763348835068,1,0,120
9,230,-7.259549864861424,-7.259549864861424,-7.259549864861424,134.64716402438694,383.64189234870065,40.885296807398774,115.89773368169968,0.9668204650632279,1,0,120
9,231,-7.259550360526465,-7.259550360526465,-7.259550360526465,134.63734672854133,383.6270865097139,40.89158726410818,115.90764486308642,0.9669031442726763,1,0,120
9,232,-7.259550708670685,-7.259550708670685,-7.259550708670685,134.6397595916318,383.6303464668531,40.8875017685529,115.90209179715805,0.9668568205214445,1,0,120
9,233,-7.259550740320988,-7.259550740320988,-7.259550740320988,134.6410759986503,383.6319595292723,40.88536712782265,115.89932233426602,0.9668337176244663,1,0,120
9,234,-7.259550276417238,-7.259550276417238,-7.259550276417238,134.64105794737858,383.63144665841395,40.88543560980028,115.89979109835497,0.9668376280608493,1,0,120
9,235,-7.259550790215565,-7.259550790215565,-7.259550790215565,134.63445490512447,383.62247400451014,40.88696107141384,115.90166687831382,0.9668532758426873,1,0,120
9,236,-7.2595504588857365,-7.2595504588857365,-7.2595504588857365,134.61883496096834,383.59979254678206,40.8917373938949,115.90883517601,0.9669130738792164,1,0,120
9,237,-7.259550528984154,-7.259550528984154,-7.259550528984154,134.63129920427804,383.61802464370544,40.884822595423024,115.89851747189353,0.9668270034516473,1,0,120
9,238,-7.259550951991285,-7.259550951991285,-7.259550951991285,134.64627206941896,383.63991384341193,40.88206166863368,115.89411112999414,0.9667902456878061,1,0,120
9,239,-7.259550849586032,-7.259550849586032,-7.259550849586032,134.64593143717912,383.63913890841275,40.8889019277089,115.90410900731658,0.966873648115925,1,0,120
9,240,-7.25955068940319,-7.25955068940319,-7.25955068940319,134.64343910491505,383.63582624418774,40.88281465887643,115.89517344782966,0.966799107557587,1,0,120
9,241,-7.259551216177957,-7.259551216177957,-7.259551216177957,134.65531969951385,383.6526612150218,40.881179164732984,115.89304812833107,0.9667813781135266,1,0,120
9,242,-7.259550931717538,-7.259550931717538,-7.259550931717538,134.6706263531983,383.6748568905365,40.87367697283578,115.88188633360328,0.9666882662706384,1,0,120
9,243,-7.259551234503313,-7.259551234503313,-7.259551234503313,134.65312672920464,383.649654192781,40.881567233233504,115.89349150607912,0.9667850767767097,1,0,120
9,244,-7.259551005954065,-7.259551005954065,-7.259551005954065,134.65811448215598,383.6565751347268,40.880946134383294,115.89272683281814,0.9667786978620034,1,0,120
9,245,-7.2595511328646305,-7.2595511328646305,-7.2595511328646305,134.659337966484,383.6587039413438,40.8796240458121,115.89048942116986,0.9667600333437112,1,0,120
9,246,-7.25955133461832,-7.25955133461832,-7.25955133461832,134.64660172424934,383.6401677296741,40.8880968973594,115.90300960468971,0.9668644768843122,1,0,120
9,247,-7.25955116092587,-7.25955116092587,-7.25955116092587,134.63346162059122,383.6212116662886,40.889437966017226,115.90513293752178,0.9668821897555735,1,0,120
9,248,-7.259551374543223,-7.259551374543223,-7.259551374543223,134.6474291691595,383.64123314881965,40.8868631600057,115.90137603622756,0.9668508496340622,1,0,120
9,249,-7.259551395282643,-7.259551395282643,-7.259551395282643,134.65791218832123,383.65644012509597,40.882419456616255,115.89476763113483,0.966795722229219,1,0,120
9,250,-7.259551158180509,-7.259551158180509,-7.259551158180509,134.66852582079736,383.6715181124685,40.88190243119862,115.89399663312514,0.9667892905533733,1,0,120
9,251,-7.259551469694349,-7.259551469694349,-7.259551469694349,134.6582269029524,383.65721984742527,40.881156233417215,115.89265686428637,0.9667781141835632,1,0,120
9,252,-7.259551234094965,-7.259551234094965,-7.259551234094965,134.65361404902967,383.650758829348,40.883222127008075,115.89543495369476,0.9668012890430577,1,0,120
9,253,-7.259551414912868,-7.259551414912868,-7.259551414912868,134.6561340054009,383.65433891719715,40.87789324971625,115.88790317163993,0.9667384588150827,1,0,120
9,254,-7.259551369890654,-7.259551369890654,-7.259551369890654,134.6491335245568,383.64407160124097,40.88403264172604,115.89693397915629,0.9668137939337731,1,0,120
9,255,-7.2595514271133865,-7.2595514271133865,-7.2595514271133865,134.65508623965084,383.65281618855323,40.88147022914283,115.8930278069053,0.9667812085919174,1,0,120
9,256,-7.259551281494305,-7.259551281494305,-7.259551281494305,134.6528382211405,383.6493248417703,40.882299539141876,115.89446408190611,0.9667931900174391,1,0,120
9,257,-7.2595513460016186,-7.2595513460016186,-7.2595513460016186,134.66518695470697,383.6673435212807,40.87712436169953,115.8866687839968,0.9667281615366348,1,0,120
9,258,-7.2595514501128555,-7.2595514501128555,-7.2595514501128555,134.65777096034086,383.6565988758584,40.88140402746241,115.8929767702662,0.9667807828435824,1,0,120
9,259,-7.259551459799022,-7.259551459799022,-7.259551459799022,134.66047528552014,383.6604345120529,40.881513902016906,115.8931478637385,0.9667822101076471,1,0,120
9,260,-7.259551465851649,-7.259551465851649,-7.259551465851649,134.65873015440343,383.65794948336924,40.880945235520336,115.89234211585746,0.9667754885479036,1,0,120
9,261,-7.259551465663198,-7.259551465663198,-7.259551465663198,134.6576383439368,383.65637328173636,40.88162844402983,115.89333687095828,0.9667837868084359,1,0,120
9,262,-7.259551469325677,-7.259551469325677,-7.259551469325677,134.65846791840215,383.65756752211865,40.881073397636094,115.89253417126295,0.966777090676699,1,0,120
9,263,-7.2595514883698655,-7.2595514883698655,-7.2595514883698655,134.65707132708212,383.65553563009047,40.88160925600493,115.8933460824216,0.9667838636505879,1,0,120
9,264,-7.25955149272235,-7.25955149272235,-7.25955149272235,134.65738272452714,383.6559810402006,40.88139202786774,115.89303575318374,0.9667812748798799,1,0,120
9,265,-7.2595514949501005,-7.2595514949501005,-7.2595514949501005,134.6569780612768,383.6553913013503,40.88168923570391,115.89347314990088,0.9667849236492221,1,0,120
9,266,-7.259551503664954,-7.259551503664954,-7.259551503664954,134.6564565306516,383.65455995807747,40.88223392679032,115.89433962500186,0.9667921517962572,1,0,120
9,267,-7.25955149844075,-7.25955149844075,-7.25955149844075,134.6553923338289,383.65301046359065,40.88294334875148,115.89538300430809,0.9668008556805701,1,0,120
9,268,-7.2595514953167894,-7.2595514953167894,-7.2595514953167894,134.6570839753765,383.6554565894203,40.88230268260457,115.89443153303493,0.9667929184943147,1,0,120
9,269,-7.259551515685755,-7.259551515685755,-7.259551515685755,134.65604936597367,383.6539580781219,40.881811992091315,115.89376477843085,0.9667873564183713,1,0,120
9,270,-7.259551518986096,-7.259551518986096,-7.259551518986096,134.65630104751602,383.65431461347225,40.881462627326385,115.89327007336436,0.9667832295820022,1,0,120
9,271,-7.259551522739468,-7.259551522739468,-7.259551522739468,134.6562094403518,383.6541746503895,40.88097470748067,115.89258636061743,0.9667775260410014,1,0,120
9,272,-7.2595515296781965,-7.2595515296781965,-7.2595515296781965,134.65489705192994,383.6522849843032,40.881139013459794,115.89284414067953,0.966779676445773,1,0,120
9,273,-7.259551531966653,-7.259551531966653,-7.259551531966653,134.654196920678,383.65125847045203,40.88134554894468,115.8931688816362,0.9667823854392346,1,0,120
9,274,-7.259551523441236,-7.259551523441236,-7.259551523441236,134.6550066129492,383.65237956810466,40.88132115498366,115.8931630663179,0.9667823369277704,1,0,120
9,275,-7.259551532223764,-7.259551532223764,-7.259551532223764,134.65366046724014,383.65048998912255,40.881444454182535,115.893314832757,0.9667836029654622,1,0,120
9,276,-7.259551543175655,-7.259551543175655,-7.259551543175655,134.65312236061905,383.6496989051988,40.88192284362431,115.89402367955212,0.9667895161750337,1,0,120
9,277,-7.259551547931219,-7.259551547931219,-7.259551547931219,134.65241745877648,383.6486637236727,40.88187329138967,115.89398652193232,0.9667892062056658,1,0,120
9,278,-7.259551553373508,-7.259551553373508,-7.259551553373508,134.65217223933587,383.64836756234365,40.88145415770956,115.8933387200766,0.966783802233806,1,0,120
9,279,-7.259551557823167,-7.259551557823167,-7.259551557823167,134.65048939348574,383.64594037310025,40.882088104298006,115.89427451548515,0.9667916086517865,1,0,120
9,280,-7.259551560530784,-7.259551560530784,-7.259551560530784,134.65019852092402,383.6454896065778,40.882284283724076,115.8945912168173,0.9667942505785914,1,0,120
9,281,-7.259551558943197,-7.259551558943197,-7.259551558943197,134.64877091796563,383.64345030174866,40.882316628035674,115.8946447689274,0.9667946973110195,1,0,120
9,282,-7.259551561635319,-7.259551561635319,-7.259551561635319,134.65042144298394,383.6458081678518,40.8821077617152,115.89433895533904,0.9667921462099209,1,0,120
9,283,-7.25955156157146,-7.25955156157146,-7.25955156157146,134.64969434759013,383.64475787509826,40.882110273770174,115.89435820147548,0.9667923067614519,1,0,120
9,284,-7.259551559444975,-7.259551559444975,-7.259551559444975,134.65013939407618,383.64540524142717,40.882370692530046,115.89471413101916,0.9667952759305289,1,0,120
9,285,-7.259551564367307,-7.259551564367307,-7.259551564367307,134.65073627882015,383.6462610099279,40.88220940250488,115.89447941135028,0.9667933178958701,1,0,120
9,286,-7.259551565234043,-7.259551565234043,-7.259551565234043,134.65097928350255,383.64662917681994,40.88166863726375,115.89368776956005,0.9667867140093274,1,0,120
9,287,-7.259551569095083,-7.259551569095083,-7.259551569095083,134.65123465392992,383.64702092436323,40.88171053807743,115.89371998151083,0.9667869827218574,1,0,120
9,288,-7.259551569981544,-7.259551569981544,-7.259551569981544,134.65100833257452,383.64663948271954,40.88222475802597,115.89451130275717,0.9667935839344186,1,0,120
9,289,-7.259551568225103,-7.259551568225103,-7.259551568225103,134.65056985628826,383.6460251115294,40.88269487960279,115.8951702641038,0.9667990809989027,1,0,120
9,290,-7.2595515694377735,-7.2595515694377735,-7.2595515694377735,134.65137448894026,383.64715191052574,40.88213011367,115.89438508013231,0.9667925309835714,1,0,120
9,291,-7.259551571203973,-7.259551571203973,-7.259551571203973,134.65251706701753,383.6488377870719,40.88142024273146,115.89331535355745,0.9667836073099867,1,0,120
9,292,-7.259551567961446,-7.259551567961446,-7.259551567961446,134.65292967152192,383.6494432986304,40.88144568953843,115.8933323445062,0.9667837490487114,1,0,120
9,293,-7.259551569805551,-7.259551569805551,-7.259551569805551,134.65315254086528,383.6497424664085,40.88135023627182,115.89321494019445,0.9667827696603517,1,0,120
9,294,-7.259551571954191,-7.259551571954191,-7.259551571954191,134.6519199125061,383.6479866110958,40.88094916079102,115.89264669760377,0.9667780293729591,1,0,120
9,295,-7.259551570834382,-7.259551570834382,-7.259551570834382,134.65193007497626,383.64801725915004,40.88089387726838,115.8925515659232,0.9667772357831905,1,0,120
9,296,-7.259551572270407,-7.259551572270407,-7.259551572270407,134.6516709877633,383.6476356120854,40.88081787733817,115.89245676710345,0.9667764449701515,1,0,120
9,297,-7.259551568570665,-7.259551568570665,-7.259551568570665,134.65093837823986,383.64655820593475,40.88090299125437,115.89261190886543,0.9667777391648325,1,0,120
9,298,-7.2595515701405615,-7.2595515701405615,-7.2595515701405615,134.65177004842576,383.64776026287905,40.880720464229135,115.89233392868734,0.9667754202504195,1,0,120
9,299,-7.259551574056385,-7.259551574056385,-7.259551574056385,134.6513251039513,383.6471602064146,40.88088032978325,115.8925293163428,0.9667770501768893,1,0,120
9,300,-7.259551568979043,-7.259551568979043,-7.259551568979043,134.65266947211603,383.64911731934427,40.88004682689769,115.89129785967565,0.9667667773486828,1,0,120
10,1,-2.0155290996877726,-2.0155290996877726,-2.0155290996877726,101.03355384311057,27.391715353201548,25.53760806808516,3.4283791819764673,0.041446440492339365,1,0,120
10,2,0.061255956816530954,0.061255956816530954,0.061255956816530954,103.51172902154384,12.656655952301767,24.971627545120132,-1.6635130145890964,-0.020110579812718132,1,0,120
10,3,-5.757923879154218,-5.757923879154218,-5.757923879154218,107.00947624516911,166.77676918224705,26.09728762330732,38.53665512143532,0.465878217806579,1,0,120
10,4,-5.794613502346336,-5.794613502346336,-5.794613502346336,111.42778214315756,178.7319123838085,27.952701061103312,35.254066273289546,0.4261942691725611,1,0,120
10,5,-5.666833981727726,-5.666833981727726,-5.666833981727726,101.05624923043538,158.2005843478276,26.547306111151947,33.87349118987725,0.40950418910771047,1,0,120
10,6,-5.886435727986307,-5.886435727986307,-5.886435727986307,129.20387463576822,198.72111690451825,31.06149940885232,41.517671053042164,0.5019163841989063,1,0,120
10,7,-3.8435225826684682,-3.8435225826684682,-3.8435225826684682,131.21242116028833,75.07264730705971,34.130702826549204,12.789819816128832,0.15461898400961793,1,0,120
10,8,-5.218662010078183,-5.218662010078183,-5.218662010078183,139.04953483609683,149.07086506956463,30.029358105374413,27.639797291354192,0.33414367339496276,1,0,120
10,9,-4.950182405429991,-4.950182405429991,-4.950182405429991,111.08362032778862,121.26355860583973,29.39674890641333,19.576524145799095,0.2366649661511322,1,0,120
10,10,-6.370507716852244,-6.370507716852244,-6.370507716852244,120.52126786939604,237.43873170593736,27.858365759936564,57.02059951701284,0.6893347437015236,1,0,120
10,11,-6.9203227219677785,-6.9203227219677785,-6.9203227219677785,107.77085750750692,294.74851074406416,28.277435162815394,76.42376833513003,0.9239039786364092,1,0,120
10,12,-6.5619785733364075,-6.5619785733364075,-6.5619785733364075,110.81055509090247,250.1304637011346,29.15356710747189,64.58921903134168,0.780833472884958,1,0,120
10,13,-6.816396379791529,-6.816396379791529,-6.816396379791529,110.46057720643627,283.7810137858489,28.06032378606887,71.78424515956632,0.8678157483088718,1,0,120
10,14,-6.880033025145908,-6.880033025145908,-6.880033025145908,105.53121465615199,287.4363282840958,29.173340984489972,74.53263244843652,0.9010416151607381,1,0,120
10,15,-7.010313032280565,-7.010313032280565,-7.010313032280565,115.00726862427244,318.7648868051901,28.141345630998927,79.49237850181518,0.9610010912709523,1,0,120
10,16,-6.661295837445399,-6.661295837445399,-6.661295837445399,103.32047424192686,252.83062394251556,25.6011751154108,64.59716116441999,0.7809294871029133,1,0,120
10,17,-7.0453286981856715,-7.0453286981856715,-7.0453286981856715,111.8533563048515,320.38611726893225,28.566253488049526,81.02331136442547,0.9795088800597536,1,0,120
10,18,-7.028234662221983,-7.028234662221983,-7.028234662221983,112.5761273540702,318.68848859649927,29.17602658271504,81.18867143337133,0.9815079548101209,1,0,120
10,19,-7.046140210542279,-7.046140210542279,-7.046140210542279,111.74463156243974,320.2953321151004,28.58673289562745,81.15080198150991,0.9810501425613174,1,0,120
10,20,-7.045594256544709,-7.045594256544709,-7.045594256544709,112.14785715471743,320.7351969142087,28.54683037986664,81.12056831643557,0.9806846410418364,1,0,120
10,21,-7.03941987872696,-7.03941987872696,-7.03941987872696,112.5437727930084,320.35259478268745,28.702647667771235,81.04921831256253,0.9798220749332804,1,0,120
10,22,-7.046656049498726,-7.046656049498726,-7.046656049498726,112.45434122259036,321.4255798563933,28.55785503916775,81.09700922421462,0.980399829922074,1,0,120
10,23,-7.056355966001484,-7.056355966001484,-7.056355966001484,112.36804874599034,322.84175352587084,28.610333836363555,81.58929655064381,0.9863512011960698,1,0,120
10,24,-7.068135426637544,-7.068135426637544,-7.068135426637544,112.1050592758597,324.4038479689909,28.28555732158655,81.56727903620771,0.9860850265539349,1,0,120
10,25,-7.06528387455856,-7.06528387455856,-7.06528387455856,111.20245535545632,322.5939771835788,28.046906699552977,81.14762954460029,0.9810117902640332,1,0,120
10,26,-7.069108104840027,-7.069108104840027,-7.069108104840027,111.50279227690089,323.74490707527116,28.3641657070249,81.66549308377894,0.9872723580776979,1,0,120
10,27,-7.077507874910697,-7.077507874910697,-7.077507874910697,110.3213755283912,323.4305605860296,28.146864831825045,81.64532905473614,0.9870285906338276,1,0,120
10,28,-7.082687990282964,-7.082687990282964,-7.082687990282964,111.5510065089594,326.1173273410547,28.062396272755752,81.68501102898401,0.9875083148699708,1,0,120
10,29,-7.082625052279706,-7.082625052279706,-7.082625052279706,111.8303655093944,326.4860258328414,28.019028971585396,81.64798201017545,0.9870606628037679,1,0,120
10,30,-7.0822203702522595,-7.0822203702522595,-7.0822203702522595,111.52078115163226,326.0220172613915,27.973989104477894,81.51172844584016,0.9854134630786675,1,0,120
10,31,-7.086078436486454,-7.086078436486454,-7.086078436486454,111.79254956039156,327.1314048758634,28.07650920672108,81.73667603581002,0.9881329046592824,1,0,120
10,32,-7.086917215480752,-7.086917215480752,-7.086917215480752,110.34793722070337,325.214705335056,28.086286242643183,81.72142846840163,0.9879485734165285,1,0,120
10,33,-7.0847183509119445,-7.0847183509119445,-7.0847183509119445,109.81290082069725,324.01200823937575,27.800014117767226,81.2693612171176,0.982483431600425,1,0,120
10,34,-7.084245432921779,-7.084245432921779,-7.084245432921779,110.47776856276816,325.04034419957185,28.155274992520756,81.64425739814843,0.987015635138349,1,0,120
10,35,-7.086857629294611,-7.086857629294611,-7.086857629294611,109.92510692638203,324.63545334319076,27.92093458452316,81.4231633279419,0.984342779617525,1,0,120
10,36,-7.084678422209623,-7.084678422209623,-7.084678422209623,110.50519504150891,325.1288720605355,28.240928727669402,81.80964846940225,0.989015084682531,1,0,120
10,37,-7.091127816503261,-7.091127816503261,-7.091127816503261,111.43795257343038,327.45291745726627,28.027690094207145,81.8571783204379,0.9895896836513134,1,0,120
10,38,-7.090357528392664,-7.090357528392664,-7.090357528392664,110.5108858337316,325.899279762755,27.960810865660022,81.7926188142201,0.9888092093832577,1,0,120
10,39,-7.0904375934266035,-7.0904375934266035,-7.0904375934266035,111.32965926419898,327.1981133611996,28.05875400016373,81.85744438961774,0.9895929002209645,1,0,120
10,40,-7.09000085923834,-7.09000085923834,-7.09000085923834,113.3609103244276,330.136066333018,28.035631963628514,81.76557223096933,0.9884822372066917,1,0,120
10,41,-7.090434436797865,-7.090434436797865,-7.090434436797865,111.3540297021496,327.1905442623028,28.110347921982434,81.97581673974598,0.9910239299598338,1,0,120
10,42,-7.089213917923084,-7.089213917923084,-7.089213917923084,110.66042180810346,325.9379171518865,27.885750582886043,81.63048691274682,0.9868491606693788,1,0,120
10,43,-7.091292365895876,-7.091292365895876,-7.091292365895876,111.22303017192421,327.23582771118333,28.074073118656912,81.86053169126167,0.9896302232990359,1,0,120
10,44,-7.0899038428813235,-7.0899038428813235,-7.0899038428813235,113.36524406655468,330.1786494454449,28.053006902403034,81.73462598855915,0.9881081211808862,1,0,120
10,45,-7.091039108065253,-7.091039108065253,-7.091039108065253,110.8126576802156,326.6223048920664,28.1263192566948,81.8960987248979,0.9900602011004538,1,0,120
10,46,-7.090917315496688,-7.090917315496688,-7.090917315496688,111.306824579961,327.31102281940605,28.11559920071921,81.89257651768763,0.9900176203520028,1,0,120
10,47,-7.091150848646729,-7.091150848646729,-7.091150848646729,111.18096446799316,327.15218229311523,28.02767543571616,81.7853172232668,0.9887209388218985,1,0,120
10,48,-7.091275900277149,-7.091275900277149,-7.091275900277149,111.26552249307478,327.29355143187445,28.08603344378292,81.87939145298421,0.9898582231644073,1,0,120
10,49,-7.09112430996959,-7.09112430996959,-7.09112430996959,111.11781850888204,327.05457418194743,28.065000010234076,81.83957150205413,0.9893768308973827,1,0,120
10,50,-7.091203170085739,-7.091203170085739,-7.091203170085739,111.25483898682596,327.2714383948271,28.07799146474532,81.85913374027231,0.9896133231577691,1,0,120
10,51,-7.091646026064138,-7.091646026064138,-7.091646026064138,111.120915255075,327.1335636058635,28.044090186261347,81.84108584274556,0.9893951380997139,1,0,120
10,52,-7.092055823585814,-7.092055823585814,-7.092055823585814,111.23304159183363,327.3585075427849,28.01903330240236,81.82789386734113,0.9892356573671128,1,0,120
10,53,-7.092367566043514,-7.092367566043514,-7.092367566043514,111.26035247881028,327.44072401823564,27.994549096482128,81.81361641850552,0.9890630541041312,1,0,120
10,54,-7.092647810274071,-7.092647810274071,-7.092647810274071,111.29930621336666,327.5408940921535,27.974844285898648,81.79908413319566,0.9888873700661813,1,0,120
10,55,-7.0928569994904995,-7.0928569994904995,-7.0928569994904995,111.28043781703437,327.53970924841815,27.95354324831107,81.7840446447242,0.9887055543360999,1,0,120
10,56,-7.0929750706231856,-7.0929750706231856,-7.0929750706231856,111.19711930965204,327.428652390798,27.918939024771127,81.74588373546933,0.9882442185938691,1,0,120
10,57,-7.092999813943987,-7.092999813943987,-7.092999813943987,111.27773228138746,327.5553351835024,27.900227742644425,81.71528818949973,0.9878743422155425,1,0,120
10,58,-7.093031682987123,-7.093031682987123,-7.093031682987123,111.45917882081795,327.82800206023506,27.915338860378892,81.73804702159755,0.9881494788122107,1,0,120
10,59,-7.093099361543399,-7.093099361543399,-7.093099361543399,111.36746642515342,327.7060706633338,27.91542231081415,81.7391809417597,0.988163187025926,1,0,120
10,60,-7.0931369341910155,-7.0931369341910155,-7.0931369341910155,111.35048718932869,327.68761702865913,27.887452148196765,81.6992519252957,0.9876804762413391,1,0,120
10,61,-7.093131126180155,-7.093131126180155,-7.093131126180155,111.28009107799971,327.57585812756486,27.874875971692383,81.68782673828926,0.9875423546076922,1,0,120
10,62,-7.093171270622346,-7.093171270622346,-7.093171270622346,111.32657866407833,327.6645736767607,27.88826115863689,81.69536323443774,0.987633464990342,1,0,120
10,63,-7.093469726105824,-7.093469726105824,-7.093469726105824,111.24889190029069,327.5953587501628,27.88258081953664,81.70306383394912,0.9877265592551425,1,0,120
10,64,-7.093716686954757,-7.093716686954757,-7.093716686954757,111.19744146357954,327.5522704102561,27.86674311022872,81.69769695791939,0.9876616778939544,1,0,120
10,65,-7.093992236278607,-7.093992236278607,-7.093992236278607,111.10787603587929,327.4620631506751,27.854980655449005,81.6951464847318,0.9876308446548097,1,0,120
10,66,-7.094501321393009,-7.094501321393009,-7.094501321393009,110.92476484089596,327.2767922402254,27.828556081447985,81.67590887252979,0.9873982768707277,1,0,120
10,67,-7.095343107284533,-7.095343107284533,-7.095343107284533,110.64205823944499,326.98327729799286,27.76046959328857,81.62408782866854,0.9867718007148993,1,0,120
10,68,-7.0946814974710195,-7.0946814974710195,-7.0946814974710195,110.37568786370015,326.53234129611513,27.656139085399303,81.39247883936473,0.9839718279921805,1,0,120
10,69,-7.095563671654938,-7.095563671654938,-7.095563671654938,110.23546626775578,326.43366883294635,27.783712948789365,81.65242379715754,0.9871143605571555,1,0,120
10,70,-7.095418337418272,-7.095418337418272,-7.095418337418272,110.10561883691716,326.19178300023407,27.74188091244938,81.61079042367528,0.986611045420487,1,0,120
10,71,-7.095441130956728,-7.095441130956728,-7.095441130956728,110.18078544139442,326.32911403880354,27.772730776743312,81.63489614760421,0.9869024648928715,1,0,120
10,72,-7.095677104738342,-7.095677104738342,-7.095677104738342,110.24822443882562,326.4740531717256,27.81241599721493,81.69647913294634,0.9876469553362686,1,0,120
10,73,-7.095819628725033,-7.095819628725033,-7.095819628725033,110.29262500793945,326.5637454497392,27.816925734554637,81.7081743286295,0.987788341165023,1,0,120
10,74,-7.095976055608417,-7.095976055608417,-7.095976055608417,110.48565706973301,326.87142636362114,27.836648897962817,81.7467982831835,0.9882552747651385,1,0,120
10,75,-7.096011080717331,-7.096011080717331,-7.096011080717331,110.54549614628004,326.9652032136994,27.820937327292132,81.72535196906092,0.9879960054909771,1,0,120
10,76,-7.095988363532756,-7.095988363532756,-7.095988363532756,110.47300504545831,326.8497282416625,27.830792386714673,81.74367189865902,0.9882174792054084,1,0,120
10,77,-7.0958599772605115,-7.0958599772605115,-7.0958599772605115,110.57303857407355,326.9796074742842,27.829368694581937,81.73319172082574,0.9880907819984017,1,0,120
10,78,-7.096324526268542,-7.096324526268542,-7.096324526268542,110.64068293461011,327.1664743011249,27.833864326957137,81.74779778085484,0.9882673579153849,1,0,120
10,79,-7.096865833161473,-7.096865833161473,-7.096865833161473,110.72738248906114,327.39036889343845,27.833840100589097,81.76258262905894,0.9884460952424872,1,0,120
10,80,-7.09724379616536,-7.09724379616536,-7.09724379616536,110.97186189473838,327.830548391353,27.86855802908442,81.81181959195735,0.9890413318672808,1,0,120
10,81,-7.097305721088862,-7.097305721088862,-7.097305721088862,111.16706050912339,328.1312392460292,27.853846894636167,81.78999430115348,0.9887774810595038,1,0,120
10,82,-7.097480163979328,-7.097480163979328,-7.097480163979328,111.13158206238626,328.1035847930754,27.854624047769473,81.8022359404787,0.9889254729673091,1,0,120
10,83,-7.0975387969206665,-7.0975387969206665,-7.0975387969206665,111.2533799266969,328.3005513832782,27.880240098113525,81.83461592258237,0.989316921792007,1,0,120
10,84,-7.097738456792544,-7.097738456792544,-7.097738456792544,111.1984211979612,328.2504015881631,27.884898936645666,81.85156094441942,0.9895217739398974,1,0,120
10,85,-7.097867297761405,-7.097867297761405,-7.097867297761405,111.05362866652439,328.06456322244327,27.86210746069457,81.81665910187803,0.9890998377819691,1,0,120
10,86,-7.097872725167171,-7.097872725167171,-7.097872725167171,111.05603988278465,328.0737012233843,27.848126361261535,81.79156409569589,0.9887964586558062,1,0,120
10,87,-7.097759926716839,-7.097759926716839,-7.097759926716839,111.02910019169859,328.0229184311471,27.862308775802312,81.80041060371485,0.9889034060641035,1,0,120
10,88,-7.097955315224012,-7.097955315224012,-7.097955315224012,110.9962984770237,327.9972361439762,27.844694415980303,81.791737501289,0.9887985549946925,1,0,120
10,89,-7.09814880990547,-7.09814880990547,-7.09814880990547,110.99740623442227,328.0212697059393,27.817817320912702,81.76931732642693,0.9885275125008708,1,0,120
10,90,-7.098411982344,-7.098411982344,-7.098411982344,110.86616058601403,327.8632471943025,27.79937247458842,81.76022999114537,0.9884176536780891,1,0,120
10,91,-7.098787303714346,-7.098787303714346,-7.098787303714346,110.81255327191359,327.844066068291,27.772852913712313,81.7379002550491,0.9881477045186762,1,0,120
10,92,-7.0992199600503225,-7.0992199600503225,-7.0992199600503225,110.74882654623191,327.81674969207495,27.753848437808607,81.731531743933,0.9880707141675547,1,0,120
10,93,-7.099370428607758,-7.099370428607758,-7.099370428607758,110.71647357197025,327.7800650157599,27.710599506285035,81.68722968960748,0.9875351367530305,1,0,120
10,94,-7.099765603648902,-7.099765603648902,-7.099765603648902,110.41200668042109,327.3939025486827,27.70365276334259,81.69337460378549,0.9876094239909032,1,0,120
10,95,-7.100009383480198,-7.100009383480198,-7.100009383480198,110.19073235974246,327.11239837413876,27.688932022487613,81.67505436006954,0.9873879464790312,1,0,120
10,96,-7.1004247728568455,-7.1004247728568455,-7.1004247728568455,110.27678908522643,327.3210241187074,27.687820181940783,81.67727003840857,0.9874147323085891,1,0,120
10,97,-7.1004322394067785,-7.1004322394067785,-7.1004322394067785,110.17023278731722,327.1550383037186,27.626224186589624,81.59546075333864,0.9864257216171239,1,0,120
10,98,-7.100611482942052,-7.100611482942052,-7.100611482942052,110.12764079733952,327.12484902612135,27.623155583404287,81.59455061812042,0.986414718789502,1,0,120
10,99,-7.100731930182289,-7.100731930182289,-7.100731930182289,110.24978046217807,327.32120889353826,27.645133697025322,81.636568447474,0.9869226816989363,1,0,120
10,100,-7.100828625661655,-7.100828625661655,-7.100828625661655,110.17410249325586,327.2236724326326,27.646908728447496,81.6442698550702,0.9870157857328545,1,0,120
10,101,-7.10103358473789,-7.10103358473789,-7.10103358473789,110.17859482578581,327.2686862169729,27.67114732791111,81.68377840111326,0.9874934133567534,1,0,120
10,102,-7.101243397334544,-7.101243397334544,-7.101243397334544,110.20872369482375,327.35412615109,27.69095820847648,81.71532044417853,0.9878747321495476,1,0,120
10,103,-7.101425898764472,-7.101425898764472,-7.101425898764472,110.33217396027399,327.56933516808465,27.69657757264132,81.72885156851648,0.9880383129292394,1,0,120
10,104,-7.101586308351096,-7.101586308351096,-7.101586308351096,110.39758871381704,327.70104331687673,27.71881675667232,81.75992280518396,0.9884139400384964,1,0,120
10,105,-7.1017367020269075,-7.1017367020269075,-7.1017367020269075,110.34850776240279,327.64893266049694,27.716996063494484,81.76736045659771,0.9885038554651047,1,0,120
10,106,-7.101744552523759,-7.101744552523759,-7.101744552523759,110.41221350395276,327.74656412488355,27.72832855604408,81.782579712805,0.9886878444474347,1,0,120
10,107,-7.1018925230392815,-7.1018925230392815,-7.1018925230392815,110.40563022972016,327.7616494799354,27.727563308812613,81.78690099509076,0.9887400853926747,1,0,120
10,108,-7.101997054838844,-7.101997054838844,-7.101997054838844,110.37239158105143,327.7358495557213,27.74472109026732,81.81026602943969,0.9890225505035455,1,0,120
10,109,-7.102119548553429,-7.102119548553429,-7.102119548553429,110.43914826246166,327.85293097026965,27.738337220671884,81.80777350267093,0.9889924177915805,1,0,120
10,110,-7.102039630976615,-7.102039630976615,-7.102039630976615,110.57735436283448,328.04394470343357,27.749165957911366,81.82124716733372,0.9891553039284455,1,0,120
10,111,-7.102090072354563,-7.102090072354563,-7.102090072354563,110.50034416899759,327.93604453813043,27.75367866513184,81.83206176040541,0.9892860439558471,1,0,120
10,112,-7.102091845356943,-7.102091845356943,-7.102091845356943,110.37262445407987,327.7556444346154,27.748210172913108,81.81540056750926,0.9890846230793198,1,0,120
10,113,-7.102147608621497,-7.102147608621497,-7.102147608621497,110.52031152692791,327.97993343082635,27.738020515775865,81.80634741981935,0.9889751775579576,1,0,120
10,114,-7.102337676735447,-7.102337676735447,-7.102337676735447,110.45699902103362,327.9128580124546,27.709997151132555,81.77697712375736,0.9886201134990067,1,0,120
10,115,-7.102433703098661,-7.102433703098661,-7.102433703098661,110.46945222712607,327.95085086715204,27.69707837722634,81.75796497413903,0.9883902713823791,1,0,120
10,116,-7.102565254474914,-7.102565254474914,-7.102565254474914,110.45952116185147,327.95722681046055,27.688210069386404,81.75066287910408,0.9883019947270644,1,0,120
10,117,-7.102689413776313,-7.102689413776313,-7.102689413776313,110.51638238351299,328.0596128150389,27.6832186152857,81.75062542151527,0.9883015418939198,1,0,120
10,118,-7.102694360264012,-7.102694360264012,-7.102694360264012,110.43139032933556,327.9322129154122,27.661945217510286,81.7214510454025,0.9879488463549271,1,0,120
10,119,-7.102775422486716,-7.102775422486716,-7.102775422486716,110.55568451509691,328.1368171251157,27.671890973354,81.73252188198781,0.9880826841673094,1,0,120
10,120,-7.102885493815376,-7.102885493815376,-7.102885493815376,110.45210458059947,327.99561503213096,27.65683205769289,81.72034194388554,0.9879354381793481,1,0,120
10,121,-7.1028350023935385,-7.1028350023935385,-7.1028350023935385,110.50019440887115,328.0538132498094,27.627454203561825,81.67955425116811,0.9874423466660407,1,0,120
10,122,-7.102849102787696,-7.102849102787696,-7.102849102787696,110.3853120257028,327.89114900448055,27.6553883227522,81.71612700454168,0.9878844828376483,1,0,120
10,123,-7.103005814156355,-7.103005814156355,-7.103005814156355,110.42438384067816,327.97737837360853,27.648277834359817,81.70941424095992,0.9878033307416978,1,0,120
10,124,-7.102993459634031,-7.102993459634031,-7.102993459634031,110.52463960717886,328.11804759603183,27.661974655298867,81.73523743743536,0.9881155131227097,1,0,120
10,125,-7.103053509982136,-7.103053509982136,-7.103053509982136,110.4011526997946,327.9511494271892,27.653086309710876,81.71808020936443,0.987908095566334,1,0,120
10,126,-7.103210846596938,-7.103210846596938,-7.103210846596938,110.35960040652301,327.91970141350987,27.662572692592768,81.73417395588118,0.9881026564570348,1,0,120
10,127,-7.103283399063156,-7.103283399063156,-7.103283399063156,110.26880046288952,327.8030923768677,27.66187754162434,81.72983645745255,0.9880502194712273,1,0,120
10,128,-7.103346557335815,-7.103346557335815,-7.103346557335815,110.2183494870079,327.7434926431097,27.657055087763407,81.7203015158932,0.987934949436333,1,0,120
10,129,-7.103386208085679,-7.103386208085679,-7.103386208085679,110.04959498289608,327.49325094268767,27.634660756893652,81.69471910742314,0.987625677995216,1,0,120
10,130,-7.10344035259263,-7.10344035259263,-7.10344035259263,110.08151992916068,327.5521008264616,27.644578188668234,81.70912028331468,0.9877997770221691,1,0,120
10,131,-7.103491349363031,-7.103491349363031,-7.103491349363031,110.12798853102524,327.6271353942097,27.670290672498744,81.75175521126685,0.9883152001741806,1,0,120
10,132,-7.103532757243518,-7.103532757243518,-7.103532757243518,110.04153575471662,327.51028508382706,27.67129018948141,81.75012437342573,0.9882954846118268,1,0,120
10,133,-7.1034119663339315,-7.1034119663339315,-7.1034119663339315,109.9895531912141,327.4104753359028,27.676706999763635,81.75602275688597,0.9883667914848737,1,0,120
10,134,-7.103436929091896,-7.103436929091896,-7.103436929091896,110.02282507589146,327.4706112062781,27.685937710480232,81.76415210483916,0.9884650689852024,1,0,120
10,135,-7.103615444458493,-7.103615444458493,-7.103615444458493,110.19196761108606,327.7484700184881,27.663122175476378,81.74020691127383,0.9881755902001834,1,0,120
10,136,-7.103691811800122,-7.103691811800122,-7.103691811800122,110.12425517479832,327.66040641378277,27.643329854641962,81.71391769274632,0.9878577739746566,1,0,120
10,137,-7.10385297467338,-7.10385297467338,-7.10385297467338,110.20911563035182,327.8059422255965,27.62808347644863,81.70479504889133,0.9877474882986566,1,0,120
10,138,-7.103923499447999,-7.103923499447999,-7.103923499447999,110.33680180875575,328.00314984744386,27.61686981336104,81.69501598141753,0.98762926697114,1,0,120
10,139,-7.103902726153994,-7.103902726153994,-7.103902726153994,110.39084266297459,328.07411720592313,27.61181029006064,81.69251901782839,0.9875990806214641,1,0,120
10,140,-7.103913926967076,-7.103913926967076,-7.103913926967076,110.24077427980984,327.8577152541736,27.602116490250175,81.6739575820833,0.9873746872853635,1,0,120
10,141,-7.103992503504734,-7.103992503504734,-7.103992503504734,110.35880358755449,328.05364865577945,27.602232091454738,81.66958804357124,0.9873218629598421,1,0,120
10,142,-7.1040592432303225,-7.1040592432303225,-7.1040592432303225,110.3194020766137,328.0093315167423,27.614844306715728,81.68779449869194,0.9875419648560104,1,0,120
10,143,-7.104099754374034,-7.104099754374034,-7.104099754374034,110.43283504263673,328.18858908618137,27.612956214176968,81.68246278379083,0.9874775085655474,1,0,120
10,144,-7.104238813824435,-7.104238813824435,-7.104238813824435,110.36335060215558,328.1030713955421,27.607404790380507,81.6850624986524,0.9875089370982701,1,0,120
10,145,-7.104320599590993,-7.104320599590993,-7.104320599590993,110.21365529027082,327.89322161901515,27.581313051453485,81.65052283298537,0.987091379377345,1,0,120
10,146,-7.10432872444981,-7.10432872444981,-7.10432872444981,110.18955650417479,327.8555590761529,27.566565299479965,81.632116452297,0.9868688605364038,1,0,120
10,147,-7.104420860130561,-7.104420860130561,-7.104420860130561,110.2130878328871,327.90353150387455,27.556519300340693,81.62305204805372,0.9867592789320578,1,0,120
10,148,-7.104342607935909,-7.104342607935909,-7.104342607935909,110.15015001160839,327.79343502240533,27.536302291695783,81.59352104206691,0.9864022720149859,1,0,120
10,149,-7.1044067489646885,-7.1044067489646885,-7.1044067489646885,110.27308294668978,327.98853685049954,27.560015949976073,81.62951184157363,0.9868373728165158,1,0,120
10,150,-7.10450755505455,-7.10450755505455,-7.10450755505455,110.17308584456701,327.86220007923544,27.579021478379353,81.65612434078481,0.9871590972543223,1,0,120
10,151,-7.104598737471135,-7.104598737471135,-7.104598737471135,110.21158268829274,327.940400818634,27.579596049492835,81.65466999979483,0.9871415154017624,1,0,120
10,152,-7.104614988587564,-7.104614988587564,-7.104614988587564,110.2218967752514,327.9627889053649,27.598717936662112,81.67935850361972,0.9874399802302747,1,0,120
10,153,-7.10460440299966,-7.10460440299966,-7.10460440299966,110.05757259169172,327.71561224230015,27.59188553240272,81.66992626619037,0.9873259518085118,1,0,120
10,154,-7.1045814172918424,-7.1045814172918424,-7.1045814172918424,110.21156812575047,327.9459297925513,27.594960109224886,81.66840686962767,0.9873075834846254,1,0,120
10,155,-7.104666433750306,-7.104666433750306,-7.104666433750306,110.23108259477215,327.98159660686076,27.594732241325932,81.67881624259282,0.987433424715791,1,0,120
10,156,-7.104642438734561,-7.104642438734561,-7.104642438734561,110.41252957144066,328.2486465862387,27.623747530891947,81.71950738851704,0.9879253490533846,1,0,120
10,157,-7.104652750952615,-7.104652750952615,-7.104652750952615,110.21804819480575,327.95856970740704,27.587804901471827,81.669373436614,0.9873192685284766,1,0,120
10,158,-7.10463428340942,-7.10463428340942,-7.10463428340942,110.16237637362768,327.88010874714007,27.602750863094293,81.68351927434671,0.9874902807154848,1,0,120
10,159,-7.104685100766305,-7.104685100766305,-7.104685100766305,110.16145011045883,327.8818454373366,27.59034339914192,81.67236820362797,0.9873554729347704,1,0,120
10,160,-7.104794199352212,-7.104794199352212,-7.104794199352212,110.17925741566813,327.92254373115054,27.565294156905136,81.64324506716767,0.9870033968433631,1,0,120
10,161,-7.104816776500924,-7.104816776500924,-7.104816776500924,110.15769866708818,327.8870873296411,27.547467124899587,81.62476577330784,0.986779996538832,1,0,120
10,162,-7.104877045966021,-7.104877045966021,-7.104877045966021,110.16445259865156,327.91302584958987,27.526173099024987,81.58954685759117,0.9863542272125774,1,0,120
10,163,-7.104884687229135,-7.104884687229135,-7.104884687229135,110.11316304224599,327.8408596571387,27.515218492364088,81.5707073167612,0.9861264718020857,1,0,120
10,164,-7.104909362861603,-7.104909362861603,-7.104909362861603,110.06329430165201,327.76936023452123,27.492922715776526,81.53990651458533,0.9857541140357073,1,0,120
10,165,-7.104868346333338,-7.104868346333338,-7.104868346333338,110.18044265444554,327.9354029335108,27.478424684853085,81.51816009118062,0.9854912166735068,1,0,120
10,166,-7.104947148826336,-7.104947148826336,-7.104947148826336,110.04718112574552,327.75466869223305,27.50299807219068,81.55334793266462,0.985916610336433,1,0,120
10,167,-7.10487587358657,-7.10487587358657,-7.10487587358657,109.95126181323866,327.60443598184963,27.497001656479764,81.53733614878908,0.9857230403103803,1,0,120
10,168,-7.104935031272154,-7.104935031272154,-7.104935031272154,110.12527579720316,327.86996175383774,27.50734318193099,81.55821386942233,0.9859754357310475,1,0,120
10,169,-7.104909317956967,-7.104909317956967,-7.104909317956967,109.98691713963882,327.66334333331605,27.50573186928908,81.55132751206676,0.9858921850212523,1,0,120
10,170,-7.104897025134966,-7.104897025134966,-7.104897025134966,109.96205594931683,327.618891671496,27.487995423222593,81.52986851459212,0.9856327624152192,1,0,120
10,171,-7.105027803319143,-7.105027803319143,-7.105027803319143,110.14042888233425,327.91109338902925,27.52634995176247,81.58688282622923,0.9863220211433383,1,0,120
10,172,-7.105052634504385,-7.105052634504385,-7.105052634504385,110.17190487502651,327.95692103173116,27.550122591346554,81.62830231497512,0.9868227505797305,1,0,120
10,173,-7.1050264825428275,-7.1050264825428275,-7.1050264825428275,110.28685139208096,328.1287345381523,27.57087555646536,81.65286588368743,0.9871197050398048,1,0,120
10,174,-7.105061645595179,-7.105061645595179,-7.105061645595179,110.1562696443272,327.93641803052867,27.544656238231624,81.61927133323641,0.9867135730274956,1,0,120
10,175,-7.105111323747619,-7.105111323747619,-7.105111323747619,110.31590047397933,328.18120464489004,27.546005183921636,81.62399014370331,0.98677061977957,1,0,120
10,176,-7.1050867904636,-7.1050867904636,-7.1050867904636,110.19494271178479,327.9955218524937,27.530220725143963,81.60135968236037,0.9864970350855853,1,0,120
10,177,-7.105138515526122,-7.105138515526122,-7.105138515526122,110.26871608995671,328.11537473197916,27.5341725731679,81.60766488371657,0.9865732600709007,1,0,120
10,178,-7.105148036691438,-7.105148036691438,-7.105148036691438,110.22509725653345,328.0568253924929,27.54681129148086,81.62210605900496,0.9867478426594827,1,0,120
10,179,-7.105167355994816,-7.105167355994816,-7.105167355994816,110.21840542014243,328.0434965131908,27.53045114261118,81.60511682449852,0.9865424560147722,1,0,120
10,180,-7.105154145845658,-7.105154145845658,-7.105154145845658,110.27708075410553,328.1221893583545,27.538885071806877,81.62349287723953,0.9867646082143942,1,0,120
10,181,-7.105174028769881,-7.105174028769881,-7.105174028769881,110.26777493694723,328.118604477457,27.527803382162812,81.6008424066973,0.986490781624737,1,0,120
10,182,-7.105207274614951,-7.105207274614951,-7.105207274614951,110.24364499085473,328.09411121762423,27.517720981859963,81.58127919836454,0.9862542776364194,1,0,120
10,183,-7.105140896671879,-7.105140896671879,-7.105140896671879,110.28687737762833,328.1501694237058,27.491455331715184,81.53685077919319,0.9857171725690934,1,0,120
10,184,-7.105178027907912,-7.105178027907912,-7.105178027907912,110.20370458027054,328.0292080905715,27.51482283131981,81.57649076400658,0.9861963891855992,1,0,120
10,185,-7.105205556973857,-7.105205556973857,-7.105205556973857,110.37604393095229,328.2950037281636,27.55064417578965,81.62577879962956,0.9867922432399499,1,0,120
10,186,-7.105182750846961,-7.105182750846961,-7.105182750846961,110.26100775108958,328.11679157223807,27.52405907790553,81.58881439301533,0.9863453722849733,1,0,120
10,187,-7.105215668331969,-7.105215668331969,-7.105215668331969,110.0510202928323,327.80902839625764,27.503219940813295,81.55998848886603,0.9859968895012594,1,0,120
10,188,-7.105158432181188,-7.105158432181188,-7.105158432181188,109.93066238125104,327.6228607377237,27.512055724975966,81.56846405679877,0.9860993525321313,1,0,120
10,189,-7.105214935500643,-7.105214935500643,-7.105214935500643,110.06889466971631,327.831511362674,27.49552418224586,81.55250130269515,0.9859063752379253,1,0,120
10,190,-7.105208259972055,-7.105208259972055,-7.105208259972055,110.11726463957862,327.9073668472421,27.510204444195125,81.56908531343811,0.9861068630421905,1,0,120
10,191,-7.105191261391428,-7.105191261391428,-7.105191261391428,110.03404632961397,327.78251259934893,27.496200973922672,81.54580532972311,0.9858254261274002,1,0,120
10,192,-7.105271781750046,-7.105271781750046,-7.105271781750046,110.13258131783786,327.9376763385784,27.49195988132614,81.54742560547501,0.9858450140023021,1,0,120
10,193,-7.105280975524899,-7.105280975524899,-7.105280975524899,110.26225986169042,328.12917156532853,27.477823604727497,81.52966845679283,0.9856303438718688,1,0,120
10,194,-7.105324404187145,-7.105324404187145,-7.105324404187145,110.2172808389742,328.06816451049644,27.488125294625593,81.5479990196767,0.985851946134463,1,0,120
10,195,-7.1053556069932,-7.1053556069932,-7.1053556069932,110.12369733609145,327.93948551827066,27.481416372940355,81.5338750798005,0.9856811986755256,1,0,120
10,196,-7.105382273890565,-7.105382273890565,-7.105382273890565,110.13354827833543,327.95728711111656,27.481056675328105,81.53565477140253,0.9857027137641909,1,0,120
10,197,-7.1053618626565695,-7.1053618626565695,-7.1053618626565695,110.02910205729685,327.798225097186,27.486350662251137,81.54299141417488,0.9857914080748076,1,0,120
10,198,-7.105388263741388,-7.105388263741388,-7.105388263741388,110.09960542907433,327.9097341002364,27.47448533637269,81.52415153886824,0.9855636486207529,1,0,120
10,199,-7.10537282838492,-7.10537282838492,-7.10537282838492,110.07038213126748,327.86078339249843,27.468116373213014,81.5169763459836,0.9854769061138335,1,0,120
10,200,-7.105349860886028,-7.105349860886028,-7.105349860886028,110.00775332187578,327.7646524699589,27.456339276241174,81.49765931495892,0.9852433782178931,1,0,120
10,201,-7.105391264324861,-7.105391264324861,-7.105391264324861,110.24967031622543,328.1385041406316,27.497066343130804,81.55282109828383,0.9859102413181144,1,0,120
10,202,-7.10539135217226,-7.10539135217226,-7.10539135217226,110.3953408268525,328.35842603365967,27.49281786412946,81.54317451688608,0.985793621644317,1,0,120
10,203,-7.105366638983596,-7.105366638983596,-7.105366638983596,110.34100938005187,328.27176682986305,27.493371250992222,81.54482865043077,0.9858136188336264,1,0,120
10,204,-7.1053675638014555,-7.1053675638014555,-7.1053675638014555,110.32486933877622,328.25402501171527,27.49241524997705,81.5373437352626,0.9857231320249504,1,0,120
10,205,-7.105388762257444,-7.105388762257444,-7.105388762257444,110.51640287050037,328.5370225964633,27.522515558874524,81.58806818405965,0.9863363511984964,1,0,120
10,206,-7.105409172861743,-7.105409172861743,-7.105409172861743,110.39453582236024,328.3586263791667,27.48983780549903,81.5410005147181,0.985767339647285,1,0,120
10,207,-7.105372127665137,-7.105372127665137,-7.105372127665137,110.58403986863425,328.62948503251084,27.499558378065302,81.55856243230092,0.9859796495854196,1,0,120
10,208,-7.105396848617901,-7.105396848617901,-7.105396848617901,110.40575302669617,328.373424591636,27.480465105275922,81.5264180830785,0.9855910493791717,1,0,120
10,209,-7.105428257048234,-7.105428257048234,-7.105428257048234,110.3154479223522,328.2422843852256,27.470881142468777,81.5154941634473,0.9854589876786113,1,0,120
10,210,-7.105421251338481,-7.105421251338481,-7.105421251338481,110.19359634139451,328.0667112671555,27.472508957604592,81.5108290230069,0.9854025897554564,1,0,120
10,211,-7.105414751080642,-7.105414751080642,-7.105414751080642,110.3465906147397,328.28732152034064,27.47541906467385,81.52074080188302,0.9855224154607114,1,0,120
10,212,-7.1053843358264235,-7.1053843358264235,-7.1053843358264235,110.25744766909017,328.14808561533096,27.443661084936092,81.4739608852686,0.9849568826163897,1,0,120
10,213,-7.10540684199889,-7.10540684199889,-7.10540684199889,110.35153298775825,328.2950411272394,27.477690193263424,81.52212493750174,0.9855391485848817,1,0,120
10,214,-7.10541609571501,-7.10541609571501,-7.10541609571501,110.19997210071062,328.0630726955433,27.4644024510599,81.51083716299857,0.9854026881616309,1,0,120
10,215,-7.105432970184482,-7.105432970184482,-7.105432970184482,110.3709644972066,328.32308052796037,27.47593528996404,81.52571850009289,0.985582591964445,1,0,120
10,216,-7.10543156132932,-7.10543156132932,-7.10543156132932,110.35620867138599,328.299911178092,27.469032737468417,81.51640036565665,0.985469942959212,1,0,120
10,217,-7.10543101526705,-7.10543101526705,-7.10543101526705,110.36531527130842,328.3144193705822,27.47452579603419,81.52348536904731,0.9855555951452253,1,0,120
10,218,-7.105435547869153,-7.105435547869153,-7.105435547869153,110.38457314675853,328.3433678524576,27.478679183475013,81.53026854950276,0.9856375985264656,1,0,120
10,219,-7.105436314836779,-7.105436314836779,-7.105436314836779,110.39416918718912,328.35800738372666,27.480513610455144,81.53277749880047,0.9856679297740454,1,0,120
10,220,-7.105437119214666,-7.105437119214666,-7.105437119214666,110.40511757977669,328.3740165257855,27.482273587889168,81.53582328398282,0.985704750950354,1,0,120
10,221,-7.105437527859717,-7.105437527859717,-7.105437527859717,110.41703488400796,328.39183250064906,27.483916882495016,81.53824695727704,0.9857340512773103,1,0,120
10,222,-7.105436654301247,-7.105436654301247,-7.105436654301247,110.43223831089976,328.41446367974027,27.48403113106336,81.53820306532126,0.9857335206576685,1,0,120
10,223,-7.105437191207748,-7.105437191207748,-7.105437191207748,110.42123073847173,328.3982541270272,27.48462070872464,81.53903875996657,0.9857436235566035,1,0,120
10,224,-7.105440088561639,-7.105440088561639,-7.105440088561639,110.41129001833477,328.38326716587835,27.48608218755244,81.54201673036192,0.985779624904829,1,0,120
10,225,-7.105440059844803,-7.105440059844803,-7.105440059844803,110.40681726111885,328.3762802382573,27.487405806213808,81.54431704887148,0.9858074339682841,1,0,120
10,226,-7.1054374268091,-7.1054374268091,-7.1054374268091,110.41900073726939,328.39397291056895,27.486262729828464,81.54249435496158,0.9857853990151291,1,0,120
10,227,-7.105445035893508,-7.105445035893508,-7.105445035893508,110.39850621843638,328.36547856170495,27.487483112996767,81.54390011976558,0.9858023936193436,1,0,120
10,228,-7.105451771663294,-7.105451771663294,-7.105451771663294,110.3725078242829,328.32876233014974,27.490477566555896,81.54780212323536,0.9858495658094739,1,0,120
10,229,-7.105452066985131,-7.105452066985131,-7.105452066985131,110.37193100991858,328.3276442034817,27.495236850894454,81.55519811834489,0.9859389776437308,1,0,120
10,230,-7.105453011680854,-7.105453011680854,-7.105453011680854,110.35763376965018,328.3070779755282,27.495966109878413,81.55578845903597,0.9859461144039969,1,0,120
10,231,-7.105452176104235,-7.105452176104235,-7.105452176104235,110.36288965682691,328.31523705992646,27.497701102229133,81.55785055651907,0.9859710435603377,1,0,120
10,232,-7.105452173142688,-7.105452173142688,-7.105452173142688,110.36462259900163,328.3175100336148,27.49680401678588,81.55681951612883,0.9859585790831282,1,0,120
10,233,-7.1054557616877,-7.1054557616877,-7.1054557616877,110.35411414542364,328.3020582070816,27.494239342551648,81.55357248587771,0.9859193250103035,1,0,120
10,234,-7.105457048731303,-7.105457048731303,-7.105457048731303,110.36450585302765,328.3179244279239,27.494473594501226,81.55376646247527,0.98592167003665,1,0,120
10,235,-7.105458619777615,-7.105458619777615,-7.105458619777615,110.35742494516379,328.3072836357564,27.49449822991837,81.55423949334897,0.9859273886123727,1,0,120
10,236,-7.105458074731569,-7.105458074731569,-7.105458074731569,110.36874416636934,328.3241921212372,27.496132614074757,81.55647569200619,0.9859544225166335,1,0,120
10,237,-7.105458673604313,-7.105458673604313,-7.105458673604313,110.35776033837902,328.3075384785474,27.494430359257837,81.55439338033165,0.9859292489864244,1,0,120
10,238,-7.105459386765277,-7.105459386765277,-7.105459386765277,110.34089047296891,328.28265089255683,27.49267569156437,81.55173895270785,0.9858971590189176,1,0,120
10,239,-7.105461276513347,-7.105461276513347,-7.105461276513347,110.3320443701297,328.27017260450214,27.489979417063623,81.54744405225796,0.9858452370095749,1,0,120
10,240,-7.105463489681361,-7.105463489681361,-7.105463489681361,110.32071038278589,328.2536086735512,27.48663019713136,81.54263041307097,0.9857870438519556,1,0,120
10,241,-7.1054649298443024,-7.1054649298443024,-7.1054649298443024,110.31807125603257,328.25013391534947,27.485406319288266,81.54065652560283,0.9857631810861576,1,0,120
10,242,-7.105465762101067,-7.105465762101067,-7.105465762101067,110.30009491867287,328.2232397149679,27.483534025271833,81.53820790847062,0.9857335792075812,1,0,120
10,243,-7.105466558246044,-7.105466558246044,-7.105466558246044,110.29869561029281,328.22110171708727,27.482053452862086,81.5362266881596,0.9857096277934101,1,0,120
10,244,-7.105465903447439,-7.105465903447439,-7.105465903447439,110.30824680504065,328.2347393644186,27.479771607032152,81.53326419321733,0.9856738135313883,1,0,120
10,245,-7.105466488895702,-7.105466488895702,-7.105466488895702,110.29488201483238,328.2153285433466,27.481324591448868,81.53523100786275,0.9856975907922552,1,0,120
10,246,-7.105467058725903,-7.105467058725903,-7.105467058725903,110.28749683832903,328.2052760291935,27.480953399135217,81.53386626410035,0.9856810921005608,1,0,120
10,247,-7.105467946350439,-7.105467946350439,-7.105467946350439,110.2751366043017,328.18736125832163,27.478417244473174,81.52981049098277,0.9856320609548659,1,0,120
10,248,-7.105466698702734,-7.105466698702734,-7.105466698702734,110.2638473325982,328.1699897155822,27.477701492524112,81.5290729341446,0.985623144465767,1,0,120
10,249,-7.105466979392246,-7.105466979392246,-7.105466979392246,110.26956699678236,328.1789592665949,27.478062363246835,81.52920376847577,0.9856247261511739,1,0,120
10,250,-7.1054699530534515,-7.1054699530534515,-7.1054699530534515,110.28131808728816,328.1972751996751,27.479145824521712,81.5305837410143,0.9856414089469392,1,0,120
10,251,-7.105470846421111,-7.105470846421111,-7.105470846421111,110.2800235951349,328.19563660371773,27.478711155350847,81.5298339064866,0.9856323440301136,1,0,120
10,252,-7.105471731759324,-7.105471731759324,-7.105471731759324,110.28451660258489,328.2028590681602,27.479951174496957,81.53131838543091,0.9856502902271245,1,0,120
10,253,-7.105472337218274,-7.105472337218274,-7.105472337218274,110.28062773623779,328.1974627885138,27.47790747611574,81.52801639461104,0.9856103717237275,1,0,120
10,254,-7.105472215035087,-7.105472215035087,-7.105472215035087,110.27459985560802,328.1886931629022,27.47713427555969,81.52664687757436,0.9855938153268555,1,0,120
10,255,-7.105472551116754,-7.105472551116754,-7.105472551116754,110.28509430381925,328.20416413143033,27.477553585339,81.52747484857063,0.9856038248528749,1,0,120
10,256,-7.105472259012505,-7.105472259012505,-7.105472259012505,110.30203881247598,328.2299631651253,27.479368521830338,81.52951205176974,0.9856284530566648,1,0,120
10,257,-7.105472722239386,-7.105472722239386,-7.105472722239386,110.28679569838296,328.2068666389106,27.47698612369695,81.52649365824473,0.9855919630242103,1,0,120
10,258,-7.105473799476278,-7.105473799476278,-7.105473799476278,110.29911207720166,328.2247227868652,27.475466456860932,81.52491354058246,0.9855728606294096,1,0,120
10,259,-7.10547342587999,-7.10547342587999,-7.10547342587999,110.29365865081465,328.2169517230347,27.473737163915775,81.5219270135118,0.9855367558376282,1,0,120
10,260,-7.1054743047309685,-7.1054743047309685,-7.1054743047309685,110.29141511889102,328.2133652508284,27.474369327818227,81.52329731412719,0.985553321707358,1,0,120
10,261,-7.105475489266278,-7.105475489266278,-7.105475489266278,110.29262479781735,328.21506708817833,27.472732130495267,81.52120239697142,0.9855279957866752,1,0,120
10,262,-7.105474978786666,-7.105474978786666,-7.105474978786666,110.29038120276795,328.2110966243566,27.46938724900212,81.51675768481739,0.9854742626702317,1,0,120
10,263,-7.105475019259468,-7.105475019259468,-7.105475019259468,110.29580166396691,328.21958810748663,27.47328689716373,81.52213428665748,0.9855392616089103,1,0,120
10,264,-7.105476361497159,-7.105476361497159,-7.105476361497159,110.29608857761573,328.2201967044977,27.473703773413025,81.52284725209942,0.9855478808071361,1,0,120
10,265,-7.10547683370729,-7.10547683370729,-7.10547683370729,110.28919903065798,328.2099809197068,27.47401539848616,81.5233779160337,0.9855542961217807,1,0,120
10,266,-7.105477429619232,-7.105477429619232,-7.105477429619232,110.29960229312111,328.2256013440509,27.474836797146917,81.52457135152942,0.985568723829636,1,0,120
10,267,-7.105477300174881,-7.105477300174881,-7.105477300174881,110.31018916364114,328.24078487184147,27.47586078859135,81.52662666954014,0.9855935710274233,1,0,120
10,268,-7.10547700848137,-7.10547700848137,-7.10547700848137,110.288646331009,328.2090762138911,27.473895462831113,81.52331815483369,0.9855535736553065,1,0,120
10,269,-7.105478702250144,-7.105478702250144,-7.105478702250144,110.29559954214801,328.2206042268362,27.474510785363137,81.52339213307458,0.9855544679947585,1,0,120
10,270,-7.1054789801772635,-7.1054789801772635,-7.1054789801772635,110.2938529305106,328.21779636708993,27.47535479987323,81.52491471660556,0.9855728748466153,1,0,120
10,271,-7.105479042401819,-7.105479042401819,-7.105479042401819,110.29316369155524,328.21730577265396,27.47720398090618,81.52714296129598,0.9855998125935976,1,0,120
10,272,-7.105479133614575,-7.105479133614575,-7.105479133614575,110.2972561937903,328.22401328843193,27.476779509754085,81.52590866332017,0.9855848908901077,1,0,120
10,273,-7.105477835284221,-7.105477835284221,-7.105477835284221,110.3052137594019,328.23610027684265,27.479485237598663,81.52941206454163,0.9856272442887661,1,0,120
10,274,-7.1054789251985415,-7.1054789251985415,-7.1054789251985415,110.28926396856055,328.21211582503395,27.47669445044975,81.52575203922241,0.9855829974264614,1,0,120
10,275,-7.1054810427342066,-7.1054810427342066,-7.1054810427342066,110.29132259678339,328.2153394128816,27.473525857467706,81.52131165795632,0.985529316667088,1,0,120
10,276,-7.105481636558105,-7.105481636558105,-7.105481636558105,110.2756692836478,328.19208142568283,27.470486060551217,81.51689206723483,0.9854758872492448,1,0,120
10,277,-7.105482380263614,-7.105482380263614,-7.105482380263614,110.2751288939545,328.19083559360706,27.469156275082643,81.51550893743531,0.9854591662846472,1,0,120
10,278,-7.105483501373857,-7.105483501373857,-7.105483501373857,110.27527298646798,328.1914678414497,27.46791619010571,81.51347638952268,0.9854345943596536,1,0,120
10,279,-7.105484207696612,-7.105484207696612,-7.105484207696612,110.27690013666023,328.1942229043332,27.466616938426824,81.51135367108547,0.9854089323430797,1,0,120
10,280,-7.105484597822984,-7.105484597822984,-7.105484597822984,110.29136503813206,328.21603789247604,27.46653849882916,81.51101365883513,0.9854048218591593,1,0,120
10,281,-7.105485492186836,-7.105485492186836,-7.105485492186836,110.28480044952667,328.20674620467406,27.464610435411853,81.50785871505614,0.9853666810402324,1,0,120
10,282,-7.105486338243984,-7.105486338243984,-7.105486338243984,110.27973560958391,328.19952250102915,27.46539008064293,81.50888285854542,0.9853790621392682,1,0,120
10,283,-7.105486334718745,-7.105486334718745,-7.105486334718745,110.28662957142464,328.2098966320135,27.46448770101061,81.50741857440153,0.9853613600817033,1,0,120
10,284,-7.105485729377354,-7.105485729377354,-7.105485729377354,110.27292744551748,328.18951347445295,27.464770379692318,81.50772030861471,0.985365007813896,1,0,120
10,285,-7.105487599217975,-7.105487599217975,-7.105487599217975,110.28311371025131,328.20434198760614,27.464744120453837,81.50838490269717,0.9853730422399698,1,0,120
10,286,-7.105488348632127,-7.105488348632127,-7.105488348632127,110.28843963752716,328.2124205795842,27.465084144301606,81.50888605944799,0.9853791008356931,1,0,120
10,287,-7.105489068042623,-7.105489068042623,-7.105489068042623,110.29077629483837,328.21563329526407,27.46350548214089,81.50694797679529,0.9853556709222937,1,0,120
10,288,-7.105489352383236,-7.105489352383236,-7.105489352383236,110.30789598393963,328.241257962203,27.466390615427862,81.51113065760357,0.9854062362833629,1,0,120
10,289,-7.1054892480839165,-7.1054892480839165,-7.1054892480839165,110.30910156593905,328.24370466376644,27.46741111948894,81.51197285822136,0.98541641783445,1,0,120
10,290,-7.105489254124954,-7.105489254124954,-7.105489254124954,110.31535549798022,328.25241273571913,27.466637305679285,81.5114150443872,0.9854096742986111,1,0,120
10,291,-7.1054897469320295,-7.1054897469320295,-7.1054897469320295,110.30271827934203,328.2332265005798,27.467143060524165,81.51266235060979,0.9854247532616973,1,0,120
10,292,-7.1054902980277515,-7.1054902980277515,-7.1054902980277515,110.29114952835357,328.2161384848124,27.467082558036562,81.51256942810348,0.9854236299007959,1,0,120
10,293,-7.105489577313797,-7.105489577313797,-7.105489577313797,110.29844393022456,328.22626879752295,27.469123648987985,81.51617431496365,0.9854672101819728,1,0,120
10,294,-7.1054901284591345,-7.1054901284591345,-7.1054901284591345,110.29013526122584,328.2144471374412,27.467151622373336,81.5128203955066,0.9854266639017002,1,0,120
10,295,-7.105491157525508,-7.105491157525508,-7.105491157525508,110.28755561355555,328.2111124814556,27.465097974794997,81.50947547446046,0.985386226405224,1,0,120
10,296,-7.105491512592602,-7.105491512592602,-7.105491512592602,110.27748624653901,328.19616053502193,27.463101448931614,81.50655584560873,0.9853509303609302,1,0,120
10,297,-7.105491441413859,-7.105491441413859,-7.105491441413859,110.26803022015795,328.1826426699133,27.463210188467986,81.50615736797509,0.9853461130759529,1,0,120
10,298,-7.1054915560762995,-7.1054915560762995,-7.1054915560762995,110.28783374320665,328.21152508144263,27.4643773092148,81.5084863991364,0.9853742692530583,1,0,120
10,299,-7.105491801225605,-7.105491801225605,-7.105491801225605,110.28730884387963,328.2104039851864,27.461647223427022,81.50481699372834,0.9853299089927676,1,0,120
10,300,-7.105491969665191,-7.105491969665191,-7.105491969665191,110.29126399108969,328.2160299455412,27.46182301933477,81.50536895349013,0.9853365817574202,1,0,120
11,1,-3.2818828912242584,-3.2818828912242584,-3.2818828912242584,95.12349744383963,-49.35555560291146,24.00802258292394,-6.964769945929905,-0.10554202451357053,1,0,120
11,2,-0.2097742531407638,-0.2097742531407638,-0.2097742531407638,88.13046572754845,-20.144559198465892,28.572246351737483,8.147014553185889,0.12345740295230345,1,0,120
11,3,2.383304834512002,2.383304834512002,2.383304834512002,94.68965622022228,-0.496623906780151,26.090232606632345,3.8344925647856622,0.05810674457470233,1,0,120
11,4,-4.67435766494046,-4.67435766494046,-4.67435766494046,98.9911526796532,-94.90860317811797,25.459778752484468,-20.575696714566856,-0.3117979063043791,1,0,120
11,5,-5.60069124030151,-5.60069124030151,-5.60069124030151,107.05621324205921,-156.0881940855764,25.702029260924302,-33.453779114743405,-0.5069484854217118,1,0,120
11,6,-5.827505786380686,-5.827505786380686,-5.827505786380686,122.4783790144379,-188.0587582347648,25.003136544654712,-35.70801489014386,-0.5411084949143034,1,0,120
11,7,-5.762911603455675,-5.762911603455675,-5.762911603455675,120.05880851407127,-182.71915843991707,23.638014578691447,-31.138071847783536,-0.47185695547411344,1,0,120
11,8,-5.321905616832577,-5.321905616832577,-5.321905616832577,110.87169757257456,-143.84006168048018,23.95176934361223,-22.31740671998112,-0.33819125475867895,1,0,120
11,9,-5.948453727306946,-5.948453727306946,-5.948453727306946,117.83308218810289,-191.37813694167488,27.576998046169727,-44.66293152340406,-0.6768086024787809,1,0,120
11,10,-5.272792595937726,-5.272792595937726,-5.272792595937726,117.95483567628605,-142.01601250333988,24.39683383205421,-24.575797502113662,-0.3724142279709306,1,0,120
11,11,-5.568633081903568,-5.568633081903568,-5.568633081903568,105.82411656695221,-146.41221547365566,28.772765800122,-41.40301601428986,-0.6274088254228049,1,0,120
11,12,-5.626506027216519,-5.626506027216519,-5.626506027216519,112.96531691195199,-158.19436151413146,29.13086002562974,-40.447811175346594,-0.6129339392011651,1,0,120
11,13,-5.617395741247857,-5.617395741247857,-5.617395741247857,120.06981728885413,-163.26887526426276,27.56921499777478,-38.2903041076396,-0.5802397273900195,1,0,120
11,14,-6.2021708201551435,-6.2021708201551435,-6.2021708201551435,117.29249579412982,-214.91641751119607,29.976547416479775,-54.75816442690694,-0.8297887191004861,1,0,120
11,15,-6.281259018080818,-6.281259018080818,-6.281259018080818,117.50294919343376,-224.53385741665198,27.968175893825713,-54.30061474013157,-0.8228551490568636,1,0,120
11,16,-5.977039666404623,-5.977039666404623,-5.977039666404623,111.45092281734901,-184.8087114141803,29.069226392646286,-50.56988769583183,-0.7663208359037028,1,0,120
11,17,-6.123463046227636,-6.123463046227636,-6.123463046227636,108.15014480774602,-197.13115706755877,28.234832834575474,-52.37218882491476,-0.7936323639833441,1,0,120
11,18,-6.1320667945845235,-6.1320667945845235,-6.1320667945845235,117.17491202765336,-210.34599999174435,28.204739199640027,-48.363988764902565,-0.7328933083830489,1,0,120
11,19,-6.397283559884714,-6.397283559884714,-6.397283559884714,120.35273224211258,-241.06691051977816,27.358471106775145,-56.68817838862266,-0.859035568951998,1,0,120
11,20,-6.15856578995624,-6.15856578995624,-6.15856578995624,140.7125179239782,-236.78170326930592,24.414032469390087,-42.616766785094924,-0.645801638767707,1,0,120
11,21,-6.3288870493591824,-6.3288870493591824,-6.3288870493591824,129.5168646983866,-243.1497988847165,25.577878420469712,-51.69868567550941,-0.783426300257428,1,0,120
11,22,-6.257208770479511,-6.257208770479511,-6.257208770479511,91.99079389430028,-194.84717956706487,25.799860623711762,-53.061103778499586,-0.8040719735445336,1,0,120
11,23,-6.360226304156775,-6.360226304156775,-6.360226304156775,125.79537955054172,-243.27510173866384,24.474040139978154,-51.53400739453357,-0.7809308152231,1,0,120
11,24,-6.177030815895752,-6.177030815895752,-6.177030815895752,103.09870118752218,-200.45689333827266,27.393249829194378,-50.22159155771062,-0.76104286120634,1,0,120
11,25,-6.391654645622595,-6.391654645622595,-6.391654645622595,130.67890247341194,-250.89645117656272,28.21758095661586,-57.058587533830945,-0.8646486374936904,1,0,120
11,26,-6.303068982361219,-6.303068982361219,-6.303068982361219,114.16876599359384,-223.45328028161308,28.82183782589073,-56.02482422685932,-0.8489832999258087,1,0,120
11,27,-6.395487609273931,-6.395487609273931,-6.395487609273931,119.97733789499645,-240.11597332611564,27.41854712739939,-57.05416639065425,-0.8645816408225648,1,0,120
11,28,-6.375210696851943,-6.375210696851943,-6.375210696851943,117.76524143210962,-235.5749716825929,27.971063213609735,-56.93676067342012,-0.8628025099707842,1,0,120
11,29,-6.399311565812406,-6.399311565812406,-6.399311565812406,121.25975286309276,-242.31245353919934,27.251170065434604,-56.55047587067601,-0.8569488664998662,1,0,120
11,30,-6.389756664650838,-6.389756664650838,-6.389756664650838,123.85872207562574,-243.7668764351262,27.023408656864373,-56.036786263826606,-0.8491645690285407,1,0,120
11,31,-6.396501586469588,-6.396501586469588,-6.396501586469588,121.62938409829962,-242.4467759612271,27.234284534485468,-56.35077260893968,-0.8539226234639519,1,0,120
11,32,-6.403548262086621,-6.403548262086621,-6.403548262086621,118.62951560014557,-240.1550790045117,27.35547082368305,-56.78371087987403,-0.8604832395300315,1,0,120
11,33,-6.3955906961169635,-6.3955906961169635,-6.3955906961169635,115.70935526666932,-236.13022555049818,27.91322114056331,-57.226622337903294,-0.8671949862673352,1,0,120
11,34,-6.393151472338085,-6.393151472338085,-6.393151472338085,117.93482285122955,-238.12045084361813,27.240468453591546,-56.45839500133654,-0.8555535007599344,1,0,120
11,35,-6.421603540188178,-6.421603540188178,-6.421603540188178,120.27598035764595,-244.1773082116689,27.234297864143276,-57.01552399861392,-0.8639960656607654,1,0,120
11,36,-6.428454496331169,-6.428454496331169,-6.428454496331169,120.40571856677977,-245.2614872412469,27.322754864208115,-57.18828546740627,-0.866614040886916,1,0,120
11,37,-6.439139914193194,-6.439139914193194,-6.439139914193194,121.63066468588042,-247.93465969062734,27.24209608185829,-57.31071195335957,-0.8684692549545601,1,0,120
11,38,-6.4487140004623775,-6.4487140004623775,-6.4487140004623775,123.05552165902064,-250.68952258316932,27.07208439803629,-57.31048881473848,-0.8684658735791521,1,0,120
11,39,-6.454480036983433,-6.454480036983433,-6.454480036983433,123.67421340234829,-252.16315700317364,27.058323011603324,-57.347805208559706,-0.8690313549636075,1,0,120
11,40,-6.461438256551987,-6.461438256551987,-6.461438256551987,123.52181834860902,-252.71182676028883,27.004693671499865,-57.66550062207221,-0.8738456155035956,1,0,120
11,41,-6.451106995653745,-6.451106995653745,-6.451106995653745,122.91545929646384,-250.85328877387076,26.581771223733238,-56.8673737761468,-0.8617510418433666,1,0,120
11,42,-6.456381544499802,-6.456381544499802,-6.456381544499802,121.92617718143882,-250.3583044128642,27.385989067621825,-57.98394553194171,-0.8786712336854724,1,0,120
11,43,-6.47279542557921,-6.47279542557921,-6.47279542557921,123.71758418193042,-254.5094692156266,26.89182866111014,-57.72131914160822,-0.8746914725244185,1,0,120
11,44,-6.473253605359726,-6.473253605359726,-6.473253605359726,127.47858322298366,-258.6359002829548,26.506170085790874,-57.14657247298382,-0.8659819347421263,1,0,120
11,45,-6.476702483027353,-6.476702483027353,-6.476702483027353,127.49511263613046,-259.0605274184255,26.495293974346577,-57.2727693593971,-0.8678942843219069,1,0,120
11,46,-6.476916858929982,-6.476916858929982,-6.476916858929982,125.947643388059,-257.65182515039,26.79542415899749,-57.43147091466958,-0.8702991998563672,1,0,120
11,47,-6.479502581512692,-6.479502581512692,-6.479502581512692,126.32918254112312,-258.44180594367197,26.970441774345737,-57.62337412879441,-0.8732072433217845,1,0,120
11,48,-6.501074857596959,-6.501074857596959,-6.501074857596959,127.20914971518681,-261.9526573494736,26.88170456183225,-58.363539935762034,-0.8844234928676484,1,0,120
11,49,-6.51281911733326,-6.51281911733326,-6.51281911733326,128.06262025059067,-264.2097961778063,26.69077986805647,-58.68481867259122,-0.8892920540091303,1,0,120
11,50,-6.5252719667967005,-6.5252719667967005,-6.5252719667967005,129.87190825515904,-267.6632772361315,26.694618152515893,-59.14591403649621,-0.8962793541752747,1,0,120
11,51,-6.531620881872854,-6.531620881872854,-6.531620881872854,131.45586601443233,-270.1252756348132,26.718403813852756,-59.40200361034098,-0.9001600583895165,1,0,120
11,52,-6.539785529673587,-6.539785529673587,-6.539785529673587,131.12175425254242,-270.8324997889025,26.88678673565773,-59.86938159378119,-0.9072425634784572,1,0,120
11,53,-6.53967666742158,-6.53967666742158,-6.53967666742158,131.9491953704454,-271.56585442692057,26.655505549153748,-59.741268213634314,-0.905301171930287,1,0,120
11,54,-6.537472599550172,-6.537472599550172,-6.537472599550172,130.7744301388788,-270.1070488309926,27.209255156318548,-60.18662678171659,-0.9120500014357522,1,0,120
11,55,-6.5532651934588415,-6.5532651934588415,-6.5532651934588415,130.8363506644297,-272.3616277773905,26.634320164694074,-60.009503117559774,-0.909365922815855,1,0,120
11,56,-6.562417264874248,-6.562417264874248,-6.562417264874248,130.7335799452031,-273.52975436395525,26.46930629546994,-60.08178239760693,-0.910461221240036,1,0,120
11,57,-6.562526807370228,-6.562526807370228,-6.562526807370228,131.2520378792283,-274.2071644204963,26.631758407854804,-60.14440807665332,-0.9114102319043375,1,0,120
11,58,-6.552052920986474,-6.552052920986474,-6.552052920986474,133.72454111349205,-275.53163866621435,25.945811808335943,-58.95005757969379,-0.8933114044618659,1,0,120
11,59,-6.5646951966107085,-6.5646951966107085,-6.5646951966107085,130.17680235246388,-273.24643631619983,26.847976440153328,-60.55603277060767,-0.9176478684489744,1,0,120
11,60,-6.569702388020867,-6.569702388020867,-6.569702388020867,128.67213491536936,-272.20131086111166,27.052162849479775,-61.0492875858665,-0.9251225032477743,1,0,120
11,61,-6.575189059367209,-6.575189059367209,-6.575189059367209,125.35850355980213,-269.38464149105977,27.13168036556784,-61.29320990138288,-0.9288188284966336,1,0,120
11,62,-6.577497372630739,-6.577497372630739,-6.577497372630739,123.79036672610454,-267.99827399718697,27.471337624298286,-61.72522629471051,-0.9353654747073235,1,0,120
11,63,-6.583821641048568,-6.583821641048568,-6.583821641048568,123.31661099813398,-268.23520072922184,27.643410867208324,-62.20256675334808,-0.9425989481426215,1,0,120
11,64,-6.58606793830164,-6.58606793830164,-6.58606793830164,122.99592002423839,-268.1922099001941,27.341116421333396,-61.9335956509972,-0.9385230411280117,1,0,120
11,65,-6.587417362827472,-6.587417362827472,-6.587417362827472,123.99744167070648,-269.5544338963247,27.178901115770792,-61.715043626091,-0.9352111696162154,1,0,120
11,66,-6.576224075237813,-6.576224075237813,-6.576224075237813,123.16262715179606,-267.23729066867503,26.73571598309741,-60.78800080882611,-0.921163042182792,1,0,120
11,67,-6.581323625495543,-6.581323625495543,-6.581323625495543,123.55721537223434,-268.2800688287494,27.390978202889137,-61.732307329710515,-0.9354727785774232,1,0,120
11,68,-6.599346263775684,-6.599346263775684,-6.599346263775684,122.72342401264437,-269.6139805682117,27.586753725177957,-62.681188435350805,-0.9498518368506221,1,0,120
11,69,-6.598369942980851,-6.598369942980851,-6.598369942980851,122.88573600517147,-269.69214112322726,27.73677412303712,-62.7857478014274,-0.9514362979689722,1,0,120
11,70,-6.600961396652825,-6.600961396652825,-6.600961396652825,122.29241290673465,-269.38104212338607,27.43970361565584,-62.54248491821,-0.9477499655584127,1,0,120
11,71,-6.606919587025227,-6.606919587025227,-6.606919587025227,124.5170094754553,-272.5539629270514,27.301382693411405,-62.67115588487681,-0.9496998066046441,1,0,120
11,72,-6.608349382533374,-6.608349382533374,-6.608349382533374,121.88322554168897,-269.77161354253883,27.988070089316754,-63.53510394633277,-0.9627918151258907,1,0,120
11,73,-6.610462542687424,-6.610462542687424,-6.610462542687424,122.08876271749538,-270.28024792113126,27.356859976365428,-62.90464529452947,-0.9532380347426204,1,0,120
11,74,-6.615062812419608,-6.615062812419608,-6.615062812419608,122.99454390112015,-271.9088835745604,27.21129595541319,-62.8915774954691,-0.9530400092544168,1,0,120
11,75,-6.610621569928358,-6.610621569928358,-6.610621569928358,123.49628789286218,-271.8680876646689,26.79569717174404,-62.2855130049493,-0.9438558906386073,1,0,120
11,76,-6.615711793341361,-6.615711793341361,-6.615711793341361,122.55644502989057,-271.52586077674215,27.301761156391848,-62.9954791874811,-0.9546145041782212,1,0,120
11,77,-6.61579853413601,-6.61579853413601,-6.61579853413601,123.88355557826787,-273.01605141178015,26.95620246991364,-62.61359232265459,-0.9488275057329267,1,0,120
11,78,-6.611988818024103,-6.611988818024103,-6.611988818024103,124.75155256176619,-273.43032146658953,27.032757793450937,-62.60781676050441,-0.9487399846049116,1,0,120
11,79,-6.616151540796913,-6.616151540796913,-6.616151540796913,123.90283006551175,-273.074887065662,26.94298210386347,-62.620738202572426,-0.9489357922433663,1,0,120
11,80,-6.616784219289979,-6.616784219289979,-6.616784219289979,124.61693423647189,-273.936071114556,27.30789353881816,-63.0646370898996,-0.9556625021866301,1,0,120
11,81,-6.621071856465979,-6.621071856465979,-6.621071856465979,122.07700205858069,-271.7339928898083,27.481277893283067,-63.349255259855305,-0.9599755201475503,1,0,120
11,82,-6.620647811013985,-6.620647811013985,-6.620647811013985,120.97992681563781,-270.49308096234074,27.284622517708677,-63.06699678504493,-0.9556982602956281,1,0,120
11,83,-6.62177589514135,-6.62177589514135,-6.62177589514135,120.79626585532733,-270.36168790184377,27.834810822089985,-63.79886261208948,-0.9667887344474297,1,0,120
11,84,-6.622477584014491,-6.622477584014491,-6.622477584014491,119.82642761452209,-269.36096631502926,28.040703100807235,-64.05666242188792,-0.9706953550618322,1,0,120
11,85,-6.622494858719455,-6.622494858719455,-6.622494858719455,118.70838294620738,-268.1033495742649,27.7081911815478,-63.677723365115924,-0.9649530268112989,1,0,120
11,86,-6.611758975154167,-6.611758975154167,-6.611758975154167,115.65027344712189,-263.1918354046622,28.322788770957725,-64.04775489271596,-0.9705603730495732,1,0,120
11,87,-6.6234051063824,-6.6234051063824,-6.6234051063824,118.72783979320491,-268.2602083383023,27.807267525455746,-63.806232952904956,-0.9669004223706575,1,0,120
11,88,-6.623842164797432,-6.623842164797432,-6.623842164797432,120.8655547791437,-270.7033625398091,27.775586598780073,-63.81392478397756,-0.9670169820603417,1,0,120
11,89,-6.61798326335731,-6.61798326335731,-6.61798326335731,119.04209537795842,-267.83172600729597,28.57375501030141,-64.5547175428714,-0.9782427322467265,1,0,120
11,90,-6.624275780289848,-6.624275780289848,-6.624275780289848,121.66134081141169,-271.65490327486134,27.581140443932444,-63.61103993832865,-0.9639425262607755,1,0,120
11,91,-6.624358677812478,-6.624358677812478,-6.624358677812478,123.38079924998368,-273.67876899902507,26.991723258067733,-62.8680209407504,-0.9526830403243763,1,0,120
11,92,-6.627483646347442,-6.627483646347442,-6.627483646347442,122.52664783181542,-273.1457037564301,26.803304459868407,-62.756808062376486,-0.9509977538861037,1,0,120
11,93,-6.630323462377129,-6.630323462377129,-6.630323462377129,121.10388912290574,-271.91818331695055,27.070520561167793,-63.15760602075316,-0.9570713253430763,1,0,120
11,94,-6.6314474272769965,-6.6314474272769965,-6.6314474272769965,119.79670018068938,-270.575421764538,26.928961415671928,-63.045709434424886,-0.9553756782005394,1,0,120
11,95,-6.631072830285326,-6.631072830285326,-6.631072830285326,119.27598126840769,-269.9536735059844,26.990540391212264,-63.08267520604079,-0.9559358463617761,1,0,120
11,96,-6.630918930186319,-6.630918930186319,-6.630918930186319,119.87739070309235,-270.573209578493,27.07359953922543,-63.21578174676307,-0.9579529027603205,1,0,120
11,97,-6.63007382512143,-6.63007382512143,-6.63007382512143,119.92110569566621,-270.5689032886597,26.680825390196198,-62.682574487015216,-0.9498728406597756,1,0,120
11,98,-6.630575825645156,-6.630575825645156,-6.630575825645156,119.6160020082378,-270.26613997306174,26.776815958314042,-62.831174912702025,-0.9521246867210701,1,0,120
11,99,-6.630448020722993,-6.630448020722993,-6.630448020722993,119.76052300432266,-270.41145877303575,27.175219271217887,-63.2816358844336,-0.9589508365135243,1,0,120
11,100,-6.631185341207944,-6.631185341207944,-6.631185341207944,120.22262414018047,-271.02377959290675,27.0023099458041,-63.12069602013517,-0.956512002318732,1,0,120
11,101,-6.630097312541,-6.630097312541,-6.630097312541,116.88440374881026,-267.07800892500524,27.360535837303978,-63.487571733949316,-0.9620715263060869,1,0,120
11,102,-6.629828091209772,-6.629828091209772,-6.629828091209772,117.96273638978546,-268.23935651885324,27.690000095900256,-63.89071745519916,-0.9681806750540017,1,0,120
11,103,-6.6296436779448955,-6.6296436779448955,-6.6296436779448955,120.52199872078693,-271.1611389131788,26.590944393113784,-62.598852174502916,-0.9486041379706553,1,0,120
11,104,-6.631350156404199,-6.631350156404199,-6.631350156404199,119.99736262781208,-270.79817867208067,26.851155052189796,-62.94636463668088,-0.9538702370789814,1,0,120
11,105,-6.631601082500121,-6.631601082500121,-6.631601082500121,119.58221395516962,-270.3466281462174,27.040897901355528,-63.183518500633426,-0.9574639952529171,1,0,120
11,106,-6.6313697981037185,-6.6313697981037185,-6.6313697981037185,119.66434437390784,-270.40736477353823,27.007062846042416,-63.13913288124818,-0.9567913889549955,1,0,120
11,107,-6.631653373277134,-6.631653373277134,-6.631653373277134,119.68362496884495,-270.4693933539453,27.03285477259534,-63.17565360854127,-0.9573448130487049,1,0,120
11,108,-6.631935299513841,-6.631935299513841,-6.631935299513841,119.47829573783534,-270.273010832216,27.09453557057517,-63.25567402970575,-0.9585574183921253,1,0,120
11,109,-6.632046427347997,-6.632046427347997,-6.632046427347997,119.27503509394089,-270.05727369447493,27.12345340957724,-63.29151395782491,-0.9591005258603522,1,0,120
11,110,-6.63211553619343,-6.63211553619343,-6.63211553619343,119.25981589333605,-270.0492966160068,27.178154859190563,-63.35595889666302,-0.9600771050391953,1,0,120
11,111,-6.6321723843705085,-6.6321723843705085,-6.6321723843705085,119.1392080470294,-269.91762671165134,27.21255106769095,-63.39894649708388,-0.9607285261791065,1,0,120
11,112,-6.6320918078091635,-6.6320918078091635,-6.6320918078091635,119.00530796795852,-269.75469443674547,27.227873653416307,-63.4133980702047,-0.9609475209623397,1,0,120
11,113,-6.632107189321174,-6.632107189321174,-6.632107189321174,119.12830457712712,-269.895188854799,27.21313571877207,-63.39876884120803,-0.9607258340355112,1,0,120
11,114,-6.63220706135486,-6.63220706135486,-6.63220706135486,118.82877258959351,-269.56859312101096,27.2643479122698,-63.459098885691105,-0.9616400573455658,1,0,120
11,115,-6.6322290056467885,-6.6322290056467885,-6.6322290056467885,118.88379619695523,-269.6336291679288,27.283338132154245,-63.48206652435181,-0.9619881020191682,1,0,120
11,116,-6.632325177357859,-6.632325177357859,-6.632325177357859,118.991293871882,-269.7735538824131,27.24910954730313,-63.441644230137584,-0.9613755547563049,1,0,120
11,117,-6.632410294031706,-6.632410294031706,-6.632410294031706,118.9382961860958,-269.7206687027847,27.306635909591527,-63.51387037024026,-0.9624700479137841,1,0,120
11,118,-6.63234042808513,-6.63234042808513,-6.63234042808513,118.9485037573007,-269.7248768203684,27.292973292996688,-63.49408535388703,-0.9621702317393569,1,0,120
11,119,-6.632368052212951,-6.632368052212951,-6.632368052212951,118.8616071453946,-269.62741999726404,27.308902753799227,-63.515282513429646,-0.9624914471060428,1,0,120
11,120,-6.6324862367404505,-6.6324862367404505,-6.6324862367404505,118.9161520549475,-269.7052286555721,27.359581645490614,-63.57705586577149,-0.9634275418683628,1,0,120
11,121,-6.63257069450127,-6.63257069450127,-6.63257069450127,118.8875756903806,-269.6841558146056,27.339731705651836,-63.55702773213343,-0.963124041567879,1,0,120
11,122,-6.632604852851555,-6.632604852851555,-6.632604852851555,118.79003291186703,-269.5788264753021,27.362981925671633,-63.58338278934776,-0.9635234181612433,1,0,120
11,123,-6.632496251561154,-6.632496251561154,-6.632496251561154,118.75531645028403,-269.5209778401952,27.417557244330833,-63.64577356284692,-0.9644688691376847,1,0,120
11,124,-6.632569779398561,-6.632569779398561,-6.632569779398561,118.83786255991215,-269.6275541221413,27.359285645876803,-63.57910991488873,-0.9634586683095757,1,0,120
11,125,-6.632721094861989,-6.632721094861989,-6.632721094861989,118.82775633215302,-269.6375223521633,27.36315349544403,-63.58724255479297,-0.9635819078834306,1,0,120
11,126,-6.632749471140778,-6.632749471140778,-6.632749471140778,119.11133944307869,-269.96710649446976,27.310601266314162,-63.52558976226766,-0.9626476400482324,1,0,120
11,127,-6.632858639860071,-6.632858639860071,-6.632858639860071,118.9681493687395,-269.81765769232277,27.332809796086025,-63.55543190952354,-0.9630998589530447,1,0,120
11,128,-6.632909826099299,-6.632909826099299,-6.632909826099299,118.84981555666397,-269.6917942003383,27.357028181976347,-63.5825780964078,-0.9635112240869732,1,0,120
11,129,-6.632943562149066,-6.632943562149066,-6.632943562149066,118.91529443533892,-269.76780833973436,27.37952215570703,-63.612438114509544,-0.9639637138011973,1,0,120
11,130,-6.63304938499089,-6.63304938499089,-6.63304938499089,118.83757564807871,-269.6947411594234,27.337411858766597,-63.56657544755434,-0.9632687247695966,1,0,120
11,131,-6.633128255698401,-6.633128255698401,-6.633128255698401,118.71265956722507,-269.5616608780782,27.360661769825803,-63.59688024254332,-0.9637279544987097,1,0,120
11,132,-6.63322708310747,-6.63322708310747,-6.63322708310747,118.79355888666203,-269.6689041940965,27.31981297386309,-63.55177192184051,-0.9630443966028508,1,0,120
11,133,-6.633316865710052,-6.633316865710052,-6.633316865710052,118.77536396957197,-269.66296379406066,27.29886899979898,-63.52803703101881,-0.9626847252212577,1,0,120
11,134,-6.63332729339287,-6.63332729339287,-6.63332729339287,118.86738604857948,-269.7741036031613,27.241238554050597,-63.45785547622278,-0.9616212150932582,1,0,120
11,135,-6.633404438666378,-6.633404438666378,-6.633404438666378,118.92140807919375,-269.8448173649892,27.262356895697163,-63.4856747312026,-0.9620427796982377,1,0,120
11,136,-6.633502606444493,-6.633502606444493,-6.633502606444493,118.73836681843824,-269.64719992788446,27.29033513761609,-63.52280958783508,-0.9626055101228518,1,0,120
11,137,-6.633467638672873,-6.633467638672873,-6.633467638672873,118.5954708242088,-269.477334063376,27.306716431329797,-63.54249760933615,-0.9629038564665245,1,0,120
11,138,-6.633507380350655,-6.633507380350655,-6.633507380350655,118.6382748300498,-269.53318638186835,27.30259468422824,-63.53740656602235,-0.9628267083306354,1,0,120
11,139,-6.633594140046283,-6.633594140046283,-6.633594140046283,118.60795046969356,-269.5104813281366,27.29196294488511,-63.52781956341788,-0.9626814297827799,1,0,120
11,140,-6.633621427844953,-6.633621427844953,-6.633621427844953,118.57166234766102,-269.4752989979469,27.30948149602184,-63.54612271262223,-0.9629587901890816,1,0,120
11,141,-6.633622117687785,-6.633622117687785,-6.633622117687785,118.69621382147332,-269.6198838294673,27.28030873459137,-63.51050154862033,-0.9624189978063501,1,0,120
11,142,-6.633633211532176,-6.633633211532176,-6.633633211532176,118.53706109360151,-269.4378646805477,27.33620151815011,-63.57652322670074,-0.9634194704164271,1,0,120
11,143,-6.633632469763582,-6.633632469763582,-6.633632469763582,118.53148094052332,-269.42793428294516,27.365379815737604,-63.6132651429084,-0.9639762463402795,1,0,120
11,144,-6.633660857645077,-6.633660857645077,-6.633660857645077,118.58088300325112,-269.494018079703,27.306664212521735,-63.541278139042596,-0.9628853769812559,1,0,120
11,145,-6.63367292236629,-6.63367292236629,-6.63367292236629,118.45645096302778,-269.3543512676181,27.297134024718694,-63.53001194787487,-0.9627146525160358,1,0,120
11,146,-6.633646437540715,-6.633646437540715,-6.633646437540715,118.33181277774638,-269.2105158648831,27.262958323208977,-63.48803586878649,-0.9620785596655149,1,0,120
11,147,-6.6335957335971525,-6.6335957335971525,-6.6335957335971525,118.52129135774226,-269.41949727165377,27.289728711529,-63.51759728171776,-0.962526524406988,1,0,120
11,148,-6.633792638745873,-6.633792638745873,-6.633792638745873,118.56507084359131,-269.49559472406503,27.266341986542656,-63.497563305621334,-0.9622229355716513,1,0,120
11,149,-6.633849143535804,-6.633849143535804,-6.633849143535804,118.50904524647669,-269.4389170361755,27.272949580242805,-63.50722178156949,-0.9623692972050143,1,0,120
11,150,-6.633863006613594,-6.633863006613594,-6.633863006613594,118.72353908827617,-269.6895799572367,27.226959251235574,-63.451231949845784,-0.9615208441709342,1,0,120
11,151,-6.633941256745562,-6.633941256745562,-6.633941256745562,118.57738448116106,-269.52911482226614,27.255328189285553,-63.49027265761648,-0.9621124552892554,1,0,120
11,152,-6.6339585135220265,-6.6339585135220265,-6.6339585135220265,118.5039254878977,-269.44616193966704,27.288080983668987,-63.52961757595599,-0.9627086763228445,1,0,120
11,153,-6.633969653666585,-6.633969653666585,-6.633969653666585,118.3262810246325,-269.24263515661715,27.315424418161346,-63.56331685822837,-0.9632193450891201,1,0,120
11,154,-6.634033601670735,-6.634033601670735,-6.634033601670735,118.44006450043238,-269.38214228145426,27.28984408448932,-63.53521553768699,-0.9627935061476379,1,0,120
11,155,-6.634012743233982,-6.634012743233982,-6.634012743233982,118.47634003196293,-269.41759189315076,27.26895372863726,-63.51386680790191,-0.9624699939311825,1,0,120
11,156,-6.634038882336706,-6.634038882336706,-6.634038882336706,118.50204008480861,-269.4548408848897,27.27520622937996,-63.51746279655032,-0.9625244864592957,1,0,120
11,157,-6.634061938058288,-6.634061938058288,-6.634061938058288,118.59636222363179,-269.5686963716315,27.268511400140188,-63.507507428252794,-0.9623736258087564,1,0,120
11,158,-6.6341525670695844,-6.6341525670695844,-6.6341525670695844,118.45495776383564,-269.4211641556234,27.2340459399719,-63.469267783994894,-0.9617941537654601,1,0,120
11,159,-6.634143281950155,-6.634143281950155,-6.634143281950155,118.3032168247286,-269.2472650829539,27.25587954991832,-63.49317384932689,-0.9621564190739885,1,0,120
11,160,-6.634111018425342,-6.634111018425342,-6.634111018425342,118.5148928545639,-269.4862175837636,27.20320742358,-63.43053844779801,-0.9612072610781179,1,0,120
11,161,-6.63422035803221,-6.63422035803221,-6.63422035803221,118.32719129027977,-269.28170412714803,27.255639388360834,-63.4986858419308,-0.9622399461485419,1,0,120
11,162,-6.634248611170357,-6.634248611170357,-6.634248611170357,118.39286338296674,-269.3640010807354,27.21387242077678,-63.44841098614307,-0.9614780961372481,1,0,120
11,163,-6.634249553558914,-6.634249553558914,-6.634249553558914,118.29897232498267,-269.2560269610986,27.22025482269628,-63.456517851345566,-0.9616009451290415,1,0,120
11,164,-6.634309028098815,-6.634309028098815,-6.634309028098815,118.04187203626532,-268.9676986989307,27.25786156381786,-63.50371501689353,-0.9623161567500865,1,0,120
11,165,-6.634282089781358,-6.634282089781358,-6.634282089781358,118.00706241235909,-268.925093664355,27.259590167291222,-63.5039927224549,-0.9623203650164606,1,0,120
11,166,-6.63428999966497,-6.63428999966497,-6.63428999966497,118.05411626580474,-268.98035111088916,27.27397905476983,-63.52034583185027,-0.9625681751072572,1,0,120
11,167,-6.634369248428179,-6.634369248428179,-6.634369248428179,118.10572683215905,-269.0470579179099,27.28040655255591,-63.53320397511053,-0.9627630235346581,1,0,120
11,168,-6.6344143487924025,-6.6344143487924025,-6.6344143487924025,118.20017384359755,-269.1640676895647,27.21986177245716,-63.46246943018042,-0.9616911335608431,1,0,120
11,169,-6.63439713340161,-6.63439713340161,-6.63439713340161,118.31846701312645,-269.2982516879797,27.195662289348782,-63.4330165708951,-0.9612448138086017,1,0,120
11,170,-6.634392268164577,-6.634392268164577,-6.634392268164577,118.22720017667805,-269.1901801362685,27.225682590722318,-63.47024863444693,-0.9618090172775727,1,0,120
11,171,-6.634449840237464,-6.634449840237464,-6.634449840237464,118.04776965445302,-268.99332151450585,27.230977766315696,-63.47748843360692,-0.9619187270118997,1,0,120
11,172,-6.6344774106037825,-6.6344774106037825,-6.6344774106037825,118.17230526893607,-269.14268210968726,27.237599951403876,-63.482756743301685,-0.9619985613890961,1,0,120
11,173,-6.634476968046674,-6.634476968046674,-6.634476968046674,118.09278710036975,-269.04856115087637,27.275716276372165,-63.52944733999811,-0.9627060966184495,1,0,120
11,174,-6.634484730855513,-6.634484730855513,-6.634484730855513,118.24152193768222,-269.22457703734466,27.209311362278363,-63.44888767722258,-0.9614853197701879,1,0,120
11,175,-6.634523493496323,-6.634523493496323,-6.634523493496323,118.22882689090125,-269.2140096839968,27.204561001835614,-63.445951292250406,-0.9614408226773736,1,0,120
11,176,-6.634523217459978,-6.634523217459978,-6.634523217459978,118.274936766896,-269.27119814504044,27.142834328034528,-63.37085574405714,-0.9603028473745561,1,0,120
11,177,-6.6344853972726305,-6.6344853972726305,-6.6344853972726305,118.30111010742971,-269.29212487661994,27.200449631436438,-63.439456112357,-0.9613423966789771,1,0,120
11,178,-6.63450591564895,-6.63450591564895,-6.63450591564895,118.32016354795849,-269.3166670851823,27.172143812984064,-63.40774807562379,-0.9608619026474221,1,0,120
11,179,-6.634523851747624,-6.634523851747624,-6.634523851747624,118.16551307092382,-269.14024750758966,27.21999859343735,-63.46501321670532,-0.9617296813351204,1,0,120
11,180,-6.6345421689026285,-6.6345421689026285,-6.6345421689026285,117.93956547387941,-268.88401551545735,27.25986556213357,-63.51136861711896,-0.9624321371010358,1,0,120
11,181,-6.634522418645412,-6.634522418645412,-6.634522418645412,117.99113906158831,-268.9390837511782,27.266077354082732,-63.51915282793287,-0.9625500966854755,1,0,120
11,182,-6.634528052164484,-6.634528052164484,-6.634528052164484,118.02434320282077,-268.98126177192404,27.26001092709356,-63.50896569535412,-0.9623957239488745,1,0,120
11,183,-6.634528450563776,-6.634528450563776,-6.634528450563776,117.72171010996277,-268.63090054827967,27.25577027070948,-63.50805979638364,-0.9623819962289224,1,0,120
11,184,-6.634504252247691,-6.634504252247691,-6.634504252247691,117.98037726556197,-268.9273599037435,27.241356718570326,-63.487249490489845,-0.9620666431258293,1,0,120
11,185,-6.634551687016003,-6.634551687016003,-6.634551687016003,117.86522822633084,-268.79726755777347,27.29640297485481,-63.556429123067296,-0.9631149704265173,1,0,120
11,186,-6.634529196590151,-6.634529196590151,-6.634529196590151,117.89787296414079,-268.8303289851553,27.312208909891563,-63.57509001034405,-0.9633977518877426,1,0,120
11,187,-6.634544759903453,-6.634544759903453,-6.634544759903453,117.79128123793915,-268.70985834273074,27.321300469731813,-63.58653221943114,-0.9635711436754592,1,0,120
11,188,-6.634549227496777,-6.634549227496777,-6.634549227496777,117.72055507563574,-268.6304358552276,27.330228620453024,-63.5959330062845,-0.9637136003659494,1,0,120
11,189,-6.634520333149136,-6.634520333149136,-6.634520333149136,117.8394918814993,-268.7641175880312,27.30401331260923,-63.56361839430726,-0.9632239144759739,1,0,120
11,190,-6.63457182313069,-6.63457182313069,-6.63457182313069,117.89850076957086,-268.83797037193176,27.277261134274998,-63.53524867185725,-0.9627940082528671,1,0,120
11,191,-6.634575345161787,-6.634575345161787,-6.634575345161787,117.81509561581046,-268.7404645684254,27.295864835248643,-63.559151409477344,-0.9631562231342525,1,0,120
11,192,-6.6345519446994325,-6.6345519446994325,-6.6345519446994325,117.78322406330656,-268.7021605786511,27.28989056234561,-63.55023223553102,-0.9630210646605927,1,0,120
11,193,-6.634526197197453,-6.634526197197453,-6.634526197197453,117.76648476488623,-268.6759352050942,27.32984553120548,-63.598763636291395,-0.9637564948798956,1,0,120
11,194,-6.63465237146415,-6.63465237146415,-6.63465237146415,117.9541545731681,-268.91374206379476,27.234153215969513,-63.48722518534195,-0.9620662748129439,1,0,120
11,195,-6.634688276785838,-6.634688276785838,-6.634688276785838,118.08915668952199,-269.0753515543961,27.191294491232206,-63.437047109098856,-0.9613058913696994,1,0,120
11,196,-6.634707312779777,-6.634707312779777,-6.634707312779777,118.08966256390252,-269.0809969160184,27.15577978144685,-63.39450037053808,-0.9606611509175359,1,0,120
11,197,-6.634717205354285,-6.634717205354285,-6.634717205354285,118.188446669383,-269.1965641225403,27.127924032580594,-63.36174780406198,-0.960164828397088,1,0,120
11,198,-6.634686680615082,-6.634686680615082,-6.634686680615082,118.29947530313225,-269.3248512396308,27.065819017325328,-63.28436068556667,-0.9589921273286142,1,0,120
11,199,-6.634697702244977,-6.634697702244977,-6.634697702244977,118.18078863242266,-269.1862827056401,27.129403187959948,-63.361716046541524,-0.9601643471531951,1,0,120
11,200,-6.6347071017779315,-6.6347071017779315,-6.6347071017779315,118.14974507168523,-269.14754521417797,27.13939511317609,-63.37792671249123,-0.96040999869895,1,0,120
11,201,-6.634753714197344,-6.634753714197344,-6.634753714197344,118.09025868398237,-269.08919388230305,27.153154956506384,-63.39169518561683,-0.9606186419907483,1,0,120
11,202,-6.634755730354397,-6.634755730354397,-6.634755730354397,118.01429337240307,-268.99799425854474,27.193799999406366,-63.44280115452944,-0.9613930864398311,1,0,120
11,203,-6.634773594631772,-6.634773594631772,-6.634773594631772,117.81491781265393,-268.7689901426422,27.25631231296473,-63.51806834641373,-0.9625336627794073,1,0,120
11,204,-6.634745615293846,-6.634745615293846,-6.634745615293846,117.99323844277242,-268.97303099047804,27.26860971361354,-63.52761045108751,-0.9626782609575539,1,0,120
11,205,-6.634791375425149,-6.634791375425149,-6.634791375425149,117.79278788973144,-268.7470678385072,27.241279684061986,-63.500381130478864,-0.9622656360402234,1,0,120
11,206,-6.634809297464747,-6.634809297464747,-6.634809297464747,117.56248056632293,-268.4840421466331,27.264673761763014,-63.52929653537699,-0.9627038113706751,1,0,120
11,207,-6.63476660259033,-6.63476660259033,-6.63476660259033,117.37649744993075,-268.26489449864823,27.296980909547404,-63.56516409984423,-0.9632473376317909,1,0,120
11,208,-6.634778338327984,-6.634778338327984,-6.634778338327984,117.55475191847651,-268.4689209476146,27.283819147106332,-63.55236421109502,-0.9630533719756921,1,0,120
11,209,-6.634820160091172,-6.634820160091172,-6.634820160091172,117.53968661014326,-268.4599864639411,27.23041687849019,-63.48975474381524,-0.9621046069796155,1,0,120
11,210,-6.634777436289982,-6.634777436289982,-6.634777436289982,117.43556568949613,-268.3337550551672,27.257123609712266,-63.52013197815093,-0.9625649344327549,1,0,120
11,211,-6.634814867133179,-6.634814867133179,-6.634814867133179,117.57598348771295,-268.5023659195357,27.223114480384805,-63.479736398137355,-0.9619527919888363,1,0,120
11,212,-6.634766359747817,-6.634766359747817,-6.634766359747817,117.48008036640329,-268.38090517795916,27.232201040548528,-63.493610409818416,-0.9621630345800937,1,0,120
11,213,-6.6348443027326915,-6.6348443027326915,-6.6348443027326915,117.61618081875244,-268.5519025623241,27.211044593451554,-63.467328759353904,-0.9617647703704907,1,0,120
11,214,-6.634854333654482,-6.634854333654482,-6.634854333654482,117.71971425894753,-268.67636699635653,27.173612542405337,-63.42029065552699,-0.9610519691228238,1,0,120
11,215,-6.634837861491189,-6.634837861491189,-6.634837861491189,117.82365882037627,-268.7977424521117,27.108648827120625,-63.340848868526045,-0.9598481322271118,1,0,120
11,216,-6.634827985759025,-6.634827985759025,-6.634827985759025,117.69464065393221,-268.6432558931383,27.156974430769885,-63.40122215936846,-0.9607630108794611,1,0,120
11,217,-6.6348864550029,-6.6348864550029,-6.6348864550029,117.87046654412268,-268.85611106146087,27.17286443643524,-63.41774400646771,-0.9610133779705633,1,0,120
11,218,-6.634859252238129,-6.634859252238129,-6.634859252238129,117.95365499251318,-268.9522063163264,27.176124912989348,-63.41613446095197,-0.96098898740295,1,0,120
11,219,-6.634905308146618,-6.634905308146618,-6.634905308146618,117.73906058743736,-268.7058961626694,27.200696642629445,-63.452432376364605,-0.9615390350725805,1,0,120
11,220,-6.634909338084743,-6.634909338084743,-6.634909338084743,117.78634646521297,-268.7598794915086,27.209729073828033,-63.46364451182879,-0.9617089403939619,1,0,120
11,221,-6.634928450088295,-6.634928450088295,-6.634928450088295,117.82937061916085,-268.8122914297766,27.190691175253946,-63.44188580205752,-0.9613792154643676,1,0,120
11,222,-6.634933374537062,-6.634933374537062,-6.634933374537062,117.84190833420843,-268.8303221794106,27.205569406425305,-63.45607794650202,-0.9615942789436339,1,0,120
11,223,-6.634863882358837,-6.634863882358837,-6.634863882358837,118.14945753252005,-269.17889340263275,27.155474374402623,-63.39071861730716,-0.9606038433689303,1,0,120
11,224,-6.6349130258412945,-6.6349130258412945,-6.6349130258412945,117.89958176344555,-268.8920800966284,27.200446530420564,-63.45112669756659,-0.9615192492096193,1,0,120
11,225,-6.634955051796824,-6.634955051796824,-6.634955051796824,117.69109578662062,-268.6591330867809,27.224202790171933,-63.4794291209932,-0.96194813560361,1,0,120
11,226,-6.634974608407588,-6.634974608407588,-6.634974608407588,117.46632680868794,-268.40033275517214,27.248007337520196,-63.5110948949277,-0.9624279891974519,1,0,120
11,227,-6.634985130100371,-6.634985130100371,-6.634985130100371,117.28955706241479,-268.19775302321307,27.282078852751432,-63.55173586034389,-0.9630438501378003,1,0,120
11,228,-6.634901192959761,-6.634901192959761,-6.634901192959761,117.1393025025771,-268.0113711791058,27.3599579517949,-63.641147810578595,-0.9643987718820557,1,0,120
11,229,-6.63495342361919,-6.63495342361919,-6.63495342361919,117.23500452859085,-268.1287326841168,27.306699622570832,-63.581153395015484,-0.9634896345914924,1,0,120
11,230,-6.634995564351647,-6.634995564351647,-6.634995564351647,117.23255931969348,-268.1366745836532,27.225455681530903,-63.484155447996095,-0.9620197569384525,1,0,120
11,231,-6.634997273253798,-6.634997273253798,-6.634997273253798,117.27697579184438,-268.1862945604913,27.190295965502077,-63.44544366506858,-0.9614331302480638,1,0,120
11,232,-6.63503227704708,-6.63503227704708,-6.63503227704708,117.43150115869713,-268.37442732723014,27.13945849645281,-63.38210620787834,-0.9604733335123071,1,0,120
11,233,-6.634954881460236,-6.634954881460236,-6.634954881460236,117.43946102360874,-268.37635363559946,27.08555030991127,-63.31461942794113,-0.9594506591902878,1,0,120
11,234,-6.63504399568143,-6.63504399568143,-6.63504399568143,117.49199884404507,-268.4457389568675,27.127745408003822,-63.36870867631364,-0.9602703113571175,1,0,120
11,235,-6.635033493251628,-6.635033493251628,-6.635033493251628,117.58101931114861,-268.5485938771729,27.11393920880966,-63.350385186345626,-0.9599926427130141,1,0,120
11,236,-6.635058068632931,-6.635058068632931,-6.635058068632931,117.44848035183645,-268.3982373742988,27.145659916531258,-63.38917077126616,-0.9605803877765604,1,0,120
11,237,-6.635065063177268,-6.635065063177268,-6.635065063177268,117.45372732153261,-268.40699219736047,27.152555462408877,-63.3955072366023,-0.9606764086623941,1,0,120
11,238,-6.635074462778249,-6.635074462778249,-6.635074462778249,117.35357066873782,-268.2903491261869,27.21034544874972,-63.46510027415025,-0.9617310005774009,1,0,120
11,239,-6.635106504248826,-6.635106504248826,-6.635106504248826,117.33884758085665,-268.281200643679,27.186826426934097,-63.43567981762979,-0.9612851718468917,1,0,120
11,240,-6.635104366003846,-6.635104366003846,-6.635104366003846,117.25023748865095,-268.17706066137316,27.18384158005388,-63.434333762444595,-0.9612647741323289,1,0,120
11,241,-6.63508283323541,-6.63508283323541,-6.63508283323541,117.34187678822317,-268.28306122925324,27.172506828773273,-63.41693620506474,-0.9610011367915816,1,0,120
11,242,-6.635081923006304,-6.635081923006304,-6.635081923006304,117.571184388584,-268.5482935327202,27.174035631496327,-63.416363424024055,-0.9609924570403328,1,0,120
11,243,-6.635114440237216,-6.635114440237216,-6.635114440237216,117.41171805874185,-268.3668124310159,27.15643563932126,-63.40013081616845,-0.9607464729935493,1,0,120
11,244,-6.635120620944633,-6.635120620944633,-6.635120620944633,117.23364083039681,-268.16073151111055,27.180486241980667,-63.43045285542797,-0.9612059640371408,1,0,120
11,245,-6.635075422693802,-6.635075422693802,-6.635075422693802,117.07759365577655,-267.97513402137145,27.197530658299257,-63.44893891250119,-0.9614860961741571,1,0,120
11,246,-6.635119801301243,-6.635119801301243,-6.635119801301243,117.20160999276791,-268.1227788698012,27.186469799779175,-63.43836451563406,-0.9613258549512552,1,0,120
11,247,-6.635125683339198,-6.635125683339198,-6.635125683339198,117.4079165497192,-268.36250763477005,27.130003778562916,-63.371607636085415,-0.9603142413197252,1,0,120
11,248,-6.6351257230487155,-6.6351257230487155,-6.6351257230487155,117.28519159150389,-268.218563308692,27.17065207712887,-63.42135664306845,-0.9610681227767284,1,0,120
11,249,-6.635136398117749,-6.635136398117749,-6.635136398117749,117.08739609658585,-267.99084516499386,27.190263755209,-63.446244637530484,-0.9614452679433309,1,0,120
11,250,-6.635084219052662,-6.635084219052662,-6.635084219052662,117.04098138967363,-267.92747303436886,27.168064735443345,-63.42215221749106,-0.961080178671735,1,0,120
11,251,-6.635116719928775,-6.635116719928775,-6.635116719928775,117.04826381522469,-267.9432561295249,27.21059974937504,-63.46898258237951,-0.961789831906143,1,0,120
11,252,-6.635135133695927,-6.635135133695927,-6.635135133695927,117.11452010697639,-268.02750314763557,27.141629957659134,-63.38466988738884,-0.9605121827388922,1,0,120
11,253,-6.635105347948757,-6.635105347948757,-6.635105347948757,116.99721583277692,-267.880840413697,27.201200929843083,-63.460073466982166,-0.9616548258567026,1,0,120
11,254,-6.635149963403319,-6.635149963403319,-6.635149963403319,117.2339219701274,-268.1628170081631,27.200383346908477,-63.456397542106636,-0.9615991219990971,1,0,120
11,255,-6.635115737722096,-6.635115737722096,-6.635115737722096,117.43798058669118,-268.398968528181,27.18849805117487,-63.435107690418434,-0.9612765020035753,1,0,120
11,256,-6.6351540792908414,-6.6351540792908414,-6.6351540792908414,117.26592501742516,-268.201182606048,27.19451638763573,-63.44871715572015,-0.9614827357387369,1,0,120
11,257,-6.635152476508711,-6.635152476508711,-6.635152476508711,117.25506162581522,-268.18828392085766,27.196924844830985,-63.45164457599674,-0.9615270969832563,1,0,120
11,258,-6.635152147190608,-6.635152147190608,-6.635152147190608,117.33535211502206,-268.2802325693376,27.176051082600587,-63.42784020897069,-0.9611663727802033,1,0,120
11,259,-6.635124106662526,-6.635124106662526,-6.635124106662526,117.07844046607974,-267.97687993217323,27.248129746416065,-63.5143467044412,-0.9624772661386936,1,0,120
11,260,-6.635152534198723,-6.635152534198723,-6.635152534198723,117.30021634020753,-268.2401328781831,27.16988998556612,-63.42060475755133,-0.9610567289302273,1,0,120
11,261,-6.6351524746238555,-6.6351524746238555,-6.6351524746238555,117.25032089511458,-268.1826731145206,27.199578338250618,-63.45485907046788,-0.9615758084635933,1,0,120
11,262,-6.635151889920597,-6.635151889920597,-6.635151889920597,117.23179632664957,-268.1612220516211,27.201779621798337,-63.45747462179785,-0.9616154437400959,1,0,120
11,263,-6.635154809134147,-6.635154809134147,-6.635154809134147,117.26506393732902,-268.20045787199956,27.19418307701969,-63.448191881432955,-0.9614747758905113,1,0,120
11,264,-6.635154516156532,-6.635154516156532,-6.635154516156532,117.29501586869029,-268.23562835173414,27.18967905071227,-63.44218310010555,-0.9613837206293789,1,0,120
11,265,-6.63515340066887,-6.63515340066887,-6.63515340066887,117.26595502047996,-268.201085732944,27.196938569406246,-63.45151632623562,-0.961525153525032,1,0,120
11,266,-6.635157128077078,-6.635157128077078,-6.635157128077078,117.25921225938504,-268.19442175605525,27.190035031046186,-63.44313367048957,-0.9613981252864676,1,0,120
11,267,-6.635158517488912,-6.635158517488912,-6.635158517488912,117.2602120273293,-268.19622080958777,27.185164735044253,-63.43712184858329,-0.9613070239493193,1,0,120
11,268,-6.635158246612066,-6.635158246612066,-6.635158246612066,117.25026732998836,-268.1846127256408,27.18776114330714,-63.440249411467256,-0.9613544180945861,1,0,120
11,269,-6.635156803547984,-6.635156803547984,-6.635156803547984,117.25989476264843,-268.19562635368015,27.185390979700376,-63.43732761788993,-0.9613101421153714,1,0,120
11,270,-6.635161194638735,-6.635161194638735,-6.635161194638735,117.25061358947,-268.1856932809055,27.184757042937193,-63.43660650079263,-0.9612992145242303,1,0,120
11,271,-6.635163635973923,-6.635163635973923,-6.635163635973923,117.25605682770686,-268.1926285112035,27.180789717605087,-63.43177041039166,-0.961225929867937,1,0,120
11,272,-6.635165342825111,-6.635165342825111,-6.635165342825111,117.24808326471498,-268.18390825977167,27.17995394907362,-63.430660482579846,-0.9612091103564195,1,0,120
11,273,-6.6351655671001915,-6.6351655671001915,-6.6351655671001915,117.25457609422268,-268.1919507259755,27.173874597220472,-63.42312988603928,-0.9610949939662362,1,0,120
11,274,-6.635166336074142,-6.635166336074142,-6.635166336074142,117.2508866638307,-268.1878978414147,27.17299784550721,-63.42206813548724,-0.9610789045183922,1,0,120
11,275,-6.635166679783306,-6.635166679783306,-6.635166679783306,117.2342903820738,-268.168863834908,27.175285055513072,-63.4247312760991,-0.9611192609485288,1,0,120
11,276,-6.635165415487741,-6.635165415487741,-6.635165415487741,117.2244021361909,-268.1568726658154,27.179640434715292,-63.43016048175241,-0.9612015334945855,1,0,120
11,277,-6.635166657447084,-6.635166657447084,-6.635166657447084,117.24450670602249,-268.1808197546415,27.174654520990618,-63.42377692606802,-0.9611047990158079,1,0,120
11,278,-6.635165256002809,-6.635165256002809,-6.635165256002809,117.24888256103111,-268.1858880672248,27.174145069553564,-63.422915093024486,-0.9610917390576307,1,0,120
11,279,-6.635166331487738,-6.635166331487738,-6.635166331487738,117.22509011231209,-268.15824537700746,27.177570336506246,-63.427352787597,-0.9611589865436199,1,0,120
11,280,-6.635169078846511,-6.635169078846511,-6.635169078846511,117.23024136840604,-268.16445676076785,27.17525488303478,-63.42485275053661,-0.9611211017355412,1,0,120
11,281,-6.635169684102375,-6.635169684102375,-6.635169684102375,117.22225321452751,-268.1553722031377,27.176144691922826,-63.42588781092312,-0.9611367867286615,1,0,120
11,282,-6.635172535645019,-6.635172535645019,-6.635172535645019,117.22475061130227,-268.15859077491444,27.17127722766173,-63.42042079691481,-0.9610539412461889,1,0,120
11,283,-6.635176227862002,-6.635176227862002,-6.635176227862002,117.23493130529843,-268.17100990823474,27.169177466352235,-63.41789187269012,-0.9610156186907295,1,0,120
11,284,-6.6351808269053585,-6.6351808269053585,-6.6351808269053585,117.23769084932303,-268.1748203718885,27.160051583506185,-63.40753443433325,-0.9608586651916987,1,0,120
11,285,-6.635185033629318,-6.635185033629318,-6.635185033629318,117.23289995399847,-268.17014306357476,27.15126668957637,-63.39732165399912,-0.9607039037967432,1,0,120
11,286,-6.635186348459921,-6.635186348459921,-6.635186348459921,117.27485007388591,-268.2190903159218,27.135635177365316,-63.37881038144389,-0.9604233895519125,1,0,120
11,287,-6.6351829652834295,-6.6351829652834295,-6.6351829652834295,117.25088473436796,-268.18989946030206,27.139081251971223,-63.38388116455264,-0.9605002306707608,1,0,120
11,288,-6.635185472957057,-6.635185472957057,-6.635185472957057,117.27650632055031,-268.221131476488,27.13292382904635,-63.37541269026633,-0.9603719019639038,1,0,120
11,289,-6.635189432218612,-6.635189432218612,-6.635189432218612,117.24774127622536,-268.1880777485249,27.139781313963013,-63.383969510973095,-0.960501569445788,1,0,120
11,290,-6.635191723076152,-6.635191723076152,-6.635191723076152,117.24451644093847,-268.18486618089423,27.140388566091527,-63.38455534003861,-0.9605104469228725,1,0,120
11,291,-6.6351927662573225,-6.6351927662573225,-6.6351927662573225,117.24496854729885,-268.18561414277,27.139048277111417,-63.38296049623796,-0.9604862791406183,1,0,120
11,292,-6.635194894629792,-6.635194894629792,-6.635194894629792,117.24682593285397,-268.1880033017302,27.137797090167908,-63.38162023617935,-0.9604659692436571,1,0,120
11,293,-6.6351975479339576,-6.6351975479339576,-6.6351975479339576,117.23165392302644,-268.1708904759148,27.142556098035055,-63.387216327329604,-0.9605507707222336,1,0,120
11,294,-6.635198617619539,-6.635198617619539,-6.635198617619539,117.2157363039222,-268.1525814325405,27.14320069977714,-63.388164842229,-0.9605651442311278,1,0,120
11,295,-6.635199348817838,-6.635199348817838,-6.635199348817838,117.20739146094044,-268.14350198900974,27.14148463464567,-63.3858121410004,-0.9605294921058358,1,0,120
11,296,-6.635200575960384,-6.635200575960384,-6.635200575960384,117.22754945714527,-268.16730029041304,27.139566105263878,-63.38316210484527,-0.9604893342566867,1,0,120
11,297,-6.6352030092810335,-6.6352030092810335,-6.6352030092810335,117.21592484725433,-268.1538589398842,27.143822230468928,-63.38854556865543,-0.9605709136446394,1,0,120
11,298,-6.635204895954159,-6.635204895954159,-6.635204895954159,117.20642281167994,-268.14285540758806,27.14698096792313,-63.392577633414334,-0.9606320143386936,1,0,120
11,299,-6.63520648224926,-6.63520648224926,-6.63520648224926,117.19922399831016,-268.1345189540009,27.14739862093051,-63.3933898246686,-0.9606443220401587,1,0,120
11,300,-6.635207216277869,-6.635207216277869,-6.635207216277869,117.1900976482097,-268.12410720327637,27.149990693952866,-63.396419367236874,-0.9606902308151057,1,0,120
12,1,-6.262721304037806,-6.262721304037806,-6.262721304037806,125.57010835120298,-238.9421181149832,34.096332068695226,-50.48516887275697,-0.4520947696644857,1,0,120
12,2,-6.408347366271063,-6.408347366271063,-6.408347366271063,129.74001452751213,-259.04501787033826,31.74129647793066,-54.00669397413451,-0.48363003269564686,1,0,120
12,3,-5.019089969975518,-5.019089969975518,-5.019089969975518,132.2643587380038,-144.50813185978754,34.78742393492429,-14.458911315292417,-0.129479574430299,1,0,120
12,4,-6.193324923493957,-6.193324923493957,-6.193324923493957,133.18907339818657,-235.06794562100742,27.99555091258459,-45.814905691928374,-0.41027255525670947,1,0,120
12,5,-5.520194141118137,-5.520194141118137,-5.520194141118137,120.65916078688238,-159.07389959080442,31.137385569531023,-35.608133328241514,-0.31887089207897357,1,0,120
12,6,-4.890161204936345,-4.890161204936345,-4.890161204936345,107.38725961844624,-120.57725492435551,34.80935095545929,-16.931273927634084,-0.15161958565955436,1,0,120
12,7,-5.671775401312852,-5.671775401312852,-5.671775401312852,131.68342903769928,-171.27536593310754,28.219075343334893,-44.26966362894563,-0.39643491006033893,1,0,120
12,8,-5.619134290968114,-5.619134290968114,-5.619134290968114,131.49136789624245,-166.38625449515644,27.065527097518608,-42.67428849888008,-0.3821483231664078,1,0,120
12,9,-6.89185957091291,-6.89185957091291,-6.89185957091291,121.84865453116154,-311.51277951052816,34.46013259978482,-80.7164794818372,-0.7228162055165686,1,0,120
12,10,-5.859889056887129,-5.859889056887129,-5.859889056887129,116.50041742161861,-174.28083454250725,31.785042556679667,-53.75758654214464,-0.4813992752355496,1,0,120
12,11,-7.304650403033042,-7.304650403033042,-7.304650403033042,139.3016302603276,-407.18018695469675,39.432239123911934,-108.39037240352376,-0.9706359618034667,1,0,120
12,12,-7.0420618825847905,-7.0420618825847905,-7.0420618825847905,130.44966476478632,-344.38233184348564,46.79173515939991,-105.8605901108672,-0.947981757243263,1,0,120
12,13,-7.1783941604376365,-7.1783941604376365,-7.1783941604376365,135.85633819886485,-378.2205330924371,42.00120853483287,-104.62101668270373,-0.9368813751706542,1,0,120
12,14,-7.119100451011499,-7.119100451011499,-7.119100451011499,163.11373215663752,-399.8239299317888,28.81500460382417,-87.10213575428526,-0.7799997678599013,1,0,120
12,15,-7.2205544339509595,-7.2205544339509595,-7.2205544339509595,136.11704865048006,-385.847092321796,41.138234723015685,-106.44523594585179,-0.9532172616498907,1,0,120
12,16,-7.3259091315553855,-7.3259091315553855,-7.3259091315553855,138.59437421671836,-410.4461350996987,38.7172774533945,-108.5565360455161,-0.9721239574887436,1,0,120
12,17,-7.334951781897825,-7.334951781897825,-7.334951781897825,131.83738436387458,-402.09500958369546,37.88192554623038,-107.97544789086153,-0.9669203121152786,1,0,120
12,18,-7.337361471447134,-7.337361471447134,-7.337361471447134,130.11182146143793,-399.6434938299436,37.26045946833486,-107.49849181901945,-0.9626491697133784,1,0,120
12,19,-7.33482000827314,-7.33482000827314,-7.33482000827314,129.86485974197353,-398.5811956479997,37.04549654656828,-107.21734244142966,-0.9601314765781307,1,0,120
12,20,-7.341820143406382,-7.341820143406382,-7.341820143406382,131.68799385420203,-403.01170613166954,37.498655295354965,-108.00962890157707,-0.9672264031220313,1,0,120
12,21,-7.3444872323666575,-7.3444872323666575,-7.3444872323666575,132.57973786605368,-404.8184762446832,36.80268433189903,-107.1807542343386,-0.9598038291239057,1,0,120
12,22,-7.335182471910931,-7.335182471910931,-7.335182471910931,133.08169088852986,-403.47938963151944,37.37349484403233,-107.75462871160539,-0.9649428760045881,1,0,120
12,23,-7.3524134433165615,-7.3524134433165615,-7.3524134433165615,134.14089655417243,-408.874072422466,36.54537908058337,-107.1329293379564,-0.9593755570987367,1,0,120
12,24,-7.3663773826351076,-7.3663773826351076,-7.3663773826351076,135.78952295004206,-414.4737844829348,35.60256900901962,-106.2218232926454,-0.9512166009757421,1,0,120
12,25,-7.374264488647614,-7.374264488647614,-7.374264488647614,136.5001759847121,-417.24170714187426,35.00461958922868,-105.68319264295054,-0.9463931626284965,1,0,120
12,26,-7.377005392406744,-7.377005392406744,-7.377005392406744,138.8435691001173,-421.4299948591357,34.11729700621188,-104.43019408441094,-0.935172558491455,1,0,120
12,27,-7.371264298890611,-7.371264298890611,-7.371264298890611,137.3342150304639,-417.99136530864746,32.926749785340796,-102.25283796894882,-0.9156743309233069,1,0,120
12,28,-7.376972654432448,-7.376972654432448,-7.376972654432448,137.34148082300075,-419.15232162186436,34.07940941575382,-104.35303710536397,-0.934481617618143,1,0,120
12,29,-7.37731127224311,-7.37731127224311,-7.37731127224311,139.31476146592627,-422.1774801999435,33.6926864421535,-103.83395827586776,-0.9298332658526913,1,0,120
12,30,-7.370811034904828,-7.370811034904828,-7.370811034904828,141.25003730645437,-423.793685381385,33.88334560439145,-103.72245000164594,-0.9288347090750156,1,0,120
12,31,-7.378573015674823,-7.378573015674823,-7.378573015674823,139.1726758336365,-422.27956624492367,33.854405465594056,-104.09368731397734,-0.9321591398129287,1,0,120
12,32,-7.374891665926698,-7.374891665926698,-7.374891665926698,139.4526651109914,-422.0433461146592,33.81729608441587,-103.73054564625744,-0.9289072055857265,1,0,120
12,33,-7.381368415643478,-7.381368415643478,-7.381368415643478,137.78192127831872,-420.77311531992234,33.66310328445137,-103.92104296242597,-0.9306131093629719,1,0,120
12,34,-7.386149351731714,-7.386149351731714,-7.386149351731714,136.4227409104953,-419.6643439532451,33.75133641393673,-104.33248074397017,-0.9342975353683065,1,0,120
12,35,-7.3816865380316745,-7.3816865380316745,-7.3816865380316745,136.05830214729585,-418.2340862133385,34.210324632975514,-104.74001477439305,-0.9379470032759774,1,0,120
12,36,-7.385230036479341,-7.385230036479341,-7.385230036479341,135.15189139658474,-417.5032014700241,33.94238282229442,-104.58848432378444,-0.9365900478434281,1,0,120
12,37,-7.3861065677394535,-7.3861065677394535,-7.3861065677394535,133.1496983464589,-414.5982726287755,32.44705512172139,-102.29225279315075,-0.9160272907383734,1,0,120
12,38,-7.38616986679711,-7.38616986679711,-7.38616986679711,137.2028741099307,-420.8458495529843,33.34488619845334,-103.73135931211476,-0.9289144919648069,1,0,120
12,39,-7.388861094558199,-7.388861094558199,-7.388861094558199,137.09113358620408,-421.24535900990355,33.559243268018406,-104.19620801380886,-0.9330772128472685,1,0,120
12,40,-7.386744046357657,-7.386744046357657,-7.386744046357657,138.57516298763625,-423.0349009057594,33.92393444219656,-104.6862522938926,-0.9374655601753371,1,0,120
12,41,-7.388386607214648,-7.388386607214648,-7.388386607214648,136.97968974020006,-420.9569187330943,33.50984834790686,-104.1123902213786,-0.9323266243792365,1,0,120
12,42,-7.3869450244392665,-7.3869450244392665,-7.3869450244392665,135.0938725497764,-417.7954123669037,32.813217924449646,-102.90659171602182,-0.9215286967954938,1,0,120
12,43,-7.388648352101743,-7.388648352101743,-7.388648352101743,137.87483089033395,-422.38952697576326,33.36943146504318,-103.90956238633974,-0.9305103007853796,1,0,120
12,44,-7.388239701333097,-7.388239701333097,-7.388239701333097,136.29822215878283,-419.88940227391606,33.252802427557825,-103.6942472072925,-0.928582153005544,1,0,120
12,45,-7.387405593471809,-7.387405593471809,-7.387405593471809,138.0079966871366,-422.36664873371467,33.56430871703443,-104.10905751996044,-0.9322967800325969,1,0,120
12,46,-7.389147663291247,-7.389147663291247,-7.389147663291247,136.71936692998415,-420.7337528334356,33.42840728598641,-104.0086555179309,-0.9313976799405321,1,0,120
12,47,-7.38941093051589,-7.38941093051589,-7.38941093051589,136.50678917133433,-420.4613258115155,33.47682471062412,-104.0969279521496,-0.9321881597330511,1,0,120
12,48,-7.389436435102927,-7.389436435102927,-7.389436435102927,136.22376012948976,-420.03178548811314,33.38733249159976,-103.95804698929179,-0.9309444804839585,1,0,120
12,49,-7.389383533704649,-7.389383533704649,-7.389383533704649,135.90714163125318,-419.5285892399088,33.4667305386087,-104.08083524415393,-0.9320440495066811,1,0,120
12,50,-7.3893607314631335,-7.3893607314631335,-7.3893607314631335,136.18040832267423,-419.95001680271355,33.36856726899026,-103.92402597411417,-0.9306398222375091,1,0,120
12,51,-7.389471600155316,-7.389471600155316,-7.389471600155316,136.13508730808775,-419.9025020829912,33.36224230792299,-103.92078349914438,-0.9306107858688618,1,0,120
12,52,-7.38951751102722,-7.38951751102722,-7.38951751102722,136.1168246600554,-419.88566177872246,33.315577194397626,-103.84930856943969,-0.9299707277566849,1,0,120
12,53,-7.3892935926609375,-7.3892935926609375,-7.3892935926609375,136.28574969352272,-420.0995980158506,33.40328155920732,-103.97317965032981,-0.9310799934882557,1,0,120
12,54,-7.389391656329093,-7.389391656329093,-7.389391656329093,136.15004837410288,-419.9110115822518,33.32903274459484,-103.863138519188,-0.9300945749792562,1,0,120
12,55,-7.38988039992442,-7.38988039992442,-7.38988039992442,135.9737910866496,-419.7384465237559,33.26633229328688,-103.79424554817629,-0.9294776383113896,1,0,120
12,56,-7.3901624232632175,-7.3901624232632175,-7.3901624232632175,135.75433731267503,-419.45677961551684,33.213764124919614,-103.72877272858618,-0.9288913291050863,1,0,120
12,57,-7.390372196114183,-7.390372196114183,-7.390372196114183,135.67901634368914,-419.38201681513124,33.202291145618084,-103.72400959094476,-0.9288486751997324,1,0,120
12,58,-7.390585061270252,-7.390585061270252,-7.390585061270252,135.4515297615426,-419.07304564259806,33.16031156000517,-103.67111552818199,-0.9283750087813506,1,0,120
12,59,-7.390754315475142,-7.390754315475142,-7.390754315475142,135.4372755543211,-419.08567808453563,33.151341720120705,-103.66671845423726,-0.928335632976998,1,0,120
12,60,-7.390925344473801,-7.390925344473801,-7.390925344473801,135.30634306657603,-418.91861646940424,33.089797422048264,-103.57996223529975,-0.927558730894797,1,0,120
12,61,-7.391065829484261,-7.391065829484261,-7.391065829484261,135.20014726630276,-418.7835970528512,33.06704160742846,-103.55157701559,-0.9273045412059618,1,0,120
12,62,-7.391099943714065,-7.391099943714065,-7.391099943714065,135.08923503195604,-418.6207926031392,32.93954657423581,-103.35312155884081,-0.9255273722668262,1,0,120
12,63,-7.391117758014946,-7.391117758014946,-7.391117758014946,134.6506189739262,-417.9430036836822,32.93547050483496,-103.34749850803179,-0.9254770178376527,1,0,120
12,64,-7.391183292445247,-7.391183292445247,-7.391183292445247,134.68337917398193,-418.00605007573097,33.00455269476631,-103.45990938854592,-0.9264836574561495,1,0,120
12,65,-7.391202799303491,-7.391202799303491,-7.391202799303491,134.55527340395028,-417.811990504961,32.9580458984584,-103.38748181396716,-0.9258350684075702,1,0,120
12,66,-7.391218347001464,-7.391218347001464,-7.391218347001464,134.48356654000168,-417.70174629826283,32.96134098841187,-103.39533816979528,-0.9259054220868354,1,0,120
12,67,-7.391195962348364,-7.391195962348364,-7.391195962348364,134.50256504172586,-417.7278600304166,32.96293831419317,-103.39543846979686,-0.9259063202735132,1,0,120
12,68,-7.3912579676363,-7.3912579676363,-7.3912579676363,134.58866167692605,-417.8731276955041,32.96721647616665,-103.40692791351307,-0.9260092082607465,1,0,120
12,69,-7.391432898752891,-7.391432898752891,-7.391432898752891,134.6657089809913,-418.03068882001827,32.917842201429096,-103.33801135197595,-0.9253920603396864,1,0,120
12,70,-7.39155321334732,-7.39155321334732,-7.39155321334732,134.74067104600644,-418.17298635292985,32.890905481308224,-103.30178379241987,-0.925067642484726,1,0,120
12,71,-7.391577070896665,-7.391577070896665,-7.391577070896665,134.80729879029548,-418.28128357701917,32.840846197564424,-103.22547773398792,-0.9243843216069104,1,0,120
12,72,-7.391621923631381,-7.391621923631381,-7.391621923631381,134.86103142822748,-418.3744029110395,32.84389470178698,-103.2323637091972,-0.9244459855261498,1,0,120
12,73,-7.3915841827225615,-7.3915841827225615,-7.3915841827225615,134.68721575650528,-418.095438599584,32.81696632261893,-103.18921397164246,-0.9240595795559121,1,0,120
12,74,-7.3915952991041225,-7.3915952991041225,-7.3915952991041225,134.8149074961572,-418.2973313597064,32.79696056930883,-103.15775576368337,-0.9237778712522879,1,0,120
12,75,-7.391548840961914,-7.391548840961914,-7.391548840961914,134.9318702510775,-418.4655248361498,32.93979270879214,-103.38140589938034,-0.9257806585825273,1,0,120
12,76,-7.391622679784561,-7.391622679784561,-7.391622679784561,134.63413972167535,-418.02324616799353,32.843724450460726,-103.23048648908045,-0.92442917501694,1,0,120
12,77,-7.391636428621391,-7.391636428621391,-7.391636428621391,134.68627239397767,-418.1085757343222,32.83525790656593,-103.21668894882855,-0.924305618021462,1,0,120
12,78,-7.391719735642972,-7.391719735642972,-7.391719735642972,134.57845860621825,-417.9603445408719,32.7961977662438,-103.15804091632398,-0.9237804247946502,1,0,120
12,79,-7.391719365181361,-7.391719365181361,-7.391719365181361,134.5627246011862,-417.93753537088264,32.69857875842693,-103.00426228506367,-0.9224033369006951,1,0,120
12,80,-7.391716191496645,-7.391716191496645,-7.391716191496645,134.61229888716807,-418.0121681318851,32.77243262299073,-103.12097799454631,-0.9234485262696317,1,0,120
12,81,-7.391755658905757,-7.391755658905757,-7.391755658905757,134.5895419710263,-417.98896806639414,32.79683184147659,-103.15701865313542,-0.9237712704261278,1,0,120
12,82,-7.391710348754085,-7.391710348754085,-7.391710348754085,134.1535274196073,-417.3036565099124,32.736061260764174,-103.05661340725375,-0.922872141285362,1,0,120
12,83,-7.391762261434142,-7.391762261434142,-7.391762261434142,134.6295342317095,-418.05319487248266,32.745876803638794,-103.07744602755969,-0.9230586974342077,1,0,120
12,84,-7.391766771437909,-7.391766771437909,-7.391766771437909,134.95450332132094,-418.5576315923393,32.785533771023324,-103.14151648985055,-0.923632448528607,1,0,120
12,85,-7.391752112483314,-7.391752112483314,-7.391752112483314,135.129746258506,-418.8283111134171,32.73484839915929,-103.06067311011961,-0.9229084959311527,1,0,120
12,86,-7.391772238418871,-7.391772238418871,-7.391772238418871,134.9467731172743,-418.5469251352762,32.786048432249416,-103.142428093761,-0.9236406119431132,1,0,120
12,87,-7.391745266890452,-7.391745266890452,-7.391745266890452,134.98202312184776,-418.59612813657884,32.86065341025088,-103.25699718165484,-0.9246665783122181,1,0,120
12,88,-7.391770698867384,-7.391770698867384,-7.391770698867384,135.00767020110516,-418.6409492340688,32.777289194237106,-103.12907665939612,-0.9235210498265816,1,0,120
12,89,-7.3917067767698175,-7.3917067767698175,-7.3917067767698175,135.1517001691636,-418.8504322818417,32.82081807283114,-103.1944577681943,-0.9241065377625934,1,0,120
12,90,-7.3917883531563255,-7.3917883531563255,-7.3917883531563255,134.77264994953865,-418.28165988118155,32.750778304852474,-103.08616077761218,-0.9231367380351531,1,0,120
12,91,-7.391790180185342,-7.391790180185342,-7.391790180185342,134.75774036050126,-418.2576973840778,32.75440087174187,-103.0930354575317,-0.9231983008050542,1,0,120
12,92,-7.391790270980288,-7.391790270980288,-7.391790270980288,134.71381857962947,-418.19008098970284,32.74471529504906,-103.07724732009193,-0.9230569180085094,1,0,120
12,93,-7.391791384535849,-7.391791384535849,-7.391791384535849,134.6992861290961,-418.16770804814075,32.73358930773782,-103.059973962872,-0.9229022350664089,1,0,120
12,94,-7.39179090917604,-7.39179090917604,-7.39179090917604,134.68227666817674,-418.14110753444146,32.74026341127404,-103.07036308090704,-0.9229952696353714,1,0,120
12,95,-7.391790376515615,-7.391790376515615,-7.391790376515615,134.6927727197093,-418.15726286466804,32.737489341410885,-103.06608863792799,-0.9229569919915166,1,0,120
12,96,-7.391793329406357,-7.391793329406357,-7.391793329406357,134.688003530768,-418.15098311290933,32.726063663270104,-103.0479293645383,-0.9227943756686698,1,0,120
12,97,-7.391794947954789,-7.391794947954789,-7.391794947954789,134.69198186619082,-418.15758659468463,32.724597034618455,-103.04565742783136,-0.9227740304717507,1,0,120
12,98,-7.391795570822761,-7.391795570822761,-7.391795570822761,134.70507600387674,-418.17814584257377,32.72069006174337,-103.03956110290213,-0.922719437872058,1,0,120
12,99,-7.391796571965775,-7.391796571965775,-7.391796571965775,134.72578393767398,-418.2106166634084,32.71360151163721,-103.02855020530697,-0.9226208352661199,1,0,120
12,100,-7.391797486958879,-7.391797486958879,-7.391797486958879,134.7030395825978,-418.1758013416047,32.70164593587134,-103.00959068936483,-0.9224510527699097,1,0,120
12,101,-7.391798381024146,-7.391798381024146,-7.391798381024146,134.6888046162187,-418.15404346456455,32.69834258942285,-103.00427958169112,-0.9224034917920221,1,0,120
12,102,-7.391798988007431,-7.391798988007431,-7.391798988007431,134.6911127792187,-418.15808983296864,32.70129215053635,-103.0085762562351,-0.922441968519577,1,0,120
12,103,-7.391798252547699,-7.391798252547699,-7.391798252547699,134.7027431104101,-418.17603007780735,32.693449062259866,-102.99634000932723,-0.9223323929085433,1,0,120
12,104,-7.391798604160989,-7.391798604160989,-7.391798604160989,134.68975924824366,-418.15575351457113,32.702777634852744,-103.01101796516264,-0.9224638340270088,1,0,120
12,105,-7.391799602924367,-7.391799602924367,-7.391799602924367,134.67701295454816,-418.1365478196484,32.70071366143068,-103.00742795406445,-0.9224316854717645,1,0,120
12,106,-7.391800755971326,-7.391800755971326,-7.391800755971326,134.65902170739037,-418.1092634021592,32.69177311971523,-102.99308397019192,-0.9223032350727717,1,0,120
12,107,-7.39180162820553,-7.39180162820553,-7.39180162820553,134.66458787843246,-418.1183429598458,32.68941563386846,-102.98922730658941,-0.9222686986439159,1,0,120
12,108,-7.391802257595201,-7.391802257595201,-7.391802257595201,134.64759684039456,-418.0923413132323,32.68088212362921,-102.97565219460668,-0.9221471334939513,1,0,120
12,109,-7.39180248805205,-7.39180248805205,-7.39180248805205,134.62703535480352,-418.0606371771378,32.67968346125352,-102.9735342543697,-0.9221281673356719,1,0,120
12,110,-7.3918025881550955,-7.3918025881550955,-7.3918025881550955,134.58965801213637,-418.0029658063846,32.678388481710165,-102.97101067064781,-0.9221055686393231,1,0,120
12,111,-7.391803075680839,-7.391803075680839,-7.391803075680839,134.60329593908693,-418.02435614961615,32.683656079258704,-102.97918812208603,-0.9221787977303008,1,0,120
12,112,-7.391803184687515,-7.391803184687515,-7.391803184687515,134.61104580869085,-418.0367439520214,32.68009794919517,-102.97335611579888,-0.9221265721044795,1,0,120
12,113,-7.391803674646021,-7.391803674646021,-7.391803674646021,134.628892173428,-418.0645535717808,32.68388931221434,-102.97936722819054,-0.922180401625759,1,0,120
12,114,-7.39180401556894,-7.39180401556894,-7.39180401556894,134.61763730052286,-418.0472617802907,32.679720176612385,-102.972730627462,-0.9221209708554017,1,0,120
12,115,-7.391804138265551,-7.391804138265551,-7.391804138265551,134.62749019806765,-418.0629000119662,32.669480098214805,-102.95652145368162,-0.9219758176777395,1,0,120
12,116,-7.391803775973929,-7.391803775973929,-7.391803775973929,134.63195226165277,-418.06983364727,32.67114039566174,-102.95902690176453,-0.9219982539694117,1,0,120
12,117,-7.39180431025554,-7.39180431025554,-7.39180431025554,134.6268958845377,-418.0619649522315,32.66568183403025,-102.950661285708,-0.9219233398639699,1,0,120
12,118,-7.3918047948076255,-7.3918047948076255,-7.3918047948076255,134.6318301851583,-418.0697629971812,32.665667926315415,-102.95065140132861,-0.9219232513493364,1,0,120
12,119,-7.3918047938736935,-7.3918047938736935,-7.3918047938736935,134.60020075199705,-418.0208994459663,32.659003505019875,-102.93988135550424,-0.9218268055713987,1,0,120
12,120,-7.391804671060389,-7.391804671060389,-7.391804671060389,134.62113565751815,-418.0532351374318,32.66377953076383,-102.94755293886624,-0.9218955046129281,1,0,120
12,121,-7.391805053560116,-7.391805053560116,-7.391805053560116,134.6440816626298,-418.08897857170234,32.66084118297027,-102.94306466150246,-0.9218553120818092,1,0,120
12,122,-7.391804117085586,-7.391804117085586,-7.391804117085586,134.67223781170176,-418.13225835213063,32.65694697798199,-102.93731860180714,-0.9218038561078579,1,0,120
12,123,-7.391805113311567,-7.391805113311567,-7.391805113311567,134.63249269323737,-418.0709671822045,32.65891806049312,-102.94005106717906,-0.9218283253397238,1,0,120
12,124,-7.391805559458812,-7.391805559458812,-7.391805559458812,134.6213845792936,-418.0538310012075,32.66238195943423,-102.94539979263925,-0.9218762231849508,1,0,120
12,125,-7.391804865050827,-7.391804865050827,-7.391804865050827,134.5906536601661,-418.0063410721162,32.653484849533584,-102.93099516469104,-0.9217472297181613,1,0,120
12,126,-7.391805419797958,-7.391805419797958,-7.391805419797958,134.62668876100827,-418.0621997651766,32.65783551704568,-102.93817462149437,-0.9218115217655545,1,0,120
12,127,-7.391805468995816,-7.391805468995816,-7.391805468995816,134.62248416921102,-418.0555292627973,32.67036264711023,-102.95781787076572,-0.9219874270948438,1,0,120
12,128,-7.391805772245831,-7.391805772245831,-7.391805772245831,134.62048350139702,-418.0525807492698,32.66489028246226,-102.94920832313953,-0.9219103285817976,1,0,120
12,129,-7.391805435569296,-7.391805435569296,-7.391805435569296,134.6257075277543,-418.0605479286104,32.67340798767141,-102.9625519582793,-0.9220298208562556,1,0,120
12,130,-7.391806058118027,-7.391806058118027,-7.391806058118027,134.6287035251775,-418.0652633803261,32.66684748173287,-102.95244814508871,-0.921939341192641,1,0,120
12,131,-7.391806254747548,-7.391806254747548,-7.391806254747548,134.62263109203062,-418.0559048346811,32.666483140822976,-102.95183461780138,-0.9219338470547814,1,0,120
12,132,-7.3918061439367495,-7.3918061439367495,-7.3918061439367495,134.62306867996492,-418.05647807564765,32.66981685166806,-102.95710517165838,-0.9219810448731742,1,0,120
12,133,-7.391806254079909,-7.391806254079909,-7.391806254079909,134.626762104178,-418.06230699366665,32.66678161116575,-102.95232986275634,-0.9219382819741616,1,0,120
12,134,-7.391806406771923,-7.391806406771923,-7.391806406771923,134.62278566479245,-418.0561431378453,32.66811489312776,-102.95441758922146,-0.9219569775680646,1,0,120
12,135,-7.39180651527089,-7.39180651527089,-7.39180651527089,134.6252107800779,-418.05997196871454,32.667231489155235,-102.95301776934895,-0.9219444421788212,1,0,120
12,136,-7.391806635751105,-7.391806635751105,-7.391806635751105,134.6217805352638,-418.0546455231672,32.666409376320345,-102.95175381991486,-0.9219331235095758,1,0,120
12,137,-7.3918067873530315,-7.3918067873530315,-7.3918067873530315,134.6235802186368,-418.0574423120428,32.6668033974235,-102.9524125761222,-0.9219390226724878,1,0,120
12,138,-7.3918070067279364,-7.3918070067279364,-7.3918070067279364,134.62260395552389,-418.0558544731292,32.66511822466224,-102.94991315295944,-0.9219166403339853,1,0,120
12,139,-7.391807229448418,-7.391807229448418,-7.391807229448418,134.6151625972377,-418.04441174498595,32.66478806267959,-102.94931183368382,-0.9219112555188906,1,0,120
12,140,-7.3918072842423515,-7.3918072842423515,-7.3918072842423515,134.6199847981487,-418.0519969238636,32.66025492850589,-102.94219107772301,-0.9218474891376381,1,0,120
12,141,-7.3918074045784685,-7.3918074045784685,-7.3918074045784685,134.62965368409866,-418.06692251701145,32.66457087482837,-102.94907425304734,-0.9219091279839032,1,0,120
12,142,-7.39180757349347,-7.39180757349347,-7.39180757349347,134.62710826520276,-418.06293984139916,32.663778521760776,-102.94790337874227,-0.9218986428025899,1,0,120
12,143,-7.3918077634435315,-7.3918077634435315,-7.3918077634435315,134.62657512535378,-418.06201757415727,32.66818632087712,-102.95490871527613,-0.9219613756026859,1,0,120
12,144,-7.391807802738429,-7.391807802738429,-7.391807802738429,134.60724372972695,-418.032023290855,32.666978066403395,-102.95292827057946,-0.9219436407171944,1,0,120
12,145,-7.3918079264278145,-7.3918079264278145,-7.3918079264278145,134.60641729207867,-418.03072872439293,32.66710925955629,-102.95317236700542,-0.9219458266010873,1,0,120
12,146,-7.391807883090312,-7.391807883090312,-7.391807883090312,134.6071585534716,-418.0318072202391,32.66688945348005,-102.95289463410035,-0.921943339502469,1,0,120
12,147,-7.391807928276881,-7.391807928276881,-7.391807928276881,134.6061581910302,-418.0303158866627,32.6670670441569,-102.95311645169274,-0.921945325879371,1,0,120
12,148,-7.391808006453774,-7.391808006453774,-7.391808006453774,134.6051765478452,-418.028812557406,32.66764124734047,-102.95400564566657,-0.9219532886128581,1,0,120
12,149,-7.3918081409322065,-7.3918081409322065,-7.3918081409322065,134.60547853238225,-418.029283644213,32.668681605296285,-102.95565999478397,-0.9219681033119048,1,0,120
12,150,-7.391808366293404,-7.391808366293404,-7.391808366293404,134.60021380603467,-418.0211702355939,32.671169515757725,-102.95950781388092,-0.922002560538199,1,0,120
12,151,-7.391808475112971,-7.391808475112971,-7.391808475112971,134.59891270160608,-418.01905761987854,32.67254691706641,-102.96176759253528,-0.9220227968597375,1,0,120
12,152,-7.391808542813044,-7.391808542813044,-7.391808542813044,134.60366746279914,-418.0264230882395,32.6739606090142,-102.96402575044904,-0.9220430186675413,1,0,120
12,153,-7.391808609155186,-7.391808609155186,-7.391808609155186,134.59521850880498,-418.0133806611332,32.67628684308925,-102.96755068794816,-0.9220745844885998,1,0,120
12,154,-7.391808772111044,-7.391808772111044,-7.391808772111044,134.5955479301128,-418.0138721906635,32.67712746123597,-102.96892369613167,-0.9220868797791244,1,0,120
12,155,-7.39180877209762,-7.39180877209762,-7.39180877209762,134.58660588786856,-417.99990260862336,32.67683689381373,-102.96851526236584,-0.9220832222540847,1,0,120
12,156,-7.391808845121003,-7.391808845121003,-7.391808845121003,134.5971984730339,-418.0164647120743,32.67634935882503,-102.9677088308704,-0.9220760006587265,1,0,120
12,157,-7.391808864467631,-7.391808864467631,-7.391808864467631,134.6013668299841,-418.022884104177,32.6780497632947,-102.97043371491793,-0.9221004019998202,1,0,120
12,158,-7.391808912510152,-7.391808912510152,-7.391808912510152,134.60240421155692,-418.02450424970357,32.677369482147846,-102.9693821803436,-0.9220909855059907,1,0,120
12,159,-7.391808965832305,-7.391808965832305,-7.391808965832305,134.60578992824924,-418.0297624272723,32.67777584585668,-102.97004308861749,-0.9220969039406621,1,0,120
12,160,-7.391809045141307,-7.391809045141307,-7.391809045141307,134.6080616715675,-418.03331421661363,32.67728766568459,-102.96928937977137,-0.9220901544767148,1,0,120
12,161,-7.3918091858808355,-7.3918091858808355,-7.3918091858808355,134.61379742072978,-418.04224270477687,32.67705203513551,-102.96896241913635,-0.9220872265436945,1,0,120
12,162,-7.391809290855567,-7.391809290855567,-7.391809290855567,134.61853609165126,-418.04974031186913,32.67500368164421,-102.96568150892215,-0.9220578459873707,1,0,120
12,163,-7.39180945032192,-7.39180945032192,-7.39180945032192,134.6312124715134,-418.0693956097999,32.67596522301287,-102.96730414718854,-0.9220723767156951,1,0,120
12,164,-7.391809520550606,-7.391809520550606,-7.391809520550606,134.6367320171747,-418.0779827712712,32.6772937203758,-102.96939843841737,-0.9220911310970678,1,0,120
12,165,-7.391809576886645,-7.391809576886645,-7.391809576886645,134.6346739434484,-418.07481908339184,32.67572103155764,-102.966923333224,-0.922068966526021,1,0,120
12,166,-7.39180956105294,-7.39180956105294,-7.39180956105294,134.63801568466204,-418.0799977757307,32.676854783752226,-102.96870930962805,-0.9220849599476345,1,0,120
12,167,-7.391809580130831,-7.391809580130831,-7.391809580130831,134.63521014297808,-418.0756543700582,32.67575949464375,-102.96698370450004,-0.9220695071508964,1,0,120
12,168,-7.391809618942033,-7.391809618942033,-7.391809618942033,134.63495025719124,-418.075295542927,32.67467817296236,-102.96526423311363,-0.9220541092818243,1,0,120
12,169,-7.391809643829371,-7.391809643829371,-7.391809643829371,134.63430925552979,-418.07432555409923,32.674522626245796,-102.96500038692645,-0.9220517465387874,1,0,120
12,170,-7.391809633529218,-7.391809633529218,-7.391809633529218,134.63681830026093,-418.0782146939576,32.67345909864577,-102.96335940014569,-0.9220370514994871,1,0,120
12,171,-7.391809620187713,-7.391809620187713,-7.391809620187713,134.63542729253456,-418.0760667031558,32.67455864380118,-102.96505007523994,-0.9220521914977159,1,0,120
12,172,-7.391809716407728,-7.391809716407728,-7.391809716407728,134.63260810476845,-418.0716978967278,32.67447773708439,-102.96492815428005,-0.922051099695321,1,0,120
12,173,-7.391809849287171,-7.391809849287171,-7.391809849287171,134.62688540810376,-418.0628619371354,32.67385351776286,-102.96391568533102,-0.9220420330342298,1,0,120
12,174,-7.3918100785859195,-7.3918100785859195,-7.3918100785859195,134.62137713629994,-418.05438607997417,32.67356922826451,-102.96343127582755,-0.9220376951463355,1,0,120
12,175,-7.391810311889866,-7.391810311889866,-7.391810311889866,134.5940333241824,-418.0121305874647,32.66975655844475,-102.95722892574541,-0.9219821530912256,1,0,120
12,176,-7.39181048216215,-7.39181048216215,-7.39181048216215,134.59824454617905,-418.01878325284383,32.67072912269116,-102.95869341027877,-0.9219952675526123,1,0,120
12,177,-7.391810605248971,-7.391810605248971,-7.391810605248971,134.61053326600808,-418.0375962264375,32.668736879417445,-102.95594700372095,-0.921970673477404,1,0,120
12,178,-7.39181070388113,-7.39181070388113,-7.39181070388113,134.6100119174514,-418.0366964912763,32.67124021893431,-102.95995889204093,-0.9220065999438583,1,0,120
12,179,-7.391810721388102,-7.391810721388102,-7.391810721388102,134.6056555980184,-418.0299402942468,32.670370250642314,-102.95858096197313,-0.9219942605778518,1,0,120
12,180,-7.391810723875412,-7.391810723875412,-7.391810723875412,134.6088513286197,-418.0349050759804,32.67127617624961,-102.96000418312786,-0.9220070055256157,1,0,120
12,181,-7.3918108279366015,-7.3918108279366015,-7.3918108279366015,134.6098451979712,-418.0364787385246,32.671391324174394,-102.96018464579667,-0.9220086215691093,1,0,120
12,182,-7.39181086399021,-7.39181086399021,-7.39181086399021,134.60873039804198,-418.0347403513607,32.67254727305693,-102.96199650397816,-0.9220248467620822,1,0,120
12,183,-7.39181089004921,-7.39181089004921,-7.39181089004921,134.60718937852124,-418.032358342286,32.672130097714174,-102.9613358981618,-0.9220189310359184,1,0,120
12,184,-7.391810919631104,-7.391810919631104,-7.391810919631104,134.60717854660012,-418.0323477055059,32.672264500019125,-102.96154667171182,-0.9220208185134028,1,0,120
12,185,-7.391811018793003,-7.391811018793003,-7.391811018793003,134.60934514540233,-418.0357326448444,32.672493182816915,-102.96191761766278,-0.9220241403349991,1,0,120
12,186,-7.39181119772947,-7.39181119772947,-7.39181119772947,134.61367369710382,-418.04248716861787,32.673127460929315,-102.96293799247447,-0.9220332777931034,1,0,120
12,187,-7.391811485565834,-7.391811485565834,-7.391811485565834,134.621780103657,-418.05511999856856,32.67468032558728,-102.96542156083207,-0.9220555181517998,1,0,120
12,188,-7.3918118327724835,-7.3918118327724835,-7.3918118327724835,134.63457022452323,-418.07500398740467,32.678566906552135,-102.97159596382913,-0.9221108099407171,1,0,120
12,189,-7.3918118904767915,-7.3918118904767915,-7.3918118904767915,134.63484834171186,-418.075450686627,32.67772406146681,-102.97028495930036,-0.922099069893022,1,0,120
12,190,-7.391812092336933,-7.391812092336933,-7.391812092336933,134.62446114785948,-418.05943332921686,32.67459109011398,-102.9653021919364,-0.9220544492031443,1,0,120
12,191,-7.391812087821231,-7.391812087821231,-7.391812087821231,134.62326999981804,-418.0575286975544,32.67923751837748,-102.9725860637092,-0.9221196762867594,1,0,120
12,192,-7.391812115870793,-7.391812115870793,-7.391812115870793,134.62503195068695,-418.06033439996753,32.67465000887666,-102.96538783207946,-0.9220552161107651,1,0,120
12,193,-7.391812171844155,-7.391812171844155,-7.391812171844155,134.62908017174863,-418.066659939935,32.67387129713455,-102.96416800783781,-0.92204429258269,1,0,120
12,194,-7.391812295392912,-7.391812295392912,-7.391812295392912,134.62693588903142,-418.0633791808368,32.673379611409544,-102.96337634454967,-0.9220372032366524,1,0,120
12,195,-7.391812381139575,-7.391812381139575,-7.391812381139575,134.6298746997876,-418.0679097388914,32.673615713445834,-102.96381194895986,-0.9220411040748567,1,0,120
12,196,-7.391812415087819,-7.391812415087819,-7.391812415087819,134.63504942044412,-418.07596926688063,32.67093992066156,-102.9596524446091,-0.9220038557066059,1,0,120
12,197,-7.391812390515466,-7.391812390515466,-7.391812390515466,134.633156730373,-418.0731184272073,32.670823736895066,-102.95936878804385,-0.922001315561601,1,0,120
12,198,-7.391812416910297,-7.391812416910297,-7.391812416910297,134.63495208517776,-418.07581884302647,32.67085735218546,-102.95952320897796,-0.9220026984013181,1,0,120
12,199,-7.391812503806928,-7.391812503806928,-7.391812503806928,134.63206010801304,-418.0713542561152,32.67027754122988,-102.95860436417864,-0.9219944701446403,1,0,120
12,200,-7.391812654965529,-7.391812654965529,-7.391812654965529,134.62648644479194,-418.06274490622263,32.669005740567364,-102.95659356331944,-0.9219764634196639,1,0,120
12,201,-7.391812867525285,-7.391812867525285,-7.391812867525285,134.61703679059127,-418.04813489539777,32.666128704032346,-102.95206368112775,-0.9219358983172431,1,0,120
12,202,-7.391813103627436,-7.391813103627436,-7.391813103627436,134.61502902246417,-418.04504968032586,32.66709983584271,-102.95359610621911,-0.9219496211864375,1,0,120
12,203,-7.391813208291802,-7.391813208291802,-7.391813208291802,134.61019310775757,-418.03753236948097,32.66591415606027,-102.95176349696429,-0.9219332101675692,1,0,120
12,204,-7.391813382210082,-7.391813382210082,-7.391813382210082,134.60996501040083,-418.0371818195305,32.66552515070214,-102.95119835302735,-0.9219281493026914,1,0,120
12,205,-7.391813338469412,-7.391813338469412,-7.391813338469412,134.60370947881495,-418.0274620784779,32.663181988793625,-102.94751598477325,-0.921895173688965,1,0,120
12,206,-7.391813335156106,-7.391813335156106,-7.391813335156106,134.6103868473843,-418.03784578457805,32.66445264604213,-102.94950886024792,-0.9219130198920937,1,0,120
12,207,-7.391813505641677,-7.391813505641677,-7.391813505641677,134.6046924036816,-418.0290901124851,32.66586286567689,-102.95163716518162,-0.9219320788662493,1,0,120
12,208,-7.391813616299598,-7.391813616299598,-7.391813616299598,134.6068032725538,-418.0323980958098,32.66642027757204,-102.95251330332727,-0.9219399246847736,1,0,120
12,209,-7.391813737859913,-7.391813737859913,-7.391813737859913,134.60400303066424,-418.0280840636881,32.66697897109711,-102.95336825443492,-0.9219475807733383,1,0,120
12,210,-7.391813929133301,-7.391813929133301,-7.391813929133301,134.59944989045275,-418.02116060844025,32.665645165473954,-102.9511737255066,-0.921927928763203,1,0,120
12,211,-7.391813867174727,-7.391813867174727,-7.391813867174727,134.58832398021067,-418.003811900806,32.66672387318577,-102.95285929643703,-0.9219430230536363,1,0,120
12,212,-7.391813968253344,-7.391813968253344,-7.391813968253344,134.6007524837854,-418.0231810916391,32.66625679102287,-102.95214448559409,-0.9219366219213709,1,0,120
12,213,-7.3918140577589355,-7.3918140577589355,-7.3918140577589355,134.60247310915335,-418.02587000255005,32.66856523110913,-102.95575338213693,-0.9219689395958031,1,0,120
12,214,-7.3918141532056385,-7.3918141532056385,-7.3918141532056385,134.60789695853427,-418.03426341818596,32.669153218025414,-102.95674696495819,-0.9219778371315892,1,0,120
12,215,-7.391814225274787,-7.391814225274787,-7.391814225274787,134.60369339660508,-418.02775354731034,32.66942158879717,-102.9571474187563,-0.9219814231960051,1,0,120
12,216,-7.391814317071784,-7.391814317071784,-7.391814317071784,134.60353530522175,-418.02756775472807,32.669057529942414,-102.95654398468047,-0.921976019442871,1,0,120
12,217,-7.391814425136662,-7.391814425136662,-7.391814425136662,134.60508474963308,-418.0300070937882,32.66897054857567,-102.95641027093023,-0.9219748220360193,1,0,120
12,218,-7.391814538934573,-7.391814538934573,-7.391814538934573,134.6064341174931,-418.0321297817968,32.66990926013004,-102.95788040396923,-0.9219879870797834,1,0,120
12,219,-7.391814644225296,-7.391814644225296,-7.391814644225296,134.60990129246588,-418.0375941667548,32.67057209421221,-102.95887496072925,-0.9219968933371927,1,0,120
12,220,-7.391814727287954,-7.391814727287954,-7.391814727287954,134.6161940342655,-418.0473866511811,32.67319528905733,-102.96298831012952,-0.9220337283877865,1,0,120
12,221,-7.391814947971084,-7.391814947971084,-7.391814947971084,134.61823858524426,-418.050556547866,32.673325710931564,-102.96326278759798,-0.9220361863339647,1,0,120
12,222,-7.391815103909706,-7.391815103909706,-7.391815103909706,134.62053942327992,-418.0542102043365,32.66944535975953,-102.95719012577783,-0.9219818056374526,1,0,120
12,223,-7.391815182754979,-7.391815182754979,-7.391815182754979,134.6159193420962,-418.04717960194006,32.669273117083804,-102.9567785576365,-0.9219781200440751,1,0,120
12,224,-7.3918153624148175,-7.3918153624148175,-7.3918153624148175,134.61581863937243,-418.0470114279973,32.6719874786132,-102.96106359286351,-0.9220164925415276,1,0,120
12,225,-7.391815545603581,-7.391815545603581,-7.391815545603581,134.6198999513323,-418.053353987027,32.67290583951182,-102.96255429194827,-0.922029841754265,1,0,120
12,226,-7.391815814542549,-7.391815814542549,-7.391815814542549,134.61116264846106,-418.0398407589276,32.67220004781355,-102.96143260718816,-0.9220197970654073,1,0,120
12,227,-7.391816195178756,-7.391816195178756,-7.391816195178756,134.61804969543712,-418.05059889640916,32.67166861804201,-102.96067076603502,-0.9220129747766374,1,0,120
12,228,-7.391816679886894,-7.391816679886894,-7.391816679886894,134.60982039900773,-418.0377917226341,32.67324769968899,-102.96324830623455,-0.9220360566533314,1,0,120
12,229,-7.391817402704994,-7.391817402704994,-7.391817402704994,134.58463452813515,-417.99888275589547,32.67371959122543,-102.96385844103713,-0.9220415204114846,1,0,120
12,230,-7.391818389250321,-7.391818389250321,-7.391818389250321,134.59865009659256,-418.0205208790048,32.67761302241914,-102.97036731088832,-0.9220998073516267,1,0,120
12,231,-7.391819285698921,-7.391819285698921,-7.391819285698921,134.6546513695148,-418.10708812746634,32.68877012890078,-102.9886073213831,-0.9222631466753813,1,0,120
12,232,-7.391819950831256,-7.391819950831256,-7.391819950831256,134.5767198102081,-417.98668766347544,32.67063124811442,-102.95958124906716,-0.9220032181504116,1,0,120
12,233,-7.391821291731149,-7.391821291731149,-7.391821291731149,134.57246116973963,-417.98034828070377,32.671339798256184,-102.96074091184526,-0.9220136029324826,1,0,120
12,234,-7.391820055554399,-7.391820055554399,-7.391820055554399,134.50992021563587,-417.88258064745713,32.68166945593496,-102.97686481115916,-0.9221579924771581,1,0,120
12,235,-7.3918205660604706,-7.3918205660604706,-7.3918205660604706,134.5782994332047,-417.98949082964043,32.67180144258117,-102.9612209177307,-0.9220179013859702,1,0,120
12,236,-7.391822287618527,-7.391822287618527,-7.391822287618527,134.571377125966,-417.9787404144739,32.66804693459417,-102.95579140169646,-0.9219692800610207,1,0,120
12,237,-7.391821675661558,-7.391821675661558,-7.391821675661558,134.5403058353122,-417.93035300717224,32.65760791058192,-102.93936512645432,-0.9218221827394141,1,0,120
12,238,-7.39182225281928,-7.39182225281928,-7.39182225281928,134.56644906418393,-417.97107776066696,32.673190547329554,-102.9637807014468,-0.9220408242533262,1,0,120
12,239,-7.39182210503011,-7.39182210503011,-7.39182210503011,134.57530580716116,-417.98451574134856,32.67186360979239,-102.96203139148265,-0.9220251591797418,1,0,120
12,240,-7.391822268438311,-7.391822268438311,-7.391822268438311,134.5783678881276,-417.98953742554926,32.66899534425317,-102.9573541217706,-0.9219832742218356,1,0,120
12,241,-7.391822031549684,-7.391822031549684,-7.391822031549684,134.57411383320687,-417.9829395947942,32.667078017300646,-102.95427876303185,-0.92195573437931,1,0,120
12,242,-7.391822258427744,-7.391822258427744,-7.391822258427744,134.56919870662833,-417.97537063635286,32.66745274499606,-102.95483535522436,-0.9219607186633025,1,0,120
12,243,-7.391822464047493,-7.391822464047493,-7.391822464047493,134.57390470799263,-417.98273775199766,32.66819741692101,-102.95601095674445,-0.9219712461768338,1,0,120
12,244,-7.391822523284484,-7.391822523284484,-7.391822523284484,134.57436158884758,-417.9834604737864,32.66826950380932,-102.95612749875066,-0.9219722898106897,1,0,120
12,245,-7.391822629333947,-7.391822629333947,-7.391822629333947,134.57152513977564,-417.97905932775444,32.66884492103087,-102.95703484162905,-0.9219804150676468,1,0,120
12,246,-7.391822782202569,-7.391822782202569,-7.391822782202569,134.57328671030342,-417.98185867726835,32.66945798109467,-102.95797365844263,-0.9219888221737448,1,0,120
12,247,-7.391822923603789,-7.391822923603789,-7.391822923603789,134.575760770284,-417.9857580841315,32.66977577875177,-102.95845920484686,-0.9219931702425873,1,0,120
12,248,-7.391823138098427,-7.391823138098427,-7.391823138098427,134.57825231327496,-417.98970775811097,32.67100027187683,-102.96035281073806,-0.922010127486434,1,0,120
12,249,-7.391823299459941,-7.391823299459941,-7.391823299459941,134.57261524759357,-417.98109924434937,32.669338934858864,-102.95763665228796,-0.9219858042830796,1,0,120
12,250,-7.391823436178753,-7.391823436178753,-7.391823436178753,134.57585748907908,-417.9861955123276,32.668808162612414,-102.95679893015105,-0.9219783024799763,1,0,120
12,251,-7.391823524426953,-7.391823524426953,-7.391823524426953,134.57345975288968,-417.9825289298909,32.66892844958604,-102.95694152370051,-0.9219795794054444,1,0,120
12,252,-7.3918237016067,-7.3918237016067,-7.3918237016067,134.58225091986367,-417.9963254481838,32.66918522300327,-102.95728257679863,-0.9219826335364948,1,0,120
12,253,-7.391823855834436,-7.391823855834436,-7.391823855834436,134.58072910011288,-417.9940098269137,32.67030829542543,-102.95901736269948,-0.9219981685470686,1,0,120
12,254,-7.3918240608027626,-7.3918240608027626,-7.3918240608027626,134.57540838031397,-417.98581203411845,32.66870794117004,-102.95648956201254,-0.9219755320877908,1,0,120
12,255,-7.391823970205398,-7.391823970205398,-7.391823970205398,134.56431224491197,-417.9687030431321,32.663824798556355,-102.9486877406747,-0.9219056667649752,1,0,120
12,256,-7.391824051711973,-7.391824051711973,-7.391824051711973,134.5765013411069,-417.9875270735594,32.66807499190451,-102.95548859034382,-0.9219665683848636,1,0,120
12,257,-7.391824162118355,-7.391824162118355,-7.391824162118355,134.58026762243463,-417.9933495092544,32.667959534266586,-102.95538077934727,-0.9219656029372134,1,0,120
12,258,-7.3918242908608685,-7.3918242908608685,-7.3918242908608685,134.58214580591846,-417.99629712665904,32.668640718568504,-102.956452670706,-0.9219752017260805,1,0,120
12,259,-7.391824414476769,-7.391824414476769,-7.391824414476769,134.59117750051712,-418.01028650680644,32.67075221364394,-102.95984960519768,-0.9220056212799984,1,0,120
12,260,-7.391824516655914,-7.391824516655914,-7.391824516655914,134.59021500151775,-418.00882871886637,32.67148253428439,-102.96097242658293,-0.9220156761473363,1,0,120
12,261,-7.391824635224698,-7.391824635224698,-7.391824635224698,134.59839532978174,-418.0216064740745,32.66830340403109,-102.95601411160537,-0.9219712744286186,1,0,120
12,262,-7.391824809593441,-7.391824809593441,-7.391824809593441,134.59453977368685,-418.0157210012645,32.67014558448662,-102.95880951320521,-0.9219963072545082,1,0,120
12,263,-7.391824838358005,-7.391824838358005,-7.391824838358005,134.59893386961784,-418.02260157402316,32.67196449219497,-102.96161207588906,-0.9220214042079168,1,0,120
12,264,-7.391824928402678,-7.391824928402678,-7.391824928402678,134.60016330024905,-418.0245136943638,32.672039696107284,-102.96175512384676,-0.9220226852026114,1,0,120
12,265,-7.391825057380499,-7.391825057380499,-7.391825057380499,134.59622942306862,-418.0184011528454,32.67201227596793,-102.96173229482389,-0.9220224807686744,1,0,120
12,266,-7.391825175707743,-7.391825175707743,-7.391825175707743,134.5936595803658,-418.01438313502194,32.67195964173586,-102.96169708543741,-0.922022165468561,1,0,120
12,267,-7.391825256061403,-7.391825256061403,-7.391825256061403,134.59323628304202,-418.01371780912353,32.67151194014181,-102.96102690651522,-0.9220161640152188,1,0,120
12,268,-7.3918253549406865,-7.3918253549406865,-7.3918253549406865,134.59402306770397,-418.0149153428454,32.672839641462225,-102.96314808397085,-0.9220351591627964,1,0,120
12,269,-7.391825476131813,-7.391825476131813,-7.391825476131813,134.58782349411345,-418.00533094730355,32.67182474769402,-102.96152864915572,-0.9220206571213836,1,0,120
12,270,-7.391825579958426,-7.391825579958426,-7.391825579958426,134.58656489549577,-418.0033585981713,32.67183101251576,-102.96157770550795,-0.9220210964210978,1,0,120
12,271,-7.391825661292474,-7.391825661292474,-7.391825661292474,134.58219581004684,-417.99659093303455,32.67176226867145,-102.96145518803752,-0.9220199992769501,1,0,120
12,272,-7.391825781747504,-7.391825781747504,-7.391825781747504,134.5797568775171,-417.9928168104293,32.67162465285513,-102.96124798985912,-0.9220181438169243,1,0,120
12,273,-7.391825995553132,-7.391825995553132,-7.391825995553132,134.5747273325959,-417.98507416194855,32.67156022857595,-102.96111292910905,-0.922016934347687,1,0,120
12,274,-7.391826380366509,-7.391826380366509,-7.391826380366509,134.57658728318816,-417.9878455918009,32.67359094890854,-102.96450111628339,-0.9220472755693638,1,0,120
12,275,-7.39182677776001,-7.39182677776001,-7.39182677776001,134.56375527849465,-417.9680114101048,32.67420113839399,-102.96540414849757,-0.9220553622243159,1,0,120
12,276,-7.391827018862608,-7.391827018862608,-7.391827018862608,134.55854691442622,-417.95999735974607,32.67628603430021,-102.96861629280231,-0.9220841269818082,1,0,120
12,277,-7.391827375878193,-7.391827375878193,-7.391827375878193,134.55730748179369,-417.95820776646354,32.67617037959934,-102.96838835470648,-0.9220820857957879,1,0,120
12,278,-7.391827483438095,-7.391827483438095,-7.391827483438095,134.53173186626535,-417.9186758291868,32.6681478155733,-102.95561708269403,-0.9219677190340694,1,0,120
12,279,-7.391827957945711,-7.391827957945711,-7.391827957945711,134.54407671749826,-417.93773623467496,32.67230514941011,-102.96238408475459,-0.9220283175485677,1,0,120
12,280,-7.3918281636304295,-7.3918281636304295,-7.3918281636304295,134.54129154159438,-417.933335965886,32.680358887317354,-102.97504397792916,-0.9221416869126113,1,0,120
12,281,-7.391828635528945,-7.391828635528945,-7.391828635528945,134.5751722349965,-417.9859383848094,32.667192869998196,-102.954827384866,-0.9219606472887303,1,0,120
12,282,-7.391827762231839,-7.391827762231839,-7.391827762231839,134.566355523575,-417.97183166254604,32.67225791660294,-102.96286360634744,-0.9220326116652144,1,0,120
12,283,-7.391828483155598,-7.391828483155598,-7.391828483155598,134.568460276413,-417.9753562302719,32.66711592767959,-102.95479642073357,-0.921960370004874,1,0,120
12,284,-7.391829082034368,-7.391829082034368,-7.391829082034368,134.58842740099172,-418.0066793005174,32.66786061014806,-102.9558864512276,-0.9219701312297273,1,0,120
12,285,-7.391829038095585,-7.391829038095585,-7.391829038095585,134.61187553455903,-418.0430246380812,32.668096535770566,-102.95641339745686,-0.9219748500340704,1,0,120
12,286,-7.391829198570281,-7.391829198570281,-7.391829198570281,134.58545275705455,-418.0021226777151,32.66789055030963,-102.95588739178109,-0.9219701396523853,1,0,120
12,287,-7.391829347731363,-7.391829347731363,-7.391829347731363,134.57704531718355,-417.98927613676,32.66345568979955,-102.94877190581883,-0.9219064204639783,1,0,120
12,288,-7.391829512667314,-7.391829512667314,-7.391829512667314,134.57712345763557,-417.9894198109256,32.66254840952118,-102.94737984531601,-0.9218939545599032,1,0,120
12,289,-7.391829482362002,-7.391829482362002,-7.391829482362002,134.584461949072,-418.0008690418559,32.663154367753556,-102.9482957030364,-0.9219021560672843,1,0,120
12,290,-7.391829538625473,-7.391829538625473,-7.391829538625473,134.5766020902434,-417.98860628325116,32.66319687605069,-102.94839808552658,-0.921903072902651,1,0,120
12,291,-7.391829681754616,-7.391829681754616,-7.391829681754616,134.5743438149902,-417.9851398092766,32.66349091960176,-102.94884262796606,-0.9219070537809222,1,0,120
12,292,-7.391829766542653,-7.391829766542653,-7.391829766542653,134.57131309788366,-417.98049088500727,32.66215881597466,-102.9467186536892,-0.9218880335878059,1,0,120
12,293,-7.391829886446392,-7.391829886446392,-7.391829886446392,134.5675874725585,-417.97469055190857,32.66213338689368,-102.94670797369776,-0.921887937948465,1,0,120
12,294,-7.39182994222967,-7.39182994222967,-7.39182994222967,134.56455573840424,-417.9699843240298,32.66092643026782,-102.94482691765342,-0.9218710930885174,1,0,120
12,295,-7.3918300844321285,-7.3918300844321285,-7.3918300844321285,134.55818922986614,-417.96014579672146,32.66185665773301,-102.94623528461887,-0.921883705016992,1,0,120
12,296,-7.391830177566531,-7.391830177566531,-7.391830177566531,134.55409171898003,-417.9537696494798,32.66324751274061,-102.94841992623815,-0.9219032684862587,1,0,120
12,297,-7.39183024638464,-7.39183024638464,-7.39183024638464,134.54776436577583,-417.94398947951254,32.6622068226052,-102.94674172109549,-0.9218882401564669,1,0,120
12,298,-7.391830297042132,-7.391830297042132,-7.391830297042132,134.54311309076155,-417.93680128832875,32.66220275383,-102.94669191630116,-0.9218877941544524,1,0,120
12,299,-7.391830341573503,-7.391830341573503,-7.391830341573503,134.5405044202183,-417.9327176457555,32.662761086215035,-102.9475935064456,-0.9218958678956675,1,0,120
12,300,-7.391830348693659,-7.391830348693659,-7.391830348693659,134.53586058987383,-417.9255439368773,32.663094161350365,-102.94805448195274,-0.9218999959320864,1,0,120
13,1,-2.9928750650652116,-2.9928750650652116,-2.9928750650652116,123.91003535711772,-46.40224892901084,12.323741361169645,-5.721658055698744,-0.07880247191401746,1,0,120
13,2,-5.223519214009602,-5.223519214009602,-5.223519214009602,121.30863779821405,-131.78230649447482,18.26433949121677,-29.161199117787056,-0.4016273870420679,1,0,120
13,3,-3.283434271015561,-3.283434271015561,-3.283434271015561,119.63736714313121,-48.31850038785131,18.917980451224956,-12.467047968868702,-0.17170445836744552,1,0,120
13,4,-3.690150822082207,-3.690150822082207,-3.690150822082207,124.63750264742018,-59.49451264154878,18.129617749241827,-16.122613823844194,-0.22205133733369786,1,0,120
13,5,-5.129048148446146,-5.129048148446146,-5.129048148446146,115.07383219000045,-127.01313622602112,19.98346795165764,-24.0010288949662,-0.33055809819311543,1,0,120
13,6,-2.7217766118195206,-2.7217766118195206,-2.7217766118195206,116.56365384918303,-27.629086448598823,19.188732965126015,-17.806906012808387,-0.24524852713843548,1,0,120
13,7,-5.379981626737384,-5.379981626737384,-5.379981626737384,114.4129778421731,-140.29771869765747,17.964441640438594,-29.196590803177767,-0.40211482482091476,1,0,120
13,8,-4.039183697652366,-4.039183697652366,-4.039183697652366,114.49759771694156,-72.55957767619614,15.772446389106276,-13.44466495589262,-0.1851688483069821,1,0,120
13,9,-5.524800723933043,-5.524800723933043,-5.524800723933043,101.11038159782704,-140.0015974664398,18.80856673755324,-33.43435895440763,-0.46048018018897974,1,0,120
13,10,-4.002918693122145,-4.002918693122145,-4.002918693122145,98.70851252683805,-60.38080340502545,18.581569526214114,-19.759945218807122,-0.2721470792153815,1,0,120
13,11,-6.092983861352428,-6.092983861352428,-6.092983861352428,115.0310274452477,-205.94475981996675,23.879250442453472,-42.04961199762358,-0.5791351626016379,1,0,120
13,12,-5.184939308468176,-5.184939308468176,-5.184939308468176,111.9213267402049,-126.34987323841214,22.053974953997827,-28.320679368777864,-0.390051191248874,1,0,120
13,13,-6.166404793595451,-6.166404793595451,-6.166404793595451,113.7243606982658,-213.66640187564013,27.183381298432252,-45.44421918810341,-0.6258879456555774,1,0,120
13,14,-6.155723556794213,-6.155723556794213,-6.155723556794213,115.54089515312589,-215.0661714327564,25.35176630371453,-42.65053524337969,-0.5874114763441224,1,0,120
13,15,-6.055164494917073,-6.055164494917073,-6.055164494917073,110.49365671917245,-198.88987883935505,29.212082977260266,-45.15482552132439,-0.6219022240209658,1,0,120
13,16,-6.442157405328819,-6.442157405328819,-6.442157405328819,130.7968929363434,-263.0347131537243,29.513834872372136,-54.19802460756617,-0.7464511633440111,1,0,120
13,17,-6.68212765003436,-6.68212765003436,-6.68212765003436,130.12614498882562,-296.77846276149677,27.2980980261782,-57.660445121170405,-0.7941379164882436,1,0,120
13,18,-6.310232213435563,-6.310232213435563,-6.310232213435563,115.30056142213542,-232.1342970400854,24.38441069852686,-45.08557430684806,-0.6209484503367193,1,0,120
13,19,-6.900405145349402,-6.900405145349402,-6.900405145349402,130.39527239484462,-331.0933883201575,27.15256473709811,-64.37353164492265,-0.8865949992245086,1,0,120
13,20,-6.729047217599786,-6.729047217599786,-6.729047217599786,140.66787490818433,-316.19837577375563,27.975831490087803,-59.36143083142857,-0.8175650205468756,1,0,120
13,21,-6.860443422062884,-6.860443422062884,-6.860443422062884,125.79794103267321,-319.0430818221438,26.42555892843512,-61.99397359470312,-0.853822146566277,1,0,120
13,22,-7.035095289832277,-7.035095289832277,-7.035095289832277,134.99060324585216,-359.31924231981895,27.06802122922617,-69.71070318736113,-0.9601020677139308,1,0,120
13,23,-6.880721683661047,-6.880721683661047,-6.880721683661047,125.1460894868315,-318.4926363377839,25.313416452968095,-64.19069423700144,-0.8840768411028095,1,0,120
13,24,-6.92790675316396,-6.92790675316396,-6.92790675316396,134.87175243618583,-340.892731086209,28.729103128568415,-67.67928938617823,-0.9321240886989102,1,0,120
13,25,-6.88117862645767,-6.88117862645767,-6.88117862645767,142.58547307209875,-342.4736244415881,28.596669911663643,-65.80644754904019,-0.9063300680087932,1,0,120
13,26,-6.991274501425064,-6.991274501425064,-6.991274501425064,129.98892295031732,-344.4505691656766,25.47895422113728,-66.65778574995953,-0.9180552627013452,1,0,120
13,27,-6.581956885874734,-6.581956885874734,-6.581956885874734,121.85605318085855,-270.82775626731785,20.892205144305727,-50.19748932127491,-0.6913531364311631,1,0,120
13,28,-7.080091980780746,-7.080091980780746,-7.080091980780746,140.41809492387137,-374.41329378247065,25.280401285304276,-69.27883350090534,-0.9541540717823052,1,0,120
13,29,-7.049394425338379,-7.049394425338379,-7.049394425338379,139.4080753439442,-367.1082769764279,25.868005596622595,-69.26842225820641,-0.954010681238448,1,0,120
13,30,-7.085126644925649,-7.085126644925649,-7.085126644925649,139.11327498121807,-373.560103657998,25.37566115966374,-69.62387151709338,-0.9589061643252781,1,0,120
13,31,-7.08177770449575,-7.08177770449575,-7.08177770449575,139.84350867571797,-373.9031416903658,25.49107337411594,-69.67520767405293,-0.9596131999480989,1,0,120
13,32,-7.075944870136033,-7.075944870136033,-7.075944870136033,139.54282985323272,-372.4043151833698,25.380367075793373,-69.33166833653439,-0.9548817482023587,1,0,120
13,33,-7.092323255480823,-7.092323255480823,-7.092323255480823,137.63842530945328,-372.84769072453435,24.9275545915286,-69.32636796567331,-0.9548087479772756,1,0,120
13,34,-7.094822136991609,-7.094822136991609,-7.094822136991609,138.04142378826006,-373.89165480758834,24.904847412869426,-69.35275341144997,-0.9551721458471785,1,0,120
13,35,-7.091248483354564,-7.091248483354564,-7.091248483354564,138.58792195931156,-373.93754840940676,24.942089091725272,-69.30738100986424,-0.9545472470212045,1,0,120
13,36,-7.093556086762242,-7.093556086762242,-7.093556086762242,138.13283783792642,-373.7884303644486,24.996941442914615,-69.42484186097228,-0.9561649958154056,1,0,120
13,37,-7.112685732086403,-7.112685732086403,-7.112685732086403,135.00086476168954,-373.10325069673434,24.599512290425928,-69.50248639851785,-0.9572343679151797,1,0,120
13,38,-7.119166583736561,-7.119166583736561,-7.119166583736561,132.98633729364062,-371.55818346202796,23.984648636175006,-68.81115680638331,-0.9477129179723173,1,0,120
13,39,-7.1215725238042245,-7.1215725238042245,-7.1215725238042245,130.6842392221637,-368.76174202977677,23.92765499799927,-68.8120224990267,-0.9477248408659177,1,0,120
13,40,-7.123985031439051,-7.123985031439051,-7.123985031439051,127.58227852718815,-364.7198427822573,23.90457474063818,-68.93197015002814,-0.9493768395186124,1,0,120
13,41,-7.119427446036766,-7.119427446036766,-7.119427446036766,125.63840060321314,-361.17632918501226,23.311039480826256,-67.84952490284522,-0.9344686852110273,1,0,120
13,42,-7.124547615228916,-7.124547615228916,-7.124547615228916,127.55952824402337,-364.8125227290146,23.81939444622905,-68.80673609501227,-0.9476520330015159,1,0,120
13,43,-7.133716542254485,-7.133716542254485,-7.133716542254485,125.48420565065437,-363.5486406963839,23.908586966051306,-69.1959896637468,-0.953013091477753,1,0,120
13,44,-7.13611301490617,-7.13611301490617,-7.13611301490617,125.41533168626391,-363.884148428078,23.81759475675738,-69.14744200944072,-0.952344460964062,1,0,120
13,45,-7.136716960817521,-7.136716960817521,-7.136716960817521,122.62285217535751,-359.95247403140115,23.290279599181005,-68.36479716355878,-0.9415653567453407,1,0,120
13,46,-7.135416593459156,-7.135416593459156,-7.135416593459156,120.94652479942611,-357.23261068371227,23.51932805047922,-68.678166164245,-0.9458812825897216,1,0,120
13,47,-7.135218645839404,-7.135218645839404,-7.135218645839404,122.66568752348013,-359.73219440040396,23.321821686684345,-68.37338896565342,-0.9416836887457265,1,0,120
13,48,-7.129156040122748,-7.129156040122748,-7.129156040122748,121.72276702651361,-357.1836295441575,23.2542692012289,-68.14652415472393,-0.9385591560110685,1,0,120
13,49,-7.135532822964386,-7.135532822964386,-7.135532822964386,123.25023919387525,-360.6391228993275,23.312695769658145,-68.37673141311987,-0.9417297231504453,1,0,120
13,50,-7.14097780114022,-7.14097780114022,-7.14097780114022,122.61660436540902,-360.7218400879275,23.521888692533278,-68.84024281855893,-0.9481135098348942,1,0,120
13,51,-7.139360546963587,-7.139360546963587,-7.139360546963587,122.52794894767084,-360.32174736773203,23.30664278658593,-68.4466026954207,-0.942692036820278,1,0,120
13,52,-7.138298396716404,-7.138298396716404,-7.138298396716404,121.48874034519045,-358.54432270052683,23.542628398727665,-68.81459889662318,-0.9477603247234394,1,0,120
13,53,-7.140180703512589,-7.140180703512589,-7.140180703512589,124.16161234310636,-362.8843056663711,23.414068729412257,-68.61285047232161,-0.9449817115338787,1,0,120
13,54,-7.141109851289022,-7.141109851289022,-7.141109851289022,122.7272712858142,-360.9070814080235,23.590013440814623,-68.94607302957873,-0.9495710737351408,1,0,120
13,55,-7.141406918847127,-7.141406918847127,-7.141406918847127,123.02937291246334,-361.4039049357061,23.698086299454825,-69.11527816341766,-0.9519014791311378,1,0,120
13,56,-7.141339237976282,-7.141339237976282,-7.141339237976282,123.10166090386795,-361.4981921833368,23.718992963901467,-69.14311904790547,-0.9522849222688706,1,0,120
13,57,-7.141400620400422,-7.141400620400422,-7.141400620400422,123.13089645545492,-361.55220167342804,23.692899786477696,-69.10693524773009,-0.9517865749595233,1,0,120
13,58,-7.141610471784318,-7.141610471784318,-7.141610471784318,123.00788879999851,-361.41442486957993,23.71711526532533,-69.1449749255977,-0.9523104826480988,1,0,120
13,59,-7.141598273869592,-7.141598273869592,-7.141598273869592,122.90086832627136,-361.2547353089363,23.705823616980542,-69.12841318669203,-0.9520823833887134,1,0,120
13,60,-7.1415289322197175,-7.1415289322197175,-7.1415289322197175,122.91020549233507,-361.2542385762865,23.691869771272593,-69.10721218688775,-0.951790389149393,1,0,120
13,61,-7.141700833172791,-7.141700833172791,-7.141700833172791,123.22733123543534,-361.7575442289101,23.733945375486208,-69.16785195355105,-0.9526255602593824,1,0,120
13,62,-7.141755771580886,-7.141755771580886,-7.141755771580886,123.24044539694057,-361.7882021127682,23.794085331720375,-69.2564202225432,-0.9538453812381589,1,0,120
13,63,-7.1418278619271325,-7.1418278619271325,-7.1418278619271325,123.30144638286356,-361.89425506085445,23.808878259720128,-69.2769925760225,-0.9541287173430912,1,0,120
13,64,-7.141735114974507,-7.141735114974507,-7.141735114974507,123.33449204215049,-361.9271629229446,23.81132263962287,-69.27609427290125,-0.9541163453163478,1,0,120
13,65,-7.141945982186037,-7.141945982186037,-7.141945982186037,123.3889459373703,-362.04507542193073,23.814946576247635,-69.28874511397056,-0.9542905810952687,1,0,120
13,66,-7.142197717082842,-7.142197717082842,-7.142197717082842,123.54515331855906,-362.32545917524453,23.817507817904666,-69.29523252739311,-0.9543799300582876,1,0,120
13,67,-7.142289595721549,-7.142289595721549,-7.142289595721549,123.57915454448039,-362.39375004901046,23.85397819564179,-69.34996745226623,-0.9551337757684019,1,0,120
13,68,-7.142388251757759,-7.142388251757759,-7.142388251757759,123.7933403649956,-362.7298848260631,23.847868911789686,-69.33970390599907,-0.9549924193978214,1,0,120
13,69,-7.142401091248037,-7.142401091248037,-7.142401091248037,123.84487499188984,-362.81199530227065,23.846059311697335,-69.33312129671691,-0.9549017593342474,1,0,120
13,70,-7.142338108169168,-7.142338108169168,-7.142338108169168,123.87776759693132,-362.84911693859067,23.886623308761997,-69.3898415841868,-0.9556829487756278,1,0,120
13,71,-7.142371243807418,-7.142371243807418,-7.142371243807418,123.79504703750304,-362.73246899248556,23.83640816415956,-69.3191727609729,-0.9547096508430534,1,0,120
13,72,-7.1424043490205635,-7.1424043490205635,-7.1424043490205635,123.965415030641,-362.9907721844123,23.8804775118421,-69.38169392618155,-0.9555707338223969,1,0,120
13,73,-7.14238923165116,-7.14238923165116,-7.14238923165116,123.86877521226265,-362.84729513518045,23.897572592219877,-69.40557452345256,-0.9558996332563405,1,0,120
13,74,-7.142409830901654,-7.142409830901654,-7.142409830901654,124.06812617958028,-363.1428666042377,23.892692292376168,-69.39880176469516,-0.9558063543280011,1,0,120
13,75,-7.142441643217014,-7.142441643217014,-7.142441643217014,124.30162355415965,-363.49088885064356,23.887863916379175,-69.39177599873288,-0.9557095908165281,1,0,120
13,76,-7.142467283010331,-7.142467283010331,-7.142467283010331,124.24325494986093,-363.40997704868533,23.849964939275655,-69.33760702222928,-0.9549635397229497,1,0,120
13,77,-7.142466347672793,-7.142466347672793,-7.142466347672793,124.46696353823631,-363.74020978011373,23.82087096330895,-69.29142298137981,-0.9543274624623921,1,0,120
13,78,-7.142471987397035,-7.142471987397035,-7.142471987397035,124.18179327502978,-363.32010284779176,23.836379728538454,-69.31883661411472,-0.954705021205439,1,0,120
13,79,-7.1424494362603115,-7.1424494362603115,-7.1424494362603115,124.28060920004009,-363.46153108281067,23.852132807089017,-69.33993144480152,-0.9549955532132146,1,0,120
13,80,-7.142447058181623,-7.142447058181623,-7.142447058181623,124.19812352579379,-363.3410346630132,23.833262563613683,-69.31182159974898,-0.9546084057720889,1,0,120
13,81,-7.142472278500179,-7.142472278500179,-7.142472278500179,124.20846789774802,-363.35593474213147,23.80893102897642,-69.28193642364415,-0.954196807293515,1,0,120
13,82,-7.142428068991226,-7.142428068991226,-7.142428068991226,124.39172867348952,-363.6166331873316,23.809112708652822,-69.27967641728895,-0.9541656809861407,1,0,120
13,83,-7.142455720437531,-7.142455720437531,-7.142455720437531,124.26020632097038,-363.42851205145433,23.79943168865655,-69.26750238842394,-0.9539980121813333,1,0,120
13,84,-7.14246076417454,-7.14246076417454,-7.14246076417454,124.25913319377175,-363.4280866397924,23.797541143782883,-69.2646883883506,-0.953959255904816,1,0,120
13,85,-7.142463115486802,-7.142463115486802,-7.142463115486802,124.23695211538578,-363.3963570033187,23.82180721845647,-69.29997339661,-0.9544452244554141,1,0,120
13,86,-7.1424511206829076,-7.1424511206829076,-7.1424511206829076,123.99034599158422,-363.03072628525763,23.772898166610346,-69.23097980786918,-0.9534949989637701,1,0,120
13,87,-7.1424837332890725,-7.1424837332890725,-7.1424837332890725,124.02186382938842,-363.0832195576904,23.80970920355202,-69.2854687763451,-0.9542454571991537,1,0,120
13,88,-7.142456848688066,-7.142456848688066,-7.142456848688066,123.95237312388858,-362.9761400992761,23.802186185439304,-69.27410058643828,-0.9540888869432724,1,0,120
13,89,-7.142490118920209,-7.142490118920209,-7.142490118920209,124.01603734378317,-363.0765097959232,23.785954433271915,-69.25029799292601,-0.9537610618288612,1,0,120
13,90,-7.142477024261665,-7.142477024261665,-7.142477024261665,124.11591123453927,-363.220971783148,23.801450190789375,-69.27170185611584,-0.9540558500373576,1,0,120
13,91,-7.142482820424358,-7.142482820424358,-7.142482820424358,123.98455839221637,-363.02941948096367,23.77619995019025,-69.23550192406331,-0.9535572805490922,1,0,120
13,92,-7.1424531702163065,-7.1424531702163065,-7.1424531702163065,123.84237010279298,-362.8161080530675,23.804986863107015,-69.276501306722,-0.9541219512562547,1,0,120
13,93,-7.142485418913441,-7.142485418913441,-7.142485418913441,124.08038864669928,-363.1696241133184,23.774978835668012,-69.23422352650981,-0.9535396736095786,1,0,120
13,94,-7.142494459354764,-7.142494459354764,-7.142494459354764,124.03980233664048,-363.1127253858864,23.78680170570768,-69.25101516284622,-0.9537709391689511,1,0,120
13,95,-7.142498515141525,-7.142498515141525,-7.142498515141525,124.06255809281902,-363.14717755846107,23.784021414257083,-69.24665100384932,-0.9537108330749774,1,0,120
13,96,-7.14249756298683,-7.14249756298683,-7.14249756298683,124.05142759683112,-363.1314441948623,23.7868751941648,-69.25007526083128,-0.9537579942146367,1,0,120
13,97,-7.142498030922241,-7.142498030922241,-7.142498030922241,124.05605704305367,-363.13751528965713,23.78416593889087,-69.24691330456908,-0.9537144456545655,1,0,120
13,98,-7.1424978578786344,-7.1424978578786344,-7.1424978578786344,124.05272368320678,-363.13261273764954,23.779588158014644,-69.24020953907957,-0.9536221169472987,1,0,120
13,99,-7.142497954915365,-7.142497954915365,-7.142497954915365,124.06454547212617,-363.1500242163167,23.783500740021125,-69.24582799229158,-0.9536994980136138,1,0,120
13,100,-7.142501420344418,-7.142501420344418,-7.142501420344418,124.09589878985977,-363.1969138429688,23.78649316282471,-69.24990846865411,-0.9537556970420814,1,0,120
13,101,-7.142502123428425,-7.142502123428425,-7.142502123428425,124.10381431915084,-363.20862850618846,23.787278039220123,-69.25106677783444,-0.9537716500448231,1,0,120
13,102,-7.142503253635773,-7.142503253635773,-7.142503253635773,124.11985110395813,-363.23266618692435,23.78648856268731,-69.24956583202164,-0.9537509780229887,1,0,120
13,103,-7.142503441641176,-7.142503441641176,-7.142503441641176,124.13894941962012,-363.26097565681357,23.78728215983074,-69.25037829349304,-0.9537621677815618,1,0,120
13,104,-7.142505179306642,-7.142505179306642,-7.142505179306642,124.15943287069425,-363.2914155181335,23.792664214234193,-69.25812578035634,-0.9538688713122526,1,0,120
13,105,-7.142505672488538,-7.142505672488538,-7.142505672488538,124.17051181898935,-363.30780098079987,23.79539897436393,-69.26203924331155,-0.9539227701212363,1,0,120
13,106,-7.142506756436722,-7.142506756436722,-7.142506756436722,124.20190725977044,-363.3541311124838,23.79559487881788,-69.26211885534748,-0.9539238665910297,1,0,120
13,107,-7.142507373707563,-7.142507373707563,-7.142507373707563,124.21900994440388,-363.37945336643395,23.799404030734266,-69.26749308235867,-0.9539978840120266,1,0,120
13,108,-7.1425077442434945,-7.1425077442434945,-7.1425077442434945,124.23769660205164,-363.4070142701067,23.800290071134036,-69.26861617307763,-0.9540133519627458,1,0,120
13,109,-7.142507868053853,-7.142507868053853,-7.142507868053853,124.24765375439421,-363.42157581269174,23.804151267108338,-69.27427462237993,-0.9540912838817597,1,0,120
13,110,-7.14250817895604,-7.14250817895604,-7.14250817895604,124.2642251667763,-363.44592512726115,23.80361367149506,-69.2734221373958,-0.9540795428928076,1,0,120
13,111,-7.142508205736569,-7.142508205736569,-7.142508205736569,124.28795878949224,-363.4808144679515,23.804040206439787,-69.27384045473603,-0.9540853042368329,1,0,120
13,112,-7.142507864725053,-7.142507864725053,-7.142507864725053,124.30463893286264,-363.5055923161809,23.807286049694692,-69.27810170867953,-0.9541439930541185,1,0,120
13,113,-7.142507854937712,-7.142507854937712,-7.142507854937712,124.29625402953783,-363.4930166269138,23.804511550544156,-69.27437106153798,-0.954092612105846,1,0,120
13,114,-7.142508471824367,-7.142508471824367,-7.142508471824367,124.29232018683858,-363.48697173358954,23.807480427238815,-69.27913956580981,-0.9541582871112892,1,0,120
13,115,-7.142508262978995,-7.142508262978995,-7.142508262978995,124.3020183348021,-363.50104446621356,23.805043756829896,-69.27563098352988,-0.954109964587664,1,0,120
13,116,-7.142508464458541,-7.142508464458541,-7.142508464458541,124.29194448518601,-363.48645511032106,23.809268576085596,-69.28171826385069,-0.9541938026520579,1,0,120
13,117,-7.142508375970788,-7.142508375970788,-7.142508375970788,124.27755502316288,-363.46501953641933,23.807604721176844,-69.27967926939199,-0.9541657202671966,1,0,120
13,118,-7.1425083214464795,-7.1425083214464795,-7.1425083214464795,124.29411364715205,-363.4895289083147,23.809204004298326,-69.28168843216177,-0.9541933917902403,1,0,120
13,119,-7.142508418831619,-7.142508418831619,-7.142508418831619,124.27458035158779,-363.4608002911539,23.80542869518932,-69.27638186057294,-0.9541203061646196,1,0,120
13,120,-7.142508327073843,-7.142508327073843,-7.142508327073843,124.29761203674006,-363.4946744734137,23.807349823556915,-69.2789463411629,-0.9541556258932187,1,0,120
13,121,-7.142508449666541,-7.142508449666541,-7.142508449666541,124.28982058229514,-363.4832737366555,23.807273170201043,-69.2788778563588,-0.9541546826750469,1,0,120
13,122,-7.14250850693314,-7.14250850693314,-7.14250850693314,124.29324962213126,-363.4883919918417,23.8082579605743,-69.28022088510322,-0.9541731797582141,1,0,120
13,123,-7.14250848530281,-7.14250848530281,-7.14250848530281,124.29708729525902,-363.4940887039205,23.807847243480577,-69.27952643151123,-0.9541636152824722,1,0,120
13,124,-7.142508508871326,-7.142508508871326,-7.142508508871326,124.29225444684256,-363.48694166461667,23.808247255098212,-69.28020198306595,-0.9541729194268127,1,0,120
13,125,-7.142508528598862,-7.142508528598862,-7.142508528598862,124.29143939612175,-363.48576224771546,23.80792202696877,-69.27971965077515,-0.9541662764264045,1,0,120
13,126,-7.142508535040363,-7.142508535040363,-7.142508535040363,124.29162246276661,-363.4860479120658,23.80816039823032,-69.28005112784362,-0.9541708417485759,1,0,120
13,127,-7.142508533387136,-7.142508533387136,-7.142508533387136,124.2924334832058,-363.4872573711459,23.80814451362398,-69.28000305267697,-0.9541701796254757,1,0,120
13,128,-7.142508530305251,-7.142508530305251,-7.142508530305251,124.29181411043469,-363.4863350753863,23.808116125740835,-69.27997826422796,-0.9541698382225052,1,0,120
13,129,-7.142508547449534,-7.142508547449534,-7.142508547449534,124.28894813557775,-363.4821125564258,23.808039821460607,-69.27990561976287,-0.9541688377147215,1,0,120
13,130,-7.142508535010658,-7.142508535010658,-7.142508535010658,124.2881922256397,-363.48098799687034,23.807599012034796,-69.27927898588035,-0.9541602072970268,1,0,120
13,131,-7.142508547134695,-7.142508547134695,-7.142508547134695,124.28840233649134,-363.4813064380037,23.80787142151008,-69.2796681694679,-0.9541655673916755,1,0,120
13,132,-7.142508575152738,-7.142508575152738,-7.142508575152738,124.28678667681609,-363.47893958393325,23.807990962717334,-69.2798551319389,-0.9541681423629036,1,0,120
13,133,-7.142508586483378,-7.142508586483378,-7.142508586483378,124.28401193618129,-363.4748768925981,23.80815455611834,-69.2801051441164,-0.9541715856965324,1,0,120
13,134,-7.142508600530306,-7.142508600530306,-7.142508600530306,124.28224432589118,-363.4722631432428,23.808412437262685,-69.2805160617473,-0.9541772451268502,1,0,120
13,135,-7.142508608169375,-7.142508608169375,-7.142508608169375,124.28043516918493,-363.46961578854814,23.808121188623577,-69.2800961401715,-0.9541714616882278,1,0,120
13,136,-7.142508617292566,-7.142508617292566,-7.142508617292566,124.27811952630285,-363.4662079323691,23.80774648699641,-69.27957504170736,-0.9541642847743532,1,0,120
13,137,-7.142508613212431,-7.142508613212431,-7.142508613212431,124.27739657736956,-363.46514355652135,23.808033591717997,-69.28000170864453,-0.9541701611145691,1,0,120
13,138,-7.142508611307937,-7.142508611307937,-7.142508611307937,124.2772466575642,-363.4649147163053,23.80774528272283,-69.27958982555661,-0.9541644883873366,1,0,120
13,139,-7.142508626925592,-7.142508626925592,-7.142508626925592,124.2762043653516,-363.4634124511824,23.807780175566243,-69.27962352031858,-0.9541649524539597,1,0,120
13,140,-7.142508626955345,-7.142508626955345,-7.142508626955345,124.27630636294657,-363.4635731042336,23.80792960424553,-69.27983024267967,-0.9541677995715078,1,0,120
13,141,-7.142508632952627,-7.142508632952627,-7.142508632952627,124.27607564224405,-363.46321108788266,23.80801388499721,-69.27997958744707,-0.9541698564467569,1,0,120
13,142,-7.142508628553076,-7.142508628553076,-7.142508628553076,124.27351446759175,-363.45944697803884,23.80835635455992,-69.28050089433137,-0.954177036231132,1,0,120
13,143,-7.142508630169214,-7.142508630169214,-7.142508630169214,124.27545318703058,-363.46228412164135,23.80793356379642,-69.27987909544856,-0.954168472404262,1,0,120
13,144,-7.1425086354418585,-7.1425086354418585,-7.1425086354418585,124.27706034166954,-363.46466965140274,23.808074071967745,-69.28004828520554,-0.9541708025978777,1,0,120
13,145,-7.142508641042029,-7.142508641042029,-7.142508641042029,124.27692823337281,-363.4644928409614,23.807651987029445,-69.27941655552856,-0.9541621019975197,1,0,120
13,146,-7.142508638352964,-7.142508638352964,-7.142508638352964,124.27788244155909,-363.4658916266542,23.807836898187176,-69.27968159494947,-0.9541657522963175,1,0,120
13,147,-7.142508640057791,-7.142508640057791,-7.142508640057791,124.27575693512951,-363.462764763207,23.807536069962143,-69.27926361748851,-0.9541599956333351,1,0,120
13,148,-7.142508639636932,-7.142508639636932,-7.142508639636932,124.27883621777072,-363.4673104527212,23.807782147733974,-69.2795766400298,-0.9541643067875106,1,0,120
13,149,-7.142508639914453,-7.142508639914453,-7.142508639914453,124.27680803917931,-363.46431438756383,23.807531328166228,-69.27924284533933,-0.954159709545511,1,0,120
13,150,-7.142508639976864,-7.142508639976864,-7.142508639976864,124.27765772490548,-363.4655551934586,23.807409653764385,-69.2790657772571,-0.9541572708463717,1,0,120
13,151,-7.142508640930419,-7.142508640930419,-7.142508640930419,124.27634114165001,-363.4636167826501,23.807672005062823,-69.27946401618264,-0.954162755657145,1,0,120
13,152,-7.142508638603562,-7.142508638603562,-7.142508638603562,124.27649298470166,-363.4638822806693,23.807382852029125,-69.27899738548362,-0.9541563289094792,1,0,120
13,153,-7.1425086414507994,-7.1425086414507994,-7.1425086414507994,124.27600307917429,-363.4631396819433,23.80779641373088,-69.27962905115352,-0.9541650286282892,1,0,120
13,154,-7.142508641436621,-7.142508641436621,-7.142508641436621,124.27567648486958,-363.4626574079449,23.80772904629396,-69.2795356878524,-0.9541637427669457,1,0,120
13,155,-7.1425086414329355,-7.1425086414329355,-7.1425086414329355,124.27596502307836,-363.4630835464029,23.807797173675315,-69.27963068787064,-0.9541650511702435,1,0,120
13,156,-7.142508641376072,-7.142508641376072,-7.142508641376072,124.27610614969387,-363.4632902205602,23.80785817888198,-69.27971934453883,-0.9541662722087147,1,0,120
13,157,-7.142508641461654,-7.142508641461654,-7.142508641461654,124.27594889631396,-363.46305866875446,23.80780188437564,-69.2796388912453,-0.9541651641525634,1,0,120
13,158,-7.14250864145203,-7.14250864145203,-7.14250864145203,124.27570865414509,-363.46270670879477,23.807804952089025,-69.27964430348801,-0.954165238693562,1,0,120
13,159,-7.142508641408484,-7.142508641408484,-7.142508641408484,124.27597456363249,-363.46309713066955,23.807815924675396,-69.27965843628051,-0.9541654333397596,1,0,120
13,160,-7.142508641650427,-7.142508641650427,-7.142508641650427,124.27615600303243,-363.46336400568885,23.807803522798682,-69.27963860128717,-0.9541651601590677,1,0,120
13,161,-7.142508641665506,-7.142508641665506,-7.142508641665506,124.27634794338772,-363.46364725766,23.807791306173886,-69.2796179541575,-0.9541648757930954,1,0,120
13,162,-7.142508641733173,-7.142508641733173,-7.142508641733173,124.27636658422321,-363.4636750779002,23.807770634973096,-69.27958718191114,-0.9541644519772966,1,0,120
13,163,-7.142508641732232,-7.142508641732232,-7.142508641732232,124.27651230944777,-363.4638914073839,23.807789856067384,-69.27961186179293,-0.9541647918850074,1,0,120
13,164,-7.142508641726336,-7.142508641726336,-7.142508641726336,124.2763087922614,-363.46358959574286,23.80778524910089,-69.27960957373135,-0.9541647603723049,1,0,120
13,165,-7.142508641873065,-7.142508641873065,-7.142508641873065,124.2764236297081,-363.4637560556174,23.807766840260022,-69.2795840412793,-0.9541644087224307,1,0,120
13,166,-7.142508641929462,-7.142508641929462,-7.142508641929462,124.27653515689539,-363.4639181027004,23.807742318596393,-69.27954913359345,-0.9541639279506147,1,0,120
13,167,-7.142508641898216,-7.142508641898216,-7.142508641898216,124.27671869851335,-363.464187496824,23.80779150850669,-69.27961978572024,-0.954164901018593,1,0,120
13,168,-7.142508641949762,-7.142508641949762,-7.142508641949762,124.27659157986874,-363.464001409984,23.807755856512685,-69.27956805328442,-0.9541641885251547,1,0,120
13,169,-7.142508641966124,-7.142508641966124,-7.142508641966124,124.2766190313358,-363.4640432006513,23.807740884424884,-69.27954450026199,-0.9541638641372989,1,0,120
13,170,-7.142508641947805,-7.142508641947805,-7.142508641947805,124.2767410911684,-363.46422035070054,23.807732580747263,-69.27953355974135,-0.954163713457188,1,0,120
13,171,-7.1425086419206005,-7.1425086419206005,-7.1425086419206005,124.27675250418935,-363.4642399852363,23.80773696842491,-69.27953700632249,-0.9541637609257906,1,0,120
13,172,-7.142508642026055,-7.142508642026055,-7.142508642026055,124.27645617539747,-363.4638026380801,23.807716487378176,-69.27951147312515,-0.954163409265652,1,0,120
13,173,-7.142508642027461,-7.142508642027461,-7.142508642027461,124.27643720588392,-363.463773206725,23.80773107383187,-69.2795345005215,-0.9541637264142366,1,0,120
13,174,-7.142508642050027,-7.142508642050027,-7.142508642050027,124.27644722150386,-363.4637860762583,23.80770033184857,-69.27949135175788,-0.9541631321408285,1,0,120
13,175,-7.142508642041429,-7.142508642041429,-7.142508642041429,124.27644130340354,-363.46377775159874,23.807667118360943,-69.27944249783377,-0.9541624592921636,1,0,120
13,176,-7.142508642033525,-7.142508642033525,-7.142508642033525,124.27635864942533,-363.46365462856016,23.80769769960236,-69.27948953359832,-0.9541631070999284,1,0,120
13,177,-7.1425086420274,-7.1425086420274,-7.1425086420274,124.27625876763071,-363.4635100511326,23.807704148273874,-69.27949759078409,-0.9541632180688379,1,0,120
13,178,-7.142508642036163,-7.142508642036163,-7.142508642036163,124.27635545821644,-363.46365129938323,23.80767064673701,-69.27944867251017,-0.9541625443339049,1,0,120
13,179,-7.142508642032742,-7.142508642032742,-7.142508642032742,124.27648040698219,-363.4638338277141,23.807697618715725,-69.27948812091638,-0.9541630876435351,1,0,120
13,180,-7.142508642036033,-7.142508642036033,-7.142508642036033,124.27652542594163,-363.46390194969337,23.807697451396233,-69.27948553415266,-0.9541630520169084,1,0,120
13,181,-7.142508642033926,-7.142508642033926,-7.142508642033926,124.27654948625417,-363.4639378869066,23.807712998036283,-69.27950746775876,-0.9541633541010878,1,0,120
13,182,-7.1425086420399255,-7.1425086420399255,-7.1425086420399255,124.27667419919459,-363.46411805269815,23.807714565610446,-69.27951181663781,-0.9541634139967361,1,0,120
13,183,-7.142508642037987,-7.142508642037987,-7.142508642037987,124.27636532790665,-363.4636641231632,23.80770423048825,-69.27949934069765,-0.9541632421698087,1,0,120
13,184,-7.142508642046405,-7.142508642046405,-7.142508642046405,124.27644594069457,-363.463783998224,23.807702204366823,-69.2794942935782,-0.9541631726575301,1,0,120
13,185,-7.1425086420536665,-7.1425086420536665,-7.1425086420536665,124.27650665280018,-363.4638732150405,23.80770260251429,-69.27949436894546,-0.954163173695538,1,0,120
13,186,-7.1425086420570025,-7.1425086420570025,-7.1425086420570025,124.27654498980141,-363.4639300057605,23.807705196710405,-69.2794973851313,-0.954163215236451,1,0,120
13,187,-7.142508642054722,-7.142508642054722,-7.142508642054722,124.27660467339427,-363.4640173498478,23.807709235174144,-69.27950314733964,-0.9541632945974085,1,0,120
13,188,-7.142508642057558,-7.142508642057558,-7.142508642057558,124.27653929048086,-363.46392160054006,23.807704271812757,-69.27949611156625,-0.9541631976960679,1,0,120
13,189,-7.142508642059173,-7.142508642059173,-7.142508642059173,124.27653452221129,-363.46391480246837,23.80770804840229,-69.27950146100468,-0.9541632713720842,1,0,120
13,190,-7.14250864205998,-7.14250864205998,-7.14250864205998,124.27652495970669,-363.46390058259965,23.80770973821619,-69.27950417794976,-0.954163308791655,1,0,120
13,191,-7.142508642060006,-7.142508642060006,-7.142508642060006,124.27650918322983,-363.46387746370493,23.807705765408492,-69.27949844039267,-0.9541632297702111,1,0,120
13,192,-7.142508642060453,-7.142508642060453,-7.142508642060453,124.27652723335135,-363.4639042739383,23.80770679213209,-69.27949950418588,-0.954163244421477,1,0,120
13,193,-7.142508642060426,-7.142508642060426,-7.142508642060426,124.27651150064068,-363.46388127095764,23.807709667821808,-69.27950372126102,-0.9541633025018346,1,0,120
13,194,-7.142508642060794,-7.142508642060794,-7.142508642060794,124.27652935333444,-363.4639073449498,23.807708173035632,-69.27950154853141,-0.9541632725775605,1,0,120
13,195,-7.1425086420618396,-7.1425086420618396,-7.1425086420618396,124.27652851799782,-363.46390622713744,23.80770977782439,-69.27950379084666,-0.9541633034602142,1,0,120
13,196,-7.142508642062845,-7.142508642062845,-7.142508642062845,124.27651347502383,-363.4638840692202,23.80771181619872,-69.27950694744922,-0.9541633469350396,1,0,120
13,197,-7.142508642062844,-7.142508642062844,-7.142508642062844,124.27651183909181,-363.4638818223192,23.807715468049352,-69.27951213988784,-0.9541634184487502,1,0,120
13,198,-7.142508642062545,-7.142508642062545,-7.142508642062545,124.27650363120108,-363.46386959748156,23.80770981462288,-69.27950411134377,-0.9541633078743131,1,0,120
13,199,-7.142508642063472,-7.142508642063472,-7.142508642063472,124.2765181431431,-363.4638908334864,23.80771459753482,-69.27951106801099,-0.9541634036861508,1,0,120
13,200,-7.142508642063801,-7.142508642063801,-7.142508642063801,124.27652333212379,-363.4638986893972,23.807715357257667,-69.27951190405624,-0.9541634152007208,1,0,120
13,201,-7.142508642063842,-7.142508642063842,-7.142508642063842,124.27652499592898,-363.4639011681388,23.807717285376807,-69.27951467362557,-0.9541634533450677,1,0,120
13,202,-7.1425086420635795,-7.1425086420635795,-7.1425086420635795,124.27653532618335,-363.4639165000401,23.80771536426476,-69.27951162859549,-0.9541634114068926,1,0,120
13,203,-7.142508642063724,-7.142508642063724,-7.142508642063724,124.27651681036978,-363.46388916641604,23.807715247733505,-69.27951173779933,-0.9541634129109203,1,0,120
13,204,-7.1425086420637465,-7.1425086420637465,-7.1425086420637465,124.27650814025684,-363.46387616151935,23.807717729645653,-69.27951570087724,-0.9541634674930595,1,0,120
13,205,-7.1425086420636035,-7.1425086420636035,-7.1425086420636035,124.2765329753783,-363.46391280629,23.807716379302438,-69.27951337060875,-0.9541634353990553,1,0,120
13,206,-7.142508642063867,-7.142508642063867,-7.142508642063867,124.27651858458407,-363.4638917066222,23.807721437021755,-69.27952083341127,-0.9541635381817243,1,0,120
13,207,-7.14250864206386,-7.14250864206386,-7.14250864206386,124.27654174023824,-363.4639258532096,23.80772497504102,-69.27952568999638,-0.9541636050698374,1,0,120
13,208,-7.142508642063733,-7.142508642063733,-7.142508642063733,124.27651693497707,-363.4638891925338,23.807719513058544,-69.27951812598657,-0.9541635008932746,1,0,120
13,209,-7.142508642063712,-7.142508642063712,-7.142508642063712,124.27650768353911,-363.46387595024567,23.80772315768635,-69.27952317593916,-0.954163570444573,1,0,120
13,210,-7.142508642063735,-7.142508642063735,-7.142508642063735,124.276515916812,-363.46388780637324,23.80772166029921,-69.27952116188432,-0.954163542705673,1,0,120
13,211,-7.142508642063862,-7.142508642063862,-7.142508642063862,124.27651704797739,-363.4638894179351,23.807721534333496,-69.27952101908645,-0.954163540738966,1,0,120
13,212,-7.1425086420639055,-7.1425086420639055,-7.1425086420639055,124.27651767668864,-363.4638903538093,23.807722053459553,-69.27952176037203,-0.9541635509484432,1,0,120
13,213,-7.142508642063878,-7.142508642063878,-7.142508642063878,124.27652474983987,-363.4639007363292,23.807722815491836,-69.27952282614076,-0.9541635656269174,1,0,120
13,214,-7.142508642063909,-7.142508642063909,-7.142508642063909,124.27651808860108,-363.46389097063644,23.807721990232558,-69.27952165302379,-0.9541635494699718,1,0,120
13,215,-7.142508642063926,-7.142508642063926,-7.142508642063926,124.27651687825686,-363.46388921627556,23.80772221665831,-69.27952196974607,-0.9541635538320813,1,0,120
13,216,-7.142508642063923,-7.142508642063923,-7.142508642063923,124.27651561858076,-363.4638873839971,23.807722510115457,-69.27952239024373,-0.9541635596234541,1,0,120
13,217,-7.142508642063925,-7.142508642063925,-7.142508642063925,124.27651710189205,-363.46388954122995,23.807722127881053,-69.27952184183778,-0.9541635520704435,1,0,120
13,218,-7.142508642063922,-7.142508642063922,-7.142508642063922,124.27651566591939,-363.4638874338557,23.807722212769423,-69.2795219750892,-0.9541635539056704,1,0,120
13,219,-7.1425086420639134,-7.1425086420639134,-7.1425086420639134,124.27651572295085,-363.46388751278437,23.807722025519293,-69.279521705891,-0.9541635501980942,1,0,120
13,220,-7.14250864206397,-7.14250864206397,-7.14250864206397,124.27651733544707,-363.4638899062289,23.80772201984091,-69.27952166024367,-0.9541635495694089,1,0,120
13,221,-7.142508642064007,-7.142508642064007,-7.142508642064007,124.27651754324546,-363.4638902276163,23.80772177457081,-69.27952128411283,-0.9541635443890852,1,0,120
13,222,-7.142508642064048,-7.142508642064048,-7.142508642064048,124.27652230134768,-363.46389726077894,23.807722246705858,-69.27952189306401,-0.9541635527759651,1,0,120
13,223,-7.142508642064074,-7.142508642064074,-7.142508642064074,124.27652163244178,-363.4638963024452,23.807721590278568,-69.27952091490697,-0.9541635393041372,1,0,120
13,224,-7.142508642064065,-7.142508642064065,-7.142508642064065,124.27652704902698,-363.46390429870956,23.807722260879512,-69.27952181286778,-0.9541635516714494,1,0,120
13,225,-7.1425086420640715,-7.1425086420640715,-7.1425086420640715,124.27652213743177,-363.4638970557203,23.807721530834655,-69.27952081263648,-0.9541635378956,1,0,120
13,226,-7.14250864206407,-7.14250864206407,-7.14250864206407,124.27652044235856,-363.46389455933246,23.80772161906577,-69.27952096120347,-0.9541635399417634,1,0,120
13,227,-7.142508642064075,-7.142508642064075,-7.142508642064075,124.27652082048424,-363.46389510241744,23.807721681489287,-69.27952106182344,-0.9541635413275684,1,0,120
13,228,-7.142508642064078,-7.142508642064078,-7.142508642064078,124.27652097556643,-363.46389535129424,23.807721613249175,-69.27952093983563,-0.9541635396474714,1,0,120
13,229,-7.142508642064068,-7.142508642064068,-7.142508642064068,124.27652007945964,-363.46389403867977,23.807721213799155,-69.27952035945931,-0.9541635316541434,1,0,120
13,230,-7.142508642064077,-7.142508642064077,-7.142508642064077,124.27652145382132,-363.4638960533166,23.80772163990973,-69.2795209755651,-0.9541635401395613,1,0,120
13,231,-7.142508642064072,-7.142508642064072,-7.142508642064072,124.27652206074299,-363.46389692044716,23.807721306173768,-69.27952050759579,-0.9541635336943772,1,0,120
13,232,-7.1425086420640795,-7.1425086420640795,-7.1425086420640795,124.27652030429019,-363.4638943688565,23.807721421546248,-69.27952066134115,-0.9541635358118605,1,0,120
13,233,-7.142508642064082,-7.142508642064082,-7.142508642064082,124.2765189606102,-363.46389239059516,23.807721686719773,-69.279521063755,-0.9541635413541709,1,0,120
13,234,-7.142508642064082,-7.142508642064082,-7.142508642064082,124.27651809472655,-363.4638911278731,23.80772188483906,-69.27952135078004,-0.9541635453072704,1,0,120
13,235,-7.142508642064081,-7.142508642064081,-7.142508642064081,124.27651751297833,-363.46389025605487,23.80772146626189,-69.27952076098305,-0.9541635371841948,1,0,120
13,236,-7.142508642064082,-7.142508642064082,-7.142508642064082,124.27651788295253,-363.46389081968664,23.807721730346625,-69.2795211238002,-0.9541635421811532,1,0,120
13,237,-7.142508642064081,-7.142508642064081,-7.142508642064081,124.27651986792976,-363.46389372949136,23.807721623666097,-69.27952095844837,-0.9541635399038182,1,0,120
13,238,-7.142508642064082,-7.142508642064082,-7.142508642064082,124.27651867724583,-363.4638920078364,23.807721717256896,-69.27952107709758,-0.9541635415379339,1,0,120
13,239,-7.142508642064084,-7.142508642064084,-7.142508642064084,124.27651887366274,-363.4638922566846,23.807721618035252,-69.27952097026564,-0.9541635400665734,1,0,120
13,240,-7.142508642064084,-7.142508642064084,-7.142508642064084,124.27651845051851,-363.46389162425885,23.807721645147915,-69.27952102403424,-0.9541635408071103,1,0,120
13,241,-7.142508642064085,-7.142508642064085,-7.142508642064085,124.2765189055528,-363.4638923038217,23.807721602563696,-69.27952094711836,-0.9541635397477738,1,0,120
13,242,-7.142508642064084,-7.142508642064084,-7.142508642064084,124.2765190485262,-363.4638925134542,23.80772162571575,-69.27952098021834,-0.9541635402036487,1,0,120
13,243,-7.142508642064084,-7.142508642064084,-7.142508642064084,124.27651898811332,-363.4638924246583,23.807721602584778,-69.27952094694498,-0.9541635397453859,1,0,120
13,244,-7.142508642064085,-7.142508642064085,-7.142508642064085,124.2765188511987,-363.46389222523936,23.807721559096137,-69.27952088276966,-0.9541635388615208,1,0,120
13,245,-7.142508642064084,-7.142508642064084,-7.142508642064084,124.27651893467197,-363.4638923450111,23.807721607301556,-69.27952095539877,-0.954163539861817,1,0,120
13,246,-7.142508642064084,-7.142508642064084,-7.142508642064084,124.27651878242195,-363.4638921251692,23.807721614066583,-69.27952096266678,-0.954163539961917,1,0,120
13,247,-7.142508642064083,-7.142508642064083,-7.142508642064083,124.27651886225861,-363.46389224068554,23.80772161246966,-69.27952096146961,-0.9541635399454288,1,0,120
13,248,-7.142508642064084,-7.142508642064084,-7.142508642064084,124.27651904853056,-363.463892514126,23.807721571520105,-69.27952090036554,-0.954163539103863,1,0,120
13,249,-7.142508642064084,-7.142508642064084,-7.142508642064084,124.27651906212262,-363.4638925347559,23.807721627778232,-69.27952098179644,-0.9541635402253833,1,0,120
13,250,-7.142508642064084,-7.142508642064084,-7.142508642064084,124.2765188375625,-363.46389220069824,23.80772159217954,-69.27952093572576,-0.9541635395908673,1,0,120
13,251,-7.142508642064084,-7.142508642064084,-7.142508642064084,124.2765188227029,-363.46389218172226,23.807721610490933,-69.27952095974535,-0.9541635399216811,1,0,120
13,252,-7.142508642064083,-7.142508642064083,-7.142508642064083,124.27651885425573,-363.4638922281317,23.807721573343112,-69.2795209051608,-0.9541635391699064,1,0,120
13,253,-7.142508642064084,-7.142508642064084,-7.142508642064084,124.27651886323837,-363.46389224057907,23.80772160527496,-69.27952095249522,-0.9541635398218274,1,0,120
13,254,-7.142508642064085,-7.142508642064085,-7.142508642064085,124.27651885865312,-363.46389223556423,23.80772161037202,-69.2795209582579,-0.9541635399011951,1,0,120
14,1,-5.154673942353805,-5.154673942353805,-5.154673942353805,101.82407824679223,128.83316383620726,9.92099669999826,10.30216543906112,0.20867145815412336,1,0,120
14,2,-4.924657492355943,-4.924657492355943,-4.924657492355943,116.2309756769501,124.51977514009286,14.363579749077264,9.552297341684328,0.19348279998041673,1,0,120
14,3,-5.113765665283091,-5.113765665283091,-5.113765665283091,112.77561717854263,132.0640950224695,16.34875754824449,14.471867333053112,0.2931292140923365,1,0,120
14,4,-4.412086907899132,-4.412086907899132,-4.412086907899132,104.73178608928094,92.63375744624263,11.083612051312146,5.079985902336822,0.10289565547295476,1,0,120
14,5,-5.159341282737498,-5.159341282737498,-5.159341282737498,97.79327136825958,126.86034324975556,10.481816367288046,10.417673663091565,0.21101108953354553,1,0,120
14,6,-5.676656780926065,-5.676656780926065,-5.676656780926065,107.92621827460233,164.1123082292977,15.496619132608451,25.719122505746213,0.5209435654537204,1,0,120
14,7,-5.387709047071753,-5.387709047071753,-5.387709047071753,104.77343076788421,140.9484798264558,16.495069824166364,21.906168305217918,0.443711772040428,1,0,120
14,8,-5.992405835007049,-5.992405835007049,-5.992405835007049,113.18637213604481,193.65971378095037,18.125243088604133,35.63073560573835,0.7217043443859756,1,0,120
14,9,-5.376134645097276,-5.376134645097276,-5.376134645097276,117.14217689070651,147.43878160803584,21.138991572960485,25.460952534181814,0.5157143051844482,1,0,120
14,10,-6.078263783921336,-6.078263783921336,-6.078263783921336,109.80675316279508,199.3909233477334,19.321512110263512,37.95887594176718,0.7688610748403879,1,0,120
14,11,-5.886046873138933,-5.886046873138933,-5.886046873138933,104.01711979742888,174.8214448283128,22.444390791960924,38.54102068296463,0.7806524785720579,1,0,120
14,12,-6.0030369848322875,-6.0030369848322875,-6.0030369848322875,113.62126145075331,194.96613174569706,19.770424778140068,37.364942164465894,0.7568308829268964,1,0,120
14,13,-5.549943003451948,-5.549943003451948,-5.549943003451948,113.82022742791227,158.69950427737592,25.77881485560483,30.794742995330118,0.6237507990264461,1,0,120
14,14,-6.1701207179691195,-6.1701207179691195,-6.1701207179691195,112.99742344958352,211.85526321469308,19.35946777792044,39.7373982038442,0.8048852326722975,1,0,120
14,15,-5.927093074768528,-5.927093074768528,-5.927093074768528,118.46253363428372,193.04316951988196,19.282349537865723,34.251706586584994,0.6937719647357217,1,0,120
14,16,-6.107456438211582,-6.107456438211582,-6.107456438211582,110.23235352297303,203.03163835121302,18.17187590557533,37.131847912220564,0.7521095340230088,1,0,120
14,17,-6.17361104800838,-6.17361104800838,-6.17361104800838,113.60201481552312,212.94143744413543,19.169479451585946,39.48511000485459,0.7997751083329394,1,0,120
14,18,-6.202980605040235,-6.202980605040235,-6.202980605040235,111.4821773705014,213.97109670030338,19.852098824476133,40.79941921818429,0.8263965814235426,1,0,120
14,19,-6.168652461749411,-6.168652461749411,-6.168652461749411,110.92021500042951,210.23692710557458,19.6622873112107,39.480214864329795,0.7996759567402747,1,0,120
14,20,-6.2006129641858685,-6.2006129641858685,-6.2006129641858685,111.5567133479579,213.80759543052173,19.577906919391587,40.46799936215506,0.8196836369432847,1,0,120
14,21,-6.204206851167169,-6.204206851167169,-6.204206851167169,111.58664206643735,214.1818147086485,20.25731574738463,41.2391352725394,0.8353030769344922,1,0,120
14,22,-6.207328613238744,-6.207328613238744,-6.207328613238744,112.27872170789527,215.16942926579262,20.269171891476166,41.33253620625265,0.8371949227941018,1,0,120
14,23,-6.210472862331122,-6.210472862331122,-6.210472862331122,112.50857583297545,215.7193564734981,20.63388917368985,41.761736320201294,0.8458884168121654,1,0,120
14,24,-6.2100046690590816,-6.2100046690590816,-6.2100046690590816,111.99753976087793,215.07329856746532,20.894248083072746,42.10507904207308,0.8528428602098557,1,0,120
14,25,-6.2072803042352245,-6.2072803042352245,-6.2072803042352245,112.74583784386127,215.6141486401654,20.667689572184628,41.71780986522327,0.8449986817883954,1,0,120
14,26,-6.214402648806289,-6.214402648806289,-6.214402648806289,111.94208174823751,215.56738731625796,20.891806442637293,42.12099069369918,0.8531651524081414,1,0,120
14,27,-6.217151676474144,-6.217151676474144,-6.217151676474144,112.06257769086483,215.98189325773112,20.775702988024463,42.06519091151504,0.852034921877296,1,0,120
14,28,-6.217558513174029,-6.217558513174029,-6.217558513174029,111.69617395474009,215.72991156110913,21.05259190765129,42.28269291165234,0.8564404480541523,1,0,120
14,29,-6.20991668862675,-6.20991668862675,-6.20991668862675,111.7082243729439,214.89318319003888,21.288959960262854,42.37584073526961,0.8583271671418116,1,0,120
14,30,-6.218350256343459,-6.218350256343459,-6.218350256343459,111.15236809347726,215.29850184773227,21.285528842227837,42.51386105592019,0.8611227834358244,1,0,120
14,31,-6.220228760675027,-6.220228760675027,-6.220228760675027,111.03002271376613,215.29459561538619,21.39048513511976,42.74309003083077,0.8657658407356426,1,0,120
14,32,-6.214055189441792,-6.214055189441792,-6.214055189441792,111.95227599139642,215.56004723020465,21.435500336329238,42.62016639338063,0.863276009367659,1,0,120
14,33,-6.218916728203781,-6.218916728203781,-6.218916728203781,111.24216639305703,215.37060446330975,21.175735899386257,42.49532281215141,0.8607472893339552,1,0,120
14,34,-6.216499592322845,-6.216499592322845,-6.216499592322845,110.24201910675698,214.10138785687224,21.271890426003576,42.57243502032235,0.8623092053229477,1,0,120
14,35,-6.21953028580911,-6.21953028580911,-6.21953028580911,111.1536635930324,215.37250768320857,21.25230484168735,42.56091591539156,0.8620758846257839,1,0,120
14,36,-6.219361948060991,-6.219361948060991,-6.219361948060991,111.08428777654072,215.24208991136385,21.169067615713644,42.52094538597132,0.8612662772954949,1,0,120
14,37,-6.221456281923861,-6.221456281923861,-6.221456281923861,111.07345236641257,215.45901022051024,21.37193185308373,42.76134848755312,0.8661356677210887,1,0,120
14,38,-6.221397830259899,-6.221397830259899,-6.221397830259899,110.38931280963621,214.7316840184143,21.883639472414206,43.31298846241828,0.8773091941619249,1,0,120
14,39,-6.221371629128535,-6.221371629128535,-6.221371629128535,111.15403481709185,215.53249218964862,21.181291728148512,42.56963322611472,0.8622524546828796,1,0,120
14,40,-6.221543162504826,-6.221543162504826,-6.221543162504826,111.02767576223607,215.42740202751523,21.404987883870906,42.79177300787721,0.8667519196204803,1,0,120
14,41,-6.221395797779066,-6.221395797779066,-6.221395797779066,111.14412256249507,215.5236791419797,21.488117386554123,42.87095123669769,0.8683556830777615,1,0,120
14,42,-6.221552258134352,-6.221552258134352,-6.221552258134352,111.09531481124651,215.4952981679732,21.384900446727144,42.77140567285957,0.8663393770805663,1,0,120
14,43,-6.22156213047691,-6.22156213047691,-6.22156213047691,111.05238709717574,215.45019061131046,21.391145881649468,42.782029859030374,0.8665545711029372,1,0,120
14,44,-6.22136117978208,-6.22136117978208,-6.22136117978208,111.05855855321086,215.43175506853933,21.384695072933575,42.7742484259649,0.8663969573474695,1,0,120
14,45,-6.221630033097391,-6.221630033097391,-6.221630033097391,111.0564197503287,215.46352580323764,21.395563930193365,42.78570067838051,0.8666289239398184,1,0,120
14,46,-6.221905636321307,-6.221905636321307,-6.221905636321307,111.04676544907167,215.48591396962755,21.399303137003056,42.79313476531694,0.86677950216245,1,0,120
14,47,-6.2220940939534,-6.2220940939534,-6.2220940939534,111.03197946807737,215.49694226181825,21.406614146135972,42.79915580151797,0.8669014588919453,1,0,120
14,48,-6.222223776595031,-6.222223776595031,-6.222223776595031,111.02701779059203,215.50755955295386,21.408459201627384,42.80224791160536,0.8669640899110767,1,0,120
14,49,-6.222355147710141,-6.222355147710141,-6.222355147710141,110.99323534254236,215.48628407322389,21.408219095591978,42.8073070836564,0.8670665639797748,1,0,120
14,50,-6.2224503005331275,-6.2224503005331275,-6.2224503005331275,110.95574647090662,215.461644503399,21.416960312999493,42.816191784824895,0.867246524548168,1,0,120
14,51,-6.222444118229806,-6.222444118229806,-6.222444118229806,111.07867572698004,215.58370135604764,21.37673897160308,42.774011116585775,0.8663921506207217,1,0,120
14,52,-6.222280976931005,-6.222280976931005,-6.222280976931005,110.98684076014689,215.47641584620072,21.39115988157448,42.784719143903224,0.8666090428544471,1,0,120
14,53,-6.222530477448121,-6.222530477448121,-6.222530477448121,110.86041754194906,215.37841114670917,21.458520386014342,42.857316564281156,0.8680795113358648,1,0,120
14,54,-6.222708496992412,-6.222708496992412,-6.222708496992412,110.80540839566089,215.34024153680014,21.48600540641889,42.89161065347713,0.8687741417648676,1,0,120
14,55,-6.222806040791177,-6.222806040791177,-6.222806040791177,110.7630132419832,215.30103450550834,21.494936117013324,42.91074761942922,0.8691617630483239,1,0,120
14,56,-6.2230529023484245,-6.2230529023484245,-6.2230529023484245,110.72891937555335,215.2905512186337,21.558159782682168,42.981541657672985,0.8705957038325529,1,0,120
14,57,-6.223230465665814,-6.223230465665814,-6.223230465665814,110.6625084336798,215.2404528153761,21.619308348004,43.04943336789478,0.8719708576535976,1,0,120
14,58,-6.223304848205318,-6.223304848205318,-6.223304848205318,110.63359473731813,215.22105984767973,21.649711466608295,43.07988679577333,0.8725876950785834,1,0,120
14,59,-6.223399863394827,-6.223399863394827,-6.223399863394827,110.55478449981214,215.1503039209063,21.707105891618504,43.14200380394875,0.8738458816946699,1,0,120
14,60,-6.223419301349846,-6.223419301349846,-6.223419301349846,110.50318834539641,215.1032807609587,21.746367541666714,43.17949297893347,0.874605228926602,1,0,120
14,61,-6.223486562836965,-6.223486562836965,-6.223486562836965,110.46646284325726,215.07248723647436,21.7769631161686,43.21298676030602,0.8752836490354081,1,0,120
14,62,-6.223506230169603,-6.223506230169603,-6.223506230169603,110.39546078335937,215.00048060731677,21.822749961253948,43.26290788107895,0.876294806653289,1,0,120
14,63,-6.223471382660031,-6.223471382660031,-6.223471382660031,110.31822385914711,214.9213176076399,21.859635165962306,43.29815893688065,0.8770088205428079,1,0,120
14,64,-6.223556374772371,-6.223556374772371,-6.223556374772371,110.3871400568174,214.99746781353082,21.808465322668205,43.2503168532589,0.8760397740438428,1,0,120
14,65,-6.2236005349881225,-6.2236005349881225,-6.2236005349881225,110.39005015361167,215.00076078136516,21.821942717892796,43.26873265498663,0.8764127880691304,1,0,120
14,66,-6.223569259230528,-6.223569259230528,-6.223569259230528,110.30816787376011,214.91439053391443,21.859045669340766,43.307324041531885,0.8771944607136071,1,0,120
14,67,-6.22359041127909,-6.22359041127909,-6.22359041127909,110.4180164366974,215.02415641836797,21.8073992044962,43.25713965309537,0.8761779705811623,1,0,120
14,68,-6.22382415576741,-6.22382415576741,-6.22382415576741,110.48469810861695,215.12043869485495,21.821733596633738,43.27016817617368,0.8764418647036578,1,0,120
14,69,-6.22399044303284,-6.22399044303284,-6.22399044303284,110.56635841296551,215.22086677744028,21.814627322452434,43.264021244449744,0.8763173579469381,1,0,120
14,70,-6.224044734768654,-6.224044734768654,-6.224044734768654,110.63833962529509,215.29725538975418,21.84347774177278,43.29307453256058,0.8769058353918133,1,0,120
14,71,-6.224144069553984,-6.224144069553984,-6.224144069553984,110.70729317286508,215.37813224015824,21.83054740535233,43.279714101342854,0.8766352184346053,1,0,120
14,72,-6.224146353825582,-6.224146353825582,-6.224146353825582,110.69923585714912,215.36924262796308,21.844498957622278,43.29465060796465,0.8769377589669756,1,0,120
14,73,-6.224156423510881,-6.224156423510881,-6.224156423510881,110.77199872474037,215.44155209491595,21.867064548881203,43.31664569327385,0.8773832717624013,1,0,120
14,74,-6.224216671338451,-6.224216671338451,-6.224216671338451,110.73669203764894,215.41404064160844,21.893453992899826,43.34325358774192,0.8779222174986065,1,0,120
14,75,-6.224264023571803,-6.224264023571803,-6.224264023571803,110.76343411050205,215.44823157108962,21.87098756218783,43.31935998629914,0.8774382500567022,1,0,120
14,76,-6.22429418701284,-6.22429418701284,-6.22429418701284,110.81873721773283,215.50361596295147,21.861773045959918,43.31283410173584,0.8773060675698625,1,0,120
14,77,-6.224317672925606,-6.224317672925606,-6.224317672925606,110.87630196530391,215.56362750001455,21.870155449072655,43.320175320729184,0.8774547647424162,1,0,120
14,78,-6.224320736457807,-6.224320736457807,-6.224320736457807,110.90698687480875,215.59248407947092,21.897327238476915,43.348125660769654,0.8780209018566616,1,0,120
14,79,-6.22431379237516,-6.22431379237516,-6.22431379237516,110.86806288774278,215.55947302124764,21.939169463637448,43.38308261922326,0.8787289587730736,1,0,120
14,80,-6.224367707384551,-6.224367707384551,-6.224367707384551,110.8954607876659,215.58712758415265,21.907133482380527,43.35788685576697,0.8782186159009047,1,0,120
14,81,-6.224276143322355,-6.224276143322355,-6.224276143322355,111.00097769475545,215.68294788190852,21.853493839035107,43.30078096434383,0.877061929988322,1,0,120
14,82,-6.224278644354573,-6.224278644354573,-6.224278644354573,110.93547689652883,215.61893913360905,21.896265344327485,43.34295859664455,0.8779162424225126,1,0,120
14,83,-6.224549373372289,-6.224549373372289,-6.224549373372289,110.77718139383782,215.48760706447564,21.951707223071853,43.409055243893214,0.8792550370518615,1,0,120
14,84,-6.224743136984686,-6.224743136984686,-6.224743136984686,110.54525389092026,215.2742359202654,22.03577267013169,43.50324835545656,0.8811629285581921,1,0,120
14,85,-6.224748866700474,-6.224748866700474,-6.224748866700474,110.45247368759655,215.1874314656166,22.1014918953925,43.5643833443399,0.8824012242689321,1,0,120
14,86,-6.224758225552326,-6.224758225552326,-6.224758225552326,110.35369731050164,215.08742922061532,22.129980342206213,43.59698424794324,0.8830615590434308,1,0,120
14,87,-6.224732836959195,-6.224732836959195,-6.224732836959195,110.35489233946578,215.0839156065491,22.133110280434042,43.60143639111485,0.8831517376775273,1,0,120
14,88,-6.224760262582276,-6.224760262582276,-6.224760262582276,110.36766038222356,215.0998389228214,22.131708205307667,43.600156451120306,0.8831258123566235,1,0,120
14,89,-6.224698875291626,-6.224698875291626,-6.224698875291626,110.2765704104502,215.00169333053407,22.189332632155274,43.65769055497903,0.8842911717576936,1,0,120
14,90,-6.224804378018121,-6.224804378018121,-6.224804378018121,110.41103887749165,215.14819539726057,22.125768913987734,43.59405390916728,0.883002204719441,1,0,120
14,91,-6.224848822176702,-6.224848822176702,-6.224848822176702,110.44951484309992,215.19209904916298,22.100388667233197,43.56868300375198,0.8824883143282396,1,0,120
14,92,-6.224897677159617,-6.224897677159617,-6.224897677159617,110.52343652976994,215.26611353781038,22.080441622242674,43.5536694022715,0.8821842122312962,1,0,120
14,93,-6.224959968454202,-6.224959968454202,-6.224959968454202,110.54133592889856,215.29388042951635,22.119654759425426,43.58969636653249,0.8829139422292929,1,0,120
14,94,-6.224982499969929,-6.224982499969929,-6.224982499969929,110.65343615567161,215.40875974326173,22.092124687911106,43.56023931503117,0.8823172865139424,1,0,120
14,95,-6.224939530461852,-6.224939530461852,-6.224939530461852,110.65683602168802,215.407141803863,22.079726555576933,43.54751625616849,0.8820595796016666,1,0,120
14,96,-6.224978170017746,-6.224978170017746,-6.224978170017746,110.62976920727789,215.38596174153682,22.10977670420119,43.5766094341624,0.8826488650203717,1,0,120
14,97,-6.224997712627026,-6.224997712627026,-6.224997712627026,110.6353382749879,215.39122144975306,22.13870430307483,43.6075281854941,0.8832751276214581,1,0,120
14,98,-6.225040527405242,-6.225040527405242,-6.225040527405242,110.65753370036336,215.41495807931543,22.152256132219065,43.624200105606974,0.8836128191389125,1,0,120
14,99,-6.225032366441629,-6.225032366441629,-6.225032366441629,110.76930666886594,215.52305767328374,22.11104893718645,43.58385167676385,0.8827955574155666,1,0,120
14,100,-6.225081556710254,-6.225081556710254,-6.225081556710254,110.6111600121917,215.37206040408324,22.167117594394966,43.6416779333966,0.8839668344021891,1,0,120
14,101,-6.225064177408068,-6.225064177408068,-6.225064177408068,110.65612859079519,215.41404305162789,22.16723560655328,43.6414161835031,0.8839615326302197,1,0,120
14,102,-6.225058526200883,-6.225058526200883,-6.225058526200883,110.62142477087357,215.377822628525,22.16537969871483,43.6412496647209,0.883958159774552,1,0,120
14,103,-6.225115028665024,-6.225115028665024,-6.225115028665024,110.5251907315384,215.292359825537,22.223112845750634,43.696475731564625,0.8850767696400763,1,0,120
14,104,-6.225117284181911,-6.225117284181911,-6.225117284181911,110.43527173464545,215.20260277938132,22.277838582296308,43.7521919264216,0.8862053071007079,1,0,120
14,105,-6.225090310341312,-6.225090310341312,-6.225090310341312,110.40181334898513,215.16789529203055,22.33761042821788,43.809077220966174,0.8873575248000214,1,0,120
14,106,-6.225078332740386,-6.225078332740386,-6.225078332740386,110.40761624562074,215.17027003225937,22.28344000605251,43.75796455712935,0.8863222323504814,1,0,120
14,107,-6.225131294459483,-6.225131294459483,-6.225131294459483,110.41322022806814,215.1793096767006,22.269020000832842,43.74717965078099,0.8861037829237974,1,0,120
14,108,-6.225146687172352,-6.225146687172352,-6.225146687172352,110.40284630033125,215.17165937733347,22.284100421860053,43.76141505233894,0.8863921224984312,1,0,120
14,109,-6.2251268896668055,-6.2251268896668055,-6.2251268896668055,110.3640409086573,215.12841172728008,22.28764992205867,43.76769745059604,0.8865193731442074,1,0,120
14,110,-6.225098363198241,-6.225098363198241,-6.225098363198241,110.3490985148297,215.1143590158958,22.30078250740844,43.7762914113542,0.8866934447346253,1,0,120
14,111,-6.225175777372512,-6.225175777372512,-6.225175777372512,110.46258101224998,215.23467843962607,22.25084847987806,43.72800132522286,0.8857153238971158,1,0,120
14,112,-6.225177809723148,-6.225177809723148,-6.225177809723148,110.5506966839031,215.32495450974534,22.22983846259825,43.70345156901245,0.8852180659705122,1,0,120
14,113,-6.225242224535059,-6.225242224535059,-6.225242224535059,110.58115480411834,215.35675665818843,22.2337307944987,43.71349654918388,0.8854215281136801,1,0,120
14,114,-6.2252777828194725,-6.2252777828194725,-6.2252777828194725,110.6156420399172,215.39082271888145,22.22055182079145,43.70481818364775,0.8852457468954955,1,0,120
14,115,-6.2252318515595855,-6.2252318515595855,-6.2252318515595855,110.5965622796525,215.36524818640822,22.246835086575114,43.73146741527677,0.8857855299202981,1,0,120
14,116,-6.225287805931707,-6.225287805931707,-6.225287805931707,110.6349252320602,215.41150333451228,22.216644240688403,43.700430672082845,0.885156877381476,1,0,120
14,117,-6.225242675731494,-6.225242675731494,-6.225242675731494,110.59790290314086,215.3681239988032,22.21550462322831,43.7007460776092,0.8851632659540032,1,0,120
14,118,-6.225292140454294,-6.225292140454294,-6.225292140454294,110.59065281721874,215.3696667741333,22.24077607399855,43.7231870481458,0.885617810202197,1,0,120
14,119,-6.225261913054557,-6.225261913054557,-6.225261913054557,110.72122429527002,215.497562347687,22.183377560780187,43.66272810178622,0.8843932078047747,1,0,120
14,120,-6.22529715624984,-6.22529715624984,-6.22529715624984,110.60875901763089,215.38990489613707,22.246832674485653,43.72716293302419,0.8856983421738425,1,0,120
14,121,-6.225349406454515,-6.225349406454515,-6.225349406454515,110.59018710076556,215.37647790695706,22.2968588933598,43.778032161733464,0.886728703818948,1,0,120
14,122,-6.225387106218591,-6.225387106218591,-6.225387106218591,110.57187654114587,215.3620309456501,22.346670588994336,43.828079503410294,0.88774241805468,1,0,120
14,123,-6.225396097376523,-6.225396097376523,-6.225396097376523,110.54211119864425,215.33170107361798,22.386670191271044,43.86955280306965,0.8885824641562081,1,0,120
14,124,-6.2254309965386,-6.2254309965386,-6.2254309965386,110.63981420400043,215.43378698301936,22.38060135678697,43.86131596856515,0.8884156261960923,1,0,120
14,125,-6.225339873793627,-6.225339873793627,-6.225339873793627,110.63918954735281,215.42105281992204,22.40160595676159,43.882098084054775,0.8888365701586407,1,0,120
14,126,-6.225421192981828,-6.225421192981828,-6.225421192981828,110.62262833654377,215.41441456818876,22.379097896200385,43.86120138714724,0.8884133053372696,1,0,120
14,127,-6.225436505950287,-6.225436505950287,-6.225436505950287,110.62476041461763,215.42329707300314,22.40498513291654,43.88161344261651,0.8888267536946941,1,0,120
14,128,-6.225443987051398,-6.225443987051398,-6.225443987051398,110.61289695244423,215.41166228127915,22.414890157258455,43.89230944709072,0.8890434024044491,1,0,120
14,129,-6.2253774017630406,-6.2253774017630406,-6.2253774017630406,110.6778719943079,215.47266976900963,22.40216856318495,43.87358992246717,0.88866423643956,1,0,120
14,130,-6.225424189612078,-6.225424189612078,-6.225424189612078,110.56834883436466,215.3670638225261,22.434682505204787,43.910212706147995,0.8894060348233606,1,0,120
14,131,-6.225419947171264,-6.225419947171264,-6.225419947171264,110.67822669712686,215.4708173598193,22.370151832475333,43.85010542969802,0.8881885555374103,1,0,120
14,132,-6.225435057316096,-6.225435057316096,-6.225435057316096,110.57563528321032,215.3732650145395,22.43818534923019,43.91593660729541,0.8895219730506998,1,0,120
14,133,-6.225453926522305,-6.225453926522305,-6.225453926522305,110.56480496781624,215.36310254516775,22.41929892252617,43.89957946618665,0.889190657415498,1,0,120
14,134,-6.225455176419785,-6.225455176419785,-6.225455176419785,110.58521344836419,215.38211689625882,22.436655513694767,43.9175374987692,0.8895543992779973,1,0,120
14,135,-6.225417155043835,-6.225417155043835,-6.225417155043835,110.4900241251647,215.28303381682056,22.481029027207992,43.962159718117455,0.8904582270831856,1,0,120
14,136,-6.2254697108948,-6.2254697108948,-6.2254697108948,110.57307656245263,215.37089344729594,22.4544725336414,43.93618147319829,0.8899320349656514,1,0,120
14,137,-6.225468077264435,-6.225468077264435,-6.225468077264435,110.66920026953582,215.46724329998028,22.43736802972919,43.916623337270295,0.8895358828394784,1,0,120
14,138,-6.2254635511058085,-6.2254635511058085,-6.2254635511058085,110.5560737305827,215.35525416427154,22.4651666982488,43.94487340613062,0.8901080909928911,1,0,120
14,139,-6.225410091352218,-6.225410091352218,-6.225410091352218,110.52375664347969,215.31152501630277,22.450636166104356,43.936008432745716,0.8899285300128557,1,0,120
14,140,-6.225444225928678,-6.225444225928678,-6.225444225928678,110.52795885090491,215.3252065956892,22.479804284173508,43.95927953382594,0.89039988864362,1,0,120
14,141,-6.2255052120426,-6.2255052120426,-6.2255052120426,110.65336200389112,215.4543508711007,22.4217062080513,43.903637502837746,0.8892728533800489,1,0,120
14,142,-6.225468769342987,-6.225468769342987,-6.225468769342987,110.74166710259698,215.54152883025495,22.385317714945007,43.86231957347607,0.8884359543204474,1,0,120
14,143,-6.225500148447825,-6.225500148447825,-6.225500148447825,110.62761577027526,215.42752823420653,22.43598987551615,43.918633244809655,0.8895765937307443,1,0,120
14,144,-6.22552243014291,-6.22552243014291,-6.22552243014291,110.66379893782201,215.46488367053877,22.432675726721275,43.91619703990333,0.8895272481409096,1,0,120
14,145,-6.225502272625875,-6.225502272625875,-6.225502272625875,110.67911162570738,215.47245561650706,22.404227973742277,43.89321174182111,0.889061678480308,1,0,120
14,146,-6.225499308721179,-6.225499308721179,-6.225499308721179,110.62669374750348,215.42539473132666,22.43956352978352,43.92324191045781,0.8896699427442729,1,0,120
14,147,-6.225527184488515,-6.225527184488515,-6.225527184488515,110.63228673774742,215.43512254855904,22.477543452772466,43.95958821926872,0.8904061411001385,1,0,120
14,148,-6.225552103872884,-6.225552103872884,-6.225552103872884,110.64860443152875,215.45368893207828,22.496877509772137,43.978989704654424,0.8907991202528942,1,0,120
14,149,-6.225555731886317,-6.225555731886317,-6.225555731886317,110.57509490573167,215.37943878651157,22.552386358438223,44.03617276638633,0.8919573692582996,1,0,120
14,150,-6.22557238939613,-6.22557238939613,-6.22557238939613,110.62514709991069,215.4321269455384,22.563800227678012,44.04552598398284,0.8921468196768394,1,0,120
14,151,-6.225529885873437,-6.225529885873437,-6.225529885873437,110.66898748393388,215.46956515262684,22.556327808850178,44.03799619851463,0.8919943030702546,1,0,120
14,152,-6.225568428975023,-6.225568428975023,-6.225568428975023,110.66791054305277,215.47409153904897,22.550557775317117,44.03180220067511,0.8918688429843513,1,0,120
14,153,-6.225535902225212,-6.225535902225212,-6.225535902225212,110.60764829787686,215.41087023481631,22.54682099296264,44.02846245497403,0.8918011960794914,1,0,120
14,154,-6.225556770821546,-6.225556770821546,-6.225556770821546,110.57290934747311,215.37811433056584,22.586514039479198,44.06875174826995,0.8926172600060307,1,0,120
14,155,-6.225529948182556,-6.225529948182556,-6.225529948182556,110.66184546213485,215.46686726851715,22.576958471759863,44.0538389945993,0.8923152005922157,1,0,120
14,156,-6.225548687244878,-6.225548687244878,-6.225548687244878,110.60080902255987,215.4081395754095,22.581973441896878,44.0604331159439,0.8924487652223279,1,0,120
14,157,-6.225579180251878,-6.225579180251878,-6.225579180251878,110.63361604471865,215.4386508097303,22.547446930604078,44.032202902863446,0.891876959249851,1,0,120
14,158,-6.225555944157925,-6.225555944157925,-6.225555944157925,110.63352850566552,215.43548609113185,22.547421901797506,44.03224344013212,0.8918777803365452,1,0,120
14,159,-6.225544848571925,-6.225544848571925,-6.225544848571925,110.62302083901068,215.4235920910566,22.549746407407483,44.03472653416433,0.8919280756706185,1,0,120
14,160,-6.225565776244196,-6.225565776244196,-6.225565776244196,110.57473695191734,215.3786118662236,22.566103968019213,44.051318743684924,0.8922641526415369,1,0,120
14,161,-6.225579124049345,-6.225579124049345,-6.225579124049345,110.62577943825579,215.4306063422406,22.55366946804578,44.03866776405135,0.892007905701723,1,0,120
14,162,-6.225574547792445,-6.225574547792445,-6.225574547792445,110.65827598336764,215.46197854009816,22.53701961559854,44.02213817639241,0.8916730971432816,1,0,120
14,163,-6.225580513906318,-6.225580513906318,-6.225580513906318,110.6346642275783,215.4398837510439,22.54858922019659,44.033276777433834,0.8918987106936425,1,0,120
14,164,-6.2255840629791255,-6.2255840629791255,-6.2255840629791255,110.64154360895093,215.44703115761644,22.54598638339547,44.03075566090156,0.891847645209781,1,0,120
14,165,-6.225584910797488,-6.225584910797488,-6.225584910797488,110.64765223241304,215.4536712503842,22.546015893938073,44.030204695573495,0.8918364853483829,1,0,120
14,166,-6.225588517392008,-6.225588517392008,-6.225588517392008,110.65274885209986,215.4590908668126,22.544853100832594,44.0290848657322,0.891813803075685,1,0,120
14,167,-6.225590615487205,-6.225590615487205,-6.225590615487205,110.659336379843,215.46582436998779,22.543461255667378,44.027684504324434,0.8917854386062316,1,0,120
14,168,-6.225592754525332,-6.225592754525332,-6.225592754525332,110.65792895630531,215.46464808220577,22.544559139711126,44.0288368167444,0.8918087788170199,1,0,120
14,169,-6.225592889436041,-6.225592889436041,-6.225592889436041,110.66153947273435,215.4682921140705,22.54051507014099,44.02478798350044,0.8917267692684605,1,0,120
14,170,-6.225594352512129,-6.225594352512129,-6.225594352512129,110.66455647441063,215.47182950021613,22.542269320480646,44.02608786493659,0.8917530985053879,1,0,120
14,171,-6.225594565953005,-6.225594565953005,-6.225594565953005,110.66766940458564,215.47502420793256,22.542686210754724,44.02635901967836,0.8917585907735606,1,0,120
14,172,-6.225596492793717,-6.225596492793717,-6.225596492793717,110.68128785427083,215.48855903990068,22.538069700851054,44.02184220356066,0.8916671021820533,1,0,120
14,173,-6.225597334922583,-6.225597334922583,-6.225597334922583,110.68380201921521,215.4910830573628,22.535504271548326,44.019377525385345,0.8916171798631227,1,0,120
14,174,-6.2255997745460325,-6.2255997745460325,-6.2255997745460325,110.68176697775942,215.48895051097008,22.53715124832507,44.021448651229605,0.8916591307376742,1,0,120
14,175,-6.225601602067739,-6.225601602067739,-6.225601602067739,110.68425392510032,215.49139949921437,22.536660356560507,44.0211809457617,0.891653708334911,1,0,120
14,176,-6.225603026478354,-6.225603026478354,-6.225603026478354,110.684844973,215.492101041993,22.539616831279112,44.02411947233377,0.8917132285035829,1,0,120
14,177,-6.225603695649717,-6.225603695649717,-6.225603695649717,110.69391767280602,215.5010264926815,22.535861544598212,44.02045986210755,0.8916391027087005,1,0,120
14,178,-6.225605025651232,-6.225605025651232,-6.225605025651232,110.6935761396233,215.5007139347874,22.536280744468062,44.021020646485766,0.891650461456005,1,0,120
14,179,-6.22560632632384,-6.22560632632384,-6.22560632632384,110.68727536378874,215.49451028068438,22.54037928642226,44.02524817385938,0.8917360904731915,1,0,120
14,180,-6.225607627466154,-6.225607627466154,-6.225607627466154,110.68972914814589,215.49702931258224,22.540526875024586,44.02543162932978,0.8917398063832824,1,0,120
14,181,-6.225607159671931,-6.225607159671931,-6.225607159671931,110.69164067846265,215.49869532392324,22.54280632959961,44.027786744164786,0.8917875094850864,1,0,120
14,182,-6.22560738281523,-6.22560738281523,-6.22560738281523,110.69342591469626,215.50046897708074,22.53849995438847,44.02358658009891,0.8917024347146125,1,0,120
14,183,-6.22560768345855,-6.22560768345855,-6.22560768345855,110.68015741475068,215.48721676718492,22.542721266633322,44.028066088816686,0.8917931676407611,1,0,120
14,184,-6.225607109622039,-6.225607109622039,-6.225607109622039,110.6832505831614,215.4904089253949,22.540754836267865,44.025896898966785,0.8917492304693315,1,0,120
14,185,-6.225607763481719,-6.225607763481719,-6.225607763481719,110.68001558843528,215.48716328633452,22.544597400025438,44.02981914417023,0.8918286759636485,1,0,120
14,186,-6.225609455720395,-6.225609455720395,-6.225609455720395,110.68030084823523,215.48780567262517,22.545921590669714,44.03096391406839,0.8918518633998542,1,0,120
14,187,-6.22561024265207,-6.22561024265207,-6.22561024265207,110.6796869434886,215.48707765841732,22.547017217578627,44.03226322652496,0.8918781811120395,1,0,120
14,188,-6.225611381744,-6.225611381744,-6.225611381744,110.68563093270089,215.4931141225359,22.5452369282571,44.03042988684534,0.8918410466215771,1,0,120
14,189,-6.225611874243151,-6.225611874243151,-6.225611874243151,110.680987035828,215.48877707904646,22.548904243214714,44.033879682476496,0.8919109225994912,1,0,120
14,190,-6.225612584986894,-6.225612584986894,-6.225612584986894,110.68957695362549,215.49749180834596,22.54557163575239,44.0303775708643,0.8918399869558096,1,0,120
14,191,-6.225613421271962,-6.225613421271962,-6.225613421271962,110.69341439058232,215.50106370562412,22.544527532004857,44.029634737818355,0.8918249407933518,1,0,120
14,192,-6.2256129982748005,-6.2256129982748005,-6.2256129982748005,110.69209900596871,215.49994596135343,22.545649173337562,44.03050889795999,0.8918426470001191,1,0,120
14,193,-6.225612463919242,-6.225612463919242,-6.225612463919242,110.6930099331282,215.50056959165263,22.543915756932435,44.02901487283121,0.8918123853620212,1,0,120
14,194,-6.225614655137243,-6.225614655137243,-6.225614655137243,110.69466456019501,215.50252387512853,22.548891300060067,44.03380224819825,0.8919093541599385,1,0,120
14,195,-6.2256161697897925,-6.2256161697897925,-6.2256161697897925,110.6937017569591,215.50170915220872,22.552153578724493,44.037053015096824,0.8919751987896776,1,0,120
14,196,-6.225616422033958,-6.225616422033958,-6.225616422033958,110.69969166727539,215.50783005293655,22.550528643732573,44.03521590383553,0.8919379879054268,1,0,120
14,197,-6.225616794744739,-6.225616794744739,-6.225616794744739,110.69420476263394,215.502231236915,22.552467085773248,44.03740723880594,0.8919823736286308,1,0,120
14,198,-6.225617868319794,-6.225617868319794,-6.225617868319794,110.69259529730422,215.50076149132965,22.556469667954026,44.041346965261035,0.8920621732075615,1,0,120
14,199,-6.225618942674907,-6.225618942674907,-6.225618942674907,110.70177421590189,215.50990048391213,22.55564275695842,44.04048127685812,0.8920446385967642,1,0,120
14,200,-6.2256192793938805,-6.2256192793938805,-6.2256192793938805,110.70484239195909,215.51274238342148,22.556626898263893,44.04162946971432,0.8920678953653498,1,0,120
14,201,-6.225620408670358,-6.225620408670358,-6.225620408670358,110.7023707092194,215.51070755444516,22.561202549296635,44.04585980360538,0.8921535812288459,1,0,120
14,202,-6.225620816086718,-6.225620816086718,-6.225620816086718,110.70813350987478,215.51665022582887,22.562629235104346,44.046971370290095,0.8921760961304273,1,0,120
14,203,-6.225622344910812,-6.225622344910812,-6.225622344910812,110.7076741697943,215.51605166195492,22.56148770780587,44.0462093843345,0.8921606620237448,1,0,120
14,204,-6.225623036273211,-6.225623036273211,-6.225623036273211,110.71180023971326,215.52037028431852,22.558783117149357,44.04336475969214,0.8921030438486597,1,0,120
14,205,-6.2256240808360115,-6.2256240808360115,-6.2256240808360115,110.70648091446955,215.51511126083446,22.56220799364753,44.046914484546726,0.8921749439036368,1,0,120
14,206,-6.225624612101345,-6.225624612101345,-6.225624612101345,110.70476685353188,215.51325746047436,22.563818209850023,44.04873610593088,0.8922118410387765,1,0,120
14,207,-6.225625343957314,-6.225625343957314,-6.225625343957314,110.71051863261475,215.51882674734412,22.56175573835543,44.04685453633528,0.8921737296462295,1,0,120
14,208,-6.2256257538918955,-6.2256257538918955,-6.2256257538918955,110.70461078151914,215.51291438504336,22.564881903829722,44.05011123296429,0.89223969438329,1,0,120
14,209,-6.225626699197545,-6.225626699197545,-6.225626699197545,110.70465385998551,215.51330304331827,22.568591091614636,44.053499294433756,0.8923083199291844,1,0,120
14,210,-6.2256273097898855,-6.2256273097898855,-6.2256273097898855,110.70497612733813,215.51352438134845,22.5674470506788,44.05255694476351,0.8922892325362528,1,0,120
14,211,-6.225628217377441,-6.225628217377441,-6.225628217377441,110.70979238708271,215.51817787640312,22.567363505644934,44.05263000159783,0.8922907123102124,1,0,120
14,212,-6.225628501841176,-6.225628501841176,-6.225628501841176,110.7181644116856,215.52656081615993,22.564941667810672,44.05007821400351,0.8922390255807229,1,0,120
14,213,-6.225629127900595,-6.225629127900595,-6.225629127900595,110.71612868331391,215.5244976838384,22.56702788229623,44.052271763877215,0.892283456167029,1,0,120
14,214,-6.225629616181986,-6.225629616181986,-6.225629616181986,110.72237608322544,215.53064713625085,22.566189936390064,44.0514532471357,0.8922668770232571,1,0,120
14,215,-6.225630100975344,-6.225630100975344,-6.225630100975344,110.71986276138944,215.52799759678723,22.570524761703354,44.05593940971613,0.8923577447241025,1,0,120
14,216,-6.2256302720657235,-6.2256302720657235,-6.2256302720657235,110.72796057513685,215.53615891066596,22.569592688223008,44.05477787278794,0.8923342176699176,1,0,120
14,217,-6.225630445354408,-6.225630445354408,-6.225630445354408,110.72626057411001,215.5340136317235,22.56919795819393,44.05490593878436,0.8923368116603141,1,0,120
14,218,-6.225630263121518,-6.225630263121518,-6.225630263121518,110.7204060444901,215.52829201521985,22.5741426045243,44.05971791578922,0.8924342787670256,1,0,120
14,219,-6.225629615210893,-6.225629615210893,-6.225629615210893,110.7276037311548,215.53516229145487,22.567312447154848,44.05312142163547,0.8923006660754114,1,0,120
14,220,-6.2256310789732465,-6.2256310789732465,-6.2256310789732465,110.72901979466738,215.53676402707293,22.571013575582924,44.05669242690232,0.8923729971674055,1,0,120
14,221,-6.22563218685677,-6.22563218685677,-6.22563218685677,110.72265347337378,215.5307798362096,22.57527088801096,44.06076682694127,0.8924555245741199,1,0,120
14,222,-6.2256328462519335,-6.2256328462519335,-6.2256328462519335,110.72048642456252,215.5287204299954,22.578422082792148,44.06387010781662,0.8925183818587512,1,0,120
14,223,-6.225632247386152,-6.225632247386152,-6.225632247386152,110.72765202328489,215.5359049572491,22.5769378697364,44.062139888810975,0.8924833360885227,1,0,120
14,224,-6.225632893089835,-6.225632893089835,-6.225632893089835,110.7216846086755,215.52988631736812,22.578144447554603,44.0636066584837,0.8925130456644554,1,0,120
14,225,-6.22563256894769,-6.22563256894769,-6.22563256894769,110.7106767894496,215.51900261311619,22.583928765012857,44.069362011550325,0.8926296209537681,1,0,120
14,226,-6.22563317065281,-6.22563317065281,-6.22563317065281,110.72628590999622,215.5345766997466,22.576877029749827,44.062198553012735,0.8924845243381772,1,0,120
14,227,-6.225633034989879,-6.225633034989879,-6.225633034989879,110.7264540364786,215.53488530146996,22.575120219575663,44.06032542356134,0.8924465839016498,1,0,120
14,228,-6.225632863680599,-6.225632863680599,-6.225632863680599,110.72944461168878,215.53758787636994,22.574076570711842,44.059496355429715,0.8924297910383476,1,0,120
14,229,-6.225633915677955,-6.225633915677955,-6.225633915677955,110.72812446688414,215.5363848169909,22.578793984800555,44.064143887361084,0.892523927292582,1,0,120
14,230,-6.225633687358588,-6.225633687358588,-6.225633687358588,110.7235888156027,215.53159515334983,22.578699076583018,44.0643951243605,0.8925290161247621,1,0,120
14,231,-6.225633880384812,-6.225633880384812,-6.225633880384812,110.73046302043679,215.5385262705997,22.57831274504751,44.06380630330457,0.8925170894915644,1,0,120
14,232,-6.225634321727435,-6.225634321727435,-6.225634321727435,110.73369549268949,215.5422952417268,22.580376668305448,44.06525160607754,0.8925463642531564,1,0,120
14,233,-6.225634565499615,-6.225634565499615,-6.225634565499615,110.7350855851067,215.54357622401437,22.58051318243419,44.065488671667886,0.8925511660419365,1,0,120
14,234,-6.225634432489024,-6.225634432489024,-6.225634432489024,110.7406212832104,215.5491465299954,22.581290721345283,44.06604799557516,0.8925624952072466,1,0,120
14,235,-6.225634224388255,-6.225634224388255,-6.225634224388255,110.74055405789883,215.54888756811906,22.577487975577643,44.062511957322734,0.8924908723758538,1,0,120
14,236,-6.225635224241536,-6.225635224241536,-6.225635224241536,110.73142672921576,215.54005201864643,22.585308008205917,44.07020443515485,0.8926466843335963,1,0,120
14,237,-6.225635101900797,-6.225635101900797,-6.225635101900797,110.7390346862871,215.54761553528132,22.58261563221331,44.06741109671675,0.8925901049660405,1,0,120
14,238,-6.225635093101494,-6.225635093101494,-6.225635093101494,110.73209014509955,215.54066112613037,22.585139901503585,44.070060567117245,0.8926437702711725,1,0,120
14,239,-6.225635245605143,-6.225635245605143,-6.225635245605143,110.72086776379605,215.52966740756557,22.592567874697064,44.07737959985339,0.8927920180587239,1,0,120
14,240,-6.225634471795397,-6.225634471795397,-6.225634471795397,110.7162054753887,215.5253322714437,22.59516641852362,44.07960487600782,0.892837091264225,1,0,120
14,241,-6.22563483075603,-6.22563483075603,-6.22563483075603,110.72548204545811,215.5342551147928,22.591398828329798,44.07609254959641,0.8927659487186972,1,0,120
14,242,-6.2256356836965105,-6.2256356836965105,-6.2256356836965105,110.72218831261716,215.53076336415978,22.59199618050475,44.07706964678631,0.8927857399263401,1,0,120
14,243,-6.225635493009547,-6.225635493009547,-6.225635493009547,110.71781550825813,215.52628502443974,22.594098095527194,44.079312130364514,0.8928311616700422,1,0,120
14,244,-6.2256356337958705,-6.2256356337958705,-6.2256356337958705,110.72201358011205,215.53038942272522,22.59152414851503,44.076807375500486,0.8927804275935136,1,0,120
14,245,-6.225635406667163,-6.225635406667163,-6.225635406667163,110.71698550545875,215.52521157105906,22.593976218983794,44.07944755123606,0.8928339046342177,1,0,120
14,246,-6.225635137113458,-6.225635137113458,-6.225635137113458,110.72051267943783,215.52899223667757,22.591012467542996,44.0761804899993,0.8927677299609236,1,0,120
14,247,-6.225636228843671,-6.225636228843671,-6.225636228843671,110.7326573729698,215.5412090212036,22.590480604723414,44.07541234023357,0.8927521710056103,1,0,120
14,248,-6.225636386174886,-6.225636386174886,-6.225636386174886,110.74100005852341,215.54917365975197,22.588812339707122,44.07396650508338,0.892722885460661,1,0,120
14,249,-6.225636171640002,-6.225636171640002,-6.225636171640002,110.74450031396016,215.55258843636062,22.586671428252547,44.07184735012448,0.8926799617512773,1,0,120
14,250,-6.225635851620771,-6.225635851620771,-6.225635851620771,110.7446748393114,215.55265432724764,22.586098387209553,44.07135191877293,0.8926699267364882,1,0,120
14,251,-6.225636972736503,-6.225636972736503,-6.225636972736503,110.7368628777745,215.54537602498573,22.591617117669426,44.07654303473472,0.8927750733431505,1,0,120
14,252,-6.225637208846494,-6.225637208846494,-6.225637208846494,110.73420666725156,215.543110506842,22.597514357992896,44.0819947075141,0.8928854975559029,1,0,120
14,253,-6.225636440568888,-6.225636440568888,-6.225636440568888,110.73714059928412,215.54616451912213,22.597642178070576,44.081821884891,0.8928819970152664,1,0,120
14,254,-6.225637186870721,-6.225637186870721,-6.225637186870721,110.73054347204862,215.53941666707664,22.598910819471534,44.08347877982488,0.8929155575986123,1,0,120
14,255,-6.225637787779446,-6.225637787779446,-6.225637787779446,110.73183324538705,215.54051768539307,22.59905489516786,44.0838517787746,0.8929231127320634,1,0,120
14,256,-6.225637414524805,-6.225637414524805,-6.225637414524805,110.73780324855885,215.54663615518302,22.596638838734346,44.08114498767013,0.8928682863899677,1,0,120
14,257,-6.225637430846622,-6.225637430846622,-6.225637430846622,110.73423412994016,215.54291750485544,22.597756498885726,44.08247901544441,0.8928953072646104,1,0,120
14,258,-6.225638252863141,-6.225638252863141,-6.225638252863141,110.72678645610281,215.53532188643354,22.602761561642843,44.08780319173928,0.8930031490224906,1,0,120
14,259,-6.2256383853606065,-6.2256383853606065,-6.2256383853606065,110.72533507382732,215.53381275979496,22.605332664510268,44.09041969191209,0.8930561465121494,1,0,120
14,260,-6.22563838908872,-6.22563838908872,-6.22563838908872,110.72405578527413,215.53249537546472,22.60990983186057,44.09494838923221,0.893147875758677,1,0,120
14,261,-6.225639001978882,-6.225639001978882,-6.225639001978882,110.7212594292472,215.52976123577724,22.61109384442374,44.09619231040743,0.8931730715145594,1,0,120
14,262,-6.225639457312833,-6.225639457312833,-6.225639457312833,110.72063362575432,215.52923113765104,22.61301313783482,44.09804086161043,0.8932105141160478,1,0,120
14,263,-6.225638912796037,-6.225638912796037,-6.225638912796037,110.71482751730815,215.523045172957,22.61457193661326,44.100020928189714,0.8932506205754893,1,0,120
14,264,-6.225639234353633,-6.225639234353633,-6.225639234353633,110.72035923258574,215.52895790907473,22.613887694497546,44.0988694654878,0.8932272975758306,1,0,120
14,265,-6.225638924433417,-6.225638924433417,-6.225638924433417,110.70944713535734,215.51826451857548,22.617316703877897,44.102237005959225,0.8932955074667241,1,0,120
14,266,-6.225639546038739,-6.225639546038739,-6.225639546038739,110.72342539795358,215.53186406765013,22.61130185926048,44.09647141593243,0.8931787248266931,1,0,120
14,267,-6.225639490788809,-6.225639490788809,-6.225639490788809,110.7341066731438,215.5422473917538,22.606316520191825,44.091626401306165,0.8930805885394415,1,0,120
14,268,-6.225639519893562,-6.225639519893562,-6.225639519893562,110.72174404322163,215.53010600371323,22.61201121130341,44.097279746135314,0.8931950976410401,1,0,120
14,269,-6.225640057416762,-6.225640057416762,-6.225640057416762,110.73092197044191,215.53954442809027,22.61211836369163,44.0969508946321,0.8931884367188196,1,0,120
14,270,-6.225639996578992,-6.225639996578992,-6.225639996578992,110.73362046047899,215.5419976230876,22.613051381884993,44.0980252904702,0.893210198720944,1,0,120
14,271,-6.225639972875984,-6.225639972875984,-6.225639972875984,110.73140527555168,215.54006434647016,22.612369962053638,44.09713547731892,0.8931921754607994,1,0,120
14,272,-6.225639996571972,-6.225639996571972,-6.225639996571972,110.74125079392667,215.54997385532613,22.60706762978481,44.091652086076564,0.8930811087872015,1,0,120
14,273,-6.225639992914506,-6.225639992914506,-6.225639992914506,110.73266410570766,215.54129006529408,22.612981540744403,44.09773331482648,0.8932042847231849,1,0,120
14,274,-6.22564005213925,-6.22564005213925,-6.22564005213925,110.73053822365628,215.53921007836368,22.612334098853694,44.09712098878933,0.8931918819940894,1,0,120
14,275,-6.225640108667215,-6.225640108667215,-6.225640108667215,110.72953125003033,215.53816490229758,22.612787393490997,44.09763445927236,0.8932022823934083,1,0,120
14,276,-6.225640018739807,-6.225640018739807,-6.225640018739807,110.73011837781448,215.53873919661726,22.61227328548546,44.09711958051931,0.8931918534694303,1,0,120
14,277,-6.225640097704068,-6.225640097704068,-6.225640097704068,110.72901542465812,215.5376636387371,22.61307499544221,44.09791210836097,0.8932079062052678,1,0,120
14,278,-6.225640133524199,-6.225640133524199,-6.225640133524199,110.72978687740297,215.53844017595088,22.612870750101667,44.09769243647017,0.8932034567277243,1,0,120
14,279,-6.225640155737332,-6.225640155737332,-6.225640155737332,110.72943268724666,215.53806985890762,22.612888371417657,44.097737964513534,0.8932043789030915,1,0,120
14,280,-6.2256401647849495,-6.2256401647849495,-6.2256401647849495,110.72959132571712,215.538217534951,22.612695948481946,44.09755857151435,0.8932007452787876,1,0,120
14,281,-6.225640161534205,-6.225640161534205,-6.225640161534205,110.72845812641432,215.5371068555844,22.613259042362653,44.0981137914431,0.8932119913175756,1,0,120
14,282,-6.225640143552143,-6.225640143552143,-6.225640143552143,110.72913520636084,215.53775619559678,22.612931087577792,44.09780201490094,0.8932056762505098,1,0,120
14,283,-6.2256402105383195,-6.2256402105383195,-6.2256402105383195,110.73048156949353,215.5391208555094,22.612328507842964,44.097170174887914,0.8931928782637546,1,0,120
14,284,-6.225640242215132,-6.225640242215132,-6.225640242215132,110.7307816739262,215.5394132953486,22.611988188335815,44.0968426952048,0.8931862451278965,1,0,120
14,285,-6.225640271763061,-6.225640271763061,-6.225640271763061,110.73189941829054,215.540545777459,22.61149332032618,44.09632046015162,0.8931756672012758,1,0,120
14,286,-6.225640293635073,-6.225640293635073,-6.225640293635073,110.73239358258947,215.54104376169136,22.611265885416515,44.09608499352641,0.893170897799705,1,0,120
14,287,-6.225640298412648,-6.225640298412648,-6.225640298412648,110.73293647533066,215.5415567810354,22.61079160373611,44.095639391639196,0.8931618720860226,1,0,120
14,288,-6.225640326311308,-6.225640326311308,-6.225640326311308,110.73312397297559,215.54175057990773,22.61060026461352,44.09544547460907,0.8931579442759252,1,0,120
14,289,-6.225640326858583,-6.225640326858583,-6.225640326858583,110.73262095346652,215.5412699123384,22.610865477799788,44.09569469353846,0.893162992231882,1,0,120
14,290,-6.225640344142154,-6.225640344142154,-6.225640344142154,110.73291307658013,215.54157497839049,22.610855733428725,44.09566678498456,0.8931624269411504,1,0,120
14,291,-6.225640334629195,-6.225640334629195,-6.225640334629195,110.73333870633883,215.54196808041786,22.610485268369818,44.09532615432798,0.893155527430924,1,0,120
14,292,-6.225640327436844,-6.225640327436844,-6.225640327436844,110.73272584345295,215.541401746481,22.610817244966558,44.095618093851044,0.8931614406970554,1,0,120
14,293,-6.22564036413283,-6.22564036413283,-6.22564036413283,110.73351297739875,215.54217542057415,22.610606876395963,44.09541070114401,0.8931572399356871,1,0,120
14,294,-6.225640410014367,-6.225640410014367,-6.225640410014367,110.73446893454843,215.54312785888902,22.610490119461936,44.09528123144614,0.8931546175131679,1,0,120
14,295,-6.225640453316031,-6.225640453316031,-6.225640453316031,110.73458079534609,215.54322346876117,22.61063953880448,44.095445614512926,0.8931579471096927,1,0,120
14,296,-6.225640540052801,-6.225640540052801,-6.225640540052801,110.7361504579258,215.54477536406688,22.610367447559355,44.095168237529556,0.8931523288093537,1,0,120
14,297,-6.225640685134693,-6.225640685134693,-6.225640685134693,110.73803774591661,215.54665646508457,22.611120523263743,44.095876493869646,0.893166674616952,1,0,120
14,298,-6.225640828802239,-6.225640828802239,-6.225640828802239,110.73977296859587,215.54834390929133,22.611099548741652,44.09587659144745,0.8931666765934008,1,0,120
14,299,-6.225640838512673,-6.225640838512673,-6.225640838512673,110.75035650404534,215.55892357787783,22.60816244158509,44.09274216351951,0.8931031884219021,1,0,120
14,300,-6.225640941105793,-6.225640941105793,-6.225640941105793,110.74805116759065,215.55671759910902,22.609665376152705,44.09418031416349,0.8931323183163598,1,0,120
15,1,-4.4997176143167295,-4.4997176143167295,-4.4997176143167295,136.22994345783002,-100.80585805806149,27.695135214973366,-20.651537834608725,-0.4960666564834969,1,0,120
15,2,-4.464669055804691,-4.464669055804691,-4.464669055804691,142.99751822505846,-102.1141013337585,25.055650434499125,-18.72678999854999,-0.4498326553522396,1,0,120
15,3,-4.044862732569062,-4.044862732569062,-4.044862732569062,120.83153322354664,-74.52874125611164,31.465969711029654,-18.727342553030308,-0.44984592815815705,1,0,120
15,4,-4.10593644972672,-4.10593644972672,-4.10593644972672,127.01722987018587,-81.55976625796413,27.113908683298266,-15.165061458211907,-0.3642770525464094,1,0,120
15,5,-3.4749030415361393,-3.4749030415361393,-3.4749030415361393,126.06317318304018,-56.57966291277103,25.87281781675936,-13.468369280092315,-0.3235211329329568,1,0,120
15,6,-4.890977411738083,-4.890977411738083,-4.890977411738083,115.61591876961654,-114.17627426783805,25.082767774763308,-22.66190032924872,-0.5443571910200877,1,0,120
15,7,-4.840173081039843,-4.840173081039843,-4.840173081039843,118.7338567638628,-113.1904184412415,26.24188352367089,-22.22805003397987,-0.533935755720111,1,0,120
15,8,-4.668926585153176,-4.668926585153176,-4.668926585153176,118.5147868782114,-102.24198580030082,23.755920349522906,-20.89889944789546,-0.5020084826771799,1,0,120
15,9,-4.655540422560538,-4.655540422560538,-4.655540422560538,125.35858394187255,-109.30484235222518,28.709362221231046,-17.985045680790826,-0.4320153563877147,1,0,120
15,10,-4.682450100213065,-4.682450100213065,-4.682450100213065,111.85920883736412,-99.34937160561114,26.031144489849193,-22.703517032917794,-0.5453568579314974,1,0,120
15,11,-4.8550337851227425,-4.8550337851227425,-4.8550337851227425,119.68152168286434,-114.3268267157004,23.69036399104124,-21.34484921258463,-0.5127205570273151,1,0,120
15,12,-4.74818422081707,-4.74818422081707,-4.74818422081707,114.25530344920885,-106.33737040729908,24.292355980530097,-20.093957621038218,-0.48267312838488996,1,0,120
15,13,-4.8060748038776335,-4.8060748038776335,-4.8060748038776335,114.09940517376738,-108.83786048133763,25.051339704887685,-21.58948373873981,-0.5185968763804847,1,0,120
15,14,-4.97270572127501,-4.97270572127501,-4.97270572127501,114.15517955550888,-117.60394476128715,24.907292051693606,-24.110558697414657,-0.5791551377317656,1,0,120
15,15,-5.004895265127696,-5.004895265127696,-5.004895265127696,112.92396045799123,-118.69305956576616,24.60079264647116,-24.52231231550944,-0.5890457929584654,1,0,120
15,16,-5.017242342832259,-5.017242342832259,-5.017242342832259,111.42129913442422,-118.48084038334332,24.53576930567477,-24.797726106966163,-0.5956614551804051,1,0,120
15,17,-5.047389007279629,-5.047389007279629,-5.047389007279629,112.68830406403075,-120.93198479543368,24.852625333852917,-25.367425059932767,-0.609346085209588,1,0,120
15,18,-5.077865897696439,-5.077865897696439,-5.077865897696439,113.66109795916466,-123.12430200128654,24.651168426212642,-25.83750038197207,-0.6206376749772349,1,0,120
15,19,-5.0617356797959925,-5.0617356797959925,-5.0617356797959925,114.0939760614917,-122.2785972152542,24.80093025003801,-25.797546885808504,-0.6196779596564963,1,0,120
15,20,-5.079003335814434,-5.079003335814434,-5.079003335814434,114.45719179064335,-123.62649718473293,24.55673714602163,-25.79762738766842,-0.6196798933763388,1,0,120
15,21,-5.125831895968261,-5.125831895968261,-5.125831895968261,115.77009460626707,-127.22594569740863,24.372678218406698,-26.357924338097323,-0.6331386796935192,1,0,120
15,22,-5.1696929585704146,-5.1696929585704146,-5.1696929585704146,116.01638013427954,-129.9951514060087,24.375037891176618,-27.133304541243227,-0.6517639398537329,1,0,120
15,23,-5.205396835029433,-5.205396835029433,-5.205396835029433,117.59863334356268,-133.12814004120628,24.263300367674876,-27.666104092722485,-0.6645622163886304,1,0,120
15,24,-5.241789373829929,-5.241789373829929,-5.241789373829929,116.3133325842904,-134.62403619575986,23.968227478897756,-28.208202451586722,-0.6775838578044242,1,0,120
15,25,-5.281309546194697,-5.281309546194697,-5.281309546194697,116.38707585272833,-137.17755274517688,23.87272127509385,-28.891381957742094,-0.6939943825852275,1,0,120
15,26,-5.308703935196235,-5.308703935196235,-5.308703935196235,116.67365664083096,-139.0106432156366,23.73406393836194,-29.43737544089595,-0.7071095880396131,1,0,120
15,27,-5.344529495645563,-5.344529495645563,-5.344529495645563,117.50550192653658,-141.9032456768678,23.52413363735139,-29.968712884524347,-0.7198727435603371,1,0,120
15,28,-5.36668292406491,-5.36668292406491,-5.36668292406491,115.94591629241778,-142.493419833506,23.694865689313428,-30.435060948026706,-0.731074801560661,1,0,120
15,29,-5.378290002906309,-5.378290002906309,-5.378290002906309,114.65568167016352,-142.39124885494022,23.565545069597732,-30.657397608374136,-0.7364155081267076,1,0,120
15,30,-5.393411318381801,-5.393411318381801,-5.393411318381801,114.38829199031144,-143.18611327643424,23.451867174735103,-30.935334706397526,-0.7430917822150291,1,0,120
15,31,-5.4104596788199055,-5.4104596788199055,-5.4104596788199055,113.89893046301191,-144.1608394812267,23.66896291098002,-31.27767242858784,-0.7513150114290071,1,0,120
15,32,-5.422286984427791,-5.422286984427791,-5.422286984427791,115.72023017615855,-146.168075605816,23.690974564201934,-31.48940476502466,-0.7564009935503788,1,0,120
15,33,-5.42523262818185,-5.42523262818185,-5.42523262818185,116.2314898215715,-146.66624071599347,23.654134341599065,-31.555564862862497,-0.7579902126579281,1,0,120
15,34,-5.442450669169675,-5.442450669169675,-5.442450669169675,116.36107473232522,-147.79324258993674,23.45490357469194,-31.924746181628073,-0.7668582467918944,1,0,120
15,35,-5.438532891337323,-5.438532891337323,-5.438532891337323,115.4120979553388,-146.82629080538396,23.60802281099953,-32.02877396717172,-0.7693570784125372,1,0,120
15,36,-5.415474743983925,-5.415474743983925,-5.415474743983925,115.59733127941531,-145.37891832230002,23.6537978484636,-31.572790829528007,-0.7584039943218841,1,0,120
15,37,-5.496745248575867,-5.496745248575867,-5.496745248575867,117.20199317141225,-152.33451565173416,23.186531009347526,-32.706868857542986,-0.7856454666061417,1,0,120
15,38,-5.566415302387431,-5.566415302387431,-5.566415302387431,121.022025161165,-160.2131968524598,22.845446029142153,-33.747184741038296,-0.8106346962773261,1,0,120
15,39,-5.636320936881553,-5.636320936881553,-5.636320936881553,120.3020732262635,-165.5295815875333,23.035498696439692,-34.959885875184135,-0.8397647592173032,1,0,120
15,40,-5.6715465976615596,-5.6715465976615596,-5.6715465976615596,121.06285387972278,-169.1084696394048,23.57855676875948,-35.869421155449245,-0.8616125329302501,1,0,120
15,41,-5.688974008682353,-5.688974008682353,-5.688974008682353,122.94971211622335,-172.33359380762892,23.979041777194247,-36.06673867626266,-0.8663522595113615,1,0,120
15,42,-5.670987158805079,-5.670987158805079,-5.670987158805079,124.87290580776438,-172.2006680217074,23.8428505783228,-35.586013487935595,-0.8548048513342734,1,0,120
15,43,-5.687938906001291,-5.687938906001291,-5.687938906001291,122.04528367278238,-171.49157800899457,23.82772402424618,-36.05123983847002,-0.8659799648810658,1,0,120
15,44,-5.692288094440464,-5.692288094440464,-5.692288094440464,122.1888593942898,-172.11655289083376,24.163819846225625,-36.21976925037801,-0.8700281777819096,1,0,120
15,45,-5.691710641382612,-5.691710641382612,-5.691710641382612,123.07870744349167,-172.65676860280115,24.04779969416511,-36.169305757910045,-0.8688160038419567,1,0,120
15,46,-5.697445378019907,-5.697445378019907,-5.697445378019907,121.68204401460305,-172.13445277703303,24.215059249431455,-36.41443542602058,-0.874704216905718,1,0,120
15,47,-5.7220162867433855,-5.7220162867433855,-5.7220162867433855,120.19661930449594,-173.0972041097969,24.10199587729886,-36.86983837211889,-0.8856433643257775,1,0,120
15,48,-5.734327524918366,-5.734327524918366,-5.734327524918366,118.36636535327602,-172.76909633632735,24.24452721002084,-37.25530224916641,-0.894902518690625,1,0,120
15,49,-5.746387278062146,-5.746387278062146,-5.746387278062146,117.8175471485027,-173.4037170782022,24.50561407356315,-37.677667206915025,-0.9050480668858313,1,0,120
15,50,-5.745771579684385,-5.745771579684385,-5.745771579684385,117.13328819021379,-172.7556265052662,24.375879752087705,-37.656484893725654,-0.9045392505756567,1,0,120
15,51,-5.741365745726595,-5.741365745726595,-5.741365745726595,117.81353941392827,-172.9903615621343,24.520204823602146,-37.569539571944425,-0.9024507535630701,1,0,120
15,52,-5.750432651816487,-5.750432651816487,-5.750432651816487,117.83431794620569,-173.80813559035022,24.550202643930223,-37.746220991724684,-0.9066947842921652,1,0,120
15,53,-5.748629039889317,-5.748629039889317,-5.748629039889317,116.9932192209392,-173.02003206097717,24.910028295865885,-37.98611264334849,-0.9124571759596709,1,0,120
15,54,-5.7520167128179,-5.7520167128179,-5.7520167128179,118.42932274631721,-174.4801216488192,24.610723822114608,-37.7286739524404,-0.9062732902039937,1,0,120
15,55,-5.752218738263135,-5.752218738263135,-5.752218738263135,117.56523921413073,-173.7169152022838,24.660545775503127,-37.908390313392715,-0.9105902226768672,1,0,120
15,56,-5.762132696018341,-5.762132696018341,-5.762132696018341,119.44546390587627,-176.11954319337315,24.959036727317553,-38.18016587873818,-0.9171184917624218,1,0,120
15,57,-5.771279125407172,-5.771279125407172,-5.771279125407172,119.53245363649239,-177.03098288257533,25.116986392555585,-38.43351281013766,-0.9232040901423679,1,0,120
15,58,-5.771220949515158,-5.771220949515158,-5.771220949515158,119.98617506529487,-177.39236223804625,25.245478033657196,-38.499039678508346,-0.9247780985655085,1,0,120
15,59,-5.772326104639731,-5.772326104639731,-5.772326104639731,119.8869164149014,-177.41388144089197,25.186404858412047,-38.479070420862634,-0.9242984208314773,1,0,120
15,60,-5.7774766718544495,-5.7774766718544495,-5.7774766718544495,121.766643470373,-179.38649691140702,25.266928964223503,-38.520599397124336,-0.9252959804595453,1,0,120
15,61,-5.7718492685016995,-5.7718492685016995,-5.7718492685016995,122.81205536340264,-179.797426999862,25.616464189589884,-38.525739563321196,-0.9254194514126273,1,0,120
15,62,-5.775481362553236,-5.775481362553236,-5.775481362553236,121.51731181327911,-179.029553178531,25.270715719325988,-38.47840942829525,-0.9242825432549264,1,0,120
15,63,-5.783074251679567,-5.783074251679567,-5.783074251679567,120.43470437113943,-178.70954694806272,25.12330248622966,-38.70903959279018,-0.9298224665042986,1,0,120
15,64,-5.781227854006966,-5.781227854006966,-5.781227854006966,121.67242852511578,-179.47203259873805,25.194012807571838,-38.72003800810952,-0.9300866573436335,1,0,120
15,65,-5.778618503979704,-5.778618503979704,-5.778618503979704,120.68757155950371,-178.46785943578925,24.945463316220597,-38.52278750255241,-0.9253485405232283,1,0,120
15,66,-5.787392288731893,-5.787392288731893,-5.787392288731893,119.2817439542552,-178.09572231214133,25.34845820968152,-39.09724785189077,-0.9391475431476748,1,0,120
15,67,-5.7920318601462535,-5.7920318601462535,-5.7920318601462535,118.68769014743657,-178.12178296809196,25.302431151230596,-39.093354135788225,-0.9390540129348763,1,0,120
15,68,-5.795119175253794,-5.795119175253794,-5.795119175253794,118.23294192176502,-178.03102483304707,25.343972452585177,-39.20730125241418,-0.9417911149179474,1,0,120
15,69,-5.788425826998531,-5.788425826998531,-5.788425826998531,115.98585461979894,-175.62730478243978,25.475840887844388,-39.284428756813625,-0.9436437800093688,1,0,120
15,70,-5.794297506234391,-5.794297506234391,-5.794297506234391,118.26158848473887,-177.96513601132642,25.306838427578533,-39.17754099046664,-0.9410762493346372,1,0,120
15,71,-5.79524253570801,-5.79524253570801,-5.79524253570801,118.81503391306713,-178.4774931003182,25.313511536148265,-39.191179656797296,-0.9414038611405824,1,0,120
15,72,-5.800967476083513,-5.800967476083513,-5.800967476083513,120.00405021298087,-179.9912241900778,25.603996350114944,-39.418953956408174,-0.9468751842035789,1,0,120
15,73,-5.801569437178068,-5.801569437178068,-5.801569437178068,119.73425328942429,-179.81632128910854,25.28376512968483,-39.21477642252191,-0.9419706745551852,1,0,120
15,74,-5.799292325642158,-5.799292325642158,-5.799292325642158,119.98098423061407,-179.7672105934488,25.327603969519647,-39.233724704488274,-0.9424258276269051,1,0,120
15,75,-5.800730783001529,-5.800730783001529,-5.800730783001529,118.82505809686032,-178.9972545731154,25.27425865739237,-39.24741529083062,-0.9427546865935609,1,0,120
15,76,-5.798027931871212,-5.798027931871212,-5.798027931871212,120.6195201435072,-180.29032674750277,25.29519316519302,-39.02819574279919,-0.9374888555886888,1,0,120
15,77,-5.803460258414527,-5.803460258414527,-5.803460258414527,120.12692224416347,-180.33563282377548,25.242665935714054,-39.168227875865746,-0.9408525407828329,1,0,120
15,78,-5.8012731330006195,-5.8012731330006195,-5.8012731330006195,122.31591410617527,-181.8415761113405,25.358186149093044,-39.15351226290889,-0.9404990598471236,1,0,120
15,79,-5.805195905938979,-5.805195905938979,-5.805195905938979,119.54043630660345,-180.02004773312137,25.273602597032855,-39.25418867266606,-0.9429173887083916,1,0,120
15,80,-5.808735726105692,-5.808735726105692,-5.808735726105692,118.46463077713027,-179.51621753800637,25.482951189643025,-39.48832518886119,-0.9485415373640412,1,0,120
15,81,-5.803632171660823,-5.803632171660823,-5.803632171660823,117.79989027790691,-178.5357909625024,25.327980856628745,-39.287752867216525,-0.9437236278321584,1,0,120
15,82,-5.804141980780092,-5.804141980780092,-5.804141980780092,117.45463790455726,-178.32543892832604,25.418876658815325,-39.35995058328351,-0.9454578754171046,1,0,120
15,83,-5.80941458899117,-5.80941458899117,-5.80941458899117,118.8597409564403,-179.94080675848159,25.557702362870536,-39.49534358514574,-0.9487101249242818,1,0,120
15,84,-5.810871512496477,-5.810871512496477,-5.810871512496477,119.28744888145454,-180.41386021562425,25.622270102177524,-39.55614929473318,-0.9501707272916076,1,0,120
15,85,-5.81156708659496,-5.81156708659496,-5.81156708659496,119.47965980813359,-180.63517903894615,25.640132515481188,-39.57078772609583,-0.9505223542629445,1,0,120
15,86,-5.812188063707798,-5.812188063707798,-5.812188063707798,119.64490120824121,-180.83400888207208,25.68354912067641,-39.598641896486335,-0.9511914339840479,1,0,120
15,87,-5.81356737659074,-5.81356737659074,-5.81356737659074,119.27879831634849,-180.65326015119925,25.68818471817666,-39.65697106689863,-0.9525925478755951,1,0,120
15,88,-5.813935595261981,-5.813935595261981,-5.813935595261981,119.04457571883142,-180.4904608997087,25.692129667404675,-39.6852538741021,-0.9532719237999335,1,0,120
15,89,-5.814466313922965,-5.814466313922965,-5.814466313922965,119.01122639766112,-180.50767362749272,25.71197771493271,-39.71620244108837,-0.9540153334322228,1,0,120
15,90,-5.8149104510549385,-5.8149104510549385,-5.8149104510549385,118.891244107037,-180.45213652514926,25.723320181633987,-39.7379578192366,-0.9545379152266129,1,0,120
15,91,-5.815193992174845,-5.815193992174845,-5.815193992174845,118.98614124908767,-180.5539178611058,25.72260567630143,-39.73909489088355,-0.9545652286080473,1,0,120
15,92,-5.8153820258218945,-5.8153820258218945,-5.8153820258218945,119.01270817695024,-180.58852354362978,25.765592145302964,-39.778141310261496,-0.9555031552101045,1,0,120
15,93,-5.8158842937475,-5.8158842937475,-5.8158842937475,119.10372796453946,-180.70335165555247,25.760877050407153,-39.78435048210285,-0.9556523045441416,1,0,120
15,94,-5.816453506664437,-5.816453506664437,-5.816453506664437,119.17021296618749,-180.80818261704314,25.772308463626644,-39.80158498683009,-0.956066291299252,1,0,120
15,95,-5.817588192270676,-5.817588192270676,-5.817588192270676,119.1777672594963,-180.9172833654136,25.780611849869803,-39.82975572299535,-0.9567429751865295,1,0,120
15,96,-5.818636542724471,-5.818636542724471,-5.818636542724471,119.51856270665417,-181.28316140386022,25.80231004450565,-39.855598617929225,-0.9573637424430103,1,0,120
15,97,-5.820461144511417,-5.820461144511417,-5.820461144511417,119.44777329602874,-181.39086504542507,25.89821308928863,-39.96885678598193,-0.9600842953236387,1,0,120
15,98,-5.821936755750787,-5.821936755750787,-5.821936755750787,119.07618487580092,-181.22929551168124,25.860695827976933,-39.981826550284765,-0.9603958395613906,1,0,120
15,99,-5.823069814160242,-5.823069814160242,-5.823069814160242,119.42613881339416,-181.61139641952047,25.84300827798205,-39.97864433417599,-0.9603194001544113,1,0,120
15,100,-5.823737391886747,-5.823737391886747,-5.823737391886747,119.43124009834935,-181.6704666165631,25.92732756774978,-40.06176303346026,-0.9623159785969186,1,0,120
15,101,-5.82542384648636,-5.82542384648636,-5.82542384648636,119.14826466307215,-181.62360022995708,25.851776016112826,-40.02182796132343,-0.9613567058362168,1,0,120
15,102,-5.826454545724105,-5.826454545724105,-5.826454545724105,119.48257234341729,-182.00864800722263,25.87172090113353,-40.021762063029975,-0.9613551229058623,1,0,120
15,103,-5.828555712459429,-5.828555712459429,-5.828555712459429,118.99506942820373,-181.78837713878806,25.81235667642017,-40.05691089479994,-0.9621994262984267,1,0,120
15,104,-5.8291966807739515,-5.8291966807739515,-5.8291966807739515,119.31578321742082,-182.10591810940502,25.770459086763918,-40.024018445703774,-0.9614093230442591,1,0,120
15,105,-5.830783757364152,-5.830783757364152,-5.830783757364152,118.75712320835083,-181.80636296732038,25.796147805072483,-40.09121774055463,-0.963023504505305,1,0,120
15,106,-5.832826522305201,-5.832826522305201,-5.832826522305201,117.95325222082502,-181.35176289764993,25.786685759124076,-40.146800004068005,-0.9643586354694822,1,0,120
15,107,-5.834326613007806,-5.834326613007806,-5.834326613007806,117.25211197675301,-180.93321139746257,25.728519331407803,-40.145300160643885,-0.9643226080162915,1,0,120
15,108,-5.833914626838149,-5.833914626838149,-5.833914626838149,117.22281213786968,-180.86618354540224,25.80315224705781,-40.20182935900085,-0.9656804851219681,1,0,120
15,109,-5.83422848925628,-5.83422848925628,-5.83422848925628,117.4231275901127,-181.0609788669244,25.7152481932821,-40.12860011091294,-0.9639214593028405,1,0,120
15,110,-5.835194240327159,-5.835194240327159,-5.835194240327159,116.99194195438255,-180.81174181060038,25.71679373601308,-40.15230188123261,-0.9644907950128191,1,0,120
15,111,-5.836032806690319,-5.836032806690319,-5.836032806690319,116.85632985494213,-180.7712593947109,25.75800362236693,-40.21232332979254,-0.9659325587953943,1,0,120
15,112,-5.836216741182817,-5.836216741182817,-5.836216741182817,116.59970559451564,-180.57649506681344,25.742417868416123,-40.216394446581724,-0.966030350316294,1,0,120
15,113,-5.836111294655773,-5.836111294655773,-5.836111294655773,116.3894949256082,-180.3982775344995,25.739337764879412,-40.21749590331422,-0.9660568081986527,1,0,120
15,114,-5.836114492422206,-5.836114492422206,-5.836114492422206,116.5609793129013,-180.53650494616323,25.748478146550966,-40.219761987732596,-0.9661112413808077,1,0,120
15,115,-5.836602733516801,-5.836602733516801,-5.836602733516801,116.51576709992426,-180.54619051193313,25.74336049369343,-40.22492428132677,-0.9662352438518855,1,0,120
15,116,-5.8371487988266315,-5.8371487988266315,-5.8371487988266315,116.52787982842834,-180.60713276791535,25.743516217399808,-40.233790042736345,-0.966448206617896,1,0,120
15,117,-5.837644154478637,-5.837644154478637,-5.837644154478637,116.58072586660606,-180.69475224504407,25.75798242722437,-40.253124254608764,-0.9669126300383746,1,0,120
15,118,-5.837818493261214,-5.837818493261214,-5.837818493261214,116.50574922501946,-180.64940078076134,25.768345653575604,-40.267577704925635,-0.9672598136152474,1,0,120
15,119,-5.838282969002605,-5.838282969002605,-5.838282969002605,116.59968945883499,-180.76730747643316,25.764471849109466,-40.27091303341538,-0.9673399309055641,1,0,120
15,120,-5.8386534952209646,-5.8386534952209646,-5.8386534952209646,116.47166523196738,-180.70191191214653,25.77182255563152,-40.28354500854305,-0.9676433611738836,1,0,120
15,121,-5.839176351466259,-5.839176351466259,-5.839176351466259,116.43613677452305,-180.72380318508309,25.76126421744325,-40.283621269078274,-0.9676451930136736,1,0,120
15,122,-5.8400292320728635,-5.8400292320728635,-5.8400292320728635,116.39617303041622,-180.77234251051763,25.758126929785362,-40.29583723694449,-0.9679386304508095,1,0,120
15,123,-5.840962782990584,-5.840962782990584,-5.840962782990584,116.22224491032067,-180.72106828467017,25.73059937539583,-40.293551338899896,-0.9678837213293132,1,0,120
15,124,-5.842810992963675,-5.842810992963675,-5.842810992963675,116.20220947397179,-180.87973472297728,25.744569455234874,-40.33449384305875,-0.9688671934227139,1,0,120
15,125,-5.845691381743779,-5.845691381743779,-5.845691381743779,115.86308087390333,-180.87643151192435,25.746524273760418,-40.39335198664986,-0.9702810136782272,1,0,120
15,126,-5.847132452006289,-5.847132452006289,-5.847132452006289,116.38127649473714,-181.4180178298068,25.615877169574624,-40.31404580531055,-0.9683760150030419,1,0,120
15,127,-5.847689716817443,-5.847689716817443,-5.847689716817443,114.67828999397659,-180.1061195871542,25.651918167419645,-40.382040120679285,-0.970009293500507,1,0,120
15,128,-5.848647523681732,-5.848647523681732,-5.848647523681732,114.22162651728698,-179.8215583728052,25.566527249549097,-40.34576244285889,-0.9691378743119956,1,0,120
15,129,-5.849836581865937,-5.849836581865937,-5.849836581865937,114.3556796144483,-180.03802311353635,25.604365760549896,-40.395636631119096,-0.9703358926878285,1,0,120
15,130,-5.851015863754929,-5.851015863754929,-5.851015863754929,114.11665097986018,-179.94966083621605,25.59303983995719,-40.41665820870542,-0.9708408479987003,1,0,120
15,131,-5.851977738100966,-5.851977738100966,-5.851977738100966,113.89417104739543,-179.8565400707404,25.541725718121867,-40.399647138573066,-0.9704322283234322,1,0,120
15,132,-5.85349077159427,-5.85349077159427,-5.85349077159427,113.89177320418656,-179.9930501575568,25.63326268271839,-40.50027272975891,-0.9728493364814788,1,0,120
15,133,-5.854337999610361,-5.854337999610361,-5.854337999610361,114.2074058597991,-180.33490834003905,25.59828387299652,-40.473581457992445,-0.9722081905267066,1,0,120
15,134,-5.851132638876423,-5.851132638876423,-5.851132638876423,114.84995621515215,-180.55786948852563,25.617945823493255,-40.41851165543434,-0.9708853692895187,1,0,120
15,135,-5.854273423936439,-5.854273423936439,-5.854273423936439,114.28634573519172,-180.38979005184183,25.584237397428133,-40.462809007767895,-0.9719494275518702,1,0,120
15,136,-5.855539931771153,-5.855539931771153,-5.855539931771153,113.87344293628459,-180.1761445425908,25.60437249031616,-40.50585420688961,-0.9729834080804385,1,0,120
15,137,-5.85644844350787,-5.85644844350787,-5.85644844350787,113.58126654961512,-180.02459027200536,25.619873477298473,-40.538591085450534,-0.973769774404413,1,0,120
15,138,-5.857455884052488,-5.857455884052488,-5.857455884052488,113.51329695512398,-180.06301307737272,25.69897856994986,-40.62012473863237,-0.975728278756424,1,0,120
15,139,-5.8582897675760774,-5.8582897675760774,-5.8582897675760774,113.26575003437962,-179.9385253824147,25.72723876184278,-40.662692937489545,-0.9767508013524999,1,0,120
15,140,-5.85849338972604,-5.85849338972604,-5.85849338972604,112.50290691916919,-179.34064356775383,25.68562297790637,-40.64364992874309,-0.9762933728668395,1,0,120
15,141,-5.859089561224103,-5.859089561224103,-5.859089561224103,112.26388995087098,-179.20204966755406,25.71440949351538,-40.680379759117564,-0.9771756531257236,1,0,120
15,142,-5.858884818625817,-5.858884818625817,-5.858884818625817,112.24751845633087,-179.17041433082323,25.735324959238525,-40.69312683730491,-0.977481848262714,1,0,120
15,143,-5.859029429241007,-5.859029429241007,-5.859029429241007,112.19595699681649,-179.14258971819163,25.716112070026615,-40.68045166156204,-0.9771773802806458,1,0,120
15,144,-5.859490568644492,-5.859490568644492,-5.859490568644492,112.40991374778373,-179.35630597699503,25.711943180814256,-40.68459501989012,-0.9772769071017904,1,0,120
15,145,-5.859482155024297,-5.859482155024297,-5.859482155024297,112.46363350760758,-179.40020049726542,25.712725540509236,-40.683183827065314,-0.9772430091077591,1,0,120
15,146,-5.859438719780775,-5.859438719780775,-5.859438719780775,112.43261040407751,-179.37046485411017,25.723810913540763,-40.69226148072624,-0.9774610616971765,1,0,120
15,147,-5.85959210990181,-5.85959210990181,-5.85959210990181,112.42851736392947,-179.37858808617315,25.69890197565617,-40.67791570727941,-0.9771164646058883,1,0,120
15,148,-5.860028739124601,-5.860028739124601,-5.860028739124601,112.45140826713299,-179.4357747801684,25.712712396189257,-40.69801544715582,-0.9775992766287279,1,0,120
15,149,-5.860423652025565,-5.860423652025565,-5.860423652025565,112.49192089474317,-179.50418338274483,25.709077939401336,-40.70246039478726,-0.9777060478690797,1,0,120
15,150,-5.860794458956147,-5.860794458956147,-5.860794458956147,112.52289669072152,-179.5617761288644,25.719616136841946,-40.71877593104919,-0.9780979602577361,1,0,120
15,151,-5.861202588097343,-5.861202588097343,-5.861202588097343,112.59892330405381,-179.65747654082125,25.70035322824765,-40.71326080560177,-0.9779654824799213,1,0,120
15,152,-5.8617027086414,-5.8617027086414,-5.8617027086414,112.62024157449542,-179.71752281605973,25.748480266506657,-40.76366252886701,-0.9791761726736218,1,0,120
15,153,-5.861996139571056,-5.861996139571056,-5.861996139571056,112.4477023775075,-179.60744048463812,25.756791695754455,-40.775194270592294,-0.9794531744449624,1,0,120
15,154,-5.862025429576096,-5.862025429576096,-5.862025429576096,112.54638458315387,-179.6886565009927,25.742158711989156,-40.764209554251856,-0.9791893126661901,1,0,120
15,155,-5.862245568740259,-5.862245568740259,-5.862245568740259,112.35685601794634,-179.55462844492618,25.737320548498165,-40.76750757537751,-0.9792685338034205,1,0,120
15,156,-5.862513963157473,-5.862513963157473,-5.862513963157473,112.25166181367709,-179.4929061650198,25.738247161120334,-40.77559480117285,-0.9794627955137422,1,0,120
15,157,-5.862541722609821,-5.862541722609821,-5.862541722609821,112.22380787699566,-179.47235335919197,25.748555513147398,-40.78520055132733,-0.979693533408436,1,0,120
15,158,-5.862864020182645,-5.862864020182645,-5.862864020182645,112.10867232261592,-179.40846213761898,25.755115796244823,-40.79789366359945,-0.9799984322404567,1,0,120
15,159,-5.8629925802144385,-5.8629925802144385,-5.8629925802144385,112.21691768217376,-179.5053671249963,25.75497758294915,-40.80147103970142,-0.9800843637103596,1,0,120
15,160,-5.863124526488775,-5.863124526488775,-5.863124526488775,112.11086041472676,-179.4311932392608,25.76807336431133,-40.81594413632934,-0.9804320192075278,1,0,120
15,161,-5.863428105244544,-5.863428105244544,-5.863428105244544,111.91813359787469,-179.30296496150208,25.779233982664508,-40.83251985311511,-0.9808301813429864,1,0,120
15,162,-5.8636663673174745,-5.8636663673174745,-5.8636663673174745,111.73264845090765,-179.1740546393185,25.76590530213478,-40.82865946290449,-0.9807374516450897,1,0,120
15,163,-5.863908739046232,-5.863908739046232,-5.863908739046232,111.55124148053008,-179.04865428328742,25.776681301823768,-40.844155831494284,-0.9811096869631344,1,0,120
15,164,-5.86425755373816,-5.86425755373816,-5.86425755373816,111.74710181533752,-179.23695596457088,25.77417810814205,-40.848985034082204,-0.9812256883186002,1,0,120
15,165,-5.864335961507179,-5.864335961507179,-5.864335961507179,111.61389246426958,-179.13610953236065,25.768645150863325,-40.84740746645291,-0.9811877938670824,1,0,120
15,166,-5.864535280271415,-5.864535280271415,-5.864535280271415,111.5597997598866,-179.10885884533076,25.76834872336417,-40.85302877130478,-0.9813228221601459,1,0,120
15,167,-5.864756359523894,-5.864756359523894,-5.864756359523894,111.48006732762593,-179.0640142963141,25.790102491779564,-40.875746204630474,-0.9818685132986954,1,0,120
15,168,-5.864994085142048,-5.864994085142048,-5.864994085142048,111.3678591506636,-178.99362646812523,25.77853275274325,-40.873083125036565,-0.9818045439710511,1,0,120
15,169,-5.865025826679572,-5.865025826679572,-5.865025826679572,111.28318609802261,-178.92941083517607,25.793739064955286,-40.88509738083555,-0.9820931361210437,1,0,120
15,170,-5.86519831909585,-5.86519831909585,-5.86519831909585,111.21935626410615,-178.89155863374222,25.79930900389047,-40.89518722548879,-0.9823355023574786,1,0,120
15,171,-5.86528059932842,-5.86528059932842,-5.86528059932842,111.1368547146557,-178.83012684046548,25.790053978347828,-40.89205418239562,-0.9822602441261403,1,0,120
15,172,-5.865385857994712,-5.865385857994712,-5.865385857994712,111.32696813914013,-178.99349711926135,25.78824430043962,-40.891286547044636,-0.9822418049035986,1,0,120
15,173,-5.865621871557788,-5.865621871557788,-5.865621871557788,111.3071650406258,-178.99765779566386,25.788809837262612,-40.89764777979211,-0.982394606863696,1,0,120
15,174,-5.865954713043173,-5.865954713043173,-5.865954713043173,111.29654227557594,-179.0182186205488,25.81787384353899,-40.928476533324314,-0.983135138479828,1,0,120
15,175,-5.866065431351715,-5.866065431351715,-5.866065431351715,111.23849925145956,-178.9821131235716,25.823967235654738,-40.93508569710965,-0.9832938959441583,1,0,120
15,176,-5.866195013343134,-5.866195013343134,-5.866195013343134,111.22370163590173,-178.97721686934597,25.771623538376282,-40.90035674500722,-0.9824596784011066,1,0,120
15,177,-5.866221486111764,-5.866221486111764,-5.866221486111764,111.2420813771709,-178.99745542836803,25.811993209125472,-40.93017057937853,-0.9831758308374032,1,0,120
15,178,-5.866299462714887,-5.866299462714887,-5.866299462714887,111.22823515782198,-178.9923219125154,25.803565074944828,-40.92600586406339,-0.9830757910041409,1,0,120
15,179,-5.866572302626512,-5.866572302626512,-5.866572302626512,111.03803536323787,-178.85994004721076,25.808488911873788,-40.939648464371345,-0.9834034973074054,1,0,120
15,180,-5.866700373535079,-5.866700373535079,-5.866700373535079,110.97268664729705,-178.81563617019034,25.808076946206775,-40.94520641933387,-0.9835370038848442,1,0,120
15,181,-5.866805653400281,-5.866805653400281,-5.866805653400281,110.95472859786683,-178.8083250272095,25.81256634071143,-40.95326541968392,-0.983730587597121,1,0,120
15,182,-5.866775856093291,-5.866775856093291,-5.866775856093291,110.89901490702806,-178.760665505531,25.822809824311175,-40.961116908468,-0.9839191867135997,1,0,120
15,183,-5.8668568620223205,-5.8668568620223205,-5.8668568620223205,110.85135515898172,-178.72912529942658,25.81711417784709,-40.9586777844136,-0.9838605969793096,1,0,120
15,184,-5.866983170936841,-5.866983170936841,-5.866983170936841,110.58639717457032,-178.5238475750817,25.813642427072537,-40.961966779451444,-0.983939601302604,1,0,120
15,185,-5.867057525650175,-5.867057525650175,-5.867057525650175,110.52067716005067,-178.4755227434914,25.806098592152583,-40.95949591447944,-0.9838802491257782,1,0,120
15,186,-5.867069862511361,-5.867069862511361,-5.867069862511361,110.39086023255086,-178.3691386330395,25.819102698974607,-40.97320043921814,-0.9842094429039979,1,0,120
15,187,-5.867083691869194,-5.867083691869194,-5.867083691869194,110.33310408404668,-178.32194906083436,25.806865525405364,-40.965543061071536,-0.9840255064821664,1,0,120
15,188,-5.867029635815179,-5.867029635815179,-5.867029635815179,110.3030129673422,-178.2904924143837,25.773917104852586,-40.94029789738276,-0.9834190972140644,1,0,120
15,189,-5.8671251600074426,-5.8671251600074426,-5.8671251600074426,110.33164002520715,-178.3248357726307,25.808008767832323,-40.96694473536097,-0.9840591758332726,1,0,120
15,190,-5.867180986027879,-5.867180986027879,-5.867180986027879,110.28669954726632,-178.29379550835503,25.80702643618598,-40.967116127434224,-0.9840632928096165,1,0,120
15,191,-5.867085114130801,-5.867085114130801,-5.867085114130801,110.13030373178927,-178.1587800829202,25.818963878729775,-40.97522740127896,-0.9842581321735517,1,0,120
15,192,-5.86711336380797,-5.86711336380797,-5.86711336380797,110.31734801279087,-178.31189242325465,25.800789827773503,-40.96126933571355,-0.9839228481394298,1,0,120
15,193,-5.867227396948321,-5.867227396948321,-5.867227396948321,110.13313532525214,-178.174216913172,25.81056176520972,-40.97089075514994,-0.9841539624229595,1,0,120
15,194,-5.867355326103325,-5.867355326103325,-5.867355326103325,110.27975805689076,-178.30536799842002,25.81602703394545,-40.97631630698959,-0.9842842885702048,1,0,120
15,195,-5.867383592974555,-5.867383592974555,-5.867383592974555,110.33098626020197,-178.3504529425387,25.822241061353665,-40.9806026983605,-0.9843872511608253,1,0,120
15,196,-5.867407972461497,-5.867407972461497,-5.867407972461497,110.34079111183851,-178.36023870200168,25.824360595249246,-40.983095027389034,-0.9844471189216644,1,0,120
15,197,-5.867342990647314,-5.867342990647314,-5.867342990647314,110.38648146023775,-178.3930111090044,25.83835244998352,-40.9912591552723,-0.9846432278823912,1,0,120
15,198,-5.867460061588587,-5.867460061588587,-5.867460061588587,110.27464359367869,-178.31001743495165,25.827137951999852,-40.98798149328503,-0.9845644957881456,1,0,120
15,199,-5.867462139217463,-5.867462139217463,-5.867462139217463,110.26394113423984,-178.29886330182458,25.7968678499127,-40.96635179501501,-0.9840449329261696,1,0,120
15,200,-5.867521770911299,-5.867521770911299,-5.867521770911299,110.12774295349058,-178.19268565920538,25.80130749563272,-40.972872232859416,-0.9842015591215739,1,0,120
15,201,-5.867583258534181,-5.867583258534181,-5.867583258534181,109.9934181826593,-178.08979493042304,25.8211267548116,-40.990167132613074,-0.9846169966141095,1,0,120
15,202,-5.867605854703408,-5.867605854703408,-5.867605854703408,110.07577554546083,-178.15803223610163,25.817830579665543,-40.98816254688285,-0.9845688448421306,1,0,120
15,203,-5.867583476425432,-5.867583476425432,-5.867583476425432,110.04222458819333,-178.1288218335156,25.805698648981053,-40.978083409244306,-0.984326735796856,1,0,120
15,204,-5.867613932391769,-5.867613932391769,-5.867613932391769,110.05560672439299,-178.14143666872087,25.811678564422785,-40.98441920619102,-0.9844789267684285,1,0,120
15,205,-5.8676170507360705,-5.8676170507360705,-5.8676170507360705,110.15420770291027,-178.21999030502678,25.819183462713937,-40.99175408665742,-0.9846551165349153,1,0,120
15,206,-5.867584335936269,-5.867584335936269,-5.867584335936269,109.90901892899723,-178.01623478322728,25.82335757631081,-40.99756303731642,-0.9847946522321677,1,0,120
15,207,-5.8676272081666045,-5.8676272081666045,-5.8676272081666045,110.16592887479385,-178.23052025393363,25.82266723154134,-40.99459362216443,-0.9847233244764356,1,0,120
15,208,-5.867667140670546,-5.867667140670546,-5.867667140670546,110.11511261332049,-178.1934745183961,25.839938139802204,-41.00897532496206,-0.9850687846198155,1,0,120
15,209,-5.867648916667794,-5.867648916667794,-5.867648916667794,110.11604655359264,-178.1955203500495,25.87042491913665,-41.030260493509324,-0.9855800715989496,1,0,120
15,210,-5.867649546480831,-5.867649546480831,-5.867649546480831,110.11853654583692,-178.19503726422727,25.845384148114416,-41.0126346353452,-0.9851566842174794,1,0,120
15,211,-5.867624525595541,-5.867624525595541,-5.867624525595541,110.26184966775949,-178.30817700100994,25.829065153218973,-40.999100422893605,-0.9848315814782659,1,0,120
15,212,-5.867651853961452,-5.867651853961452,-5.867651853961452,110.09954787248644,-178.17954392324674,25.845007328143993,-41.01276931431172,-0.9851599193152795,1,0,120
15,213,-5.8676680649299815,-5.8676680649299815,-5.8676680649299815,110.00626650890658,-178.1051172336044,25.836829548196103,-41.007162128519695,-0.9850252301734632,1,0,120
15,214,-5.867579880621065,-5.867579880621065,-5.867579880621065,110.03408134896432,-178.1207342600873,25.847337978163957,-41.012787986019696,-0.9851603678248202,1,0,120
15,215,-5.867620638832347,-5.867620638832347,-5.867620638832347,110.07894139244642,-178.16086637468203,25.84146183237989,-41.00855436392477,-0.9850586727949264,1,0,120
15,216,-5.867713137586578,-5.867713137586578,-5.867713137586578,109.74562712183081,-177.89601255129338,25.843846479844526,-41.01656062852457,-0.9852509897517919,1,0,120
15,217,-5.8676500977738915,-5.8676500977738915,-5.8676500977738915,109.71337030831772,-177.86237127069313,25.840357624874034,-41.014444786709724,-0.985200165518597,1,0,120
15,218,-5.867698539058759,-5.867698539058759,-5.867698539058759,109.79256928341326,-177.932235537182,25.850652786628913,-41.02212425071961,-0.9853846324607433,1,0,120
15,219,-5.867683487659334,-5.867683487659334,-5.867683487659334,109.54029214270489,-177.72724080786531,25.85598364316674,-41.026072405773235,-0.9854794703412156,1,0,120
15,220,-5.867729125245234,-5.867729125245234,-5.867729125245234,109.76079630279881,-177.90959790728948,25.838843423658204,-41.01293187154268,-0.9851638240715596,1,0,120
15,221,-5.867727058929153,-5.867727058929153,-5.867727058929153,109.74358129262747,-177.89533939036556,25.83795410805133,-41.01234922346856,-0.9851498283931578,1,0,120
15,222,-5.867726870005268,-5.867726870005268,-5.867726870005268,109.75685054500354,-177.9063133493195,25.839658294020502,-41.013442183269476,-0.9851760821723412,1,0,120
15,223,-5.867732002958402,-5.867732002958402,-5.867732002958402,109.77010643996297,-177.9174505505839,25.837608822854154,-41.011913023682055,-0.9851393505211763,1,0,120
15,224,-5.86773427195557,-5.86773427195557,-5.86773427195557,109.7667942858857,-177.9147601716705,25.83592389859139,-41.010818015778305,-0.9851130475449047,1,0,120
15,225,-5.867733466501416,-5.867733466501416,-5.867733466501416,109.76981885308373,-177.91696489262858,25.83290511703849,-41.00852979793297,-0.9850580826999168,1,0,120
15,226,-5.867733494578565,-5.867733494578565,-5.867733494578565,109.767009798824,-177.91477019498126,25.83483392763548,-41.01001700768567,-0.9850938066820928,1,0,120
15,227,-5.867736412846306,-5.867736412846306,-5.867736412846306,109.7887303976277,-177.93285700213153,25.835236476826495,-41.01010749221129,-0.9850959801936466,1,0,120
15,228,-5.8677402744983285,-5.8677402744983285,-5.8677402744983285,109.7782566948458,-177.92470876640303,25.83549081610088,-41.010429542828334,-0.9851037161101722,1,0,120
15,229,-5.8677417274694905,-5.8677417274694905,-5.8677417274694905,109.7732624270553,-177.920953466315,25.835778832110194,-41.01054496875793,-0.98510648873444,1,0,120
15,230,-5.867745604974794,-5.867745604974794,-5.867745604974794,109.78283838049084,-177.92895102357016,25.83619839788513,-41.01104027309333,-0.9851183863455318,1,0,120
15,231,-5.867747100899958,-5.867747100899958,-5.867747100899958,109.79788607927843,-177.9412125852366,25.83431536685476,-41.00956857617438,-0.9850830349941804,1,0,120
15,232,-5.867749968568516,-5.867749968568516,-5.867749968568516,109.7988444574279,-177.94219872116946,25.83477914384909,-41.01004426928674,-0.9850944615278191,1,0,120
15,233,-5.867752030674253,-5.867752030674253,-5.867752030674253,109.80757057238272,-177.9494974175059,25.835343484695557,-41.010469956923636,-0.9851046868894572,1,0,120
15,234,-5.867754212049512,-5.867754212049512,-5.867754212049512,109.80311535293487,-177.94597603165278,25.8362472392442,-41.01136368287155,-0.9851261549102092,1,0,120
15,235,-5.867755153026004,-5.867755153026004,-5.867755153026004,109.81045822949383,-177.95199695511246,25.835253515124887,-41.010570313471995,-0.9851070975349887,1,0,120
15,236,-5.867756116110026,-5.867756116110026,-5.867756116110026,109.81785364960743,-177.95813289536414,25.835997168999356,-41.011108861946646,-0.9851200339053121,1,0,120
15,237,-5.867755506473847,-5.867755506473847,-5.867755506473847,109.82204118323124,-177.961748926134,25.83864603053295,-41.01294358799653,-0.9851641055102657,1,0,120
15,238,-5.867756554813044,-5.867756554813044,-5.867756554813044,109.81462522372395,-177.9555016930683,25.836026814664304,-41.01120638195989,-0.9851223764149738,1,0,120
15,239,-5.867759937024639,-5.867759937024639,-5.867759937024639,109.79983592824567,-177.94369904489858,25.83740805531349,-41.01255742792612,-0.9851548296327726,1,0,120
15,240,-5.867762295296647,-5.867762295296647,-5.867762295296647,109.78381084676082,-177.93062743791734,25.83631696794049,-41.01207163232788,-0.9851431604292448,1,0,120
15,241,-5.867765044173518,-5.867765044173518,-5.867765044173518,109.78511667628234,-177.93165794575873,25.83662243104044,-41.01264266681584,-0.9851568771399057,1,0,120
15,242,-5.867767589579401,-5.867767589579401,-5.867767589579401,109.7658539868634,-177.91611348628567,25.838038796878134,-41.01405995887009,-0.9851909216423657,1,0,120
15,243,-5.867770168816553,-5.867770168816553,-5.867770168816553,109.7620059315619,-177.9130542727912,25.837293542496486,-41.01369356268958,-0.9851821205095072,1,0,120
15,244,-5.867771656240916,-5.867771656240916,-5.867771656240916,109.74767352626563,-177.90130135934203,25.837539761377922,-41.014237829721395,-0.9851951942442028,1,0,120
15,245,-5.867772629641191,-5.867772629641191,-5.867772629641191,109.74488661398593,-177.89895071435234,25.836923500619104,-41.01394762513365,-0.9851882232950807,1,0,120
15,246,-5.867774255718959,-5.867774255718959,-5.867774255718959,109.74901511663064,-177.90223798789083,25.8353889526967,-41.01293245168863,-0.9851638380071347,1,0,120
15,247,-5.867776470134621,-5.867776470134621,-5.867776470134621,109.75169433697415,-177.90463113210185,25.8370400231182,-41.01427752134357,-0.9851961476690984,1,0,120
15,248,-5.867776694950352,-5.867776694950352,-5.867776694950352,109.75239985376834,-177.9050467000095,25.836217169872462,-41.013791837047805,-0.9851844811391461,1,0,120
15,249,-5.867778786304827,-5.867778786304827,-5.867778786304827,109.74392149535397,-177.89818227889594,25.836557213635565,-41.014315086153786,-0.985197050006249,1,0,120
15,250,-5.867780557005474,-5.867780557005474,-5.867780557005474,109.74984508448262,-177.90321036796462,25.838410177821828,-41.01575886051804,-0.985231730635233,1,0,120
15,251,-5.867782732155172,-5.867782732155172,-5.867782732155172,109.7363022971754,-177.89243965583552,25.839216364133474,-41.01648523874153,-0.9852491788281741,1,0,120
15,252,-5.8677843984437725,-5.8677843984437725,-5.8677843984437725,109.74142167825046,-177.8966547386862,25.83899551217128,-41.016407245851056,-0.9852473053758087,1,0,120
15,253,-5.867786369846402,-5.867786369846402,-5.867786369846402,109.7306203201712,-177.88799505280025,25.84100954892824,-41.01818842883664,-0.9852900908330138,1,0,120
15,254,-5.867788223569607,-5.867788223569607,-5.867788223569607,109.71828410832576,-177.8779806478811,25.841221904764534,-41.01861736586939,-0.9853003942477708,1,0,120
15,255,-5.867788810850682,-5.867788810850682,-5.867788810850682,109.72421698507716,-177.88299496181685,25.842049717971115,-41.019125721482034,-0.9853126053611072,1,0,120
15,256,-5.867789782226789,-5.867789782226789,-5.867789782226789,109.72358170608553,-177.8825722484665,25.84296541921228,-41.01988115528102,-0.9853307514924926,1,0,120
15,257,-5.867791123884286,-5.867791123884286,-5.867791123884286,109.72658405373973,-177.88489966891052,25.8430425426116,-41.02018681522349,-0.9853380936917464,1,0,120
15,258,-5.867791521338488,-5.867791521338488,-5.867791521338488,109.72328091413621,-177.8823658111,25.844335723471325,-41.021141422874834,-0.9853610241402995,1,0,120
15,259,-5.867792015531254,-5.867792015531254,-5.867792015531254,109.7088704668877,-177.87079105663761,25.84695844932247,-41.02325313382838,-0.985411749146862,1,0,120
15,260,-5.867793060558113,-5.867793060558113,-5.867793060558113,109.6974488632758,-177.8615797143438,25.847531828108835,-41.023819875039806,-0.985425362729545,1,0,120
15,261,-5.867794443483532,-5.867794443483532,-5.867794443483532,109.67924939639607,-177.84670297480295,25.846511818104567,-41.023329077076454,-0.9854135733651577,1,0,120
15,262,-5.867795593851052,-5.867795593851052,-5.867795593851052,109.66351479646136,-177.83378455043524,25.847198214108616,-41.02422184906806,-0.985435018471107,1,0,120
15,263,-5.867796668865085,-5.867796668865085,-5.867796668865085,109.65501128438412,-177.8267644393166,25.84578592592157,-41.0233521382382,-0.9854141273129312,1,0,120
15,264,-5.867797774635172,-5.867797774635172,-5.867797774635172,109.64795484652245,-177.82102220892844,25.846369939610078,-41.02398842979431,-0.9854294115511955,1,0,120
15,265,-5.867797705928521,-5.867797705928521,-5.867797705928521,109.62900638532872,-177.80570349611077,25.84743840625131,-41.02485962285458,-0.9854503383137455,1,0,120
15,266,-5.86779739052175,-5.86779739052175,-5.86779739052175,109.64508573723859,-177.81859064326795,25.846241766846962,-41.02395740688174,-0.9854286663557221,1,0,120
15,267,-5.867797755711223,-5.867797755711223,-5.867797755711223,109.63666505416742,-177.8115950722002,25.84550690840709,-41.02359889871525,-0.9854200546993458,1,0,120
15,268,-5.867797593719602,-5.867797593719602,-5.867797593719602,109.6407573520086,-177.81522107754125,25.8474941990933,-41.02486508735086,-0.9854504695753699,1,0,120
15,269,-5.867798400839262,-5.867798400839262,-5.867798400839262,109.64640309819717,-177.8196843763606,25.84486251017903,-41.022924237735694,-0.9854038487964698,1,0,120
15,270,-5.86779864852056,-5.86779864852056,-5.86779864852056,109.65466069132017,-177.82626603271558,25.84423954799406,-41.02253524360741,-0.9853945048426124,1,0,120
15,271,-5.867799301265725,-5.867799301265725,-5.867799301265725,109.66691050878418,-177.83630668128632,25.84535400999722,-41.02335830587225,-0.9854142754644938,1,0,120
15,272,-5.8678000488579665,-5.8678000488579665,-5.8678000488579665,109.65347084297272,-177.82523296630154,25.845099310860114,-41.0234549747624,-0.9854165975294901,1,0,120
15,273,-5.867800299571593,-5.867800299571593,-5.867800299571593,109.65774740760058,-177.82870912880014,25.843919236723206,-41.022506859891955,-0.9853938230427902,1,0,120
15,274,-5.867800681093854,-5.867800681093854,-5.867800681093854,109.65368972581484,-177.82539647088942,25.84552647699871,-41.02388238037437,-0.9854268641582801,1,0,120
15,275,-5.867800343894033,-5.867800343894033,-5.867800343894033,109.65582392023487,-177.82699702517854,25.844697894742065,-41.023299294159344,-0.9854128579553791,1,0,120
15,276,-5.867800309470121,-5.867800309470121,-5.867800309470121,109.65978719952926,-177.8302586616807,25.8451282005594,-41.02358195682977,-0.985419647741542,1,0,120
15,277,-5.867801150801933,-5.867801150801933,-5.867801150801933,109.65378285035936,-177.82531166423598,25.844886526966924,-41.0235769861298,-0.9854195283413046,1,0,120
15,278,-5.867801390263419,-5.867801390263419,-5.867801390263419,109.64540236095371,-177.81870523678992,25.847809404006295,-41.02580217629433,-0.9854729792103779,1,0,120
15,279,-5.867801264331621,-5.867801264331621,-5.867801264331621,109.65632765312758,-177.8277417074583,25.847983404820713,-41.025715361688256,-0.9854708938532625,1,0,120
15,280,-5.867800856330802,-5.867800856330802,-5.867800856330802,109.64571246858301,-177.81889452421936,25.847152265898902,-41.02527420813017,-0.9854602969876777,1,0,120
15,281,-5.867802003777027,-5.867802003777027,-5.867802003777027,109.62986204221215,-177.80589597208763,25.8481295986031,-41.02638668368283,-0.9854870195510164,1,0,120
15,282,-5.867802007721635,-5.867802007721635,-5.867802007721635,109.63415321365304,-177.80916812260529,25.847704260980755,-41.02623710732318,-0.9854834266057735,1,0,120
15,283,-5.86780188289912,-5.86780188289912,-5.86780188289912,109.60994695849614,-177.7894908082493,25.848347239500495,-41.02686979106318,-0.9854986241813742,1,0,120
15,284,-5.86780196252308,-5.86780196252308,-5.86780196252308,109.63532780634587,-177.81007076182271,25.848395333500154,-41.026836263765254,-0.9854978188285373,1,0,120
15,285,-5.8678014923109565,-5.8678014923109565,-5.8678014923109565,109.63489086761119,-177.80984576256319,25.849781177483198,-41.0277761601019,-0.9855203958994021,1,0,120
15,286,-5.867801713615576,-5.867801713615576,-5.867801713615576,109.63525237356242,-177.81003137507028,25.847738087485755,-41.02625669359447,-0.9854838970838652,1,0,120
15,287,-5.867801765904834,-5.867801765904834,-5.867801765904834,109.62150198627917,-177.7985972544937,25.8462130527907,-41.02535952207827,-0.9854623462977736,1,0,120
15,288,-5.86780193243621,-5.86780193243621,-5.86780193243621,109.63071119835158,-177.80647868718643,25.849248459675806,-41.027385587399266,-0.985511014026911,1,0,120
15,289,-5.867802009767758,-5.867802009767758,-5.867802009767758,109.63494417730116,-177.80977614982467,25.847238942279485,-41.02589230082732,-0.9854751440746174,1,0,120
15,290,-5.867801828326649,-5.867801828326649,-5.867801828326649,109.61950156943688,-177.79720942809774,25.849509879318497,-41.02780123512626,-0.9855209982217858,1,0,120
15,291,-5.867801710095238,-5.867801710095238,-5.867801710095238,109.63111638938517,-177.8065843442306,25.847127021378338,-41.02586951494758,-0.9854745967393407,1,0,120
15,292,-5.867802079100312,-5.867802079100312,-5.867802079100312,109.64787180369163,-177.82048133248048,25.847145291713748,-41.02555940771278,-0.9854671477125247,1,0,120
15,293,-5.867802144405747,-5.867802144405747,-5.867802144405747,109.64816960947851,-177.8208970596287,25.848381918828014,-41.026389999821404,-0.9854870992073493,1,0,120
15,294,-5.867801530580709,-5.867801530580709,-5.867801530580709,109.65873024475248,-177.8294323596359,25.84709972574604,-41.02528044132533,-0.9854604467140711,1,0,120
15,295,-5.867801783515217,-5.867801783515217,-5.867801783515217,109.65298696926385,-177.82492319056269,25.84958055357233,-41.02718269162103,-0.985506140306071,1,0,120
15,296,-5.867802385735667,-5.867802385735667,-5.867802385735667,109.6411440667231,-177.81510660027186,25.847944009968433,-41.02617948483462,-0.985482042466952,1,0,120
15,297,-5.867802090652637,-5.867802090652637,-5.867802090652637,109.63994595391489,-177.81391268306785,25.845692727096004,-41.02455537336525,-0.985443029994718,1,0,120
15,298,-5.867801757149016,-5.867801757149016,-5.867801757149016,109.65232116267407,-177.82416283296314,25.848149543019208,-41.02624685808826,-0.985483660827044,1,0,120
15,299,-5.867803013778241,-5.867803013778241,-5.867803013778241,109.62138567811967,-177.79906929260548,25.84775910692536,-41.0261787639203,-0.9854820251500065,1,0,120
15,300,-5.8678029867223085,-5.8678029867223085,-5.8678029867223085,109.6125308190441,-177.79187328399925,25.847920108985104,-41.02635004388132,-0.9854861394333237,1,0,120
16,1,-4.281558028400051,-4.281558028400051,-4.281558028400051,113.53070875369838,-88.06601643240448,7.024031415311641,-5.32834531852463,-0.05705296628503298,1,0,120
16,2,-4.45734151283696,-4.45734151283696,-4.45734151283696,126.0845735313795,-100.83087939472864,13.272062880575499,-8.807659487459276,-0.0943075325919761,1,0,120
16,3,-5.726131342606553,-5.726131342606553,-5.726131342606553,126.74414209404074,-187.5521491692624,15.762837295946614,-21.537093583878043,-0.2306072524704208,1,0,120
16,4,-6.245944922598254,-6.245944922598254,-6.245944922598254,123.69113943043756,-234.3747391003759,17.89802667385654,-35.89954088936625,-0.3843923720349822,1,0,120
16,5,-6.627841984215747,-6.627841984215747,-6.627841984215747,124.68976740966984,-288.12402794126444,15.995407284297803,-37.96919071536817,-0.4065530344331556,1,0,120
16,6,-5.9122518072147425,-5.9122518072147425,-5.9122518072147425,119.14657028829286,-205.70643123530948,21.83942113397764,-22.546912890432893,-0.2414198375051313,1,0,120
16,7,-5.420036640420678,-5.420036640420678,-5.420036640420678,122.45425256625282,-156.04857334413788,15.06877114970877,-20.20328657307272,-0.2163255867995315,1,0,120
16,8,-6.6654261039107965,-6.6654261039107965,-6.6654261039107965,128.48344939608947,-290.2912280104203,22.158229261922735,-53.54486356824263,-0.5733287002392535,1,0,120
16,9,-6.45911481370359,-6.45911481370359,-6.45911481370359,125.03560928465112,-254.1631053589754,18.00371923632697,-48.04540638951542,-0.5144435630629747,1,0,120
16,10,-6.960401864401029,-6.960401864401029,-6.960401864401029,127.01078617731883,-330.1381928483631,21.375254588709442,-65.34550327221615,-0.6996834049225158,1,0,120
16,11,-7.210152216267381,-7.210152216267381,-7.210152216267381,131.75249667218637,-383.86863249447924,18.52616915948777,-67.06572473324921,-0.7181025822002911,1,0,120
16,12,-7.081856367034762,-7.081856367034762,-7.081856367034762,127.26692073000824,-353.88913254485203,26.506548463151898,-73.91628213999626,-0.7914545512256476,1,0,120
16,13,-6.987954321741044,-6.987954321741044,-6.987954321741044,128.72141496549057,-338.9775073971734,21.42562318212832,-64.36443521311074,-0.6891786722985119,1,0,120
16,14,-7.232388764656885,-7.232388764656885,-7.232388764656885,130.14707974526823,-388.48035232685845,23.345916160807363,-72.34625563313564,-0.7746435782109841,1,0,120
16,15,-6.755701184200496,-6.755701184200496,-6.755701184200496,119.41209154603604,-293.30841425867436,22.637476151167537,-55.99419599246819,-0.5995547933068988,1,0,120
16,16,-7.161752274294466,-7.161752274294466,-7.161752274294466,124.40418106579679,-364.7435644375002,26.129611244229295,-75.7826408386433,-0.8114384849882537,1,0,120
16,17,-7.304933729656342,-7.304933729656342,-7.304933729656342,138.44178350179007,-417.63091257775244,20.849669837937622,-69.1599774239675,-0.7405266784277807,1,0,120
16,18,-7.403394350955169,-7.403394350955169,-7.403394350955169,136.1520655922411,-434.55388581464746,25.208764573699206,-80.11239628317988,-0.8577991047740565,1,0,120
16,19,-7.227016462745114,-7.227016462745114,-7.227016462745114,127.71985081656337,-387.0389984657397,26.388758445540986,-73.47213659142886,-0.7866988870385001,1,0,120
16,20,-7.356121857611092,-7.356121857611092,-7.356121857611092,141.3702960857908,-433.37679436408837,24.871479922840788,-76.81286319358966,-0.8224695345485169,1,0,120
16,21,-7.167525338301348,-7.167525338301348,-7.167525338301348,124.46331301647291,-370.18179683216624,22.73999505135544,-66.70320589683807,-0.7142209315723658,1,0,120
16,22,-7.211871541524328,-7.211871541524328,-7.211871541524328,135.11712449152992,-395.2390215590595,25.49465480314355,-71.34160717850668,-0.7638863597906644,1,0,120
16,23,-7.334529706528266,-7.334529706528266,-7.334529706528266,144.9706460490096,-434.4740343158338,24.463128196405833,-75.05962927240499,-0.8036968781579168,1,0,120
16,24,-7.358097906865923,-7.358097906865923,-7.358097906865923,128.4907507404438,-413.38897935875605,27.952049227721684,-82.02521913622718,-0.8782805509304715,1,0,120
16,25,-7.369913093105613,-7.369913093105613,-7.369913093105613,126.20873201157825,-409.42763319504326,26.95491007304603,-83.67138370727118,-0.895906768106162,1,0,120
16,26,-7.197713977261421,-7.197713977261421,-7.197713977261421,137.51369950490113,-396.4776212660634,25.181192251427007,-69.80656832208423,-0.7474500151308676,1,0,120
16,27,-7.234765946375078,-7.234765946375078,-7.234765946375078,136.05311424378664,-400.8277633968558,25.411106584819375,-72.37537332104317,-0.7749553542628684,1,0,120
16,28,-7.393777345443643,-7.393777345443643,-7.393777345443643,134.41197242972746,-429.4513259164967,25.90021197375793,-81.07908469934537,-0.86814986815718,1,0,120
16,29,-7.392493873426664,-7.392493873426664,-7.392493873426664,134.509736525044,-429.0807747070755,26.056367042482613,-81.52601167785356,-0.8729353143534035,1,0,120
16,30,-7.4008142427432455,-7.4008142427432455,-7.4008142427432455,135.6157925361913,-433.0800215245748,25.187920410908863,-80.0346466216097,-0.85696660452209,1,0,120
16,31,-7.414026185899702,-7.414026185899702,-7.414026185899702,136.8964413866615,-438.0076884568831,24.83170061013042,-79.99036675297577,-0.856492480248745,1,0,120
16,32,-7.40980275507294,-7.40980275507294,-7.40980275507294,136.41676154064393,-436.40258394056235,24.763710742606076,-79.62680494419737,-0.8525996620511993,1,0,120
16,33,-7.405451902447098,-7.405451902447098,-7.405451902447098,136.48602112267508,-435.62788683110966,25.039605509755226,-79.83115946676254,-0.8547877769328627,1,0,120
16,34,-7.416707833965641,-7.416707833965641,-7.416707833965641,138.42526827432022,-441.0784022776563,24.066064941370264,-78.83707264006142,-0.8441436465663499,1,0,120
16,35,-7.399615837366813,-7.399615837366813,-7.399615837366813,139.24062755539302,-439.0803701057604,23.536819825564674,-76.8644778018415,-0.823022195145451,1,0,120
16,36,-7.406680860684673,-7.406680860684673,-7.406680860684673,138.25458673792016,-438.8452694228671,24.066674542681046,-78.19934378284775,-0.8373151996818902,1,0,120
16,37,-7.429314444225196,-7.429314444225196,-7.429314444225196,137.80004664016323,-442.3064534738429,23.88694578478732,-79.6000096799674,-0.8523127532239136,1,0,120
16,38,-7.438402225112205,-7.438402225112205,-7.438402225112205,139.86417807572582,-447.62122791700403,23.588482781945057,-79.51700660616976,-0.8514240023476393,1,0,120
16,39,-7.436756540231876,-7.436756540231876,-7.436756540231876,139.75858561989867,-446.9142425037599,23.293156462834297,-79.14406816508533,-0.8474307843721434,1,0,120
16,40,-7.435803957602011,-7.435803957602011,-7.435803957602011,139.66009128354784,-446.7625769311161,23.52967797608622,-79.26774372193962,-0.8487550336378505,1,0,120
16,41,-7.450829281964187,-7.450829281964187,-7.450829281964187,139.8159327872001,-449.9789821032599,23.851204274937132,-80.79272443038232,-0.8650836812278678,1,0,120
16,42,-7.454913554189071,-7.454913554189071,-7.454913554189071,140.59971595718346,-452.0137344936154,23.574694429999788,-80.66657382803037,-0.8637329305477643,1,0,120
16,43,-7.446471748609744,-7.446471748609744,-7.446471748609744,142.41904479300138,-453.17621084700346,23.17540195075408,-79.54952664164041,-0.8517722088501054,1,0,120
16,44,-7.447006345723192,-7.447006345723192,-7.447006345723192,140.62110034917325,-450.459106723096,23.46324289309035,-79.97379279899825,-0.8563150155423563,1,0,120
16,45,-7.464854418553398,-7.464854418553398,-7.464854418553398,138.9160612972378,-451.0424014428731,24.01654060690641,-82.26368178168018,-0.8808338766738257,1,0,120
16,46,-7.475418234311944,-7.475418234311944,-7.475418234311944,139.4958348341577,-454.35576591521453,24.361643504868326,-83.29414486595108,-0.8918675038301748,1,0,120
16,47,-7.487193710926123,-7.487193710926123,-7.487193710926123,138.7466180898541,-455.61221085575585,24.928614532071744,-84.91173715873222,-0.9091877848979426,1,0,120
16,48,-7.490370424070537,-7.490370424070537,-7.490370424070537,137.86849433547968,-454.81009017569124,25.481978905189166,-86.03572016144079,-0.921222771469766,1,0,120
16,49,-7.4995759857580495,-7.4995759857580495,-7.4995759857580495,137.5089023277223,-456.14420192660265,25.72461971725035,-87.0022030089084,-0.931571333737292,1,0,120
16,50,-7.499468104784739,-7.499468104784739,-7.499468104784739,136.46603611319563,-454.34113358402067,26.399026241718655,-88.16265134359082,-0.943996770858265,1,0,120
16,51,-7.499632895090988,-7.499632895090988,-7.499632895090988,137.47077848232996,-456.17585142519323,25.821521483820625,-87.08379216148,-0.9324449451293143,1,0,120
16,52,-7.49462824671807,-7.49462824671807,-7.49462824671807,135.648658656262,-451.9010444405144,26.268078758242204,-87.71358824757571,-0.9391884523005826,1,0,120
16,53,-7.497324818190856,-7.497324818190856,-7.497324818190856,136.66931058369516,-454.37278668690897,25.996105760913792,-87.2176827924586,-0.9338785717429173,1,0,120
16,54,-7.502753791820163,-7.502753791820163,-7.502753791820163,138.04797743483607,-457.9456622046492,25.959000302965958,-87.35176454625004,-0.9353142447935932,1,0,120
16,55,-7.507269820097915,-7.507269820097915,-7.507269820097915,139.39226144839,-461.2012390731029,25.7730294249124,-87.25543004341338,-0.9342827483694938,1,0,120
16,56,-7.513270472305575,-7.513270472305575,-7.513270472305575,138.9586425575682,-461.7711203371432,25.8523261326986,-87.74319362788114,-0.9395054502921634,1,0,120
16,57,-7.514870947369855,-7.514870947369855,-7.514870947369855,139.774920905115,-463.4916989517931,25.73464689079591,-87.62687072880519,-0.9382599292077688,1,0,120
16,58,-7.518017542802046,-7.518017542802046,-7.518017542802046,139.02096253382956,-462.9335069016562,25.963283607972127,-88.17612983774389,-0.9441410910977612,1,0,120
16,59,-7.517397428838042,-7.517397428838042,-7.517397428838042,138.0352259670031,-461.20925067819957,26.536102300302687,-89.0396682847612,-0.9533873818237442,1,0,120
16,60,-7.518076821781373,-7.518076821781373,-7.518076821781373,139.09615686606205,-463.0735378211821,25.816240034565546,-87.9324153552174,-0.9415315315959742,1,0,120
16,61,-7.5139291777452915,-7.5139291777452915,-7.5139291777452915,140.59469957673946,-464.6654255430244,25.192646760039594,-86.65575787883931,-0.9278617914415388,1,0,120
16,62,-7.518888910560498,-7.518888910560498,-7.518888910560498,138.70052086325074,-462.56825608858713,26.015087955223503,-88.33248914392614,-0.9458152998231141,1,0,120
16,63,-7.519374092588876,-7.519374092588876,-7.519374092588876,137.74439539829405,-461.05663040444983,26.192841642129547,-88.67426263012274,-0.9494748207474246,1,0,120
16,64,-7.518520567725572,-7.518520567725572,-7.518520567725572,136.5779040605153,-458.87065880771365,26.350132195183008,-88.93171372546847,-0.9522314642802187,1,0,120
16,65,-7.518921593088045,-7.518921593088045,-7.518921593088045,137.1665437791195,-459.9702419655348,26.305107408514125,-88.85528560385936,-0.9514131143451585,1,0,120
16,66,-7.518446376429134,-7.518446376429134,-7.518446376429134,136.91690984428445,-459.4825010878699,26.6497370728056,-89.37204062266925,-0.9569462404665612,1,0,120
16,67,-7.518720171860599,-7.518720171860599,-7.518720171860599,138.2315867670796,-461.73261438755685,25.95306264937651,-88.2330999410626,-0.9447510953654271,1,0,120
16,68,-7.51936217900747,-7.51936217900747,-7.51936217900747,137.82838410924634,-461.20380686093034,26.173651623130585,-88.6324449283691,-0.9490270599913839,1,0,120
16,69,-7.518774711618623,-7.518774711618623,-7.518774711618623,137.5630621777982,-460.61186920581747,26.227242254045564,-88.7079633776121,-0.949835669659301,1,0,120
16,70,-7.519308434545683,-7.519308434545683,-7.519308434545683,137.78653308657093,-461.1079404874781,26.159638767318313,-88.61988557932412,-0.948892581447898,1,0,120
16,71,-7.519280344671082,-7.519280344671082,-7.519280344671082,137.75827815242448,-461.0606013578871,26.221652133905135,-88.71609785357485,-0.949922769116094,1,0,120
16,72,-7.51939479926641,-7.51939479926641,-7.51939479926641,137.80366892883507,-461.1613559299452,26.16476468034552,-88.62753247947451,-0.9489744602133281,1,0,120
16,73,-7.519503651840211,-7.519503651840211,-7.519503651840211,137.84077476344206,-461.25514149527044,26.169258672226647,-88.63341252444116,-0.949037420473443,1,0,120
16,74,-7.519712730017318,-7.519712730017318,-7.519712730017318,137.74986306993378,-461.14830168713365,26.186770097143974,-88.6746662990172,-0.9494791430100501,1,0,120
16,75,-7.519740017705278,-7.519740017705278,-7.519740017705278,137.85764401337087,-461.3348163309123,26.130457937026602,-88.5819577410573,-0.9484864711925476,1,0,120
16,76,-7.51984958618709,-7.51984958618709,-7.51984958618709,137.8048683010519,-461.27360842677155,26.16199706967806,-88.63768282666975,-0.9490831445011684,1,0,120
16,77,-7.519963246939946,-7.519963246939946,-7.519963246939946,137.6787126210521,-461.090267208755,26.20740455317252,-88.71684576894076,-0.9499307773789982,1,0,120
16,78,-7.519980071828247,-7.519980071828247,-7.519980071828247,137.72965396697202,-461.1832804500174,26.190555054948096,-88.68564114607251,-0.9495966555850803,1,0,120
16,79,-7.520132313476032,-7.520132313476032,-7.520132313476032,137.74580042872276,-461.24720188513544,26.179250320049483,-88.6716991030254,-0.9494473719211358,1,0,120
16,80,-7.520097895979008,-7.520097895979008,-7.520097895979008,137.71790418206461,-461.1840115507199,26.145981866433786,-88.62282377358956,-0.9489240420024125,1,0,120
16,81,-7.52011091552964,-7.52011091552964,-7.52011091552964,137.69505300884754,-461.1561044764983,26.19421632947995,-88.69689244432828,-0.9497171282462304,1,0,120
16,82,-7.5202611950984455,-7.5202611950984455,-7.5202611950984455,137.71631931103443,-461.22976649367183,26.215144715171398,-88.73533074617714,-0.9501287042624869,1,0,120
16,83,-7.520369522578511,-7.520369522578511,-7.520369522578511,137.5895683099233,-461.04193517499715,26.25524986448563,-88.80758213558727,-0.9509023320657998,1,0,120
16,84,-7.520444298203029,-7.520444298203029,-7.520444298203029,137.6906880279214,-461.23351161711656,26.23180552710572,-88.76688922007844,-0.9504666148970019,1,0,120
16,85,-7.520470018116933,-7.520470018116933,-7.520470018116933,137.55426804330247,-461.00781933639166,26.28402268543435,-88.85837393944102,-0.9514461825296107,1,0,120
16,86,-7.52052467062964,-7.52052467062964,-7.52052467062964,137.53458619812733,-460.990142507124,26.28860525960675,-88.86573775870139,-0.9515250302218821,1,0,120
16,87,-7.520600595738471,-7.520600595738471,-7.520600595738471,137.4550780524026,-460.88046765121715,26.347013377056697,-88.96087441057374,-0.9525437007222479,1,0,120
16,88,-7.5206463954665805,-7.5206463954665805,-7.5206463954665805,137.42315941102112,-460.84069342982224,26.362943821228715,-88.9864046731102,-0.9528170646130373,1,0,120
16,89,-7.52073581013808,-7.52073581013808,-7.52073581013808,137.40591171182183,-460.83529608035656,26.384931801851103,-89.02434069601746,-0.9532232625049778,1,0,120
16,90,-7.520791950087884,-7.520791950087884,-7.520791950087884,137.36384983997124,-460.782381574469,26.426656517523085,-89.09212401773408,-0.9539490487176584,1,0,120
16,91,-7.520731598442828,-7.520731598442828,-7.520731598442828,137.29070736669948,-460.65299856893057,26.473563412900514,-89.1608751212195,-0.9546851974007355,1,0,120
16,92,-7.52077918269994,-7.52077918269994,-7.52077918269994,137.31162841397142,-460.68912053905166,26.42455936440155,-89.09068918275226,-0.9539336853005094,1,0,120
16,93,-7.52090702347462,-7.52090702347462,-7.52090702347462,137.4401868193276,-460.9377400197809,26.40407460160429,-89.05863499269154,-0.95359046681231,1,0,120
16,94,-7.520905701756758,-7.520905701756758,-7.520905701756758,137.34449951370743,-460.7759191110667,26.44279722273262,-89.12447396836617,-0.9542954340460114,1,0,120
16,95,-7.520908242047083,-7.520908242047083,-7.520908242047083,137.38195577987887,-460.8388275738053,26.427330536721136,-89.09917673754936,-0.9540245653296241,1,0,120
16,96,-7.520965718270115,-7.520965718270115,-7.520965718270115,137.5035017132592,-461.0580490109213,26.401006119865794,-89.05557918034545,-0.9535577468686253,1,0,120
16,97,-7.520976584827973,-7.520976584827973,-7.520976584827973,137.65306368578842,-461.3108290166798,26.341465107247174,-88.95683711591762,-0.9525004716103702,1,0,120
16,98,-7.520980624668485,-7.520980624668485,-7.520980624668485,137.67300829508088,-461.34850217445353,26.33741348041542,-88.94693854118498,-0.9523944831624127,1,0,120
16,99,-7.521045917414273,-7.521045917414273,-7.521045917414273,137.76002099349967,-461.51010185949684,26.319963258506522,-88.9199953754759,-0.952105990688123,1,0,120
16,100,-7.521110196963876,-7.521110196963876,-7.521110196963876,137.69297409541005,-461.4096092828551,26.36210025569641,-88.9963940697992,-0.9529240255321285,1,0,120
16,101,-7.521153599909771,-7.521153599909771,-7.521153599909771,137.63713809274793,-461.3242809902074,26.36485758233536,-89.00461829956868,-0.9530120860229018,1,0,120
16,102,-7.521211286917504,-7.521211286917504,-7.521211286917504,137.7012872920891,-461.4456541591003,26.356804751832982,-88.99323257892675,-0.9528901740413985,1,0,120
16,103,-7.521269357551155,-7.521269357551155,-7.521269357551155,137.7630409863438,-461.5610059166226,26.337276695815177,-88.96469731530252,-0.9525846342656961,1,0,120
16,104,-7.521315296874452,-7.521315296874452,-7.521315296874452,137.78194328808883,-461.6086539216187,26.374747286601256,-89.0242491230748,-0.953222281992699,1,0,120
16,105,-7.521256963527305,-7.521256963527305,-7.521256963527305,137.88896285184757,-461.7742652271384,26.347485119967775,-88.97632340930407,-0.9527091200318102,1,0,120
16,106,-7.521264539477941,-7.521264539477941,-7.521264539477941,137.84497428666344,-461.7026776855784,26.351580820476944,-88.98310449238788,-0.9527817281083196,1,0,120
16,107,-7.5214187097482865,-7.5214187097482865,-7.5214187097482865,137.61756628860627,-461.3562651179054,26.438450668370876,-89.13622989441575,-0.9544213099816838,1,0,120
16,108,-7.521433630796528,-7.521433630796528,-7.521433630796528,137.52400578074287,-461.20448168044015,26.47640672638479,-89.1988209129344,-0.95509149989165,1,0,120
16,109,-7.521486542210504,-7.521486542210504,-7.521486542210504,137.3897157529994,-460.98911368632935,26.520448780928945,-89.27728453203136,-0.9559316448048142,1,0,120
16,110,-7.521477145896117,-7.521477145896117,-7.521477145896117,137.50140005338278,-461.17806549169535,26.47769721853391,-89.20144258957858,-0.9551195713510335,1,0,120
16,111,-7.521495776885758,-7.521495776885758,-7.521495776885758,137.35823880323028,-460.9376472863254,26.518683920566442,-89.27549021274545,-0.9559124322291263,1,0,120
16,112,-7.521516354212229,-7.521516354212229,-7.521516354212229,137.33097917045467,-460.8968756660838,26.539046905272034,-89.31034490730273,-0.9562856369661651,1,0,120
16,113,-7.521461683361763,-7.521461683361763,-7.521461683361763,137.21985671325547,-460.697485780208,26.574787699237852,-89.36813365610323,-0.9569044068355852,1,0,120
16,114,-7.521495866992912,-7.521495866992912,-7.521495866992912,137.28313941739643,-460.8136822647988,26.558702865926374,-89.34058596786271,-0.9566094414693292,1,0,120
16,115,-7.521412712634236,-7.521412712634236,-7.521412712634236,137.2382436679922,-460.7192744096089,26.589112227172578,-89.38779944138984,-0.9571149771567363,1,0,120
16,116,-7.5215384611879665,-7.5215384611879665,-7.5215384611879665,137.36353626881674,-460.9587937592865,26.54659954081803,-89.32184106211962,-0.9564087314155609,1,0,120
16,117,-7.52161001911631,-7.52161001911631,-7.52161001911631,137.44713428362414,-461.11235500512396,26.50516962664274,-89.25875019026984,-0.9557331893533705,1,0,120
16,118,-7.521664788416756,-7.521664788416756,-7.521664788416756,137.47157213851543,-461.1644621599899,26.504256174116133,-89.26119913260165,-0.955759411269545,1,0,120
16,119,-7.5216425858471725,-7.5216425858471725,-7.5216425858471725,137.5381389403347,-461.2730096183949,26.488696840703565,-89.23214329786482,-0.9554482975071054,1,0,120
16,120,-7.521680080465272,-7.521680080465272,-7.521680080465272,137.38012364202459,-461.0142967061597,26.53519977154912,-89.31401315160117,-0.9563249144915079,1,0,120
16,121,-7.521705163777202,-7.521705163777202,-7.521705163777202,137.39599986703968,-461.0434764116888,26.524820093085676,-89.30096259203596,-0.9561851763382231,1,0,120
16,122,-7.5216393007187765,-7.5216393007187765,-7.5216393007187765,137.29837669793295,-460.86609747677994,26.561671981033566,-89.35819591028645,-0.9567979989653853,1,0,120
16,123,-7.521660288429179,-7.521660288429179,-7.521660288429179,137.33152824219917,-460.92288788105526,26.544803620916873,-89.3345177023612,-0.9565444658481241,1,0,120
16,124,-7.521753734586032,-7.521753734586032,-7.521753734586032,137.41168169049214,-461.0778440130662,26.49149609114296,-89.2503432277927,-0.955643172262117,1,0,120
16,125,-7.521776977460317,-7.521776977460317,-7.521776977460317,137.39722519905013,-461.06235295651123,26.524906250996214,-89.30404919206171,-0.956218225939305,1,0,120
16,126,-7.521788048621505,-7.521788048621505,-7.521788048621505,137.62247976545328,-461.4422036874116,26.439998663869783,-89.16280253150622,-0.9547058350410408,1,0,120
16,127,-7.521793019325375,-7.521793019325375,-7.521793019325375,137.6406917588966,-461.47474556865427,26.427122693827176,-89.14058308012471,-0.9544679214797456,1,0,120
16,128,-7.521791754467346,-7.521791754467346,-7.521791754467346,137.61717815415713,-461.43170966509894,26.41691121141275,-89.12667680504015,-0.9543190207993051,1,0,120
16,129,-7.5217948382443405,-7.5217948382443405,-7.5217948382443405,137.60403907847763,-461.41300714299865,26.42654603601286,-89.1403474129491,-0.9544653980863427,1,0,120
16,130,-7.521789638515971,-7.521789638515971,-7.521789638515971,137.60059141477134,-461.4045575130271,26.421259471632812,-89.1327077129878,-0.9543835964165438,1,0,120
16,131,-7.521785324297458,-7.521785324297458,-7.521785324297458,137.54271934557195,-461.3059455569128,26.440320674116474,-89.16499429709387,-0.9547293032512827,1,0,120
16,132,-7.521687037910819,-7.521687037910819,-7.521687037910819,137.66046924317624,-461.4857063077196,26.39560023037267,-89.0807381009916,-0.9538271346364191,1,0,120
16,133,-7.5217663764800715,-7.5217663764800715,-7.5217663764800715,137.60916474647192,-461.41425908801887,26.424712928149663,-89.13678614285755,-0.9544272659814735,1,0,120
16,134,-7.521858696650432,-7.521858696650432,-7.521858696650432,137.60261665092455,-461.426063944651,26.449843744345635,-89.18158073950744,-0.9549069016769178,1,0,120
16,135,-7.521885424556292,-7.521885424556292,-7.521885424556292,137.59030229016793,-461.41076939706466,26.480926477825943,-89.23572920259119,-0.9554866933859805,1,0,120
16,136,-7.521878933097078,-7.521878933097078,-7.521878933097078,137.62466621561023,-461.47024353391134,26.4850174374111,-89.23899387462608,-0.9555216496833681,1,0,120
16,137,-7.521903893772499,-7.521903893772499,-7.521903893772499,137.581476263676,-461.4016718971,26.49822514631133,-89.26412937727027,-0.9557907867041859,1,0,120
16,138,-7.521861818768475,-7.521861818768475,-7.521861818768475,137.6243204182112,-461.46357466238896,26.495346315057926,-89.25770016382488,-0.9557219462525989,1,0,120
16,139,-7.521890599043279,-7.521890599043279,-7.521890599043279,137.67210291010204,-461.5501139441899,26.46013757608693,-89.2001820866435,-0.9551060745847472,1,0,120
16,140,-7.521887100958085,-7.521887100958085,-7.521887100958085,137.36314476313976,-461.03020727787793,26.56483048536634,-89.37631053265231,-0.9569919602943391,1,0,120
16,141,-7.521901234467313,-7.521901234467313,-7.521901234467313,137.59527270305884,-461.4248504460769,26.491562738586698,-89.25218970503622,-0.9556629433162854,1,0,120
16,142,-7.521843127031141,-7.521843127031141,-7.521843127031141,137.61208068904514,-461.44327725228015,26.523405466567922,-89.29939163214972,-0.9561683553710997,1,0,120
16,143,-7.521913710121105,-7.521913710121105,-7.521913710121105,137.5773518041346,-461.39730858529924,26.499727582839398,-89.26679555120499,-0.9558193346158761,1,0,120
16,144,-7.521939189927743,-7.521939189927743,-7.521939189927743,137.53735824200692,-461.33473606363924,26.51352461049913,-89.2924217149018,-0.9560937253630984,1,0,120
16,145,-7.521949018950535,-7.521949018950535,-7.521949018950535,137.55285453778026,-461.3614497937283,26.492942527666383,-89.2598788739542,-0.9557452746722341,1,0,120
16,146,-7.521925306032101,-7.521925306032101,-7.521925306032101,137.54167789677257,-461.3350331559628,26.487647039958826,-89.25212233398528,-0.9556622219444397,1,0,120
16,147,-7.521953792734442,-7.521953792734442,-7.521953792734442,137.55979514464337,-461.3746990116871,26.509504512806558,-89.2873859531,-0.9560398052188279,1,0,120
16,148,-7.521879600313425,-7.521879600313425,-7.521879600313425,137.56232172226584,-461.3657687855489,26.52474961645761,-89.30571051390439,-0.9562360144521383,1,0,120
16,149,-7.521921054235534,-7.521921054235534,-7.521921054235534,137.54387859231852,-461.339097998974,26.508278946121496,-89.28520598057763,-0.9560164632821879,1,0,120
16,150,-7.5219976610832955,-7.5219976610832955,-7.5219976610832955,137.56217462541446,-461.38898287006583,26.5283224491242,-89.32075238286585,-0.9563970744419514,1,0,120
16,151,-7.522008940762468,-7.522008940762468,-7.522008940762468,137.5306941382048,-461.33686817193706,26.528013400504335,-89.32262514474905,-0.9564171269374627,1,0,120
16,152,-7.521983163539959,-7.521983163539959,-7.521983163539959,137.50461162423056,-461.2865216310831,26.52493160647533,-89.31692826705218,-0.9563561279308781,1,0,120
16,153,-7.521991123827432,-7.521991123827432,-7.521991123827432,137.66462664963245,-461.5577939624721,26.482441900979985,-89.24506347114892,-0.9555866395564114,1,0,120
16,154,-7.522009752348231,-7.522009752348231,-7.522009752348231,137.48911023840805,-461.2655256856954,26.538822753043977,-89.34254159135662,-0.9566303812010084,1,0,120
16,155,-7.521987227820692,-7.521987227820692,-7.521987227820692,137.4242062744312,-461.1518291061293,26.595773508077457,-89.4366884569635,-0.9576384536190321,1,0,120
16,156,-7.521960691000659,-7.521960691000659,-7.521960691000659,137.50394912411664,-461.2782685767795,26.527494547029765,-89.32218421817367,-0.9564124057402551,1,0,120
16,157,-7.5220365786515515,-7.5220365786515515,-7.5220365786515515,137.45835335438764,-461.2245352248425,26.569675400540046,-89.39107822254019,-0.9571500845267066,1,0,120
16,158,-7.522021303353528,-7.522021303353528,-7.522021303353528,137.39326479671348,-461.111379329535,26.59647045212853,-89.4357529052704,-0.9576284362504097,1,0,120
16,159,-7.522013507569405,-7.522013507569405,-7.522013507569405,137.52262229877132,-461.328324421664,26.558951058817815,-89.37079933740416,-0.9569329494724259,1,0,120
16,160,-7.5220925559959255,-7.5220925559959255,-7.5220925559959255,137.51304434866472,-461.3276023867837,26.54037988935153,-89.34604608801753,-0.9566679054074719,1,0,120
16,161,-7.522106942941604,-7.522106942941604,-7.522106942941604,137.52742147377535,-461.3538168620141,26.520987155680626,-89.31537487993931,-0.9563394951232653,1,0,120
16,162,-7.5220558367105985,-7.5220558367105985,-7.5220558367105985,137.44777803351576,-461.2083366175054,26.530140249304672,-89.32846513211844,-0.9564796582830443,1,0,120
16,163,-7.522068863110206,-7.522068863110206,-7.522068863110206,137.5999398458133,-461.4674947971877,26.501775380110665,-89.28067178885965,-0.9559679136721775,1,0,120
16,164,-7.52213925388671,-7.52213925388671,-7.52213925388671,137.5926881928274,-461.47165257636374,26.50586850435694,-89.29059770355367,-0.956074194861277,1,0,120
16,165,-7.5221528696570585,-7.5221528696570585,-7.5221528696570585,137.51303775491743,-461.34061317410976,26.52306012287989,-89.320561018125,-0.9563950254144477,1,0,120
16,166,-7.52213280142783,-7.52213280142783,-7.52213280142783,137.6143820424982,-461.5087763714005,26.496707688768225,-89.27272880144221,-0.9558828645685178,1,0,120
16,167,-7.522138576738908,-7.522138576738908,-7.522138576738908,137.48230526561468,-461.2863933900768,26.537026470622585,-89.34270346122435,-0.9566321144137704,1,0,120
16,168,-7.522150813892429,-7.522150813892429,-7.522150813892429,137.53270048554424,-461.3690590844219,26.496533261746464,-89.28002770899307,-0.9559610172222074,1,0,120
16,169,-7.5221752735230485,-7.5221752735230485,-7.5221752735230485,137.4483212761491,-461.2370383505099,26.56105194050488,-89.38544532465916,-0.9570897705805034,1,0,120
16,170,-7.522165147390789,-7.522165147390789,-7.522165147390789,137.52304288634195,-461.3621658613698,26.559945409886808,-89.38108805931259,-0.957043115399945,1,0,120
16,171,-7.52218746578632,-7.52218746578632,-7.52218746578632,137.47861766727686,-461.28980231939306,26.55023719613453,-89.36873976041828,-0.9569108966644129,1,0,120
16,172,-7.52217551315011,-7.52217551315011,-7.52217551315011,137.36150816822433,-461.08952960934585,26.603083415813984,-89.45784305365302,-0.9578649653069112,1,0,120
16,173,-7.522166353216363,-7.522166353216363,-7.522166353216363,137.54526821283673,-461.39701821049596,26.537896810492036,-89.34686435209349,-0.9566766669253443,1,0,120
16,174,-7.522203072835443,-7.522203072835443,-7.522203072835443,137.35463081629274,-461.08355965396083,26.5827592993357,-89.42572952143067,-0.9575211114157594,1,0,120
16,175,-7.522145984779314,-7.522145984779314,-7.522145984779314,137.20351342695466,-460.8167571972831,26.641745820006157,-89.52211128096039,-0.958553113838317,1,0,120
16,176,-7.522213631018404,-7.522213631018404,-7.522213631018404,137.40163252959002,-461.16414701514134,26.559621265853448,-89.38811477701454,-0.9571183535957035,1,0,120
16,177,-7.522221866766471,-7.522221866766471,-7.522221866766471,137.4043929265364,-461.17039213700934,26.56610103440813,-89.39965001300618,-0.9572418665046423,1,0,120
16,178,-7.522225977382725,-7.522225977382725,-7.522225977382725,137.38974101359406,-461.14621932664426,26.57200948098227,-89.41027505288505,-0.957355633538449,1,0,120
16,179,-7.522213796661665,-7.522213796661665,-7.522213796661665,137.35138628281473,-461.0790037768981,26.582607362751066,-89.42753437799533,-0.9575404368187836,1,0,120
16,180,-7.522228064664321,-7.522228064664321,-7.522228064664321,137.38985894758397,-461.14690187262215,26.571939455426943,-89.41024752481259,-0.9573553387831176,1,0,120
16,181,-7.522233057397922,-7.522233057397922,-7.522233057397922,137.39937770636638,-461.16409059333495,26.568881243829946,-89.40527985390152,-0.9573021477183382,1,0,120
16,182,-7.5222369831113935,-7.5222369831113935,-7.5222369831113935,137.40414051697638,-461.17262235141584,26.564304299662417,-89.39814083553135,-0.9572257070693124,1,0,120
16,183,-7.522238931322185,-7.522238931322185,-7.522238931322185,137.42293863224393,-461.2045003743482,26.557772372982758,-89.38739237297048,-0.9571106184938837,1,0,120
16,184,-7.522240850767286,-7.522240850767286,-7.522240850767286,137.43472703179225,-461.22486715407354,26.55514350301054,-89.3829311137142,-0.957062849804221,1,0,120
16,185,-7.522243774330887,-7.522243774330887,-7.522243774330887,137.44167547323605,-461.23716613928633,26.552015417117968,-89.37785052899295,-0.9570084497209902,1,0,120
16,186,-7.522250469868185,-7.522250469868185,-7.522250469868185,137.44164654744884,-461.2385554138099,26.55322654249016,-89.38028923221155,-0.9570345620024194,1,0,120
16,187,-7.522257027676571,-7.522257027676571,-7.522257027676571,137.4409728314212,-461.23880364390084,26.553392970401514,-89.38099480877307,-0.9570421169248896,1,0,120
16,188,-7.52226889072665,-7.52226889072665,-7.52226889072665,137.44331705269758,-461.24503539245984,26.553249749896615,-89.3817240830711,-0.9570499255895784,1,0,120
16,189,-7.5222887597328665,-7.5222887597328665,-7.5222887597328665,137.44929850729085,-461.2592106407197,26.549484990099202,-89.37674042202244,-0.9569965633112746,1,0,120
16,190,-7.522306469279347,-7.522306469279347,-7.522306469279347,137.4806877523985,-461.3138130689481,26.542267804512274,-89.36759222050676,-0.9568986094435274,1,0,120
16,191,-7.522311143054644,-7.522311143054644,-7.522311143054644,137.5035569299949,-461.3537760251375,26.542977350097235,-89.36849575314547,-0.956908283969875,1,0,120
16,192,-7.52231884114172,-7.52231884114172,-7.52231884114172,137.52008826042504,-461.3835206094189,26.532691230869315,-89.35135379822569,-0.9567247374244404,1,0,120
16,193,-7.5223045855346315,-7.5223045855346315,-7.5223045855346315,137.55415731107945,-461.4368121212747,26.518653424784734,-89.32775854023922,-0.9564720924891154,1,0,120
16,194,-7.522321893790522,-7.522321893790522,-7.522321893790522,137.5088838380921,-461.36539277515567,26.53768097794208,-89.35989060245925,-0.9568161447892045,1,0,120
16,195,-7.522322880676666,-7.522322880676666,-7.522322880676666,137.50181104301407,-461.35430407058664,26.547873345465955,-89.37648743805296,-0.956993854499248,1,0,120
16,196,-7.52232913483663,-7.52232913483663,-7.52232913483663,137.4785826866833,-461.3165012161809,26.554027000930848,-89.3873509208337,-0.9571101746473947,1,0,120
16,197,-7.52233154247257,-7.52233154247257,-7.52233154247257,137.46194560849767,-461.2890882165251,26.560252516351547,-89.39794928962765,-0.9572236561020172,1,0,120
16,198,-7.522337350952113,-7.522337350952113,-7.522337350952113,137.45372070786777,-461.2764470472137,26.563604169286048,-89.40400899922689,-0.9572885401113663,1,0,120
16,199,-7.522343138846862,-7.522343138846862,-7.522343138846862,137.4343282851272,-461.2450570179093,26.569665274592108,-89.4146125158395,-0.9574020766859759,1,0,120
16,200,-7.522351071593167,-7.522351071593167,-7.522351071593167,137.41119881602646,-461.2080435821708,26.581156575150427,-89.43427150110116,-0.9576125741962315,1,0,120
16,201,-7.5223535855094905,-7.5223535855094905,-7.5223535855094905,137.36679175340214,-461.1340257443916,26.595604394756702,-89.45868156444847,-0.9578739436154258,1,0,120
16,202,-7.522361292011753,-7.522361292011753,-7.522361292011753,137.3430874764308,-461.09540961084065,26.60204440235943,-89.47043132347848,-0.9579997535180734,1,0,120
16,203,-7.522363894428153,-7.522363894428153,-7.522363894428153,137.332514112781,-461.0782740385903,26.611354964796377,-89.486162900215,-0.9581681985161931,1,0,120
16,204,-7.52236864707753,-7.52236864707753,-7.52236864707753,137.3266013959397,-461.06920856098463,26.61040110630132,-89.48500671408387,-0.9581558187163836,1,0,120
16,205,-7.522375346747447,-7.522375346747447,-7.522375346747447,137.30951720846505,-461.0419170815089,26.615231751666002,-89.49356630258661,-0.9582474700424647,1,0,120
16,206,-7.5223804019261395,-7.5223804019261395,-7.5223804019261395,137.2678664281534,-460.9728462629662,26.626643187670105,-89.51324729487955,-0.9584582031918049,1,0,120
16,207,-7.5223827451420355,-7.5223827451420355,-7.5223827451420355,137.2514491332022,-460.9460233997274,26.636124090914308,-89.52906605818363,-0.9586275817353315,1,0,120
16,208,-7.522387567169747,-7.522387567169747,-7.522387567169747,137.25528535876373,-460.95312418889,26.628757445000062,-89.51736333710774,-0.9585022754890068,1,0,120
16,209,-7.522385408561795,-7.522385408561795,-7.522385408561795,137.23631608904947,-460.9202425929006,26.633987712536715,-89.5265763667475,-0.9586009235003498,1,0,120
16,210,-7.5223891037023565,-7.5223891037023565,-7.5223891037023565,137.26252342716532,-460.965499461734,26.626362621050948,-89.51354491096168,-0.9584613898997386,1,0,120
16,211,-7.522394138733636,-7.522394138733636,-7.522394138733636,137.27187787922793,-460.98227063014355,26.62217986283195,-89.50684502274088,-0.9583896512127871,1,0,120
16,212,-7.522398568601912,-7.522398568601912,-7.522398568601912,137.27696325712287,-460.99154878523973,26.618420541821465,-89.50101315358742,-0.9583272067925589,1,0,120
16,213,-7.522402753848503,-7.522402753848503,-7.522402753848503,137.28477726994367,-461.00551754847794,26.61340571589184,-89.49289731572196,-0.958240306902174,1,0,120
16,214,-7.522405790951365,-7.522405790951365,-7.522405790951365,137.28812260959904,-461.0117287351086,26.611937605805316,-89.49067468893233,-0.9582165082472984,1,0,120
16,215,-7.522409413061129,-7.522409413061129,-7.522409413061129,137.29514254165915,-461.02416097904677,26.60803378621573,-89.48447257118931,-0.9581500994105329,1,0,120
16,216,-7.522412143628468,-7.522412143628468,-7.522412143628468,137.29328212638137,-461.0217216503401,26.60635219051878,-89.48171510845084,-0.9581205740289659,1,0,120
16,217,-7.5224146855109915,-7.5224146855109915,-7.5224146855109915,137.2955902302554,-461.02586724080913,26.603035856569765,-89.47657595778128,-0.9580655468540444,1,0,120
16,218,-7.522416145090796,-7.522416145090796,-7.522416145090796,137.31801955215616,-461.06385091899824,26.59547696800337,-89.46396687650933,-0.9579305358054564,1,0,120
16,219,-7.522417821826251,-7.522417821826251,-7.522417821826251,137.31991422415192,-461.0674152085212,26.592556806545115,-89.45914199848005,-0.9578788736876546,1,0,120
16,220,-7.522420020627976,-7.522420020627976,-7.522420020627976,137.3192903807716,-461.0667723103596,26.592200345827667,-89.45874388710548,-0.9578746109318697,1,0,120
16,221,-7.522422965629088,-7.522422965629088,-7.522422965629088,137.31110802231257,-461.05340833882,26.593086912300965,-89.46066625491058,-0.9578951945800784,1,0,120
16,222,-7.522425516440465,-7.522425516440465,-7.522425516440465,137.30979156801038,-461.0515066351216,26.590633196966923,-89.45693850483089,-0.957855279899835,1,0,120
16,223,-7.522429579722518,-7.522429579722518,-7.522429579722518,137.3009047947985,-461.03745170851545,26.593631374858216,-89.46222245763272,-0.9579118575356738,1,0,120
16,224,-7.522433670920756,-7.522433670920756,-7.522433670920756,137.29551390595736,-461.029134827324,26.593609566211587,-89.46257508702763,-0.9579156332956473,1,0,120
16,225,-7.522441161811223,-7.522441161811223,-7.522441161811223,137.27898683374536,-461.002763990211,26.59613042463551,-89.46748424440105,-0.9579681978299202,1,0,120
16,226,-7.522455617128143,-7.522455617128143,-7.522455617128143,137.26222493984454,-460.977013795335,26.5930367430933,-89.46386354265856,-0.9579294293638968,1,0,120
16,227,-7.522475329613133,-7.522475329613133,-7.522475329613133,137.20612582843503,-460.8855768683267,26.594648752325686,-89.46919768695176,-0.9579865444223862,1,0,120
16,228,-7.522494199826314,-7.522494199826314,-7.522494199826314,137.21835545442272,-460.9086455773222,26.599028886259646,-89.47922480851518,-0.9580939092785086,1,0,120
16,229,-7.522504460701831,-7.522504460701831,-7.522504460701831,137.2398305343566,-460.94469374101885,26.574318830833604,-89.44056594978007,-0.9576799716614468,1,0,120
16,230,-7.522511960787561,-7.522511960787561,-7.522511960787561,137.21250278959832,-460.9026106857421,26.598903404176948,-89.48010466623991,-0.9581033303070088,1,0,120
16,231,-7.522520764225425,-7.522520764225425,-7.522520764225425,137.21483332800477,-460.9089176778368,26.601971847726496,-89.4852901753059,-0.9581588538619263,1,0,120
16,232,-7.522519411950479,-7.522519411950479,-7.522519411950479,137.22028268532785,-460.91806573502936,26.597989325112113,-89.4782341157539,-0.9580833014899122,1,0,120
16,233,-7.522521020681643,-7.522521020681643,-7.522521020681643,137.2279140028001,-460.93096459375414,26.59786124851845,-89.4783825296432,-0.9580848906235204,1,0,120
16,234,-7.522523939229792,-7.522523939229792,-7.522523939229792,137.2251780703375,-460.92681738354116,26.598221775712414,-89.47934256550288,-0.9580951701550184,1,0,120
16,235,-7.522525912367338,-7.522525912367338,-7.522525912367338,137.22198785909168,-460.9217788832377,26.60029968980475,-89.48305555273676,-0.9581349267628972,1,0,120
16,236,-7.522530722827001,-7.522530722827001,-7.522530722827001,137.2185620473024,-460.91717988675765,26.60337667747659,-89.48839241520868,-0.9581920709261369,1,0,120
16,237,-7.5225347354133065,-7.5225347354133065,-7.5225347354133065,137.21663060319383,-460.91484337067254,26.60597218680385,-89.4929487647559,-0.9582408577898929,1,0,120
16,238,-7.522542691045293,-7.522542691045293,-7.522542691045293,137.20345512580067,-460.894692882215,26.60813145048599,-89.49678227027589,-0.9582819048407334,1,0,120
16,239,-7.522550359293308,-7.522550359293308,-7.522550359293308,137.19447000377028,-460.8814079473302,26.612448359016714,-89.50433501397849,-0.9583627754311447,1,0,120
16,240,-7.522556864900773,-7.522556864900773,-7.522556864900773,137.17014587412905,-460.8418290136592,26.62106460575851,-89.51931454942707,-0.9585231679882753,1,0,120
16,241,-7.5225672818725,-7.5225672818725,-7.5225672818725,137.1600379979773,-460.8273554475062,26.6291911142242,-89.53332580900656,-0.9586731927844574,1,0,120
16,242,-7.52257443909364,-7.52257443909364,-7.52257443909364,137.14615680685154,-460.8047910335168,26.623613883640694,-89.52516680159881,-0.9585858306585578,1,0,120
16,243,-7.522573868226502,-7.522573868226502,-7.522573868226502,137.1964679737442,-460.8892159678284,26.606592834738464,-89.49651578156485,-0.9582790514274246,1,0,120
16,244,-7.5225753810161855,-7.5225753810161855,-7.5225753810161855,137.14730564589507,-460.8067968825608,26.62201344521266,-89.52266136127626,-0.9585590037932353,1,0,120
16,245,-7.522575240038677,-7.522575240038677,-7.522575240038677,137.13883447481447,-460.7926034520214,26.624897777069567,-89.52742892952111,-0.9586100522696525,1,0,120
16,246,-7.522575887398055,-7.522575887398055,-7.522575887398055,137.14585092791557,-460.80461371604434,26.623244999878402,-89.52460890767323,-0.9585798570398405,1,0,120
16,247,-7.5225776215836575,-7.5225776215836575,-7.5225776215836575,137.14230965099335,-460.79915820640815,26.622316914622857,-89.52303213004981,-0.9585629737796143,1,0,120
16,248,-7.522580402125545,-7.522580402125545,-7.522580402125545,137.13815447182765,-460.79263012977975,26.6234343715972,-89.52522122264628,-0.9585864133689493,1,0,120
16,249,-7.522583428547679,-7.522583428547679,-7.522583428547679,137.12901880458696,-460.77782650205415,26.624512587492756,-89.52731895143586,-0.9586088746853153,1,0,120
16,250,-7.522586324020909,-7.522586324020909,-7.522586324020909,137.1247431668114,-460.7711451679777,26.624673121241365,-89.52788238272399,-0.9586149075950394,1,0,120
16,251,-7.522592276583974,-7.522592276583974,-7.522592276583974,137.11006188249894,-460.74742182193137,26.62461378784604,-89.52847416165349,-0.9586212440355844,1,0,120
16,252,-7.522601106101012,-7.522601106101012,-7.522601106101012,137.0558521329445,-460.658260627221,26.640659058867925,-89.55592950637447,-0.9589152206386516,1,0,120
16,253,-7.522608437423788,-7.522608437423788,-7.522608437423788,137.0542482417217,-460.65655061644406,26.636186595578287,-89.54944441299726,-0.9588457818557486,1,0,120
16,254,-7.522615713577059,-7.522615713577059,-7.522615713577059,137.02691669036375,-460.61143411721935,26.63391111351514,-89.54680171813133,-0.9588174853449045,1,0,120
16,255,-7.522611237109641,-7.522611237109641,-7.522611237109641,137.00713924979144,-460.57767021696674,26.629234474304127,-89.53823067533187,-0.9587257113725673,1,0,120
16,256,-7.522614250167005,-7.522614250167005,-7.522614250167005,137.02322595283755,-460.6048645282539,26.634415161214545,-89.54761258225324,-0.9588261676281731,1,0,120
16,257,-7.522621098616566,-7.522621098616566,-7.522621098616566,137.01155502531526,-460.58688290519626,26.642139723021597,-89.56084492862388,-0.9589678522537419,1,0,120
16,258,-7.52262294457428,-7.52262294457428,-7.52262294457428,136.9961127822603,-460.56098775436084,26.647770268583223,-89.57075580704237,-0.9590739724427431,1,0,120
16,259,-7.522622939089302,-7.522622939089302,-7.522622939089302,136.99420970512972,-460.5570556347841,26.64490602477772,-89.5666730610074,-0.9590302566627104,1,0,120
16,260,-7.522621089316955,-7.522621089316955,-7.522621089316955,136.9863523295252,-460.54417598587156,26.65115362186752,-89.57633801886215,-0.9591337436707155,1,0,120
16,261,-7.522626994112254,-7.522626994112254,-7.522626994112254,137.01490795737402,-460.5933729238856,26.641489061559074,-89.56051865832598,-0.9589643587323589,1,0,120
16,262,-7.522627554985428,-7.522627554985428,-7.522627554985428,137.009833641489,-460.5848701332535,26.642341454301924,-89.56207939163191,-0.9589810701989326,1,0,120
16,263,-7.522631113144578,-7.522631113144578,-7.522631113144578,137.0245316479529,-460.6103473711818,26.637867153856487,-89.5547651080312,-0.9589027529070296,1,0,120
16,264,-7.52263711832801,-7.52263711832801,-7.52263711832801,137.05243445429724,-460.65839690815505,26.629190992767168,-89.54068264667214,-0.9587519657216842,1,0,120
16,265,-7.522643550708391,-7.522643550708391,-7.522643550708391,137.07928591547997,-460.70503997674905,26.624017978310654,-89.53224297982557,-0.9586615984501824,1,0,120
16,266,-7.52265114650912,-7.52265114650912,-7.52265114650912,137.06209106413078,-460.6773905604791,26.629857327410352,-89.54289776437915,-0.9587756839734679,1,0,120
16,267,-7.52265518017334,-7.52265518017334,-7.52265518017334,137.06363309531974,-460.6806610976671,26.629736419159357,-89.54312535118892,-0.9587781208467951,1,0,120
16,268,-7.522657801173029,-7.522657801173029,-7.522657801173029,137.07087553057664,-460.6926422658874,26.62438278574494,-89.53503966873706,-0.9586915438438532,1,0,120
16,269,-7.522660508632855,-7.522660508632855,-7.522660508632855,137.04416222067104,-460.64821444643286,26.633814958532245,-89.5511680621941,-0.9588642377353203,1,0,120
16,270,-7.522664021827191,-7.522664021827191,-7.522664021827191,137.04791059339038,-460.65510261589293,26.634307798042034,-89.55237470245054,-0.9588771577699189,1,0,120
16,271,-7.522662430343131,-7.522662430343131,-7.522662430343131,137.06605691749158,-460.684542361012,26.62423002294203,-89.5360579162598,-0.9587024466735521,1,0,120
16,272,-7.52266279097373,-7.52266279097373,-7.52266279097373,137.0512145280898,-460.6603868003166,26.635071875492617,-89.55358904248328,-0.9588901602494515,1,0,120
16,273,-7.522667109336743,-7.522667109336743,-7.522667109336743,137.0515673613367,-460.66195269161506,26.63182305926674,-89.54834386347315,-0.9588339977818682,1,0,120
16,274,-7.5226694766373345,-7.5226694766373345,-7.5226694766373345,137.04976304222197,-460.65952959729236,26.6310821956616,-89.54714046600243,-0.9588211124692205,1,0,120
16,275,-7.522672183563288,-7.522672183563288,-7.522672183563288,137.0392287540264,-460.64234702341366,26.632791555691714,-89.55023518171274,-0.9588542489685513,1,0,120
16,276,-7.5226744021216545,-7.5226744021216545,-7.5226744021216545,137.0392910262612,-460.64294170531656,26.63238805894133,-89.54967729381623,-0.95884827541439,1,0,120
16,277,-7.522676035928032,-7.522676035928032,-7.522676035928032,137.02467013191773,-460.6187911237447,26.6376040913865,-89.55846957297999,-0.9589424182630065,1,0,120
16,278,-7.522677958223405,-7.522677958223405,-7.522677958223405,137.02547137140942,-460.6205604297729,26.63598013902395,-89.55584622441086,-0.958914328901578,1,0,120
16,279,-7.522679866202022,-7.522679866202022,-7.522679866202022,137.0302485459333,-460.6290689008078,26.634596731061595,-89.55356695990093,-0.9588899238014079,1,0,120
16,280,-7.522682682834079,-7.522682682834079,-7.522682682834079,137.02834541088765,-460.62628842102833,26.632105497349666,-89.54973606373667,-0.9588489046901012,1,0,120
16,281,-7.522686141711621,-7.522686141711621,-7.522686141711621,136.99953744668434,-460.57840292218765,26.6364304749761,-89.55741931905577,-0.9589311727265131,1,0,120
16,282,-7.522689782494595,-7.522689782494595,-7.522689782494595,136.9949005392011,-460.5709529381421,26.636700541081346,-89.55853015466131,-0.9589430669380484,1,0,120
16,283,-7.5226946922487254,-7.5226946922487254,-7.5226946922487254,137.00632977835411,-460.5910372368176,26.629410531793386,-89.54675437688567,-0.9588169784411039,1,0,120
16,284,-7.5227025418633335,-7.5227025418633335,-7.5227025418633335,136.99817720629625,-460.5787349884655,26.628198799465363,-89.54547429093097,-0.9588032719907053,1,0,120
16,285,-7.522711051251319,-7.522711051251319,-7.522711051251319,136.96639656121394,-460.527093414581,26.63514043730256,-89.55769941024835,-0.9589341717876496,1,0,120
16,286,-7.522710284898446,-7.522710284898446,-7.522710284898446,136.98379311565674,-460.5545818034742,26.61780257979567,-89.53009892148961,-0.9586386410627307,1,0,120
16,287,-7.522711190987837,-7.522711190987837,-7.522711190987837,136.96771844740073,-460.5293734129334,26.63502608118053,-89.5574879080345,-0.9589319071392542,1,0,120
16,288,-7.522712880161912,-7.522712880161912,-7.522712880161912,136.95587300456904,-460.51022369211336,26.63624706364733,-89.55924043483516,-0.9589506722241905,1,0,120
16,289,-7.522713852408852,-7.522713852408852,-7.522713852408852,136.97038542542077,-460.534543397377,26.629214029713765,-89.5477625063157,-0.9588277729318782,1,0,120
16,290,-7.522714335966884,-7.522714335966884,-7.522714335966884,136.94805665463417,-460.49687894054074,26.635304235132736,-89.55825924887453,-0.9589401662291425,1,0,120
16,291,-7.522715846499842,-7.522715846499842,-7.522715846499842,136.93049196599668,-460.4678111649557,26.642617775213775,-89.57050724554499,-0.9590713109840946,1,0,120
16,292,-7.5227175892188125,-7.5227175892188125,-7.5227175892188125,136.94076337219195,-460.4856375373646,26.64214154087232,-89.56962876565184,-0.9590619047086508,1,0,120
16,293,-7.522718614556729,-7.522718614556729,-7.522718614556729,136.94127750591227,-460.48700297882976,26.64224001830499,-89.56957528709275,-0.9590613320899021,1,0,120
16,294,-7.522718489264934,-7.522718489264934,-7.522718489264934,136.93383845095636,-460.4746980878035,26.646710900121953,-89.5768553924058,-0.9591392834196579,1,0,120
16,295,-7.5227177103130884,-7.5227177103130884,-7.5227177103130884,136.93948073588496,-460.48396473563764,26.644254092493917,-89.57273018474501,-0.9590951129840872,1,0,120
16,296,-7.522721424212042,-7.522721424212042,-7.522721424212042,136.9480832731814,-460.49898040489256,26.63955674080814,-89.56530158647746,-0.9590155716741369,1,0,120
16,297,-7.522722898044752,-7.522722898044752,-7.522722898044752,136.96178890546696,-460.52220466196735,26.633809520230994,-89.55586262822568,-0.9589145045445288,1,0,120
16,298,-7.522724726161654,-7.522724726161654,-7.522724726161654,136.961141996315,-460.5215561262884,26.635142317857863,-89.55816709205149,-0.9589391794649964,1,0,120
16,299,-7.52272607441889,-7.52272607441889,-7.52272607441889,136.9483645267644,-460.5001815400124,26.636581907011774,-89.56085079134964,-0.9589679150285575,1,0,120
16,300,-7.522727400062874,-7.522727400062874,-7.522727400062874,136.95384481594957,-460.5095848493532,26.63410753074727,-89.55686580700782,-0.9589252460265112,1,0,120
17,1,-5.272865378139343,-5.272865378139343,-5.272865378139343,111.47371416511498,-124.77932315644424,32.75330321431997,-42.912343052375824,-0.42963173618638695,1,0,120
17,2,-5.364551381578495,-5.364551381578495,-5.364551381578495,106.8551058064125,-127.2608184275571,31.953449861346854,-44.96793138643719,-0.4502119683999801,1,0,120
17,3,-5.434125181236145,-5.434125181236145,-5.434125181236145,115.92551100172832,-139.85034300814542,28.594893947869867,-42.1071208637495,-0.42156997627518633,1,0,120
17,4,-6.830168083639774,-6.830168083639774,-6.830168083639774,119.17543202003301,-302.7760386821989,27.61066356605242,-65.77243245536026,-0.6585034127479041,1,0,120
17,5,-7.1536482760697835,-7.1536482760697835,-7.1536482760697835,119.73227913256862,-357.0991490628726,26.655630137424346,-75.56169179523256,-0.7565119619672944,1,0,120
17,6,-6.130903313352273,-6.130903313352273,-6.130903313352273,119.56109496828225,-208.27820179867462,23.23192275503801,-47.970825178635536,-0.4802764762258718,1,0,120
17,7,-5.76335986588315,-5.76335986588315,-5.76335986588315,114.04986857174669,-166.54773325916682,28.65197784091099,-46.61559361318348,-0.4667081075705152,1,0,120
17,8,-6.6236267636484385,-6.6236267636484385,-6.6236267636484385,126.62546608527137,-280.58312868610653,25.285215779456177,-57.55678181673246,-0.5762495902645606,1,0,120
17,9,-7.277513729681317,-7.277513729681317,-7.277513729681317,114.88145570003914,-376.4199619708701,30.31011953042944,-81.99917153077234,-0.8209630126141669,1,0,120
17,10,-6.066808192655299,-6.066808192655299,-6.066808192655299,110.27138136162594,-194.85802161672544,31.868225285029457,-52.740595672828455,-0.52803068009513,1,0,120
17,11,-7.662065698263262,-7.662065698263262,-7.662065698263262,136.24971969857035,-496.7141186099942,26.0201921422797,-90.66083871186864,-0.9076822836812596,1,0,120
17,12,-7.408713945576043,-7.408713945576043,-7.408713945576043,130.43754055918725,-430.77326351388535,25.478746618043072,-76.48313566848881,-0.7657373153949133,1,0,120
17,13,-7.671302893770618,-7.671302893770618,-7.671302893770618,136.45598645983202,-498.8962341869258,26.339499894384918,-92.1526988106805,-0.9226185560637169,1,0,120
17,14,-7.486934044347831,-7.486934044347831,-7.486934044347831,142.02531150271602,-465.92203885707613,25.782758391682385,-81.31248971678421,-0.8140880605848346,1,0,120
17,15,-7.487355310723277,-7.487355310723277,-7.487355310723277,132.16099347205642,-446.84227393122205,25.808560648738812,-84.21974710812601,-0.8431950715690257,1,0,120
17,16,-7.512294724142248,-7.512294724142248,-7.512294724142248,137.74803866815282,-463.08762343018367,25.7629644705546,-83.98825205977893,-0.8408773789783761,1,0,120
17,17,-7.448760300116808,-7.448760300116808,-7.448760300116808,139.03507301517323,-450.17423791313934,26.835464843803376,-83.60585648015156,-0.8370488936266257,1,0,120
17,18,-7.6596026775366015,-7.6596026775366015,-7.6596026775366015,138.4395305037924,-502.292011222357,25.118009612783155,-86.68300568783127,-0.8678568351782303,1,0,120
17,19,-7.728300195799915,-7.728300195799915,-7.728300195799915,134.66704542092867,-510.51240463960244,25.637496656685084,-92.95244516329059,-0.9306254927523343,1,0,120
17,20,-7.682090719333254,-7.682090719333254,-7.682090719333254,134.24075285386246,-498.82547599406337,25.496331895925934,-89.81169264640444,-0.8991807647141887,1,0,120
17,21,-7.724869165342568,-7.724869165342568,-7.724869165342568,135.0913139435164,-510.5618209697974,25.543567358362743,-92.48905733521183,-0.9259861255459777,1,0,120
17,22,-7.750588152225193,-7.750588152225193,-7.750588152225193,133.79693095905571,-514.5086932114473,25.558067759309154,-93.90878066905252,-0.9402001758036815,1,0,120
17,23,-7.74904457690042,-7.74904457690042,-7.74904457690042,133.48002440521037,-513.4475392237383,25.465906793028328,-93.71973775827873,-0.9383075074431975,1,0,120
17,24,-7.754812590587448,-7.754812590587448,-7.754812590587448,133.72172107003553,-515.3743518892746,25.588467076005607,-94.24386092422469,-0.9435549474509833,1,0,120
17,25,-7.7627525874788015,-7.7627525874788015,-7.7627525874788015,134.11318690396317,-518.162992319289,25.815212133573116,-95.06659607368195,-0.9517920444151706,1,0,120
17,26,-7.76741558950224,-7.76741558950224,-7.76741558950224,132.93706937944145,-516.9537797303616,25.799858558685308,-95.4133207658525,-0.9552633983632436,1,0,120
17,27,-7.779913123092543,-7.779913123092543,-7.779913123092543,132.33445682643742,-519.0484530549802,25.860489337224966,-96.10430006587566,-0.9621813761575455,1,0,120
17,28,-7.787486523034436,-7.787486523034436,-7.787486523034436,131.63501834713833,-519.7272283730358,25.779718735281207,-96.23475198411984,-0.9634874405701945,1,0,120
17,29,-7.7756961919399705,-7.7756961919399705,-7.7756961919399705,130.8287470100488,-515.1269945456058,26.0369910351869,-96.14573770095863,-0.9625962433458141,1,0,120
17,30,-7.781190927644008,-7.781190927644008,-7.781190927644008,131.48478758767956,-517.8442182282339,25.835472235739402,-95.99759598698861,-0.9611130714365831,1,0,120
17,31,-7.797977259139497,-7.797977259139497,-7.797977259139497,131.74718803866165,-522.6953183241523,25.644448423702787,-96.46066233020628,-0.9657492199862734,1,0,120
17,32,-7.811067627061146,-7.811067627061146,-7.811067627061146,131.65891666672525,-525.7781309448794,25.58655306361073,-97.1541760907708,-0.9726925724072034,1,0,120
17,33,-7.814122562609432,-7.814122562609432,-7.814122562609432,131.89149764050072,-527.0858021294993,25.47271138150398,-97.03425058104372,-0.971491896767232,1,0,120
17,34,-7.817392353960283,-7.817392353960283,-7.817392353960283,131.55561765515716,-527.1455384125139,25.408371175256924,-97.20026140247366,-0.9731539714143707,1,0,120
17,35,-7.818729238156309,-7.818729238156309,-7.818729238156309,131.67194222753488,-527.6767782883807,25.2660203650882,-97.03470183341544,-0.9714964146361277,1,0,120
17,36,-7.818164796804536,-7.818164796804536,-7.818164796804536,131.30128543263615,-526.6916409779371,25.37282946883375,-97.31834525348269,-0.9743362086523295,1,0,120
17,37,-7.82350732723898,-7.82350732723898,-7.82350732723898,131.74704735718043,-529.1674061798639,25.339631570707656,-97.33495154728381,-0.9745024682953578,1,0,120
17,38,-7.821307179193039,-7.821307179193039,-7.821307179193039,130.76006851911703,-526.6104360585433,25.36340426060958,-97.28150548962394,-0.9739673746390478,1,0,120
17,39,-7.822814381149232,-7.822814381149232,-7.822814381149232,131.11508853985424,-527.6841502870495,25.251045234282504,-97.16316535642221,-0.9727825715434458,1,0,120
17,40,-7.8184230686542975,-7.8184230686542975,-7.8184230686542975,132.06634095252227,-528.4356259403075,25.128445497542558,-96.69110051522887,-0.9680563314249115,1,0,120
17,41,-7.823647953532017,-7.823647953532017,-7.823647953532017,131.9099518682393,-529.4475665011266,25.35037077903243,-97.44504089126485,-0.975604665766432,1,0,120
17,42,-7.830888817063167,-7.830888817063167,-7.830888817063167,132.3826007225714,-532.4563852093187,25.5301987443092,-98.01381958352759,-0.9812991899914181,1,0,120
17,43,-7.832907842276615,-7.832907842276615,-7.832907842276615,132.2444699492658,-532.7275196353789,25.573560346594377,-98.19007068153354,-0.9830637887025307,1,0,120
17,44,-7.8315860721533,-7.8315860721533,-7.8315860721533,132.97920088729103,-533.8941224576524,25.549146646882825,-98.02394720752565,-0.9814005861952193,1,0,120
17,45,-7.831492164311607,-7.831492164311607,-7.831492164311607,131.86254456098436,-531.553734832495,25.608855529084963,-98.22466403558626,-0.9834101320085591,1,0,120
17,46,-7.832749308113155,-7.832749308113155,-7.832749308113155,132.71895163918458,-533.8377846439971,25.820983946465915,-98.47103571666202,-0.9858767671433161,1,0,120
17,47,-7.834646671334046,-7.834646671334046,-7.834646671334046,132.55346313062435,-533.7802655491394,25.484886730358543,-98.12671318966206,-0.982429463301097,1,0,120
17,48,-7.829289272622447,-7.829289272622447,-7.829289272622447,133.4124863399772,-534.2048704739832,25.48404498796667,-97.72047209662202,-0.9783622403601352,1,0,120
17,49,-7.83115011034954,-7.83115011034954,-7.83115011034954,132.76229557780238,-533.2357500107025,25.43090657647631,-97.87641065617484,-0.9799234730804579,1,0,120
17,50,-7.836259635863111,-7.836259635863111,-7.836259635863111,133.0413380723448,-535.0238113419508,25.563655620921793,-98.52574015692505,-0.9864244595314625,1,0,120
17,51,-7.8396941818186,-7.8396941818186,-7.8396941818186,132.67442388799628,-535.1869910829323,25.38368590640692,-98.35638336463963,-0.9847288855420456,1,0,120
17,52,-7.8384228433657865,-7.8384228433657865,-7.8384228433657865,131.7981675481807,-533.062427595293,25.2759247085034,-98.1044111421855,-0.9822061786539229,1,0,120
17,53,-7.836217467061731,-7.836217467061731,-7.836217467061731,132.30540182136795,-533.466932210306,25.39340165011073,-98.25681315070642,-0.9837320039727413,1,0,120
17,54,-7.844284176045884,-7.844284176045884,-7.844284176045884,133.48649881143064,-538.0917726406473,25.38304842132353,-98.53514151578236,-0.986518584481094,1,0,120
17,55,-7.847196018969023,-7.847196018969023,-7.847196018969023,134.24781876701869,-540.4197579129077,25.40417392332138,-98.70278557325737,-0.9881970108347055,1,0,120
17,56,-7.850190495248674,-7.850190495248674,-7.850190495248674,135.11917894713966,-542.9787852065597,25.426510557927443,-98.89040769822566,-0.99007545450763,1,0,120
17,57,-7.851663041373893,-7.851663041373893,-7.851663041373893,135.39792975414068,-543.8720451929746,25.432825398926617,-99.03993244284251,-0.991572473105616,1,0,120
17,58,-7.853380771104089,-7.853380771104089,-7.853380771104089,136.4214587676283,-546.3460402118279,25.187468581633595,-98.67315707068956,-0.9879003748532286,1,0,120
17,59,-7.849455165337202,-7.849455165337202,-7.849455165337202,135.18884647779686,-542.7380930942353,25.218005262129424,-98.61765244901066,-0.9873446711726076,1,0,120
17,60,-7.85262003609949,-7.85262003609949,-7.85262003609949,136.00769567245064,-545.3060634336409,25.19625789276304,-98.65946400846728,-0.9877632820338249,1,0,120
17,61,-7.8487101891573685,-7.8487101891573685,-7.8487101891573685,137.34048286666948,-546.9642224471511,24.99717815716617,-97.99967433657754,-0.9811575699685141,1,0,120
17,62,-7.855185109927497,-7.855185109927497,-7.855185109927497,136.1000872971331,-546.2996953738257,25.200316131367366,-98.6851352335852,-0.9880202983660252,1,0,120
17,63,-7.856779455411004,-7.856779455411004,-7.856779455411004,137.3657603827178,-549.378937748738,25.427582803446686,-99.10063842548765,-0.9921802520071059,1,0,120
17,64,-7.858482256119272,-7.858482256119272,-7.858482256119272,137.07801070995754,-549.252950207332,25.306526653336245,-98.96354170737689,-0.9908076608867495,1,0,120
17,65,-7.850212324283343,-7.850212324283343,-7.850212324283343,135.9680141529195,-544.8934347256516,25.342024114657168,-98.50891735383996,-0.9862560322309968,1,0,120
17,66,-7.859707025928042,-7.859707025928042,-7.859707025928042,137.12318354991012,-549.676170642542,25.30488699092384,-99.0243374321235,-0.991416338272268,1,0,120
17,67,-7.85950060160115,-7.85950060160115,-7.85950060160115,136.97684941742017,-549.2958397106195,25.230679083575247,-98.89721671626427,-0.9901436253422563,1,0,120
17,68,-7.860955624974382,-7.860955624974382,-7.860955624974382,137.21907877509784,-550.1691391814743,25.334300194493853,-99.18681332654324,-0.9930430217773564,1,0,120
17,69,-7.861281119441237,-7.861281119441237,-7.861281119441237,138.52326720373304,-552.8161222315456,25.49485028386986,-99.56504721733212,-0.9968298409446487,1,0,120
17,70,-7.859257311098042,-7.859257311098042,-7.859257311098042,137.9891933041122,-551.3309537025223,25.651642150041457,-99.64041111971447,-0.9975843726696303,1,0,120
17,71,-7.861166389903775,-7.861166389903775,-7.861166389903775,139.25352986207443,-554.2362504964135,25.400411761633197,-99.37069428790885,-0.9948840094993902,1,0,120
17,72,-7.863453522344843,-7.863453522344843,-7.863453522344843,139.77888114607651,-555.8532801908984,25.331289005741972,-99.40746171087957,-0.9952521192468987,1,0,120
17,73,-7.859972646856954,-7.859972646856954,-7.859972646856954,141.15128602382964,-557.5729357930604,25.288106268410875,-99.17608651101227,-0.9929356265606771,1,0,120
17,74,-7.863992621682342,-7.863992621682342,-7.863992621682342,140.15358125155265,-556.7312244912306,25.265252634519957,-99.31853126292097,-0.9943617613675899,1,0,120
17,75,-7.862348304767818,-7.862348304767818,-7.862348304767818,140.38255878847087,-556.7276053623135,25.326799091982174,-99.3583771259009,-0.9947606919799552,1,0,120
17,76,-7.864402120898481,-7.864402120898481,-7.864402120898481,139.74222646998663,-556.0006399291876,25.175306276034775,-99.18841938347155,-0.9930591013707191,1,0,120
17,77,-7.859267774687226,-7.859267774687226,-7.859267774687226,139.4868033132154,-553.9524568570424,25.02448156809103,-98.75137200972172,-0.9886834507158326,1,0,120
17,78,-7.862981944833897,-7.862981944833897,-7.862981944833897,139.93859179370452,-555.9881422379909,25.240035190471826,-99.25390849243315,-0.9937147681925035,1,0,120
17,79,-7.862449424655121,-7.862449424655121,-7.862449424655121,138.96211567697497,-554.0007182082495,24.99848355439787,-98.64718657853275,-0.9876403623057588,1,0,120
17,80,-7.865836933483845,-7.865836933483845,-7.865836933483845,139.68507833733543,-556.333688969427,25.21706423360053,-99.2949818252042,-0.9941259880424159,1,0,120
17,81,-7.866123437410055,-7.866123437410055,-7.866123437410055,140.281169889659,-557.6095918756083,25.21438497400419,-99.29177882643056,-0.9940939201144902,1,0,120
17,82,-7.8666354194508585,-7.8666354194508585,-7.8666354194508585,140.26132089673638,-557.7005051012319,25.180869236064922,-99.26310203044221,-0.9938068124719712,1,0,120
17,83,-7.866621798941158,-7.866621798941158,-7.866621798941158,140.4311871265243,-558.031162182344,25.185433682262662,-99.2742055221497,-0.9939179789122234,1,0,120
17,84,-7.866523635021804,-7.866523635021804,-7.866523635021804,140.1769330481268,-557.5022248797131,25.191700077593993,-99.27861024572977,-0.9939620783228945,1,0,120
17,85,-7.866797215716333,-7.866797215716333,-7.866797215716333,140.23134904804323,-557.6895998961257,25.181210104493083,-99.26831746530762,-0.9938590285985401,1,0,120
17,86,-7.8670194156158715,-7.8670194156158715,-7.8670194156158715,140.22577189229793,-557.7465710369913,25.154491332799733,-99.22019433432075,-0.9933772272601378,1,0,120
17,87,-7.867225442590401,-7.867225442590401,-7.867225442590401,140.29911373666545,-557.9498662521464,25.14401406432788,-99.20944360182811,-0.9932695925905405,1,0,120
17,88,-7.867383399186475,-7.867383399186475,-7.867383399186475,140.315006632879,-558.0189162605607,25.109046893808486,-99.15441026684148,-0.9927186073593315,1,0,120
17,89,-7.867537449708797,-7.867537449708797,-7.867537449708797,140.24917185418067,-557.9352573147567,25.099762304031938,-99.1394498601097,-0.9925688260828727,1,0,120
17,90,-7.8675599948850525,-7.8675599948850525,-7.8675599948850525,140.2293596223782,-557.9050078185824,25.095451145024878,-99.12917246605058,-0.992465930404403,1,0,120
17,91,-7.867709747818119,-7.867709747818119,-7.867709747818119,140.3726370875645,-558.231096932833,25.071907881577175,-99.09018028832962,-0.9920755467567076,1,0,120
17,92,-7.867746747310204,-7.867746747310204,-7.867746747310204,140.30180653594516,-558.0980549320557,25.056790037174526,-99.06461822653716,-0.9918196233508243,1,0,120
17,93,-7.867751797473271,-7.867751797473271,-7.867751797473271,140.4241411473475,-558.347835474158,25.03752061082557,-99.0212648181465,-0.9913855757367441,1,0,120
17,94,-7.8678830728096,-7.8678830728096,-7.8678830728096,140.45899510255146,-558.4489653653932,25.040911864518176,-99.03925805710813,-0.9915657212600324,1,0,120
17,95,-7.867861382333416,-7.867861382333416,-7.867861382333416,140.3984453967684,-558.323562235147,25.029942479129243,-99.01545339572395,-0.9913273926750066,1,0,120
17,96,-7.867823224270949,-7.867823224270949,-7.867823224270949,140.40414439679546,-558.3245317646706,25.03935837036248,-99.03197127121352,-0.991492767087586,1,0,120
17,97,-7.868046609237638,-7.868046609237638,-7.868046609237638,140.52533069365523,-558.6210766113466,25.026965692915685,-99.02497571233978,-0.9914227286349934,1,0,120
17,98,-7.86816565339466,-7.86816565339466,-7.86816565339466,140.5945350862111,-558.79520537199,25.04252128055606,-99.05833289032988,-0.9917566955376318,1,0,120
17,99,-7.868263705514747,-7.868263705514747,-7.868263705514747,140.78569398487173,-559.1969491804607,25.033785013424907,-99.05101994817637,-0.9916834794927702,1,0,120
17,100,-7.868375131783456,-7.868375131783456,-7.868375131783456,140.7893913319739,-559.2339789996136,25.017548433529655,-99.02577406712777,-0.9914307216395524,1,0,120
17,101,-7.868472830116016,-7.868472830116016,-7.868472830116016,140.7663189586528,-559.2138426176776,25.02157072893146,-99.04024898008359,-0.9915756422274765,1,0,120
17,102,-7.868504913657057,-7.868504913657057,-7.868504913657057,140.78811143063785,-559.2624240161656,25.027415427049476,-99.057091952574,-0.9917442714609063,1,0,120
17,103,-7.86847607692185,-7.86847607692185,-7.86847607692185,140.79019598902917,-559.2592564600341,25.032135916397497,-99.06427602480873,-0.9918161972800891,1,0,120
17,104,-7.868489130858407,-7.868489130858407,-7.868489130858407,140.7545941592872,-559.1912404654308,25.019677322853806,-99.04118012764398,-0.9915849647327177,1,0,120
17,105,-7.868657802257013,-7.868657802257013,-7.868657802257013,140.95843665208173,-559.6474804380664,25.014291730901096,-99.03437228907217,-0.9915168057067303,1,0,120
17,106,-7.868756205081638,-7.868756205081638,-7.868756205081638,141.05727716271497,-559.8721866359853,25.01273142739688,-99.03509002782216,-0.9915239915959957,1,0,120
17,107,-7.868836815451524,-7.868836815451524,-7.868836815451524,141.1460358233643,-560.0736239133498,25.00020686873139,-99.01143443542279,-0.9912871554665711,1,0,120
17,108,-7.868871367262924,-7.868871367262924,-7.868871367262924,141.24525217873463,-560.2764098285256,24.96944928591917,-98.95580772647943,-0.9907302294671566,1,0,120
17,109,-7.8688686061975535,-7.8688686061975535,-7.8688686061975535,141.14803802819296,-560.088300757238,24.970384979336952,-98.95205197666677,-0.9906926274813892,1,0,120
17,110,-7.868878400553461,-7.868878400553461,-7.868878400553461,141.2335364449782,-560.2548934134448,24.97804876202761,-98.97346261023101,-0.9909069874304562,1,0,120
17,111,-7.868886532082583,-7.868886532082583,-7.868886532082583,141.4792600297616,-560.7477401767939,24.978927546107045,-98.97215398281612,-0.9908938856553425,1,0,120
17,112,-7.868953050324178,-7.868953050324178,-7.868953050324178,141.47987073829916,-560.7651561282056,24.982125282433415,-98.9842272686118,-0.9910147615238902,1,0,120
17,113,-7.868988802165656,-7.868988802165656,-7.868988802165656,141.44986986707198,-560.7158417481287,24.963736997331196,-98.94943479202183,-0.9906664246338414,1,0,120
17,114,-7.868980143560159,-7.868980143560159,-7.868980143560159,141.4171056861175,-560.644671320422,24.964660617841155,-98.95463843231249,-0.9907185226749535,1,0,120
17,115,-7.868937093977681,-7.868937093977681,-7.868937093977681,141.44125542190574,-560.685592724021,24.959891805344707,-98.93793409881981,-0.990551281473709,1,0,120
17,116,-7.869079380612965,-7.869079380612965,-7.869079380612965,141.4846962636298,-560.8084686828968,24.957472460851818,-98.9432941528984,-0.9906049455054545,1,0,120
17,117,-7.869123414134357,-7.869123414134357,-7.869123414134357,141.51043539078563,-560.868517169107,24.959477989296108,-98.95275816681212,-0.9906996977478124,1,0,120
17,118,-7.869166081656113,-7.869166081656113,-7.869166081656113,141.5454247788544,-560.9484978195625,24.95194745644551,-98.94127110506724,-0.990584691063719,1,0,120
17,119,-7.869192892403781,-7.869192892403781,-7.869192892403781,141.56774871423747,-561.0005921038755,24.93416885635249,-98.90703041855146,-0.9902418786104807,1,0,120
17,120,-7.869227366011915,-7.869227366011915,-7.869227366011915,141.7578319972119,-561.3899715020555,24.925093753728177,-98.88763517045399,-0.990047696388743,1,0,120
17,121,-7.869243870518072,-7.869243870518072,-7.869243870518072,141.8366399966083,-561.5479897320686,24.926819048418558,-98.89455522638471,-0.9901169789175575,1,0,120
17,122,-7.8692099301158,-7.8692099301158,-7.8692099301158,141.78933533198438,-561.4483265586011,24.952663583393655,-98.94051513723166,-0.9905771224307663,1,0,120
17,123,-7.869180855855522,-7.869180855855522,-7.869180855855522,141.88330104869436,-561.6205844260303,24.926443174454153,-98.89279570671111,-0.9900993628789436,1,0,120
17,124,-7.869324448513535,-7.869324448513535,-7.869324448513535,141.83516630082312,-561.569621645536,24.914516143133046,-98.87225063719484,-0.9898936688231431,1,0,120
17,125,-7.869322505028719,-7.869322505028719,-7.869322505028719,141.86984177567456,-561.6390525469333,24.894476626900513,-98.83116145547909,-0.9894822902960496,1,0,120
17,126,-7.869298263271543,-7.869298263271543,-7.869298263271543,141.75606150056674,-561.4044113485133,24.90784427632051,-98.85892755131324,-0.9897602801495933,1,0,120
17,127,-7.869353116590936,-7.869353116590936,-7.869353116590936,141.82241306323522,-561.5557712088546,24.912150430714544,-98.8656261835295,-0.989827345818453,1,0,120
17,128,-7.869347932647956,-7.869347932647956,-7.869347932647956,141.8855263725382,-561.6819127573989,24.908066455932005,-98.85466727745391,-0.9897176269471667,1,0,120
17,129,-7.869347472554305,-7.869347472554305,-7.869347472554305,141.82896998354232,-561.5670496431974,24.90186984996388,-98.84510945932526,-0.9896219355515289,1,0,120
17,130,-7.869364080837339,-7.869364080837339,-7.869364080837339,141.96638855218035,-561.8442321446323,24.90579576679711,-98.85328322598241,-0.989703770038073,1,0,120
17,131,-7.86930795443519,-7.86930795443519,-7.86930795443519,141.94065171074053,-561.7789462848882,24.884205939597653,-98.80633373716775,-0.9892337190234294,1,0,120
17,132,-7.8693447565716,-7.8693447565716,-7.8693447565716,141.92067070092443,-561.745886970105,24.901572607477174,-98.84637244850546,-0.9896345804037014,1,0,120
17,133,-7.869408300840281,-7.869408300840281,-7.869408300840281,141.84469856714327,-561.6177440093228,24.93038854607063,-98.9021287038346,-0.990192803401478,1,0,120
17,134,-7.869393259810399,-7.869393259810399,-7.869393259810399,141.9630594809193,-561.8472525118907,24.949600340120305,-98.940025862667,-0.9905722238895603,1,0,120
17,135,-7.869383762562945,-7.869383762562945,-7.869383762562945,141.88023714062717,-561.6830038883031,24.9323468239199,-98.90301372296848,-0.9902016640760531,1,0,120
17,136,-7.86940168638014,-7.86940168638014,-7.86940168638014,141.77432286808633,-561.4777907314219,24.952113138688574,-98.94354839062704,-0.9906074908942399,1,0,120
17,137,-7.869393271184589,-7.869393271184589,-7.869393271184589,141.80949761106868,-561.5446415957219,24.933286584965,-98.90629628260272,-0.9902345285549998,1,0,120
17,138,-7.86942897315478,-7.86942897315478,-7.86942897315478,141.79387235191945,-561.5235052906057,24.917968278551573,-98.87793632256867,-0.9899505930250116,1,0,120
17,139,-7.86941302691765,-7.86941302691765,-7.86941302691765,141.78720820680954,-561.5092619923977,24.923493819567046,-98.88465900080432,-0.9900178994388954,1,0,120
17,140,-7.869404451914677,-7.869404451914677,-7.869404451914677,141.75431941187907,-561.4368534588266,24.919591759883176,-98.88136227512676,-0.9899848931317159,1,0,120
17,141,-7.86944808966236,-7.86944808966236,-7.86944808966236,141.70403767051243,-561.3490916185367,24.915706858082512,-98.87622361258457,-0.9899334456377633,1,0,120
17,142,-7.869423787845443,-7.869423787845443,-7.869423787845443,141.5693682587414,-561.0742994599168,24.925130514480475,-98.89480873483235,-0.9901195170048943,1,0,120
17,143,-7.869457952589889,-7.869457952589889,-7.869457952589889,141.76351550436237,-561.4695853820449,24.905699473222963,-98.85699146566004,-0.9897408963597225,1,0,120
17,144,-7.86944491566924,-7.86944491566924,-7.86944491566924,141.67667359486848,-561.2941638126993,24.896329636775235,-98.83749186142542,-0.989545669340493,1,0,120
17,145,-7.869464660179145,-7.869464660179145,-7.869464660179145,141.83050108352097,-561.603313958552,24.912726713286272,-98.87207736390813,-0.9898919340378178,1,0,120
17,146,-7.869459980915538,-7.869459980915538,-7.869459980915538,141.9720050504165,-561.8805244361328,24.887211035238224,-98.82299785428532,-0.9894005575845514,1,0,120
17,147,-7.869464393873543,-7.869464393873543,-7.869464393873543,141.83448862635584,-561.6116966504924,24.922452113596233,-98.89076487451088,-0.9900790305013099,1,0,120
17,148,-7.869465151710863,-7.869465151710863,-7.869465151710863,141.9713756762445,-561.8850667980039,24.908584634086857,-98.8612324047745,-0.9897833559856763,1,0,120
17,149,-7.869468991112503,-7.869468991112503,-7.869468991112503,141.95148934359355,-561.8452481321403,24.914340175015273,-98.87434405721785,-0.9899146278203704,1,0,120
17,150,-7.869458250574934,-7.869458250574934,-7.869458250574934,141.9707074330818,-561.8824384093762,24.907895359785808,-98.85889336655032,-0.9897599378970384,1,0,120
17,151,-7.869466143056413,-7.869466143056413,-7.869466143056413,141.91958650150175,-561.7799793720288,24.914131433103655,-98.87509467821688,-0.9899221429216232,1,0,120
17,152,-7.869449672649873,-7.869449672649873,-7.869449672649873,141.99741219742086,-561.9321372645272,24.937412636100106,-98.91765391540086,-0.990348239416513,1,0,120
17,153,-7.869441858243346,-7.869441858243346,-7.869441858243346,141.932198681062,-561.7970180934636,24.91214963802305,-98.87108142796573,-0.9898819628813246,1,0,120
17,154,-7.8694730817601695,-7.8694730817601695,-7.8694730817601695,142.06201681499869,-562.0683919914682,24.916633481545173,-98.87587608261516,-0.9899299662215042,1,0,120
17,155,-7.869438073563728,-7.869438073563728,-7.869438073563728,142.1647011255694,-562.2629026012736,24.92196377453246,-98.88353277304739,-0.9900066238209232,1,0,120
17,156,-7.869451195986839,-7.869451195986839,-7.869451195986839,142.05707632729994,-562.0525134642999,24.924728859211264,-98.8907658446143,-0.9900790402138351,1,0,120
17,157,-7.869482191927752,-7.869482191927752,-7.869482191927752,141.89978099171935,-561.751605157016,24.9061516850134,-98.85375329282265,-0.9897084762745152,1,0,120
17,158,-7.869470783474854,-7.869470783474854,-7.869470783474854,141.87984858135056,-561.7066474742225,24.88952321652865,-98.8225427460982,-0.9893960011118287,1,0,120
17,159,-7.869469563601421,-7.869469563601421,-7.869469563601421,141.8360189180163,-561.6229711245272,24.920905259268523,-98.88116491031035,-0.9899829171457243,1,0,120
17,160,-7.8694481551470545,-7.8694481551470545,-7.8694481551470545,141.7881768425496,-561.5196561242499,24.88310572582951,-98.80778173549695,-0.9892482161585638,1,0,120
17,161,-7.869462392577853,-7.869462392577853,-7.869462392577853,141.9618261686193,-561.8698671983403,24.90043987183606,-98.84049014066836,-0.9895756876481661,1,0,120
17,162,-7.869487075089914,-7.869487075089914,-7.869487075089914,141.93751042992835,-561.8289094325769,24.92289638333931,-98.88592098467393,-0.990030534226054,1,0,120
17,163,-7.86943572849757,-7.86943572849757,-7.86943572849757,141.86739447304342,-561.6773377035712,24.94521032301047,-98.92588536355552,-0.9904306514012815,1,0,120
17,164,-7.869491634124469,-7.869491634124469,-7.869491634124469,141.9453665535549,-561.8449007722237,24.925221197959473,-98.89159215584478,-0.990087313113969,1,0,120
17,165,-7.8694919811137165,-7.8694919811137165,-7.8694919811137165,142.03337086025385,-562.0201851976301,24.917966784331995,-98.87627065802289,-0.9899339166494096,1,0,120
17,166,-7.869450448308652,-7.869450448308652,-7.869450448308652,141.99679715242786,-561.937268137189,24.939372196209593,-98.91544062116229,-0.9903260802571948,1,0,120
17,167,-7.869494282496664,-7.869494282496664,-7.869494282496664,142.01348856732483,-561.9807353757228,24.920927284636267,-98.88298663035852,-0.9900011559248603,1,0,120
17,168,-7.869473991435198,-7.869473991435198,-7.869473991435198,142.1328768708094,-562.2109309807465,24.92948751603945,-98.89929793638692,-0.9901644621959697,1,0,120
17,169,-7.869485866277113,-7.869485866277113,-7.869485866277113,142.0041979945222,-561.9621049184113,24.920243447734702,-98.87909243579175,-0.9899621678516449,1,0,120
17,170,-7.869476288121088,-7.869476288121088,-7.869476288121088,141.85157032774802,-561.6524661600189,24.907596096626925,-98.85833130070878,-0.9897543105808358,1,0,120
17,171,-7.869503582709952,-7.869503582709952,-7.869503582709952,142.10440681826051,-562.1632502219744,24.91025668713346,-98.86236963977422,-0.9897947418064594,1,0,120
17,172,-7.869497553203506,-7.869497553203506,-7.869497553203506,142.14832549445984,-562.2481584969642,24.91327932365892,-98.8683560018647,-0.989854676337073,1,0,120
17,173,-7.869499150507577,-7.869499150507577,-7.869499150507577,142.10023352363385,-562.1541308869545,24.91382212529283,-98.86882116389572,-0.9898593334673246,1,0,120
17,174,-7.869505649855422,-7.869505649855422,-7.869505649855422,142.10205159634884,-562.1587590474469,24.90571512584998,-98.85389552404646,-0.989709900271512,1,0,120
17,175,-7.869507168226716,-7.869507168226716,-7.869507168226716,142.10485140992486,-562.16479363302,24.904341334061925,-98.85118484577464,-0.9896827613802437,1,0,120
17,176,-7.869507352051282,-7.869507352051282,-7.869507352051282,142.12381659029973,-562.2021693747179,24.903040454589146,-98.84882625117194,-0.9896591474961711,1,0,120
17,177,-7.869509972402422,-7.869509972402422,-7.869509972402422,142.11613439249612,-562.1873531951638,24.89981628396816,-98.842925788975,-0.9896000729819951,1,0,120
17,178,-7.869510871396768,-7.869510871396768,-7.869510871396768,142.1103131946768,-562.175781394606,24.897091928545002,-98.83788332938538,-0.9895495886571123,1,0,120
17,179,-7.869512081573222,-7.869512081573222,-7.869512081573222,142.1117276319022,-562.1790680033884,24.894054517459644,-98.8317848252867,-0.9894885313780712,1,0,120
17,180,-7.869511146642289,-7.869511146642289,-7.869511146642289,142.1291308567051,-562.2132404396859,24.892038529496553,-98.82775410601953,-0.9894481764406883,1,0,120
17,181,-7.869510842210136,-7.869510842210136,-7.869510842210136,142.11610427380376,-562.1874447771165,24.89370698003854,-98.83097200392272,-0.9894803935363927,1,0,120
17,182,-7.869513728978636,-7.869513728978636,-7.869513728978636,142.113074463477,-562.1819137352428,24.893169454381894,-98.83039741278151,-0.9894746408188285,1,0,120
17,183,-7.869514914739794,-7.869514914739794,-7.869514914739794,142.1170563368245,-562.1901249407372,24.89247125609744,-98.82907648933228,-0.9894614159377223,1,0,120
17,184,-7.869516865922355,-7.869516865922355,-7.869516865922355,142.10238669930055,-562.1613746282715,24.89297289288809,-98.83043278245209,-0.9894749949344955,1,0,120
17,185,-7.86951865512184,-7.86951865512184,-7.86951865512184,142.08833862691444,-562.1338505540798,24.8918542495954,-98.82853144351192,-0.989455959023337,1,0,120
17,186,-7.869519480557783,-7.869519480557783,-7.869519480557783,142.0881758207911,-562.1333653647655,24.89081129640341,-98.82690302318072,-0.9894396555310463,1,0,120
17,187,-7.869519857161493,-7.869519857161493,-7.869519857161493,142.078726244604,-562.1144084825625,24.889791887247707,-98.82526411420938,-0.9894232470281139,1,0,120
17,188,-7.869520965219029,-7.869520965219029,-7.869520965219029,142.0619458839221,-562.0815680082147,24.89003267775076,-98.82573425298393,-0.9894279539847515,1,0,120
17,189,-7.869520995539739,-7.869520995539739,-7.869520995539739,142.05048526537524,-562.0589760441699,24.88867117319282,-98.82295649057914,-0.9894001434575279,1,0,120
17,190,-7.869521637573251,-7.869521637573251,-7.869521637573251,142.0526011695769,-562.0635611031929,24.890346068800177,-98.82608709105078,-0.9894314865448605,1,0,120
17,191,-7.869521387630701,-7.869521387630701,-7.869521387630701,142.03619285779615,-562.0308894430796,24.893089603829264,-98.83162771715897,-0.9894869584358154,1,0,120
17,192,-7.869521798108501,-7.869521798108501,-7.869521798108501,142.05795553006328,-562.0742586829449,24.889769081817562,-98.82489876702422,-0.9894195892286487,1,0,120
17,193,-7.869522022769796,-7.869522022769796,-7.869522022769796,142.05107021856406,-562.0605800805281,24.888550495333785,-98.82261088407151,-0.9893966832986704,1,0,120
17,194,-7.86952173561299,-7.86952173561299,-7.86952173561299,142.05141113911583,-562.0611786393717,24.886859255877198,-98.81924459982163,-0.9893629805818318,1,0,120
17,195,-7.869522122671236,-7.869522122671236,-7.869522122671236,142.0546951047675,-562.0676211948457,24.888249817171786,-98.82218271240613,-0.9893923965102338,1,0,120
17,196,-7.869522324991737,-7.869522324991737,-7.869522324991737,142.0522946424938,-562.0630903642669,24.889048846514154,-98.82361053333217,-0.9894066916323312,1,0,120
17,197,-7.869522232182653,-7.869522232182653,-7.869522232182653,142.05153640898718,-562.0616257959296,24.887885149793888,-98.82124015803164,-0.9893829598017355,1,0,120
17,198,-7.869522336382541,-7.869522336382541,-7.869522336382541,142.052337008307,-562.0633698828549,24.88934913748723,-98.82401303255062,-0.989410721392203,1,0,120
17,199,-7.869522229433754,-7.869522229433754,-7.869522229433754,142.07235506100483,-562.1031252040414,24.890635858353637,-98.82639160495704,-0.9894345352909538,1,0,120
17,200,-7.869522161153515,-7.869522161153515,-7.869522161153515,142.05928638874659,-562.0770948564381,24.887835189317894,-98.82098893955559,-0.9893804446412398,1,0,120
17,201,-7.869522312655283,-7.869522312655283,-7.869522312655283,142.0408729840414,-562.0404628384698,24.89011905510137,-98.82574402664373,-0.9894280518371205,1,0,120
17,202,-7.869522337886067,-7.869522337886067,-7.869522337886067,142.0448184965158,-562.0484220019841,24.890333326829754,-98.82602727251951,-0.9894308876509847,1,0,120
17,203,-7.869522358895711,-7.869522358895711,-7.869522358895711,142.04359106044473,-562.0459938378249,24.890229422793936,-98.8258270730205,-0.9894288832845899,1,0,120
17,204,-7.869522359370251,-7.869522359370251,-7.869522359370251,142.04377925814651,-562.046376229262,24.890448758156015,-98.82625152619065,-0.9894331328440277,1,0,120
17,205,-7.869522339015629,-7.869522339015629,-7.869522339015629,142.04253164328102,-562.0439350544584,24.89062803999163,-98.82657127043039,-0.9894363340738624,1,0,120
17,206,-7.869522361408771,-7.869522361408771,-7.869522361408771,142.04393018969068,-562.0466820033323,24.8903950633821,-98.82613890006111,-0.9894320052486523,1,0,120
17,207,-7.869522366540586,-7.869522366540586,-7.869522366540586,142.0442259489244,-562.0472400308192,24.89016333253387,-98.82570930862157,-0.9894277042456566,1,0,120
17,208,-7.869522367185339,-7.869522367185339,-7.869522367185339,142.0440911419583,-562.0469661048036,24.889990298988728,-98.82537409582929,-0.9894243481470683,1,0,120
17,209,-7.869522389023554,-7.869522389023554,-7.869522389023554,142.04603727604734,-562.0508238159882,24.890036593339467,-98.82546748365863,-0.9894252831315601,1,0,120
17,210,-7.869522404799286,-7.869522404799286,-7.869522404799286,142.04783409210742,-562.0543865765825,24.89005537326777,-98.82550377001066,-0.9894256464248997,1,0,120
17,211,-7.869522421798266,-7.869522421798266,-7.869522421798266,142.05074524885492,-562.0601532227333,24.8899211310502,-98.825239394157,-0.989422999534776,1,0,120
17,212,-7.869522411651482,-7.869522411651482,-7.869522411651482,142.05224579373885,-562.063080122381,24.88973322841321,-98.82490738320473,-0.9894196754925143,1,0,120
17,213,-7.869522421554421,-7.869522421554421,-7.869522421554421,142.05118172127428,-562.0610287714596,24.88987801944317,-98.82514238359119,-0.9894220282800074,1,0,120
17,214,-7.869522421784988,-7.869522421784988,-7.869522421784988,142.05079947344427,-562.0602557153886,24.889756409953392,-98.82491818006521,-0.9894197835890101,1,0,120
17,215,-7.869522416909119,-7.869522416909119,-7.869522416909119,142.0507232975042,-562.060123637524,24.88999185435489,-98.82536390308134,-0.9894242460988536,1,0,120
17,216,-7.869522424720312,-7.869522424720312,-7.869522424720312,142.05119563323427,-562.061015611486,24.89002771752954,-98.82548043931156,-0.9894254128415517,1,0,120
17,217,-7.869522426446069,-7.869522426446069,-7.869522426446069,142.05172685226876,-562.0620883797568,24.89024831393666,-98.82589638217277,-0.9894295771970939,1,0,120
17,218,-7.869522421035618,-7.869522421035618,-7.869522421035618,142.05118957211724,-562.061026301317,24.890265685081634,-98.8259275670447,-0.9894298894152045,1,0,120
17,219,-7.869522422233733,-7.869522422233733,-7.869522422233733,142.05097133148038,-562.060585326386,24.890347637776788,-98.82609916983704,-0.9894316074757987,1,0,120
17,220,-7.869522436449164,-7.869522436449164,-7.869522436449164,142.0537624039838,-562.0661202522926,24.890195921049628,-98.8257932567217,-0.9894285447210407,1,0,120
17,221,-7.869522440345806,-7.869522440345806,-7.869522440345806,142.0559775021836,-562.0705187638802,24.890119363029285,-98.82562900831478,-0.9894269002914148,1,0,120
17,222,-7.869522447281956,-7.869522447281956,-7.869522447281956,142.05683705306288,-562.072207308756,24.889966245133227,-98.8253410461633,-0.9894240172589283,1,0,120
17,223,-7.869522445307941,-7.869522445307941,-7.869522445307941,142.0579479493451,-562.0744278935537,24.89007429236382,-98.82553253961308,-0.9894259344617059,1,0,120
17,224,-7.869522446481484,-7.869522446481484,-7.869522446481484,142.05621613128494,-562.0709832569434,24.89005081785028,-98.8255032016803,-0.9894256407348643,1,0,120
17,225,-7.869522446438133,-7.869522446438133,-7.869522446438133,142.0580830803508,-562.0746411534994,24.88988828205987,-98.82521894476226,-0.9894227947986012,1,0,120
17,226,-7.869522445125046,-7.869522445125046,-7.869522445125046,142.0569896443039,-562.07251226473,24.89003456095121,-98.82547263314895,-0.9894253346874601,1,0,120
17,227,-7.869522452072156,-7.869522452072156,-7.869522452072156,142.05738817847293,-562.0732983315784,24.889836115922066,-98.8250849111639,-0.9894214528749616,1,0,120
17,228,-7.86952245359936,-7.86952245359936,-7.86952245359936,142.05758698340188,-562.073698331572,24.88983693656494,-98.82508054722578,-0.9894214091838888,1,0,120
17,229,-7.869522453329771,-7.869522453329771,-7.869522453329771,142.05833677167828,-562.0751913221934,24.889969906625442,-98.82533476352958,-0.989423954358172,1,0,120
17,230,-7.869522451971466,-7.869522451971466,-7.869522451971466,142.05729066946935,-562.0730908326314,24.88988246381291,-98.8251911104066,-0.9894225161253409,1,0,120
17,231,-7.869522454905977,-7.869522454905977,-7.869522454905977,142.05800006690964,-562.0745139748301,24.889460906827498,-98.8243386785604,-0.9894139817096457,1,0,120
17,232,-7.86952245218907,-7.86952245218907,-7.86952245218907,142.05650820506804,-562.0715459093144,24.88941915272619,-98.82427025849981,-0.9894132966985898,1,0,120
17,233,-7.869522452792688,-7.869522452792688,-7.869522452792688,142.0574156449567,-562.0733483683816,24.88944142175469,-98.82430823509796,-0.9894136769144121,1,0,120
17,234,-7.869522450826532,-7.869522450826532,-7.869522450826532,142.05941491259347,-562.0773410541724,24.889381874265226,-98.82415430333367,-0.9894121357734154,1,0,120
17,235,-7.8695224512462145,-7.8695224512462145,-7.8695224512462145,142.0574143557006,-562.073370205935,24.88951881072918,-98.82443651564458,-0.9894149612393882,1,0,120
17,236,-7.869522452158957,-7.869522452158957,-7.869522452158957,142.05979405497186,-562.0780599843484,24.88937503709239,-98.82417273679908,-0.9894123203264177,1,0,120
17,237,-7.869522458866728,-7.869522458866728,-7.869522458866728,142.05798808373,-562.0744941766352,24.889500782844912,-98.82441499559843,-0.9894147457840172,1,0,120
17,238,-7.8695224578637655,-7.8695224578637655,-7.8695224578637655,142.0578060192296,-562.0741467561957,24.88960011132606,-98.82459832008685,-0.9894165812004182,1,0,120
17,239,-7.869522459286883,-7.869522459286883,-7.869522459286883,142.05814141228677,-562.074780868941,24.889445572396404,-98.82432265332338,-0.9894138212674531,1,0,120
17,240,-7.869522458490724,-7.869522458490724,-7.869522458490724,142.05796645910857,-562.074441646093,24.889468419917197,-98.82436054099847,-0.9894142005929916,1,0,120
17,241,-7.869522459332222,-7.869522459332222,-7.869522459332222,142.05814346489223,-562.0747844745724,24.889445216070065,-98.82432242022313,-0.9894138189336895,1,0,120
17,242,-7.869522459402781,-7.869522459402781,-7.869522459402781,142.0581574946525,-562.0748117446138,24.88944897607707,-98.82433038586912,-0.9894138986845041,1,0,120
17,243,-7.86952245984176,-7.86952245984176,-7.86952245984176,142.0582924961554,-562.0750811697001,24.889440153150936,-98.82431085874255,-0.9894137031819357,1,0,120
17,244,-7.869522459622126,-7.869522459622126,-7.869522459622126,142.0582521420004,-562.0749990939444,24.88945044254529,-98.8243333529272,-0.9894139283902305,1,0,120
17,245,-7.869522459701485,-7.869522459701485,-7.869522459701485,142.0582704576163,-562.0750368964292,24.889422321948683,-98.82427616907606,-0.9894133558743644,1,0,120
17,246,-7.869522459890783,-7.869522459890783,-7.869522459890783,142.05829190721965,-562.0750805418866,24.88944501453201,-98.82431995946372,-0.9894137942969473,1,0,120
17,247,-7.869522460205193,-7.869522460205193,-7.869522460205193,142.05857303613993,-562.0756381952058,24.88943985655291,-98.82430865570349,-0.9894136811254496,1,0,120
17,248,-7.8695224607894465,-7.8695224607894465,-7.8695224607894465,142.0587179962939,-562.0759261621785,24.889435382607708,-98.82429895431449,-0.9894135839966446,1,0,120
17,249,-7.86952246181939,-7.86952246181939,-7.86952246181939,142.05905887668803,-562.0766021306108,24.889417247123948,-98.82426215354128,-0.9894132155529997,1,0,120
17,250,-7.869522463027445,-7.869522463027445,-7.869522463027445,142.05999290087027,-562.0784522284707,24.889364867587446,-98.82415754101149,-0.9894121681885445,1,0,120
17,251,-7.869522463741684,-7.869522463741684,-7.869522463741684,142.05970883501539,-562.077890814357,24.889373713208705,-98.82417443359812,-0.989412337314507,1,0,120
17,252,-7.869522464734629,-7.869522464734629,-7.869522464734629,142.05982822501107,-562.0781299646903,24.88944677779597,-98.82431654667612,-0.989413760128646,1,0,120
17,253,-7.869522464957379,-7.869522464957379,-7.869522464957379,142.06045993579482,-562.0793802758725,24.889453112757206,-98.82432922441198,-0.9894138870561752,1,0,120
17,254,-7.869522465429928,-7.869522465429928,-7.869522465429928,142.06066973002092,-562.079794573455,24.88942630147623,-98.82427726967825,-0.9894133668934232,1,0,120
17,255,-7.869522465805931,-7.869522465805931,-7.869522465805931,142.0608826889548,-562.0802252459259,24.889444889611692,-98.82430503310822,-0.9894136448565864,1,0,120
17,256,-7.869522465825195,-7.869522465825195,-7.869522465825195,142.0609668318874,-562.0803935925977,24.88944372151404,-98.82430092859126,-0.989413603762798,1,0,120
17,257,-7.8695224657176865,-7.8695224657176865,-7.8695224657176865,142.06100832161684,-562.0804746311067,24.889453487819523,-98.82432130788946,-0.9894138077971771,1,0,120
17,258,-7.869522465835026,-7.869522465835026,-7.869522465835026,142.06096744455556,-562.080393387604,24.889450196107052,-98.82431516496311,-0.9894137462951493,1,0,120
17,259,-7.869522465723751,-7.869522465723751,-7.869522465723751,142.06100305153092,-562.0804662912101,24.88947495300005,-98.82436170545294,-0.9894142122513294,1,0,120
17,260,-7.869522465899766,-7.869522465899766,-7.869522465899766,142.06087863658786,-562.0802175652022,24.889453073680844,-98.82432092290276,-0.9894138039427498,1,0,120
17,261,-7.869522466213989,-7.869522466213989,-7.869522466213989,142.06087043327378,-562.0802023452381,24.889447072154855,-98.82430813042649,-0.9894136758664576,1,0,120
17,262,-7.869522466774745,-7.869522466774745,-7.869522466774745,142.06097857683946,-562.0804182081131,24.889404432133105,-98.82422210694558,-0.9894128146126824,1,0,120
17,263,-7.869522467588324,-7.869522467588324,-7.869522467588324,142.0610446894693,-562.0805559516805,24.889385100018888,-98.82417722697669,-0.9894123652813808,1,0,120
17,264,-7.869522468211974,-7.869522468211974,-7.869522468211974,142.06112359614633,-562.0807093878485,24.889360861980617,-98.82413220493935,-0.9894119145277119,1,0,120
17,265,-7.869522468388376,-7.869522468388376,-7.869522468388376,142.0615282748634,-562.0815124152803,24.889261924292445,-98.82393440215988,-0.9894099341569021,1,0,120
17,266,-7.869522468630862,-7.869522468630862,-7.869522468630862,142.0615521422903,-562.0815641943492,24.889278986686033,-98.82396371733192,-0.9894102276558668,1,0,120
17,267,-7.869522468960822,-7.869522468960822,-7.869522468960822,142.0617902181822,-562.0820320201353,24.889272021470326,-98.82395344745309,-0.9894101248354297,1,0,120
17,268,-7.8695224692688965,-7.8695224692688965,-7.8695224692688965,142.06191477980101,-562.0822807071766,24.88929175520173,-98.82399047177945,-0.9894104955172542,1,0,120
17,269,-7.86952246925418,-7.86952246925418,-7.86952246925418,142.06216514189796,-562.0827804407957,24.88924908404896,-98.82390182408135,-0.9894096079902226,1,0,120
17,270,-7.869522469272648,-7.869522469272648,-7.869522469272648,142.06193966418527,-562.0823284532021,24.889288287173354,-98.82398511723368,-0.9894104419083707,1,0,120
17,271,-7.86952246938186,-7.86952246938186,-7.86952246938186,142.061769995622,-562.0819909622732,24.889280718131214,-98.82397183076907,-0.9894103088863436,1,0,120
17,272,-7.8695224693894525,-7.8695224693894525,-7.8695224693894525,142.0617207492072,-562.0818905831449,24.88926532021186,-98.82394425924353,-0.9894100328444979,1,0,120
17,273,-7.869522469460752,-7.869522469460752,-7.869522469460752,142.06176469743025,-562.0819765743565,24.88927239779017,-98.82395928904155,-0.9894101833205092,1,0,120
17,274,-7.869522469480235,-7.869522469480235,-7.869522469480235,142.06179061176852,-562.0820291307068,24.889277186750896,-98.82396751141319,-0.9894102656416212,1,0,120
17,275,-7.86952246940971,-7.86952246940971,-7.86952246940971,142.06183543959506,-562.0821159793409,24.889261070079204,-98.82393746862112,-0.9894099648578375,1,0,120
17,276,-7.869522469548758,-7.869522469548758,-7.869522469548758,142.06180304254525,-562.0820548269453,24.88926999817392,-98.82395221391606,-0.9894101124854479,1,0,120
17,277,-7.8695224696650845,-7.8695224696650845,-7.8695224696650845,142.0616843310837,-562.0818220924443,24.889283985059066,-98.82397770124018,-0.9894103676605918,1,0,120
17,278,-7.869522469763005,-7.869522469763005,-7.869522469763005,142.0615874199733,-562.0816310688501,24.889277551891276,-98.82396420359163,-0.9894102325242238,1,0,120
17,279,-7.869522469782911,-7.869522469782911,-7.869522469782911,142.06168276270662,-562.0818186060851,24.889276895729356,-98.82396408998125,-0.9894102313867742,1,0,120
17,280,-7.869522469760526,-7.869522469760526,-7.869522469760526,142.06168328197163,-562.0818221786286,24.8892969782589,-98.8240012880175,-0.9894106038077553,1,0,120
17,281,-7.86952246971061,-7.86952246971061,-7.86952246971061,142.06157803427223,-562.0816097776151,24.889287598797928,-98.82398678626463,-0.9894104586184502,1,0,120
17,282,-7.869522469938448,-7.869522469938448,-7.869522469938448,142.06170000968083,-562.0818556505353,24.889272475586463,-98.82395248560177,-0.9894101152055231,1,0,120
17,283,-7.869522469968035,-7.869522469968035,-7.869522469968035,142.061659469314,-562.0817761096719,24.889248985429745,-98.82390529799045,-0.9894096427704628,1,0,120
17,284,-7.869522470022885,-7.869522470022885,-7.869522470022885,142.0617011218245,-562.0818595859156,24.88923015706602,-98.82386701664838,-0.9894092595035916,1,0,120
17,285,-7.869522470112547,-7.869522470112547,-7.869522470112547,142.06160458763827,-562.0816713461473,24.889246241809914,-98.82389604912736,-0.9894095501722772,1,0,120
17,286,-7.869522470152804,-7.869522470152804,-7.869522470152804,142.0616626412783,-562.0817870352344,24.8892299604269,-98.82386305490954,-0.9894092198392755,1,0,120
17,287,-7.869522470208595,-7.869522470208595,-7.869522470208595,142.0617771859521,-562.0820160165135,24.889233312812326,-98.82386745056343,-0.989409263847882,1,0,120
17,288,-7.86952247026542,-7.86952247026542,-7.86952247026542,142.06164895203972,-562.081760428513,24.889231319435535,-98.82386529310945,-0.9894092422477867,1,0,120
17,289,-7.869522470354589,-7.869522470354589,-7.869522470354589,142.0616781448345,-562.0818208399139,24.88924005106435,-98.82387997655718,-0.9894093892561925,1,0,120
17,290,-7.869522470348678,-7.869522470348678,-7.869522470348678,142.06158351857425,-562.0816356469213,24.889227916508197,-98.82385385146792,-0.9894091276958427,1,0,120
17,291,-7.869522470381939,-7.869522470381939,-7.869522470381939,142.06169260492246,-562.0818475960791,24.889236640084054,-98.82387509938494,-0.9894093404266989,1,0,120
17,292,-7.869522470439349,-7.869522470439349,-7.869522470439349,142.06180879658223,-562.0820779033863,24.889237029877748,-98.82387556548841,-0.9894093450932547,1,0,120
17,293,-7.869522470464798,-7.869522470464798,-7.869522470464798,142.06180000003485,-562.0820608179108,24.88925652242021,-98.82391383039018,-0.9894097281955282,1,0,120
17,294,-7.869522470400657,-7.869522470400657,-7.869522470400657,142.0617697819078,-562.08200071842,24.889279522568895,-98.82395962184886,-0.9894101866525243,1,0,120
17,295,-7.86952247047918,-7.86952247047918,-7.86952247047918,142.06184958850497,-562.0821587341247,24.889245028068064,-98.82389132015511,-0.9894095028265391,1,0,120
17,296,-7.869522470505455,-7.869522470505455,-7.869522470505455,142.061978621288,-562.0824124247556,24.889229966251133,-98.82386322549168,-0.9894092215471176,1,0,120
17,297,-7.869522470514521,-7.869522470514521,-7.869522470514521,142.06207331684845,-562.0826030027768,24.88922760703192,-98.82385541541738,-0.9894091433538628,1,0,120
17,298,-7.869522470506093,-7.869522470506093,-7.869522470506093,142.06209395692656,-562.0826421096845,24.889202719235115,-98.82380789804924,-0.989408667617328,1,0,120
17,299,-7.869522470529761,-7.869522470529761,-7.869522470529761,142.0619760069572,-562.0824087807913,24.889225458514915,-98.82385278049875,-0.9894091169734652,1,0,120
17,300,-7.869522470540839,-7.869522470540839,-7.869522470540839,142.06202239970565,-562.0825013693802,24.889222505712702,-98.8238461779724,-0.9894090508699934,1,0,120
18,1,-1.9413755718835057,-1.9413755718835057,-1.9413755718835057,134.47720938666285,30.589875381944783,20.077663747745884,2.227640234142893,0.03379462725361093,1,0,120
18,2,-0.8878031040031713,-0.8878031040031713,-0.8878031040031713,130.60384268932762,-12.593914673673899,21.106871763926446,-6.6056826971387,-0.10021213528284212,1,0,120
18,3,-2.139866630657375,-2.139866630657375,-2.139866630657375,121.0939166858925,-28.79765271369826,21.123990945585252,-5.967430821595617,-0.09052947472693074,1,0,120
18,4,-4.60589409243179,-4.60589409243179,-4.60589409243179,132.20718684526696,-103.08458455759475,21.11983642043871,-20.785532044564782,-0.3153288834291157,1,0,120
18,5,-4.181188112235453,-4.181188112235453,-4.181188112235453,136.5864721356476,-90.14139078371969,20.811072115800975,-11.350755915643424,-0.172197718166767,1,0,120
18,6,-5.627981529998376,-5.627981529998376,-5.627981529998376,122.82035067023276,-166.00806688769882,25.197321233661466,-36.88043993671227,-0.5594982086907436,1,0,120
18,7,-5.314731028284499,-5.314731028284499,-5.314731028284499,121.86145164654582,-136.59237913077948,27.00092339828856,-37.37653433127579,-0.567024255711227,1,0,120
18,8,-5.604183185785774,-5.604183185785774,-5.604183185785774,119.67881995889515,-157.23822902369267,25.031751585686226,-40.99800835260126,-0.6219641705069476,1,0,120
18,9,-4.846169032606007,-4.846169032606007,-4.846169032606007,138.32878670508043,-116.07317408159284,21.93696911346508,-26.73484750553073,-0.4055835373610809,1,0,120
18,10,-4.659699757999837,-4.659699757999837,-4.659699757999837,122.67128816329604,-103.35032271247414,23.453680010374022,-20.87300554165679,-0.31665590840535995,1,0,120
18,11,-6.154051110324769,-6.154051110324769,-6.154051110324769,119.5091455874907,-217.12497125831976,27.772619252135662,-46.15008186158705,-0.7001241898632014,1,0,120
18,12,-5.609426603653898,-5.609426603653898,-5.609426603653898,126.42286097744326,-167.52637199288006,27.457293750604375,-37.43065721048876,-0.5678453319787772,1,0,120
18,13,-6.338301329408136,-6.338301329408136,-6.338301329408136,120.432503035481,-238.67467679066155,27.926811364175578,-51.06105284955654,-0.774626540578546,1,0,120
18,14,-6.386348423917806,-6.386348423917806,-6.386348423917806,122.09580441103468,-244.826252165661,28.139378965452092,-53.82460510726469,-0.8165512719663572,1,0,120
18,15,-6.396213279965492,-6.396213279965492,-6.396213279965492,136.48499905381016,-258.14274121082804,27.374991625512603,-55.29878201798531,-0.8389154124770675,1,0,120
18,16,-6.132856208721907,-6.132856208721907,-6.132856208721907,128.02515784821514,-220.95840812297644,26.006203548305287,-45.44353107656234,-0.6894053942292899,1,0,120
18,17,-6.274654418950125,-6.274654418950125,-6.274654418950125,125.19882861936938,-231.45447509454078,26.930636743562033,-52.749772554812,-0.8002454228828935,1,0,120
18,18,-6.309712230946858,-6.309712230946858,-6.309712230946858,143.6382144577066,-254.71051736195443,25.250776975727646,-50.03496290902429,-0.7590601459078602,1,0,120
18,19,-6.284379478017542,-6.284379478017542,-6.284379478017542,152.69196417892192,-259.0800289894331,26.2263116361507,-50.63552545691071,-0.7681710369472787,1,0,120
18,20,-6.517438547066896,-6.517438547066896,-6.517438547066896,135.7763501458071,-277.55494585245754,24.15583251664819,-51.45704848179975,-0.7806340298403237,1,0,120
18,21,-6.563089549431419,-6.563089549431419,-6.563089549431419,139.358188941786,-287.91735388274503,24.94287055968322,-53.257465087141256,-0.8079474205513413,1,0,120
18,22,-6.433935834303205,-6.433935834303205,-6.433935834303205,132.42721933321388,-262.44295864266076,25.01903210387003,-50.65308332002847,-0.7684374001734138,1,0,120
18,23,-6.470500110462973,-6.470500110462973,-6.470500110462973,143.4599895121135,-279.56841687420837,23.1657386414711,-48.46816408600459,-0.7352908759001654,1,0,120
18,24,-5.9557758964856,-5.9557758964856,-5.9557758964856,107.85704554841254,-191.6281479998727,22.712341016558007,-32.86391218150402,-0.49856509379157254,1,0,120
18,25,-6.521534509408677,-6.521534509408677,-6.521534509408677,129.93542306210998,-272.9508439961297,24.504013675272198,-51.024776258815564,-0.7740762031212973,1,0,120
18,26,-6.459055443254265,-6.459055443254265,-6.459055443254265,132.51299873865636,-266.10615076874325,23.427786213438747,-49.42767750980924,-0.7498472652153325,1,0,120
18,27,-6.5791814170294405,-6.5791814170294405,-6.5791814170294405,141.0602448537128,-289.945159689928,29.055103694372185,-60.01841348701063,-0.9105150288897651,1,0,120
18,28,-6.531775005993751,-6.531775005993751,-6.531775005993751,144.20496861989437,-285.8497908779994,29.19093274342363,-59.1956829648458,-0.8980337175448805,1,0,120
18,29,-6.587734720181954,-6.587734720181954,-6.587734720181954,139.88400220517877,-290.0944703491371,28.884646129526136,-59.975054169802064,-0.9098572422595113,1,0,120
18,30,-6.57286526789048,-6.57286526789048,-6.57286526789048,139.40497651694827,-287.5589589766592,29.017782402299336,-59.56128844421041,-0.9035801701127739,1,0,120
18,31,-6.581146671003734,-6.581146671003734,-6.581146671003734,139.35501791286777,-288.53184139807774,28.89664431990007,-59.85161505767136,-0.9079845975123765,1,0,120
18,32,-6.598572831069545,-6.598572831069545,-6.598572831069545,138.3413880789308,-289.9854260168864,28.79911110870359,-60.28440427182456,-0.9145502672949203,1,0,120
18,33,-6.620732065365355,-6.620732065365355,-6.620732065365355,138.4583871063428,-293.5292150897269,28.484896223533656,-60.434036847838115,-0.9168202824678691,1,0,120
18,34,-6.625352456326644,-6.625352456326644,-6.625352456326644,138.24693727543215,-293.9355913776148,28.43595770508687,-60.56953814675968,-0.9188759177626753,1,0,120
18,35,-6.653749920609597,-6.653749920609597,-6.653749920609597,136.4637870850957,-296.42896524536786,28.249996348952557,-61.01536170890895,-0.9256393263565716,1,0,120
18,36,-6.673203208040083,-6.673203208040083,-6.673203208040083,135.41948098000944,-298.3494107593684,27.978041679286257,-61.143556559220826,-0.9275841184804171,1,0,120
18,37,-6.685738824835861,-6.685738824835861,-6.685738824835861,133.60161944421964,-298.3134366579581,27.936687789432582,-61.37585063955739,-0.9311081578373446,1,0,120
18,38,-6.6916037378647415,-6.6916037378647415,-6.6916037378647415,133.35232861564486,-298.98270151654265,27.73932662512412,-61.263832592015824,-0.9294087774327698,1,0,120
18,39,-6.71247759398919,-6.71247759398919,-6.71247759398919,133.15302666021108,-302.13521431646745,27.53394011287591,-61.4333421868617,-0.9319803388033747,1,0,120
18,40,-6.715219950631149,-6.715219950631149,-6.715219950631149,134.4551720040036,-303.95563023429884,27.632680969848053,-61.69533101411911,-0.9359548651322106,1,0,120
18,41,-6.716985274850058,-6.716985274850058,-6.716985274850058,134.34657505101268,-304.1655743082817,27.498423193077866,-61.53400528015876,-0.9335074577986368,1,0,120
18,42,-6.7261310272145005,-6.7261310272145005,-6.7261310272145005,133.5474062534746,-304.72349949155614,27.613508031169665,-61.87497726277234,-0.9386802055699053,1,0,120
18,43,-6.730256317491303,-6.730256317491303,-6.730256317491303,133.84278628442615,-305.68007580454054,27.99880932821093,-62.45031003037127,-0.9474083458368076,1,0,120
18,44,-6.738937293664691,-6.738937293664691,-6.738937293664691,133.51901716161328,-306.7178416059295,27.91703347532222,-62.550352491144295,-0.9489260494675552,1,0,120
18,45,-6.739821935035515,-6.739821935035515,-6.739821935035515,132.19275773707474,-305.36305383633385,27.64493532648288,-62.23511480028263,-0.9441437062077793,1,0,120
18,46,-6.744666749059303,-6.744666749059303,-6.744666749059303,132.87536035004774,-307.052722435095,27.004919125829446,-61.486084072663544,-0.9327804645795245,1,0,120
18,47,-6.737476762412928,-6.737476762412928,-6.737476762412928,134.53866758824574,-307.78894298246945,27.052574701770446,-61.38700590220512,-0.9312773898063663,1,0,120
18,48,-6.738106193448281,-6.738106193448281,-6.738106193448281,133.1440450115023,-306.2937566044653,27.304288578202645,-61.690106720852796,-0.9358756094961825,1,0,120
18,49,-6.7573737783399395,-6.7573737783399395,-6.7573737783399395,131.84650327810323,-307.94274282812137,26.558953126228,-61.23043555697379,-0.9289021245481062,1,0,120
18,50,-6.75539856128554,-6.75539856128554,-6.75539856128554,131.84528953539024,-307.67904699072005,26.023641163955862,-60.504597911898756,-0.917890735776262,1,0,120
18,51,-6.757526255472202,-6.757526255472202,-6.757526255472202,132.34708559276393,-308.51776020903526,26.653636813080794,-61.376617989597065,-0.9311197989938322,1,0,120
18,52,-6.766043489924103,-6.766043489924103,-6.766043489924103,131.36610523151788,-308.7550332783604,26.5934509199981,-61.499707833570405,-0.9329871451352906,1,0,120
18,53,-6.768336109284107,-6.768336109284107,-6.768336109284107,130.89238471825757,-308.6351942385912,26.34703148374018,-61.198285112142194,-0.9284143831783516,1,0,120
18,54,-6.759835344935583,-6.759835344935583,-6.759835344935583,129.91518461707832,-306.1864779703222,25.888981528251517,-60.39382652391177,-0.9162102679385882,1,0,120
18,55,-6.770703414411235,-6.770703414411235,-6.770703414411235,131.22963495603034,-309.3708814099235,26.601119988707367,-61.59620805991811,-0.9344511109630422,1,0,120
18,56,-6.768789096746009,-6.768789096746009,-6.768789096746009,130.55171607796916,-308.30812961444224,26.643266973434653,-61.55685437271933,-0.933854092122408,1,0,120
18,57,-6.770565312552893,-6.770565312552893,-6.770565312552893,131.15471617002615,-309.250158670544,26.556706632576127,-61.551059458909705,-0.9337661798333582,1,0,120
18,58,-6.7752680803585115,-6.7752680803585115,-6.7752680803585115,132.94515850470742,-312.0939956132682,26.565760966115885,-61.694542140469686,-0.9359428974497617,1,0,120
18,59,-6.779841299025743,-6.779841299025743,-6.779841299025743,132.83776496897113,-312.6276062764996,27.2864552004045,-62.73615825858964,-0.9517448334687352,1,0,120
18,60,-6.776214991729827,-6.776214991729827,-6.776214991729827,133.85599053400537,-313.1824420462306,27.644782208246014,-63.10843729814026,-0.9573925279137881,1,0,120
18,61,-6.776670446913633,-6.776670446913633,-6.776670446913633,132.72345500864012,-311.9537681528424,27.5286854288196,-62.96502455658761,-0.955216871328893,1,0,120
18,62,-6.783687214060349,-6.783687214060349,-6.783687214060349,132.76101550818774,-313.17759666641507,26.97354761566058,-62.45079535671367,-0.9474157085260724,1,0,120
18,63,-6.786293808896896,-6.786293808896896,-6.786293808896896,133.62169597306607,-314.5984948117347,26.958356849883376,-62.513872399838206,-0.9483726247857007,1,0,120
18,64,-6.7841589421887285,-6.7841589421887285,-6.7841589421887285,134.46095517996986,-315.22702450684096,26.740926820452366,-62.211695183930665,-0.9437884166987703,1,0,120
18,65,-6.786023065569601,-6.786023065569601,-6.786023065569601,133.40572596869134,-314.32423275662245,26.71204835184435,-62.193953582483765,-0.9435192660529028,1,0,120
18,66,-6.789579907504301,-6.789579907504301,-6.789579907504301,134.24087213411244,-315.8472332235348,26.960231637269274,-62.61500174426676,-0.949906817087933,1,0,120
18,67,-6.789609384342911,-6.789609384342911,-6.789609384342911,133.9881669370119,-315.5599624172925,26.667305820337358,-62.26679159232141,-0.9446242619829593,1,0,120
18,68,-6.787000317681886,-6.787000317681886,-6.787000317681886,133.47688220286668,-314.5582811862577,26.780343628340972,-62.307931791689256,-0.9452483832757365,1,0,120
18,69,-6.788100743460169,-6.788100743460169,-6.788100743460169,133.49221734254667,-314.72817387895486,27.048488349923097,-62.67880922301032,-0.9508748144903326,1,0,120
18,70,-6.783430748805036,-6.783430748805036,-6.783430748805036,133.43839741130301,-313.9092213728614,26.011511793592184,-61.33620657277906,-0.9305067337657837,1,0,120
18,71,-6.788335590092038,-6.788335590092038,-6.788335590092038,133.49835648603198,-314.7808205877685,26.627113051214483,-62.18202934902335,-0.9433383683393028,1,0,120
18,72,-6.791450912436492,-6.791450912436492,-6.791450912436492,135.82034372913608,-317.9819195678124,27.078614877565474,-62.824255030813745,-0.9530813138994297,1,0,120
18,73,-6.785024400757449,-6.785024400757449,-6.785024400757449,136.1611987830109,-317.3170188103959,27.83572955026309,-63.544579218627256,-0.9640090602454566,1,0,120
18,74,-6.78949494837772,-6.78949494837772,-6.78949494837772,135.24994449934638,-317.00154646515523,27.12445861517255,-62.819371716705334,-0.9530072311200264,1,0,120
18,75,-6.792532509533457,-6.792532509533457,-6.792532509533457,136.84626293238654,-319.34834195640684,26.92727923507197,-62.685261285013674,-0.950972696108324,1,0,120
18,76,-6.790174057356836,-6.790174057356836,-6.790174057356836,137.31102718143043,-319.5150077062944,26.748478907505387,-62.40135188675082,-0.9466656216799517,1,0,120
18,77,-6.790922498380826,-6.790922498380826,-6.790922498380826,136.94649022206733,-319.1933292950743,27.157742480282188,-62.9180537617652,-0.9545042964352906,1,0,120
18,78,-6.78730070705728,-6.78730070705728,-6.78730070705728,137.61101334867448,-319.40397446849914,26.110523210314007,-61.57106964295699,-0.9340697462265259,1,0,120
18,79,-6.792937257934317,-6.792937257934317,-6.792937257934317,136.64073585276145,-319.1702240296797,26.913966845929288,-62.68532099312429,-0.9509736019158739,1,0,120
18,80,-6.792031741621788,-6.792031741621788,-6.792031741621788,135.82265387330688,-318.0744030012255,27.004416821143362,-62.758320061151416,-0.952081041194455,1,0,120
18,81,-6.790595459764771,-6.790595459764771,-6.790595459764771,136.48456463066105,-318.5895836945458,26.91435966642156,-62.637428210007265,-0.9502470399114842,1,0,120
18,82,-6.789465240582691,-6.789465240582691,-6.789465240582691,136.40444141852294,-318.3246316190199,26.871600461582254,-62.5437112918715,-0.9488252985246961,1,0,120
18,83,-6.7943649574993685,-6.7943649574993685,-6.7943649574993685,137.0729043050014,-319.90801728767957,27.218718808536202,-63.080113261155525,-0.9569628354268481,1,0,120
18,84,-6.793225383358388,-6.793225383358388,-6.793225383358388,137.46896075373604,-320.1856442637086,27.613260347036213,-63.50419709475447,-0.9633964394088093,1,0,120
18,85,-6.794356703778286,-6.794356703778286,-6.794356703778286,137.16490409024215,-320.0150958049466,27.141516438664357,-62.988701233534684,-0.9555760606000181,1,0,120
18,86,-6.794871705599043,-6.794871705599043,-6.794871705599043,137.30346974801176,-320.25887262770766,27.086162675674004,-62.94055849754018,-0.9548457066618162,1,0,120
18,87,-6.794909834283313,-6.794909834283313,-6.794909834283313,137.36184489430207,-320.33212600558255,27.045486020703482,-62.89523845153884,-0.9541581746096214,1,0,120
18,88,-6.795040806482512,-6.795040806482512,-6.795040806482512,137.48768643566407,-320.49990377559806,27.09503360422895,-62.95692922263048,-0.9550940602980176,1,0,120
18,89,-6.795175552885112,-6.795175552885112,-6.795175552885112,137.5546371264198,-320.5993046273378,27.083484998705902,-62.947902783978634,-0.9549571238551435,1,0,120
18,90,-6.795230947050562,-6.795230947050562,-6.795230947050562,137.4638325484906,-320.5037984942089,27.04166833750423,-62.899517069440876,-0.9542230837879276,1,0,120
18,91,-6.795272257272185,-6.795272257272185,-6.795272257272185,137.380696807393,-320.4147857228184,27.037623588385472,-62.89484037252046,-0.9541521355141529,1,0,120
18,92,-6.795245173654996,-6.795245173654996,-6.795245173654996,137.4384805830402,-320.47792567100237,27.05790033707735,-62.917489258507246,-0.9544957325851258,1,0,120
18,93,-6.79528748514084,-6.79528748514084,-6.79528748514084,137.43267640483998,-320.47756946795255,27.035542985928707,-62.89313610818672,-0.9541262808105891,1,0,120
18,94,-6.795466845187117,-6.795466845187117,-6.795466845187117,137.55014532633365,-320.6425216241903,26.990744545620707,-62.847260833131465,-0.9534303256034209,1,0,120
18,95,-6.795596464916005,-6.795596464916005,-6.795596464916005,137.56131576414583,-320.6762552218552,27.031906191875375,-62.89936535822559,-0.9542207822385605,1,0,120
18,96,-6.795746031119217,-6.795746031119217,-6.795746031119217,137.6743305806789,-320.83168130113603,27.019612301854593,-62.88997849435441,-0.9540783779307442,1,0,120
18,97,-6.7958791226036,-6.7958791226036,-6.7958791226036,137.75886856343442,-320.94896239638103,26.896466444668235,-62.75325127303821,-0.9520041446640872,1,0,120
18,98,-6.7958318884605005,-6.7958318884605005,-6.7958318884605005,137.91756998662487,-321.1247201693777,26.91478396369044,-62.77462819311159,-0.9523284452556449,1,0,120
18,99,-6.795851359470437,-6.795851359470437,-6.795851359470437,137.77635837896707,-320.9644568202326,26.90590340558098,-62.76380299513983,-0.9521642205640654,1,0,120
18,100,-6.795996399662186,-6.795996399662186,-6.795996399662186,137.8044985599738,-321.02172836251805,26.910655774940412,-62.77268301551454,-0.9522989357545921,1,0,120
18,101,-6.796038040080813,-6.796038040080813,-6.796038040080813,137.67739286272928,-320.8817462645574,26.92293194168638,-62.78685053989906,-0.9525138655257209,1,0,120
18,102,-6.79613177719875,-6.79613177719875,-6.79613177719875,137.71650240178803,-320.9430784332171,26.956762238086306,-62.82850346320165,-0.9531457651455335,1,0,120
18,103,-6.796082700674719,-6.796082700674719,-6.796082700674719,137.6663519215512,-320.876638664509,26.94406270105801,-62.81228498239692,-0.9528997211456922,1,0,120
18,104,-6.796132807356643,-6.796132807356643,-6.796132807356643,137.71974154613653,-320.94685767083706,26.997507926864348,-62.87617190139587,-0.9538689237040138,1,0,120
18,105,-6.796224406992815,-6.796224406992815,-6.796224406992815,137.88817815658413,-321.1569263592759,26.994225920571917,-62.876064317724165,-0.953867291595728,1,0,120
18,106,-6.796278380777487,-6.796278380777487,-6.796278380777487,137.92602740153666,-321.20953398159554,26.99744536195816,-62.88164621416777,-0.9539519722846421,1,0,120
18,107,-6.796305817971015,-6.796305817971015,-6.796305817971015,138.0026987947716,-321.3032742591646,27.028250023832,-62.91830728578769,-0.9545081425454965,1,0,120
18,108,-6.796320786718584,-6.796320786718584,-6.796320786718584,137.94259169640063,-321.236343501501,27.032731369307378,-62.92335441650865,-0.9545847105203431,1,0,120
18,109,-6.7963444624066645,-6.7963444624066645,-6.7963444624066645,137.97896812214753,-321.2819090061394,27.078456819075402,-62.97791655879893,-0.9554124506700302,1,0,120
18,110,-6.79625292857417,-6.79625292857417,-6.79625292857417,138.0080972456623,-321.301923643908,27.16114002554479,-63.070439578385006,-0.9568160799057417,1,0,120
18,111,-6.796299471476423,-6.796299471476423,-6.796299471476423,137.9466542857752,-321.23653848137525,27.071496282785024,-62.96892528564973,-0.9552760477087462,1,0,120
18,112,-6.7964254642207,-6.7964254642207,-6.7964254642207,138.15276509032063,-321.49593121549367,27.058569735084617,-62.958577014277886,-0.9551190582773422,1,0,120
18,113,-6.7964379041335645,-6.7964379041335645,-6.7964379041335645,138.2485050120526,-321.60793189038515,26.990148582051535,-62.88075254757377,-0.9539384148308978,1,0,120
18,114,-6.796364092233681,-6.796364092233681,-6.796364092233681,138.19239088381863,-321.53085121782107,27.03002281680144,-62.924749743331375,-0.9546058784581224,1,0,120
18,115,-6.796462457404728,-6.796462457404728,-6.796462457404728,138.22076536591538,-321.5799761598861,26.98076734117246,-62.87023785966975,-0.9537789007617236,1,0,120
18,116,-6.796521533340209,-6.796521533340209,-6.796521533340209,138.2400273416895,-321.61187033694466,26.947716393992327,-62.833654355957535,-0.953223907252163,1,0,120
18,117,-6.796527867162717,-6.796527867162717,-6.796527867162717,138.3966127857933,-321.7935980687483,26.904700354017418,-62.785278284886395,-0.9524900134820711,1,0,120
18,118,-6.796462361423897,-6.796462361423897,-6.796462361423897,138.40408268806596,-321.7909074134724,26.81724150447488,-62.6823164309367,-0.9509280209205077,1,0,120
18,119,-6.796562886818056,-6.796562886818056,-6.796562886818056,138.43977827461623,-321.8499558636134,26.936429374661948,-62.8227683730443,-0.9530587604168691,1,0,120
18,120,-6.796602718913007,-6.796602718913007,-6.796602718913007,138.52377062628486,-321.9553036185867,26.992975313842386,-62.888499688014505,-0.9540559435590394,1,0,120
18,121,-6.796633776191282,-6.796633776191282,-6.796633776191282,138.54727245314857,-321.9882831727326,27.046399872562965,-62.95091824021717,-0.9550028701197418,1,0,120
18,122,-6.796617248968695,-6.796617248968695,-6.796617248968695,138.54577122318338,-321.9840919778875,27.101650075942803,-63.014395331771205,-0.9559658553519768,1,0,120
18,123,-6.796636917170654,-6.796636917170654,-6.796636917170654,138.5236038389032,-321.9615407885681,27.051647451430835,-62.95685376099338,-0.9550929155001017,1,0,120
18,124,-6.796597733796691,-6.796597733796691,-6.796597733796691,138.67708987025156,-322.1324388172875,27.06956021478373,-62.97758746265591,-0.9554074580858088,1,0,120
18,125,-6.7966337470108655,-6.7966337470108655,-6.7966337470108655,138.48191482848446,-321.91328846944396,27.04685884792243,-62.950468206485475,-0.9549960428403719,1,0,120
18,126,-6.796539769347361,-6.796539769347361,-6.796539769347361,138.5239719713951,-321.9476425726344,27.122938254569085,-63.03533636068287,-0.9562835432153625,1,0,120
18,127,-6.796658985571796,-6.796658985571796,-6.796658985571796,138.6027511463099,-322.0564575394626,27.026434383849217,-62.928871264590356,-0.9546684043869192,1,0,120
18,128,-6.7966858799428564,-6.7966858799428564,-6.7966858799428564,138.64561654166263,-322.11034895968623,26.9749014896661,-62.87008329634988,-0.9537765559442337,1,0,120
18,129,-6.79668460352326,-6.79668460352326,-6.79668460352326,138.6205888902525,-322.0802954488748,26.927501410851924,-62.81570380382491,-0.9529515867001184,1,0,120
18,130,-6.796671059066641,-6.796671059066641,-6.796671059066641,138.6817197972594,-322.1506260065597,27.00278280240816,-62.901310856985305,-0.9542502966118419,1,0,120
18,131,-6.796691458951064,-6.796691458951064,-6.796691458951064,138.65381638229124,-322.1203623145568,26.9374441369238,-62.827138101392194,-0.9531250517948273,1,0,120
18,132,-6.796645017775517,-6.796645017775517,-6.796645017775517,138.83452310392653,-322.3206615467699,26.91203307329485,-62.79836050862418,-0.9526884785969001,1,0,120
18,133,-6.796678509135869,-6.796678509135869,-6.796678509135869,138.62883314799274,-322.0894351064627,26.9669886417203,-62.860874505514744,-0.9536368531102841,1,0,120
18,134,-6.796643434658723,-6.796643434658723,-6.796643434658723,138.6013207456199,-322.0507224319032,26.867663229007334,-62.745384628021384,-0.9518848029804502,1,0,120
18,135,-6.796646913044004,-6.796646913044004,-6.796646913044004,138.6550802374359,-322.1145480735003,26.92120653987406,-62.80697389858531,-0.952819148845473,1,0,120
18,136,-6.7967387606268606,-6.7967387606268606,-6.7967387606268606,138.67197748873025,-322.1499134863034,26.98083091795068,-62.878226135589365,-0.9539000876584965,1,0,120
18,137,-6.796740216330836,-6.796740216330836,-6.796740216330836,138.58288214813885,-322.0474734333842,26.97899297127403,-62.87525336714988,-0.9538549889931986,1,0,120
18,138,-6.796728377475909,-6.796728377475909,-6.796728377475909,138.6046187061845,-322.0713736188425,27.037068531085296,-62.941842444519814,-0.9548651849011319,1,0,120
18,139,-6.796742863955934,-6.796742863955934,-6.796742863955934,138.63295415046258,-322.1056895247714,26.971748734903137,-62.86732984960978,-0.9537347845195584,1,0,120
18,140,-6.796722462843227,-6.796722462843227,-6.796722462843227,138.58146906627593,-322.0439724807294,26.958575893596862,-62.84995987191219,-0.9534712716269932,1,0,120
18,141,-6.796738707721611,-6.796738707721611,-6.796738707721611,138.5918582746583,-322.0565539111059,26.95022926716086,-62.84287932749366,-0.9533638555569701,1,0,120
18,142,-6.796703799848625,-6.796703799848625,-6.796703799848625,138.5914635010874,-322.051384988152,27.02634167931582,-62.92934367426411,-0.9546755711226385,1,0,120
18,143,-6.79675126740312,-6.79675126740312,-6.79675126740312,138.61590224889716,-322.0867234210996,26.945374090901936,-62.83743421958383,-0.9532812500314691,1,0,120
18,144,-6.796687354503854,-6.796687354503854,-6.796687354503854,138.58489211654882,-322.0393446122281,26.88114196148791,-62.76178256828506,-0.9521335694870181,1,0,120
18,145,-6.796750155183716,-6.796750155183716,-6.796750155183716,138.80828965995613,-322.30864315371065,26.914331841230975,-62.80281556796943,-0.9527560644968394,1,0,120
18,146,-6.7967536640616695,-6.7967536640616695,-6.7967536640616695,138.6139135680197,-322.08496464996904,26.95491113710377,-62.84842900962446,-0.9534480475355993,1,0,120
18,147,-6.796750586447993,-6.796750586447993,-6.796750586447993,138.62018460670566,-322.09143276332196,26.935235398178094,-62.82578587487415,-0.9531045377143043,1,0,120
18,148,-6.7967519780017795,-6.7967519780017795,-6.7967519780017795,138.61212557465376,-322.0825807321962,26.952929199317282,-62.84610601173594,-0.9534128062760142,1,0,120
18,149,-6.796756292733921,-6.796756292733921,-6.796756292733921,138.6168468143581,-322.0888262532872,26.961579373542186,-62.856234505567535,-0.9535664615514187,1,0,120
18,150,-6.796757484351828,-6.796757484351828,-6.796757484351828,138.6170983101967,-322.08943079664215,26.964991079471286,-62.86011749292176,-0.953625368779011,1,0,120
18,151,-6.796757612958272,-6.796757612958272,-6.796757612958272,138.6172661539606,-322.0896616490707,26.970397707451422,-62.866391178322935,-0.9537205443178568,1,0,120
18,152,-6.796759372887555,-6.796759372887555,-6.796759372887555,138.61137369654415,-322.08298727327485,26.9682225587273,-62.86402644645618,-0.9536846699290005,1,0,120
18,153,-6.796759580250479,-6.796759580250479,-6.796759580250479,138.62183192103873,-322.0951705035078,26.972473518733725,-62.86898104238365,-0.9537598340959943,1,0,120
18,154,-6.796762296695663,-6.796762296695663,-6.796762296695663,138.61446758695,-322.08719467657266,26.97801114516329,-62.875356415300516,-0.9538565522949323,1,0,120
18,155,-6.796762947627545,-6.796762947627545,-6.796762947627545,138.60305739824807,-322.07419088993436,26.98225377890521,-62.880153983511676,-0.9539293342580765,1,0,120
18,156,-6.796765390269356,-6.796765390269356,-6.796765390269356,138.60149643572194,-322.0727420840972,26.98148852792073,-62.87936892770785,-0.953917424494616,1,0,120
18,157,-6.796766499778879,-6.796766499778879,-6.796766499778879,138.60192298988483,-322.0735181301623,26.988521790457156,-62.88747774164073,-0.9540404400247409,1,0,120
18,158,-6.796768112213193,-6.796768112213193,-6.796768112213193,138.60466117937375,-322.07692000960606,26.988995077245384,-62.88811919382725,-0.9540501712359177,1,0,120
18,159,-6.796769187776734,-6.796769187776734,-6.796769187776734,138.59241850381318,-322.0629156283124,26.987977024098544,-62.88691629841569,-0.9540319225970956,1,0,120
18,160,-6.796768950289314,-6.796768950289314,-6.796768950289314,138.58989157498343,-322.06006429307695,26.99475954899992,-62.894668705379516,-0.9541495312215248,1,0,120
18,161,-6.796768972630238,-6.796768972630238,-6.796768972630238,138.59009421126746,-322.0601369972138,26.985835293612965,-62.88446206457993,-0.9539946904101375,1,0,120
18,162,-6.796769097857647,-6.796769097857647,-6.796769097857647,138.594190521285,-322.06488282208767,26.99034973277922,-62.889749703525005,-0.9540749070377876,1,0,120
18,163,-6.796767406199171,-6.796767406199171,-6.796767406199171,138.5830574708893,-322.0518255245116,26.989456608190878,-62.88850179342229,-0.9540559754993279,1,0,120
18,164,-6.7967701385626675,-6.7967701385626675,-6.7967701385626675,138.60238036243413,-322.0747058606664,26.987392537744114,-62.886209418420094,-0.9540211988071414,1,0,120
18,165,-6.796772651496011,-6.796772651496011,-6.796772651496011,138.61674370933326,-322.09164170813074,26.983871261299004,-62.882359822408894,-0.9539627981460824,1,0,120
18,166,-6.796776519183906,-6.796776519183906,-6.796776519183906,138.62965020240503,-322.1071147988421,26.979500782591703,-62.87755299772727,-0.953889875756776,1,0,120
18,167,-6.796782463655467,-6.796782463655467,-6.796782463655467,138.66119588156243,-322.1443907841011,26.971011371105707,-62.86821939698425,-0.9537482794822925,1,0,120
18,168,-6.7967846001405325,-6.7967846001405325,-6.7967846001405325,138.65629823066658,-322.1388360104629,26.955480830080464,-62.85044200057114,-0.9534785858054983,1,0,120
18,169,-6.7967872207217805,-6.7967872207217805,-6.7967872207217805,138.69222907623418,-322.18065386495914,26.94859348564872,-62.84288513338006,-0.9533639436357199,1,0,120
18,170,-6.796787911239751,-6.796787911239751,-6.796787911239751,138.6804816679546,-322.16716555104864,26.947422945541977,-62.841492530241,-0.9533428170178417,1,0,120
18,171,-6.796787686696395,-6.796787686696395,-6.796787686696395,138.67881572407,-322.1653155283723,26.94772146849391,-62.8417100120516,-0.9533461163462571,1,0,120
18,172,-6.79678832888994,-6.79678832888994,-6.79678832888994,138.67914471572448,-322.16574199871155,26.95071153288257,-62.845264802602735,-0.9534000446331496,1,0,120
18,173,-6.796789458787099,-6.796789458787099,-6.796789458787099,138.6821090950928,-322.16932332514756,26.94765804048715,-62.84179741477655,-0.9533474422975778,1,0,120
18,174,-6.796791019887368,-6.796791019887368,-6.796791019887368,138.69899904618018,-322.1891954417538,26.94916393729994,-62.84360607854783,-0.9533748808027012,1,0,120
18,175,-6.796789054035089,-6.796789054035089,-6.796789054035089,138.7019671607103,-322.1921940950908,26.94182360702348,-62.835147546124226,-0.953246559835075,1,0,120
18,176,-6.796790122218576,-6.796790122218576,-6.796790122218576,138.6990983229717,-322.18908662270974,26.947822800871037,-62.84209878954542,-0.9533520143320658,1,0,120
18,177,-6.796792509224084,-6.796792509224084,-6.796792509224084,138.7016494179691,-322.1925909714921,26.955272966801466,-62.850677325435086,-0.953482155823645,1,0,120
18,178,-6.796795648717853,-6.796795648717853,-6.796795648717853,138.71467741447572,-322.2083607207169,26.961935703738195,-62.8583953480724,-0.9535992428173908,1,0,120
18,179,-6.7968000335305065,-6.7968000335305065,-6.7968000335305065,138.73944717460478,-322.23805075332814,26.976367409461385,-62.875103106665044,-0.9538527094522754,1,0,120
18,180,-6.7968025047325105,-6.7968025047325105,-6.7968025047325105,138.75988553525468,-322.26233403599053,26.99042201787301,-62.89137338240306,-0.9540995392120599,1,0,120
18,181,-6.7968030976100815,-6.7968030976100815,-6.7968030976100815,138.78242755637876,-322.2887987415046,26.993175259355432,-62.89441101824431,-0.9541456219544229,1,0,120
18,182,-6.796802804843796,-6.796802804843796,-6.796802804843796,138.79699645284057,-322.30561488077535,26.99378601526464,-62.895173214193285,-0.9541571849202891,1,0,120
18,183,-6.796804077412448,-6.796804077412448,-6.796804077412448,138.78890480920123,-322.2963713903707,26.99102125662523,-62.892049623542306,-0.9541097981923405,1,0,120
18,184,-6.7968055292424845,-6.7968055292424845,-6.7968055292424845,138.80005688402727,-322.3094900980402,26.993554728872258,-62.89510934670547,-0.9541562160125133,1,0,120
18,185,-6.796806980073044,-6.796806980073044,-6.796806980073044,138.80598849179083,-322.316446598231,26.98800152478373,-62.8888718712187,-0.9540615897996051,1,0,120
18,186,-6.796807804965622,-6.796807804965622,-6.796807804965622,138.80427320687173,-322.3144966363602,26.982383324186078,-62.88246131146373,-0.9539643377954055,1,0,120
18,187,-6.796807034245007,-6.796807034245007,-6.796807034245007,138.80078964660333,-322.31028240257797,26.984737505373182,-62.88521507618178,-0.9540061140439955,1,0,120
18,188,-6.796807591125548,-6.796807591125548,-6.796807591125548,138.80090942503335,-322.31059993311237,26.982043414552056,-62.88201413544328,-0.9539575538692148,1,0,120
18,189,-6.796808392522404,-6.796808392522404,-6.796808392522404,138.8152275402275,-322.3272760422702,26.982690895008165,-62.882878083738326,-0.9539706604786888,1,0,120
18,190,-6.796809889352367,-6.796809889352367,-6.796809889352367,138.82322554491185,-322.3367578956037,26.98287552217185,-62.883190064105726,-0.9539753934064144,1,0,120
18,191,-6.796810795651442,-6.796810795651442,-6.796810795651442,138.83560891611592,-322.35102999121,26.97417247437578,-62.87336778590624,-0.9538263836042725,1,0,120
18,192,-6.796810958118368,-6.796810958118368,-6.796810958118368,138.82874761162776,-322.3431628473307,26.972341836294373,-62.871169133125065,-0.9537930287339209,1,0,120
18,193,-6.796811642011154,-6.796811642011154,-6.796811642011154,138.83684557141555,-322.3526496378738,26.97327390554613,-62.87230389509998,-0.9538102437479865,1,0,120
18,194,-6.796812145292401,-6.796812145292401,-6.796812145292401,138.85433483058068,-322.37298767722484,26.971504223718973,-62.870322932397784,-0.9537801913656053,1,0,120
18,195,-6.796813213721911,-6.796813213721911,-6.796813213721911,138.8652146025018,-322.3858457904653,26.974869935677358,-62.874217688590846,-0.9538392771334824,1,0,120
18,196,-6.796814006232386,-6.796814006232386,-6.796814006232386,138.87234755299346,-322.3941820942876,26.97422061730684,-62.873564979020166,-0.9538293751410925,1,0,120
18,197,-6.796813245232131,-6.796813245232131,-6.796813245232131,138.88561141274278,-322.409394037824,26.971914161339395,-62.87093345432012,-0.9537894533462785,1,0,120
18,198,-6.7968138639599625,-6.7968138639599625,-6.7968138639599625,138.87414261536722,-322.3962898810359,26.97525204591456,-62.874712793408946,-0.9538467881680394,1,0,120
18,199,-6.796814723833741,-6.796814723833741,-6.796814723833741,138.88270555648919,-322.4062579148554,26.978169714471676,-62.87824500390541,-0.953900373902073,1,0,120
18,200,-6.796815715679962,-6.796815715679962,-6.796815715679962,138.88513736428914,-322.4092177300745,26.97669416742264,-62.876586926313074,-0.9538752198788462,1,0,120
18,201,-6.7968163406514135,-6.7968163406514135,-6.7968163406514135,138.88313369072,-322.4072116716262,26.98572034286129,-62.88686969549622,-0.9540312156030899,1,0,120
18,202,-6.796816950495045,-6.796816950495045,-6.796816950495045,138.89120654866412,-322.41658380090314,26.982912919126036,-62.883730500169435,-0.9539835921429283,1,0,120
18,203,-6.79681742186964,-6.79681742186964,-6.79681742186964,138.90577948272482,-322.4336178289266,26.986586048563986,-62.887978117985654,-0.954048031031495,1,0,120
18,204,-6.7968177694901915,-6.7968177694901915,-6.7968177694901915,138.90360390143314,-322.43106948887623,26.98673493745158,-62.88823970331315,-0.9540519994364925,1,0,120
18,205,-6.79681858069393,-6.79681858069393,-6.79681858069393,138.91485119850654,-322.444195268509,26.985513134411036,-62.886913322092305,-0.9540318774444996,1,0,120
18,206,-6.796818933212888,-6.796818933212888,-6.796818933212888,138.91064597519218,-322.439423661482,26.984091693477506,-62.885218360415266,-0.9540061638677708,1,0,120
18,207,-6.796818917851769,-6.796818917851769,-6.796818917851769,138.9188890116689,-322.4489384255645,26.985418850286724,-62.88681484738787,-0.9540303835246648,1,0,120
18,208,-6.7968188319478555,-6.7968188319478555,-6.7968188319478555,138.90844287040792,-322.4368113426129,26.98488678649782,-62.88617596751254,-0.9540206913369788,1,0,120
18,209,-6.7968193726438555,-6.7968193726438555,-6.7968193726438555,138.91014153159483,-322.43896269732613,26.982835934517343,-62.88371976429909,-0.9539834292733899,1,0,120
18,210,-6.796819861998679,-6.796819861998679,-6.796819861998679,138.9234605463716,-322.4545220362142,26.985482682030465,-62.88679624907386,-0.9540301013771799,1,0,120
18,211,-6.79682007875447,-6.79682007875447,-6.79682007875447,138.93747972213768,-322.4705743838098,26.976282870309635,-62.87638236891772,-0.953872116621497,1,0,120
18,212,-6.796820381147176,-6.796820381147176,-6.796820381147176,138.9409829504843,-322.47477645037793,26.979553961989193,-62.880105415373286,-0.9539285974505309,1,0,120
18,213,-6.796820859522113,-6.796820859522113,-6.796820859522113,138.94810387301195,-322.48309630003655,26.98135747400204,-62.88224121978936,-0.9539609988738045,1,0,120
18,214,-6.796821021121532,-6.796821021121532,-6.796821021121532,138.94953502023012,-322.48479251783886,26.983225294018617,-62.884406988346,-0.9539938548709119,1,0,120
18,215,-6.796820978492392,-6.796820978492392,-6.796820978492392,138.94405583616413,-322.4783658855572,26.97962211498926,-62.88027863213081,-0.9539312252517642,1,0,120
18,216,-6.79682112156404,-6.79682112156404,-6.79682112156404,138.94615903631995,-322.4809263398633,26.98293415104983,-62.88403415169884,-0.9539881987172278,1,0,120
18,217,-6.796821333145787,-6.796821333145787,-6.796821333145787,138.96006803884205,-322.49720372654366,26.985258965288725,-62.88664833164078,-0.9540278573817453,1,0,120
18,218,-6.79682132730817,-6.79682132730817,-6.79682132730817,138.9621067923809,-322.49951110332574,26.987085948032973,-62.88882860857919,-0.954060933479633,1,0,120
18,219,-6.796821254022491,-6.796821254022491,-6.796821254022491,138.9530296404426,-322.48905000064667,26.983572409608502,-62.88465546081606,-0.9539976243460632,1,0,120
18,220,-6.796821421240666,-6.796821421240666,-6.796821421240666,138.96606868799086,-322.50410274368596,26.985024321841788,-62.88646158601927,-0.9540250243395991,1,0,120
18,221,-6.796821353229047,-6.796821353229047,-6.796821353229047,138.9718891142786,-322.5108892502168,26.98652103583667,-62.888158229078016,-0.9540507634238883,1,0,120
18,222,-6.796821141649015,-6.796821141649015,-6.796821141649015,138.96105519688064,-322.49837886875883,26.990035355323307,-62.892128731265636,-0.9541109983035532,1,0,120
18,223,-6.79682136485066,-6.79682136485066,-6.79682136485066,138.9702017503571,-322.5088157082316,26.983915211498736,-62.885249022512035,-0.9540066290300152,1,0,120
18,224,-6.796821209450841,-6.796821209450841,-6.796821209450841,138.96843796210504,-322.5068489879519,26.986649452166535,-62.88831263334302,-0.9540531058284212,1,0,120
18,225,-6.796821316095152,-6.796821316095152,-6.796821316095152,138.97578254268942,-322.5151669448331,26.976265112158803,-62.87648561496904,-0.9538736829255017,1,0,120
18,226,-6.796821460213874,-6.796821460213874,-6.796821460213874,138.97261423654436,-322.51164389382393,26.98467043013669,-62.88611736493755,-0.9540198023010619,1,0,120
18,227,-6.7968214140924905,-6.7968214140924905,-6.7968214140924905,138.96995900138245,-322.5085187591096,26.983342869370972,-62.88460901907025,-0.9539969197971576,1,0,120
18,228,-6.796821462154243,-6.796821462154243,-6.796821462154243,138.97298317157373,-322.5120787205209,26.984773751190108,-62.8862312650206,-0.9540215302330645,1,0,120
18,229,-6.796821477810672,-6.796821477810672,-6.796821477810672,138.9748462457335,-322.5142325105684,26.984701652556293,-62.8861600485137,-0.9540204498362984,1,0,120
18,230,-6.796821490828128,-6.796821490828128,-6.796821490828128,138.97500575808053,-322.5144310374894,26.985329053726222,-62.886877735912904,-0.954031337580993,1,0,120
18,231,-6.79682147172397,-6.79682147172397,-6.79682147172397,138.9766665879102,-322.51636079338937,26.986025194023146,-62.887681025265124,-0.954043523958227,1,0,120
18,232,-6.796821482673628,-6.796821482673628,-6.796821482673628,138.97501443023845,-322.51443989114193,26.985173676628154,-62.886696968106854,-0.9540285952258625,1,0,120
18,233,-6.796821498459749,-6.796821498459749,-6.796821498459749,138.97408827164844,-322.5133801672705,26.985372528606135,-62.886915238953826,-0.9540319065244289,1,0,120
18,234,-6.796821531832913,-6.796821531832913,-6.796821531832913,138.9748063875502,-322.5142056034844,26.984723872790525,-62.88617688578521,-0.9540207052677213,1,0,120
18,235,-6.7968215583016915,-6.7968215583016915,-6.7968215583016915,138.97497101654318,-322.5143821122307,26.984116849680376,-62.8854918012085,-0.9540103121272346,1,0,120
18,236,-6.796821573167022,-6.796821573167022,-6.796821573167022,138.97549557131052,-322.514979949431,26.983305500624407,-62.88456382319748,-0.9539962341488873,1,0,120
18,237,-6.796821587265796,-6.796821587265796,-6.796821587265796,138.9765780516877,-322.5162328321516,26.983527643462292,-62.88482849172458,-0.9540002493278565,1,0,120
18,238,-6.796821594153974,-6.796821594153974,-6.796821594153974,138.97601216220409,-322.5155800411012,26.983661143393352,-62.884980551214106,-0.9540025561607508,1,0,120
18,239,-6.796821606117393,-6.796821606117393,-6.796821606117393,138.976363420912,-322.515987354357,26.983741025941256,-62.885076152802405,-0.954004006493705,1,0,120
18,240,-6.796821609948629,-6.796821609948629,-6.796821609948629,138.97726641351164,-322.51703313098733,26.983408870214515,-62.88469392721156,-0.9539982079041609,1,0,120
18,241,-6.79682161061572,-6.79682161061572,-6.79682161061572,138.9792296858351,-322.5192926578559,26.983190295252715,-62.884460332921336,-0.9539946641398468,1,0,120
18,242,-6.7968216105822234,-6.7968216105822234,-6.7968216105822234,138.97984512425137,-322.5200148539551,26.98327308631007,-62.884548856001835,-0.9539960070876276,1,0,120
18,243,-6.796821598904107,-6.796821598904107,-6.796821598904107,138.97911590856836,-322.51915342762874,26.983099957204697,-62.884360304355454,-0.9539931466470097,1,0,120
18,244,-6.796821623351632,-6.796821623351632,-6.796821623351632,138.97927551049332,-322.51933704615493,26.982809911055142,-62.88402993570926,-0.9539881347581584,1,0,120
18,245,-6.7968216356699545,-6.7968216356699545,-6.7968216356699545,138.97979623717313,-322.5199616726875,26.983663418373414,-62.8850033284601,-0.9540029017051195,1,0,120
18,246,-6.796821659518667,-6.796821659518667,-6.796821659518667,138.9801331948056,-322.52036014097416,26.983866673230494,-62.885236703615654,-0.9540064421450304,1,0,120
18,247,-6.796821677429991,-6.796821677429991,-6.796821677429991,138.98054845529242,-322.52084705608576,26.98414755912351,-62.885561543169004,-0.954011370154255,1,0,120
18,248,-6.796821708579134,-6.796821708579134,-6.796821708579134,138.9798006409299,-322.5200037297304,26.983995121331244,-62.885365579197455,-0.9540083972642558,1,0,120
18,249,-6.79682173704255,-6.79682173704255,-6.79682173704255,138.9801303151655,-322.5204018391675,26.984397481693847,-62.88582292854077,-0.954015335525805,1,0,120
18,250,-6.796821702658884,-6.796821702658884,-6.796821702658884,138.98177145278555,-322.522304939395,26.983925566023334,-62.88527079563597,-0.954006959341255,1,0,120
18,251,-6.796821734024494,-6.796821734024494,-6.796821734024494,138.97975350886765,-322.51996792782245,26.98454548627949,-62.8859905941955,-0.9540178791135073,1,0,120
18,252,-6.796821737117643,-6.796821737117643,-6.796821737117643,138.9804565377107,-322.52079633157484,26.985088851206402,-62.88660998534964,-0.954027275645702,1,0,120
18,253,-6.796821736270634,-6.796821736270634,-6.796821736270634,138.9812587903394,-322.5217224257812,26.985338377193354,-62.88690495316115,-0.9540317504828365,1,0,120
18,254,-6.796821740055895,-6.796821740055895,-6.796821740055895,138.98070829485647,-322.52108135764183,26.984778719164968,-62.886257746007345,-0.9540219319653831,1,0,120
18,255,-6.796821751362939,-6.796821751362939,-6.796821751362939,138.98048567469579,-322.5208030073897,26.984160728826858,-62.88556223528963,-0.9540113806541365,1,0,120
18,256,-6.796821751651941,-6.796821751651941,-6.796821751651941,138.97849882256392,-322.5185030928833,26.9841480126862,-62.885540480114194,-0.9540110506151861,1,0,120
18,257,-6.796821766383384,-6.796821766383384,-6.796821766383384,138.97847125897817,-322.5184675063084,26.983874106166745,-62.88522886329443,-0.9540063232026944,1,0,120
18,258,-6.796821767110133,-6.796821767110133,-6.796821767110133,138.97790571552162,-322.5178148104145,26.983926771456588,-62.8852861867596,-0.9540071928337545,1,0,120
18,259,-6.796821773659441,-6.796821773659441,-6.796821773659441,138.97840924546023,-322.5183868132316,26.98400783269243,-62.88539422572841,-0.9540088318491682,1,0,120
18,260,-6.796821787603243,-6.796821787603243,-6.796821787603243,138.97917534154936,-322.51926442140757,26.983362533253,-62.88465956364621,-0.9539976865884366,1,0,120
18,261,-6.796821787577373,-6.796821787577373,-6.796821787577373,138.9795495522847,-322.5196769668015,26.98256850850726,-62.88375955967832,-0.9539840329929613,1,0,120
18,262,-6.796821789746328,-6.796821789746328,-6.796821789746328,138.9794049663576,-322.5195368696586,26.98360649771071,-62.88493742063606,-0.9540019018442297,1,0,120
18,263,-6.7968217922407606,-6.7968217922407606,-6.7968217922407606,138.9789610825009,-322.5190181218444,26.983397961521607,-62.884699113312266,-0.9539982865803931,1,0,120
18,264,-6.796821797069434,-6.796821797069434,-6.796821797069434,138.97830215969174,-322.51826734106885,26.983745149228344,-62.885088863217234,-0.9540041993182575,1,0,120
18,265,-6.796821802801905,-6.796821802801905,-6.796821802801905,138.97836410870553,-322.51835304692526,26.983799811902607,-62.88513966203497,-0.9540049699665355,1,0,120
18,266,-6.796821807813096,-6.796821807813096,-6.796821807813096,138.97911108416685,-322.5192323467431,26.984365662618835,-62.885785671693256,-0.9540147703172696,1,0,120
18,267,-6.796821809481983,-6.796821809481983,-6.796821809481983,138.97911755108063,-322.5192483750109,26.984716674693423,-62.88618503864345,-0.9540208289514297,1,0,120
18,268,-6.7968218105251585,-6.7968218105251585,-6.7968218105251585,138.97836199989322,-322.5183712628834,26.984528093965107,-62.885966106670416,-0.9540175076231878,1,0,120
18,269,-6.796821820222346,-6.796821820222346,-6.796821820222346,138.9803702088111,-322.5206983120909,26.984528478264373,-62.88597312882775,-0.954017614153491,1,0,120
18,270,-6.796821828291888,-6.796821828291888,-6.796821828291888,138.98030904241693,-322.5206380593298,26.98439538323211,-62.88580937786132,-0.9540151299539384,1,0,120
18,271,-6.796821830881763,-6.796821830881763,-6.796821830881763,138.98055633395796,-322.52093396976363,26.984953034963723,-62.88644859279309,-0.95402482722463,1,0,120
18,272,-6.79682183002485,-6.79682183002485,-6.79682183002485,138.98172281226482,-322.52230138185394,26.985151900105613,-62.88666632195448,-0.954028130305504,1,0,120
18,273,-6.796821823451729,-6.796821823451729,-6.796821823451729,138.9800072704256,-322.52030418642096,26.985213449073253,-62.88674179137113,-0.9540292752214404,1,0,120
18,274,-6.796821840125353,-6.796821840125353,-6.796821840125353,138.9800816870498,-322.52037557593474,26.984379491793874,-62.885791705279125,-0.9540148618503557,1,0,120
18,275,-6.796821849439925,-6.796821849439925,-6.796821849439925,138.98145128037189,-322.5219478843431,26.983840954316612,-62.88518613830738,-0.95400567503923,1,0,120
18,276,-6.79682185471287,-6.79682185471287,-6.79682185471287,138.9823048326919,-322.5229195269328,26.98352875268509,-62.88484407773672,-0.9540004857769305,1,0,120
18,277,-6.796821859026297,-6.796821859026297,-6.796821859026297,138.98257196768213,-322.5232173269953,26.98277490302857,-62.88398198128059,-0.9539874072609543,1,0,120
18,278,-6.796821862118864,-6.796821862118864,-6.796821862118864,138.9838346922911,-322.52467091742267,26.982797129863787,-62.88402095060338,-0.9539879984487583,1,0,120
18,279,-6.796821859775815,-6.796821859775815,-6.796821859775815,138.98316938431896,-322.523897006522,26.98298432141149,-62.88423926719774,-0.9539913104413398,1,0,120
18,280,-6.79682186459656,-6.79682186459656,-6.79682186459656,138.98387465395936,-322.52472574342534,26.983160017501298,-62.88443435129781,-0.9539942699831652,1,0,120
18,281,-6.796821858423822,-6.796821858423822,-6.796821858423822,138.9836495455728,-322.5244621039248,26.983038357930333,-62.88429416826389,-0.953992143323166,1,0,120
18,282,-6.796821863263404,-6.796821863263404,-6.796821863263404,138.98370062098195,-322.5245275588792,26.98318143399315,-62.8844550756611,-0.9539945843840822,1,0,120
18,283,-6.796821859244228,-6.796821859244228,-6.796821859244228,138.98476104999966,-322.5257334809803,26.982750026512,-62.88397873656532,-0.9539873580366938,1,0,120
18,284,-6.796821867699823,-6.796821867699823,-6.796821867699823,138.98480532427092,-322.52580713586065,26.983216163310857,-62.884499348895076,-0.9539952560353734,1,0,120
18,285,-6.796821875528148,-6.796821875528148,-6.796821875528148,138.98587839881628,-322.5270649279423,26.98364341784733,-62.88498509067765,-0.9540026250271127,1,0,120
18,286,-6.796821877242829,-6.796821877242829,-6.796821877242829,138.98775353512337,-322.52923669808916,26.983434886371224,-62.88474872905609,-0.9539990392807363,1,0,120
18,287,-6.796821882382821,-6.796821882382821,-6.796821882382821,138.98799880463304,-322.52953007706117,26.98368949783428,-62.88503674547024,-0.9540034086610383,1,0,120
18,288,-6.796821879390097,-6.796821879390097,-6.796821879390097,138.9881989578105,-322.5297801155119,26.984001754940778,-62.885381081875394,-0.9540086324491005,1,0,120
18,289,-6.796821882623886,-6.796821882623886,-6.796821882623886,138.9884768708901,-322.5300835617368,26.983940740512487,-62.88533009618543,-0.9540078589658596,1,0,120
18,290,-6.796821873916972,-6.796821873916972,-6.796821873916972,138.9886851095359,-322.53034082596525,26.984735417556706,-62.886235620385044,-0.9540215963065335,1,0,120
18,291,-6.796821881404952,-6.796821881404952,-6.796821881404952,138.98867940842402,-322.53031923433537,26.983855660771276,-62.88523056687868,-0.9540063490470807,1,0,120
18,292,-6.796821886400177,-6.796821886400177,-6.796821886400177,138.98878591143045,-322.5304387990433,26.98396654124015,-62.885364364815636,-0.9540083788413614,1,0,120
18,293,-6.79682188729968,-6.79682188729968,-6.79682188729968,138.98976582368834,-322.5315595052467,26.98331366664745,-62.8846235491676,-0.9539971402273764,1,0,120
18,294,-6.796821884543999,-6.796821884543999,-6.796821884543999,138.99050371296028,-322.5324240172731,26.98390905352604,-62.885306543810614,-0.9540075016623258,1,0,120
18,295,-6.796821887632044,-6.796821887632044,-6.796821887632044,138.9900841288532,-322.5319302173957,26.98345176421545,-62.88478282097675,-0.953999556475449,1,0,120
18,296,-6.796821884814876,-6.796821884814876,-6.796821884814876,138.99110102955012,-322.5330863416982,26.98296681475384,-62.88424379059736,-0.9539913790640022,1,0,120
18,297,-6.796821889545635,-6.796821889545635,-6.796821889545635,138.98943699243125,-322.5311829854793,26.98353566993104,-62.884876465861254,-0.9540009771240427,1,0,120
18,298,-6.796821882096061,-6.796821882096061,-6.796821882096061,138.9878459236458,-322.52933229519834,26.98344332554317,-62.884771136908405,-0.953999379221183,1,0,120
18,299,-6.796821885148307,-6.796821885148307,-6.796821885148307,138.98953087356497,-322.5312860680032,26.9833710802347,-62.88469043757475,-0.9539981549642951,1,0,120
18,300,-6.796821893660645,-6.796821893660645,-6.796821893660645,138.98994745675958,-322.53179314980025,26.983792923306897,-62.88515847578281,-0.9540052553822798,1,0,120
19,1,-4.236549838364712,-4.236549838364712,-4.236549838364712,122.46373411745593,-82.40077808681971,32.23506563709495,-21.04162011726043,-0.35164592968024744,1,0,120
19,2,-4.518292121340398,-4.518292121340398,-4.518292121340398,119.04612088103623,-98.34290702199603,29.88192991735727,-18.505533516727944,-0.3092630463554831,1,0,120
19,3,-1.8555595270274896,-1.8555595270274896,-1.8555595270274896,129.21618202884395,-25.187901754997448,28.164977307120374,-6.5374175489332,-0.1092528169832716,1,0,120
19,4,-3.5256390197583745,-3.5256390197583745,-3.5256390197583745,109.84645859775652,-68.66821973671497,31.011775343278284,-0.5107205821695396,-0.008535122909881121,1,0,120
19,5,-1.6811594928917204,-1.6811594928917204,-1.6811594928917204,96.85392451577513,-21.704445814393104,29.17255506913276,-4.3145210433877015,-0.07210394232821049,1,0,120
19,6,-4.996103709130714,-4.996103709130714,-4.996103709130714,121.47278437858739,-128.1410378724278,27.026153129640633,-20.026071809488332,-0.33467416482413825,1,0,120
19,7,-5.793700531414127,-5.793700531414127,-5.793700531414127,116.84428262579104,-179.09559210288256,28.137267698958304,-39.04799737653264,-0.6525671152269827,1,0,120
19,8,-5.687277379144942,-5.687277379144942,-5.687277379144942,115.70662721333335,-163.62837959461518,26.107281548389537,-40.93882243967812,-0.6841664375931862,1,0,120
19,9,-5.913507127169062,-5.913507127169062,-5.913507127169062,114.71141966002328,-193.09023385101958,23.632430929019616,-33.156170956004516,-0.5541033673019011,1,0,120
19,10,-5.769598503191768,-5.769598503191768,-5.769598503191768,114.96184584742255,-175.07385659349436,23.006111693874857,-35.17881064992655,-0.5879055655933693,1,0,120
19,11,-5.930902049866839,-5.930902049866839,-5.930902049866839,126.5482240917808,-200.97307824587023,21.836324460837478,-35.386581627478684,-0.591377818117402,1,0,120
19,12,-5.877136313316119,-5.877136313316119,-5.877136313316119,131.79030950091592,-204.39844151081815,21.396972977158033,-29.385830889565117,-0.4910937354158946,1,0,120
19,13,-5.850817153082871,-5.850817153082871,-5.850817153082871,123.8793834638355,-192.28224749027345,22.24680706728699,-33.06529867745984,-0.5525847168038441,1,0,120
19,14,-5.247519499423509,-5.247519499423509,-5.247519499423509,116.10907055647121,-135.93428792249506,23.70909484658215,-27.095206146004067,-0.4528129916799424,1,0,120
19,15,-5.498125779184118,-5.498125779184118,-5.498125779184118,122.2688646273875,-162.93729751198325,22.263442130461133,-24.944761251556802,-0.4168749227517925,1,0,120
19,16,-6.104984531133356,-6.104984531133356,-6.104984531133356,117.53437636140532,-205.20682252570916,27.804288314396413,-49.987571525473435,-0.8353884331897907,1,0,120
19,17,-5.949375646633694,-5.949375646633694,-5.949375646633694,131.91125383737523,-201.57999326610798,25.6817996375371,-44.26368336075338,-0.7397312564205142,1,0,120
19,18,-6.190615363332045,-6.190615363332045,-6.190615363332045,121.06412283171043,-219.00386591429577,26.70832719306856,-49.57496734875462,-0.8284930240671242,1,0,120
19,19,-5.935315628413097,-5.935315628413097,-5.935315628413097,113.42737935788114,-184.1318645473267,29.40805520237198,-48.27844712527391,-0.8068256782641682,1,0,120
19,20,-6.011317081351664,-6.011317081351664,-6.011317081351664,123.68784587736877,-202.92930768478035,25.606493564810638,-43.880599946113435,-0.733329195992874,1,0,120
19,21,-6.138356329441703,-6.138356329441703,-6.138356329441703,120.61465565915238,-212.76435000731487,26.5123374019691,-48.31547952263859,-0.8074445608277266,1,0,120
19,22,-6.2450605738925065,-6.2450605738925065,-6.2450605738925065,120.23331707274542,-224.71250205659808,27.26427559807172,-51.02138253594996,-0.8526654029224819,1,0,120
19,23,-6.204389264901051,-6.204389264901051,-6.204389264901051,119.30618527244474,-218.6026476803077,28.768594975622634,-52.108761179684336,-0.8708375908034313,1,0,120
19,24,-6.238308278954889,-6.238308278954889,-6.238308278954889,119.25672407254908,-223.09879386136288,27.515703641844606,-51.02937804494403,-0.8527990232510412,1,0,120
19,25,-6.267927458123154,-6.267927458123154,-6.267927458123154,119.808449949714,-227.02693383671624,26.9900985624984,-51.2159300360876,-0.8559166657136369,1,0,120
19,26,-6.2633149528113305,-6.2633149528113305,-6.2633149528113305,119.19446562161929,-226.12004626358976,26.912911455730708,-50.82757123963774,-0.8494264435127766,1,0,120
19,27,-6.2601708480108,-6.2601708480108,-6.2601708480108,119.35922715255063,-225.52767243759814,27.28005078043672,-51.48777283101765,-0.8604596814993672,1,0,120
19,28,-6.296678309443897,-6.296678309443897,-6.296678309443897,119.8131928981991,-230.70295520530206,26.821422799228582,-51.41100323016465,-0.8591767138612912,1,0,120
19,29,-6.3148759848739555,-6.3148759848739555,-6.3148759848739555,121.07784608961,-234.30167195425585,26.31829603849251,-51.12920734095329,-0.8544673627329286,1,0,120
19,30,-6.326774770735448,-6.326774770735448,-6.326774770735448,120.68634543116553,-235.51888579832857,26.408395900129417,-51.321474291883916,-0.8576805131619359,1,0,120
19,31,-6.328134188013364,-6.328134188013364,-6.328134188013364,119.04489680016229,-234.34047798435518,26.59444772221344,-51.27138176036884,-0.8568433706455093,1,0,120
19,32,-6.328082522823091,-6.328082522823091,-6.328082522823091,120.05426095985739,-235.42994573497836,25.976622529943715,-50.55818998334166,-0.8449245647705137,1,0,120
19,33,-6.327438188325174,-6.327438188325174,-6.327438188325174,120.08135099159068,-235.2749988754735,26.373991862970104,-51.03621273375641,-0.8529132440424113,1,0,120
19,34,-6.347668987085946,-6.347668987085946,-6.347668987085946,120.33258414138689,-237.95068655209494,25.978258504175347,-51.1286589637409,-0.8544581982953238,1,0,120
19,35,-6.344277076085679,-6.344277076085679,-6.344277076085679,120.51264854856055,-238.02786060075476,25.629892345455644,-50.3956043164128,-0.8422074456665058,1,0,120
19,36,-6.351581916132193,-6.351581916132193,-6.351581916132193,120.17727821602504,-238.14567599642447,26.19695179148087,-51.56253249063986,-0.8617090591548866,1,0,120
19,37,-6.36707493756197,-6.36707493756197,-6.36707493756197,120.46608290702608,-240.4067747889735,26.1705217473441,-51.815928264924004,-0.8659437897568377,1,0,120
19,38,-6.385440202279849,-6.385440202279849,-6.385440202279849,121.40727884032563,-243.48737405947188,25.938316143401085,-52.14316860731247,-0.8714126050755631,1,0,120
19,39,-6.398772706706827,-6.398772706706827,-6.398772706706827,121.53211222857622,-245.16819647255028,25.86680307601936,-52.49352050921513,-0.8772676589912425,1,0,120
19,40,-6.400838693616904,-6.400838693616904,-6.400838693616904,119.27761743782352,-243.15878145393245,26.516047591957662,-53.18361519945954,-0.8888004681364535,1,0,120
19,41,-6.413872847436348,-6.413872847436348,-6.413872847436348,120.7637817401943,-246.16739366409206,26.021974306484122,-53.125737410442454,-0.8878332189981586,1,0,120
19,42,-6.42285360160018,-6.42285360160018,-6.42285360160018,121.617201527988,-248.13580887947978,25.94962328535657,-53.30309713496318,-0.8907972410111672,1,0,120
19,43,-6.427540329787511,-6.427540329787511,-6.427540329787511,123.18573172665047,-250.06167773056492,26.013112829332194,-53.75064053690185,-0.8982765517662306,1,0,120
19,44,-6.43397231386887,-6.43397231386887,-6.43397231386887,123.90619937337998,-251.75601087380707,25.592334326460406,-53.340894692357836,-0.8914289108700286,1,0,120
19,45,-6.435998523648085,-6.435998523648085,-6.435998523648085,123.61618544188258,-251.68266804013155,25.573303482522366,-53.40765677025423,-0.8925446335576559,1,0,120
19,46,-6.439933004826618,-6.439933004826618,-6.439933004826618,124.27551586327328,-252.8575061282856,24.996058184189625,-52.91768064493926,-0.8843561904079684,1,0,120
19,47,-6.4411243708095824,-6.4411243708095824,-6.4411243708095824,125.0012093145576,-253.46551153812396,25.098696991692535,-53.33960381984554,-0.8914073379083387,1,0,120
19,48,-6.446976718396902,-6.446976718396902,-6.446976718396902,123.9226025844458,-253.09061821221277,25.46628864759536,-53.8839229159714,-0.9005039565875665,1,0,120
19,49,-6.453932134269282,-6.453932134269282,-6.453932134269282,124.81310398370246,-255.05256046258097,24.821178334736555,-53.24430470576806,-0.8898147064768839,1,0,120
19,50,-6.4555522620119055,-6.4555522620119055,-6.4555522620119055,126.56454330882869,-257.18088690446393,24.270420944391326,-52.60125258527137,-0.8790680691226898,1,0,120
19,51,-6.45733727257091,-6.45733727257091,-6.45733727257091,126.37916578235348,-257.1977821768918,24.232051660762206,-52.63090883292167,-0.8795636820421181,1,0,120
19,52,-6.458563030820075,-6.458563030820075,-6.458563030820075,126.23453633063228,-257.31218621602125,24.0392541138682,-52.35897536840741,-0.8750191509933017,1,0,120
19,53,-6.456715242298019,-6.456715242298019,-6.456715242298019,125.22473608144992,-256.32513659653273,23.631014563186262,-51.59685640458377,-0.86228267775278,1,0,120
19,54,-6.458008579059787,-6.458008579059787,-6.458008579059787,126.03134454116044,-256.9945507756204,24.05659832076499,-52.3992784306905,-0.8756926926562782,1,0,120
19,55,-6.459836541721606,-6.459836541721606,-6.459836541721606,126.24238351886251,-257.3175106578707,24.120689261148883,-52.64293608324033,-0.8797646805201931,1,0,120
19,56,-6.457277109638066,-6.457277109638066,-6.457277109638066,128.12907134928952,-258.904759932504,23.77673847346936,-52.243302256069995,-0.8730860308770646,1,0,120
19,57,-6.4637491388871515,-6.4637491388871515,-6.4637491388871515,125.76811415130078,-257.26448249410566,24.499263434845904,-53.2040903918338,-0.8891426479694562,1,0,120
19,58,-6.46438675365584,-6.46438675365584,-6.46438675365584,125.61152595576635,-257.2713433775496,24.681194619817415,-53.32241287695041,-0.8911200441988832,1,0,120
19,59,-6.465068542774256,-6.465068542774256,-6.465068542774256,124.46273764376183,-255.96334830341434,25.570810864094096,-54.46829734244348,-0.9102699768527822,1,0,120
19,60,-6.460765733373644,-6.460765733373644,-6.460765733373644,124.46597505141406,-255.45359072136884,25.704377350339012,-54.452101599075746,-0.9099993148409375,1,0,120
19,61,-6.466420085886713,-6.466420085886713,-6.466420085886713,124.90174274243255,-256.6219538603644,25.374949198306858,-54.27115349816349,-0.9069753241589192,1,0,120
19,62,-6.46807455799029,-6.46807455799029,-6.46807455799029,122.9249733188669,-254.65972504816915,25.80249228793111,-54.882666196534394,-0.9171948771273487,1,0,120
19,63,-6.470430813256872,-6.470430813256872,-6.470430813256872,123.93606328401118,-255.94142770431415,25.640651443278475,-54.84940064172061,-0.9166389457454667,1,0,120
19,64,-6.462267191528053,-6.462267191528053,-6.462267191528053,123.84877760436092,-254.7983326165401,25.69418264677144,-54.69156521593525,-0.9140012123044357,1,0,120
19,65,-6.466526790523649,-6.466526790523649,-6.466526790523649,124.36802388882299,-255.78194905194184,25.8447942772454,-55.06166389085093,-0.9201862727650318,1,0,120
19,66,-6.4777233973198305,-6.4777233973198305,-6.4777233973198305,123.4956478523402,-256.57192767399295,25.32087505810795,-54.560544587186335,-0.9118116056797105,1,0,120
19,67,-6.48118553972998,-6.48118553972998,-6.48118553972998,122.94370654498525,-256.57296744500337,25.09339424905949,-54.28130703439968,-0.9071450092720151,1,0,120
19,68,-6.4797506649272885,-6.4797506649272885,-6.4797506649272885,121.22103631154593,-254.51104296643354,25.730847183999977,-54.97962431246611,-0.9188152336696134,1,0,120
19,69,-6.479381525837479,-6.479381525837479,-6.479381525837479,122.91701966993669,-256.31623332926324,25.002798944103944,-54.13472457347541,-0.904695334510315,1,0,120
19,70,-6.479093309921887,-6.479093309921887,-6.479093309921887,122.84891994783939,-256.38589735329305,24.65795963670572,-53.58675114396312,-0.8955376448938744,1,0,120
19,71,-6.482225742793839,-6.482225742793839,-6.482225742793839,123.01440238946645,-256.75065851783063,25.086355632906002,-54.33219638771557,-0.9079954682128127,1,0,120
19,72,-6.484842268262603,-6.484842268262603,-6.484842268262603,124.10399170145375,-258.1274989705818,25.138477415252126,-54.56093637073019,-0.9118181531360254,1,0,120
19,73,-6.47873857348516,-6.47873857348516,-6.47873857348516,121.92617865700478,-255.03285616574001,25.69999897522885,-55.01011749351437,-0.9193248333553253,1,0,120
19,74,-6.486805763017674,-6.486805763017674,-6.486805763017674,123.7751228445415,-258.0244623402063,25.436845308310836,-54.93911941032122,-0.9181383188744612,1,0,120
19,75,-6.484687739247241,-6.484687739247241,-6.484687739247241,124.2001803162923,-258.0986069044301,25.590944730745473,-55.139861898078124,-0.9214931118200718,1,0,120
19,76,-6.487201655462659,-6.487201655462659,-6.487201655462659,125.2281460831633,-259.74246045687977,25.05077625486527,-54.40024308847253,-0.9091326594184332,1,0,120
19,77,-6.491317048966697,-6.491317048966697,-6.491317048966697,125.58454371406363,-260.63596264047476,25.05161423789807,-54.52774609005766,-0.9112634797297764,1,0,120
19,78,-6.490861083648083,-6.490861083648083,-6.490861083648083,126.40139395536983,-261.4567038302565,25.127617055540345,-54.56759037977044,-0.9119293544210034,1,0,120
19,79,-6.492971096186227,-6.492971096186227,-6.492971096186227,124.93529534119389,-260.21013784581544,24.985220055200802,-54.464174924364904,-0.9102010833203598,1,0,120
19,80,-6.494702953457146,-6.494702953457146,-6.494702953457146,123.5101650644086,-258.8783399631781,25.397952994077382,-55.003373409958336,-0.9192121267519988,1,0,120
19,81,-6.4956318379359255,-6.4956318379359255,-6.4956318379359255,124.71978164219277,-260.35295220509,24.858228313543464,-54.380139021174195,-0.9087966817990255,1,0,120
19,82,-6.494617942635221,-6.494617942635221,-6.494617942635221,124.70544673275973,-260.14422524612604,25.23224351346734,-54.807343198594296,-0.9159360850053855,1,0,120
19,83,-6.491885620780523,-6.491885620780523,-6.491885620780523,124.80113522851549,-259.8949449648595,24.968657367500818,-54.450495470045034,-0.9099724733366692,1,0,120
19,84,-6.492984228142823,-6.492984228142823,-6.492984228142823,125.34872845660469,-260.8331935382532,24.212431920807745,-53.46582415361366,-0.8935167223742255,1,0,120
19,85,-6.492043150860151,-6.492043150860151,-6.492043150860151,124.68166974712732,-259.8835582505926,24.687187685197014,-54.06557458745761,-0.9035397052866575,1,0,120
19,86,-6.501861269741476,-6.501861269741476,-6.501861269741476,122.8760804939946,-259.19860459445755,25.428283439850034,-55.1693005347637,-0.9219850880418706,1,0,120
19,87,-6.506204108545327,-6.506204108545327,-6.506204108545327,122.05568477505611,-258.9067839757561,25.752677909694146,-55.61720452479592,-0.9294704249172937,1,0,120
19,88,-6.506067451123482,-6.506067451123482,-6.506067451123482,119.6298857126618,-256.30420186605215,26.514253917999287,-56.42274068699275,-0.942932483022525,1,0,120
19,89,-6.508064726236415,-6.508064726236415,-6.508064726236415,122.75263048231429,-259.92772082257574,25.623826886136264,-55.49341992682743,-0.9274017462799002,1,0,120
19,90,-6.506788359952477,-6.506788359952477,-6.506788359952477,124.4184135637438,-261.53652489189267,25.2608565455799,-55.064246136408414,-0.9202294270532788,1,0,120
19,91,-6.510068143270095,-6.510068143270095,-6.510068143270095,122.95800939150357,-260.38150493908995,25.620957126506607,-55.57114507155206,-0.9287006828933316,1,0,120
19,92,-6.503909338786276,-6.503909338786276,-6.503909338786276,122.5047826285619,-259.0247558512212,25.977478896400534,-55.85392341195968,-0.93342645267018,1,0,120
19,93,-6.5080956660959295,-6.5080956660959295,-6.5080956660959295,122.46111898148204,-259.63687922863335,25.491014564411458,-55.337793885329546,-0.9248009358983798,1,0,120
19,94,-6.508957174329979,-6.508957174329979,-6.508957174329979,123.09401528008624,-260.3783847360594,25.73279347685911,-55.66206896642657,-0.9302201959995048,1,0,120
19,95,-6.509480767255109,-6.509480767255109,-6.509480767255109,122.986674604949,-260.39078984880814,25.3536884100336,-55.215360118814296,-0.9227548322518648,1,0,120
19,96,-6.515825570958737,-6.515825570958737,-6.515825570958737,124.0103437171249,-262.31752078163663,25.33088076378603,-55.357742989490625,-0.9251343237858104,1,0,120
19,97,-6.517601944402563,-6.517601944402563,-6.517601944402563,124.60457332170621,-263.3332093300277,24.833514434800662,-54.727432242767726,-0.9146006192856988,1,0,120
19,98,-6.519674709114297,-6.519674709114297,-6.519674709114297,124.98293815215399,-264.0099618310753,24.61656999631446,-54.552396515543485,-0.9116754357359522,1,0,120
19,99,-6.512336057968643,-6.512336057968643,-6.512336057968643,125.87818592959253,-264.11689547582614,24.434429034285216,-54.0342727322819,-0.9030165911014075,1,0,120
19,100,-6.516684352009866,-6.516684352009866,-6.516684352009866,126.18387510063621,-264.9275453619612,24.314269108515717,-54.11279469332606,-0.9043288440476073,1,0,120
19,101,-6.524977685055686,-6.524977685055686,-6.524977685055686,124.228173852072,-263.8659096190647,25.105661463006385,-55.25849029223131,-0.9234756203776828,1,0,120
19,102,-6.52406792949781,-6.52406792949781,-6.52406792949781,122.82878604002599,-262.1377544512462,25.492198355672574,-55.757943187918066,-0.9318224385816286,1,0,120
19,103,-6.523206969770604,-6.523206969770604,-6.523206969770604,123.56620045468833,-262.9355407446002,25.136349186185193,-55.23180366561166,-0.9230296355354797,1,0,120
19,104,-6.528101310683855,-6.528101310683855,-6.528101310683855,124.12989878390133,-264.23384888211893,24.89003600097708,-55.05325145749845,-0.9200456848288072,1,0,120
19,105,-6.524964615149325,-6.524964615149325,-6.524964615149325,125.03695676906466,-264.8046045344722,24.959452958806843,-55.024878069059746,-0.9195715109534068,1,0,120
19,106,-6.529056781810542,-6.529056781810542,-6.529056781810542,124.06771981307406,-264.31029777367155,24.743567763979186,-54.905667023153775,-0.91757926516472,1,0,120
19,107,-6.53281524293233,-6.53281524293233,-6.53281524293233,123.16190700380818,-263.7840279090218,24.994775232596016,-55.328186499208904,-0.9246403780038183,1,0,120
19,108,-6.529550044455052,-6.529550044455052,-6.529550044455052,121.7623441421015,-261.9101430032496,24.867801958977957,-55.0359557428003,-0.9197566401810747,1,0,120
19,109,-6.528956158364492,-6.528956158364492,-6.528956158364492,122.93802163240179,-262.99946985614054,25.09690881508576,-55.36670399092914,-0.9252840793495052,1,0,120
19,110,-6.537728682127611,-6.537728682127611,-6.537728682127611,122.19057597020345,-263.3833652533727,25.298736727184192,-55.792483047986735,-0.9323996660544747,1,0,120
19,111,-6.534319675780432,-6.534319675780432,-6.534319675780432,124.05552482042174,-264.9692405931295,24.67306336979463,-54.99888472532361,-0.9191371122011884,1,0,120
19,112,-6.538961695321151,-6.538961695321151,-6.538961695321151,122.49143539091202,-263.9149714683547,25.13072554576319,-55.601513628044,-0.929208199863087,1,0,120
19,113,-6.537447663393925,-6.537447663393925,-6.537447663393925,122.6937493260877,-263.9668801659725,25.121477020349364,-55.516528454419664,-0.9277879342076086,1,0,120
19,114,-6.537250443516919,-6.537250443516919,-6.537250443516919,122.56612061181494,-263.76968577083505,25.088042883580908,-55.50813167676447,-0.9276476079081876,1,0,120
19,115,-6.539266691493253,-6.539266691493253,-6.539266691493253,120.30573505573346,-261.5599080999847,25.681777223704206,-56.23107747286267,-0.9397294221962823,1,0,120
19,116,-6.534968757183611,-6.534968757183611,-6.534968757183611,118.46059205205087,-258.93776982805787,26.26866308958545,-56.80149893083437,-0.9492622615299551,1,0,120
19,117,-6.535884893908027,-6.535884893908027,-6.535884893908027,120.23890531042923,-261.0218198003008,25.581048454059236,-56.05014950143262,-0.9367057679166153,1,0,120
19,118,-6.542921088000839,-6.542921088000839,-6.542921088000839,120.87550381400725,-262.75246011319973,25.466880437104606,-56.00644412097103,-0.93597536697511,1,0,120
19,119,-6.5403471811140745,-6.5403471811140745,-6.5403471811140745,120.66944377714395,-262.2207760222694,25.816739929060375,-56.28453436082912,-0.9406227895777871,1,0,120
19,120,-6.545881272580377,-6.545881272580377,-6.545881272580377,120.356777817987,-262.5504408793013,25.576193739840242,-56.23374641431029,-0.9397740253395469,1,0,120
19,121,-6.548184530837828,-6.548184530837828,-6.548184530837828,120.46788312934424,-263.01371211592846,25.29692513022487,-55.95387047790727,-0.9350967603141777,1,0,120
19,122,-6.540771160803846,-6.540771160803846,-6.540771160803846,120.75420007710864,-262.28377531398615,25.552323637417942,-56.09364316509039,-0.9374326306632529,1,0,120
19,123,-6.5438307970760095,-6.5438307970760095,-6.5438307970760095,119.81202647538723,-261.70650719511536,25.463395687781805,-56.03274999445783,-0.9364149887003748,1,0,120
19,124,-6.5524099521628285,-6.5524099521628285,-6.5524099521628285,120.38382765674636,-263.52144508644903,24.921525084638674,-55.61657710293371,-0.9294599394916083,1,0,120
19,125,-6.553823414653729,-6.553823414653729,-6.553823414653729,121.70834884479912,-265.23474944536554,24.28107171154223,-54.87976387226543,-0.9171463737084053,1,0,120
19,126,-6.5518240308648155,-6.5518240308648155,-6.5518240308648155,121.58545622215458,-264.8713761920998,23.894785665920985,-54.365107663020225,-0.9085454789029105,1,0,120
19,127,-6.550349885032166,-6.550349885032166,-6.550349885032166,122.48020727901698,-265.63397804298853,24.027557013400287,-54.49185774502937,-0.9106637164804718,1,0,120
19,128,-6.555701717440066,-6.555701717440066,-6.555701717440066,120.48747144979163,-264.1397568768873,24.59155114352757,-55.274907633010876,-0.9237499857083531,1,0,120
19,129,-6.556120159987382,-6.556120159987382,-6.556120159987382,120.89505700793538,-264.62581614022304,24.664498958149707,-55.38434251983944,-0.9255788530818647,1,0,120
19,130,-6.557827756599888,-6.557827756599888,-6.557827756599888,119.8576908358302,-263.72449196049894,24.88680580023303,-55.66103651033828,-0.930202941673127,1,0,120
19,131,-6.551270447831441,-6.551270447831441,-6.551270447831441,118.9279844179924,-261.89211963616157,25.019641644282398,-55.570471016362276,-0.9286894181350789,1,0,120
19,132,-6.557884756730903,-6.557884756730903,-6.557884756730903,119.61177208171763,-263.4517157479046,24.917883690540876,-55.705792356966896,-0.9309508979240545,1,0,120
19,133,-6.560886075898492,-6.560886075898492,-6.560886075898492,117.88489423584112,-261.9375939896182,25.209527177217275,-56.10820326427567,-0.9376759579158938,1,0,120
19,134,-6.561046144658688,-6.561046144658688,-6.561046144658688,118.4940014638775,-262.63351523462586,24.925275714021407,-55.798578756548935,-0.932501537064999,1,0,120
19,135,-6.559207268511746,-6.559207268511746,-6.559207268511746,116.68497488526643,-260.4109825789724,25.14406242419199,-55.95977809209638,-0.9351954879060714,1,0,120
19,136,-6.556854743073717,-6.556854743073717,-6.556854743073717,119.40426417767625,-263.08415712114794,24.687456783645313,-55.425372697215366,-0.9262645462360941,1,0,120
19,137,-6.5591720642814995,-6.5591720642814995,-6.5591720642814995,116.39976353417192,-260.0358362819106,25.716367745501135,-56.649391032066774,-0.9467202460779242,1,0,120
19,138,-6.559327243494544,-6.559327243494544,-6.559327243494544,118.61997290229931,-262.5312187527343,25.103404393698924,-55.964442443131645,-0.9352734381801953,1,0,120
19,139,-6.562640487919301,-6.562640487919301,-6.562640487919301,118.32490004133565,-262.6806322139579,24.719443534405634,-55.588573188803934,-0.9289919402423122,1,0,120
19,140,-6.557652362505491,-6.557652362505491,-6.557652362505491,117.12969195644504,-260.64068899334325,25.09268915219656,-55.92226533217232,-0.9345685775605346,1,0,120
19,141,-6.56472294732695,-6.56472294732695,-6.56472294732695,118.4396602074044,-263.0977214386039,24.711261046628117,-55.62171532679162,-0.9295458090917319,1,0,120
19,142,-6.563873433949789,-6.563873433949789,-6.563873433949789,118.71466713228672,-263.36467510023874,24.46499384631367,-55.25139089534146,-0.9233569758053739,1,0,120
19,143,-6.564686510023552,-6.564686510023552,-6.564686510023552,118.52820771379874,-263.1910203374687,24.728124244219128,-55.639932334812386,-0.9298502503222908,1,0,120
19,144,-6.560516881153472,-6.560516881153472,-6.560516881153472,120.05056517447184,-264.367559977361,24.125285326697533,-54.818856528292514,-0.9161284948817583,1,0,120
19,145,-6.565083159813575,-6.565083159813575,-6.565083159813575,118.19599665275058,-262.87656804848837,24.755362562189276,-55.67800154196794,-0.9304864599709682,1,0,120
19,146,-6.563942777937666,-6.563942777937666,-6.563942777937666,116.82133640295925,-261.181045141976,25.184836955386302,-56.13766211181172,-0.9381682718998643,1,0,120
19,147,-6.563264397945718,-6.563264397945718,-6.563264397945718,118.10974908464183,-262.53998483316093,24.789391458655242,-55.66689419435585,-0.9303008348358518,1,0,120
19,148,-6.563813412785797,-6.563813412785797,-6.563813412785797,118.17892864269703,-262.7072071284673,24.642705969714015,-55.50070378724975,-0.9275234735925117,1,0,120
19,149,-6.564300808491508,-6.564300808491508,-6.564300808491508,118.81130176678647,-263.46886534885135,24.51933757934328,-55.38326896881089,-0.9255609119800203,1,0,120
19,150,-6.564981443880308,-6.564981443880308,-6.564981443880308,118.43573598278925,-263.1315318619037,24.676835107458405,-55.58640062114354,-0.9289556324594289,1,0,120
19,151,-6.565223647404978,-6.565223647404978,-6.565223647404978,118.08769941507353,-262.77941509669984,24.76590800479106,-55.68858983167277,-0.9306634106504421,1,0,120
19,152,-6.5649708184584155,-6.5649708184584155,-6.5649708184584155,118.22530376965386,-262.89841806331265,24.787439802671365,-55.70664225069042,-0.9309651012822976,1,0,120
19,153,-6.565238705106998,-6.565238705106998,-6.565238705106998,118.05228236607417,-262.73810682309124,24.781633061580607,-55.71034490434218,-0.931026979744051,1,0,120
19,154,-6.565751228232542,-6.565751228232542,-6.565751228232542,117.94304038622835,-262.6838164491877,24.795088783081926,-55.73942874344997,-0.9315130266161424,1,0,120
19,155,-6.566155415165848,-6.566155415165848,-6.566155415165848,117.79788452424177,-262.5745235104315,24.809451393058904,-55.76712833461127,-0.9319759400435019,1,0,120
19,156,-6.56655779370334,-6.56655779370334,-6.56655779370334,117.6390673877228,-262.45089233757903,24.823581721613735,-55.79324756690951,-0.9324124426356437,1,0,120
19,157,-6.566863445153409,-6.566863445153409,-6.566863445153409,117.2788420696622,-262.08211647593293,24.888276125528872,-55.880351229590076,-0.933868112316551,1,0,120
19,158,-6.567212962225246,-6.567212962225246,-6.567212962225246,117.23363484626077,-262.07993037827185,24.936701612991776,-55.941708335253374,-0.9348935075258182,1,0,120
19,159,-6.567821184232936,-6.567821184232936,-6.567821184232936,116.98327829500391,-261.88761983692234,24.914674094445086,-55.92585995740716,-0.934628650659731,1,0,120
19,160,-6.567993910768301,-6.567993910768301,-6.567993910768301,116.80301422703266,-261.71254042569876,24.924627174689437,-55.937588682259836,-0.9348246602032831,1,0,120
19,161,-6.568265806929046,-6.568265806929046,-6.568265806929046,116.53564860465349,-261.4508976288154,24.959590266890274,-55.98183747522842,-0.9355641426126201,1,0,120
19,162,-6.5681152412682176,-6.5681152412682176,-6.5681152412682176,116.8071487360273,-261.7380958049437,24.841898635029015,-55.84321137217943,-0.933247433889007,1,0,120
19,163,-6.568128300489745,-6.568128300489745,-6.568128300489745,116.60377545793483,-261.5086891413132,24.945445466928163,-55.96276436460398,-0.9352453942614928,1,0,120
19,164,-6.568507967745984,-6.568507967745984,-6.568507967745984,116.29635487309947,-261.215227018728,25.013067878628473,-56.04742011354084,-0.9366601545970461,1,0,120
19,165,-6.5688381811213175,-6.5688381811213175,-6.5688381811213175,116.18142070583372,-261.1314416057279,25.002592563172225,-56.04275518810007,-0.9365821947235018,1,0,120
19,166,-6.569073477279062,-6.569073477279062,-6.569073477279062,116.11474437333963,-261.0905135098628,24.99918385305471,-56.04225728416759,-0.9365738737914513,1,0,120
19,167,-6.569330775332468,-6.569330775332468,-6.569330775332468,115.88674977260192,-260.87011585826536,25.03392107388271,-56.08619528306315,-0.9373081622342525,1,0,120
19,168,-6.569516484589683,-6.569516484589683,-6.569516484589683,115.76127139401169,-260.7551553432417,25.032434901384764,-56.08775936304704,-0.9373343010180992,1,0,120
19,169,-6.569682565162547,-6.569682565162547,-6.569682565162547,115.67721111988054,-260.68488591812735,25.03294991375004,-56.09031349629787,-0.9373769854956494,1,0,120
19,170,-6.569860026698565,-6.569860026698565,-6.569860026698565,115.51868923710444,-260.5300449211337,25.020788664374233,-56.081062015773206,-0.9372223754679099,1,0,120
19,171,-6.56993257611776,-6.56993257611776,-6.56993257611776,115.37273808161243,-260.3778780512075,25.037532093193242,-56.09913400538593,-0.9375243931620382,1,0,120
19,172,-6.57011911035997,-6.57011911035997,-6.57011911035997,115.12675447387616,-260.12602713578576,25.074859392341637,-56.14524391919448,-0.9382949784790586,1,0,120
19,173,-6.570156484789935,-6.570156484789935,-6.570156484789935,115.106400730141,-260.10835410548066,25.06403490242477,-56.1336581946315,-0.9381013587452994,1,0,120
19,174,-6.57026588559607,-6.57026588559607,-6.57026588559607,114.96330246029967,-259.9617466192422,25.057394889519117,-56.12859620675294,-0.9380167631949726,1,0,120
19,175,-6.570366918835783,-6.570366918835783,-6.570366918835783,114.87477764648366,-259.8753528245564,25.07525287680152,-56.15118055384983,-0.9383941910587421,1,0,120
19,176,-6.570413050302557,-6.570413050302557,-6.570413050302557,114.88580305631154,-259.89463362143437,25.051561708804776,-56.124888054134296,-0.9379547928349095,1,0,120
19,177,-6.5704823777868135,-6.5704823777868135,-6.5704823777868135,114.70259798270905,-259.69999099709423,25.091309248528997,-56.168453588045864,-0.9386828566716756,1,0,120
19,178,-6.570282651875974,-6.570282651875974,-6.570282651875974,114.49626943917532,-259.43983920209257,25.163578445928472,-56.24558668364425,-0.9399718990058522,1,0,120
19,179,-6.570517488320372,-6.570517488320372,-6.570517488320372,114.72455356444802,-259.72990850520745,25.07986080225402,-56.155951859554975,-0.9384739287510455,1,0,120
19,180,-6.570741552191205,-6.570741552191205,-6.570741552191205,114.67038745167528,-259.69965069430833,25.03516293483185,-56.109877889735564,-0.9377039441271944,1,0,120
19,181,-6.570820632287462,-6.570820632287462,-6.570820632287462,114.73504749506192,-259.7841243896444,24.972055965979074,-56.039647020781345,-0.9365302512714148,1,0,120
19,182,-6.570915162919453,-6.570915162919453,-6.570915162919453,114.77083235370488,-259.83848597176507,24.952834472100324,-56.018935315238366,-0.93618411884861,1,0,120
19,183,-6.570951297005249,-6.570951297005249,-6.570951297005249,114.79864131708969,-259.8757851842552,24.91311795358893,-55.973883205341764,-0.9354312114688379,1,0,120
19,184,-6.571053264815028,-6.571053264815028,-6.571053264815028,114.58861330608961,-259.65343109190405,24.91614450803057,-55.97825575179034,-0.9355042851272545,1,0,120
19,185,-6.571069709052209,-6.571069709052209,-6.571069709052209,114.56905723229472,-259.63497142105314,24.876405537584453,-55.93222493321986,-0.9347350216437414,1,0,120
19,186,-6.570979563678955,-6.570979563678955,-6.570979563678955,114.63528113383644,-259.69962202776634,24.865230359879018,-55.91563028072655,-0.9344576930934108,1,0,120
19,187,-6.571063774013472,-6.571063774013472,-6.571063774013472,114.59274269166835,-259.6609574740089,24.86073657540373,-55.91437299994958,-0.9344366815142061,1,0,120
19,188,-6.571127537401898,-6.571127537401898,-6.571127537401898,114.55215167007925,-259.6237043556254,24.852104352640097,-55.905985955574614,-0.9342965178766123,1,0,120
19,189,-6.571013288703979,-6.571013288703979,-6.571013288703979,114.69964627852227,-259.7735863924351,24.79505571174858,-55.84041594398233,-0.9332007169089577,1,0,120
19,190,-6.571131596059777,-6.571131596059777,-6.571131596059777,114.53195680726259,-259.6013905506166,24.851468036317133,-55.905364344033536,-0.9342861295525647,1,0,120
19,191,-6.571198427994111,-6.571198427994111,-6.571198427994111,114.28390777157051,-259.3315247263946,24.904783368267548,-55.96529039403834,-0.9352876090702336,1,0,120
19,192,-6.571244868757217,-6.571244868757217,-6.571244868757217,114.07267239618176,-259.09763272494035,24.923847211927793,-55.988765529941396,-0.9356799237277075,1,0,120
19,193,-6.5712284999982655,-6.5712284999982655,-6.5712284999982655,114.06236784664117,-259.08452795608315,24.909431978489817,-55.971272296069934,-0.9353875781548113,1,0,120
19,194,-6.5712489786779855,-6.5712489786779855,-6.5712489786779855,114.10564366536283,-259.1360564417281,24.90526651617739,-55.967299661608244,-0.9353211877946216,1,0,120
19,195,-6.571281514493019,-6.571281514493019,-6.571281514493019,113.94193111128972,-258.957734119521,24.93817971923809,-56.00246590607292,-0.9359088833550979,1,0,120
19,196,-6.57130199813868,-6.57130199813868,-6.57130199813868,113.728468983237,-258.71895112643585,24.94170455483393,-56.00632835663585,-0.9359734323304846,1,0,120
19,197,-6.571302972993817,-6.571302972993817,-6.571302972993817,113.61725095789205,-258.5930006487365,24.995404161373944,-56.06715365013045,-0.9369899399358775,1,0,120
19,198,-6.571308311248204,-6.571308311248204,-6.571308311248204,113.62916816941899,-258.606323312371,24.97299847641064,-56.042765824589516,-0.9365823724796916,1,0,120
19,199,-6.571251313916469,-6.571251313916469,-6.571251313916469,113.53002459938415,-258.487323842117,25.021197403272588,-56.094968432262874,-0.9374547784258466,1,0,120
19,200,-6.571306030901287,-6.571306030901287,-6.571306030901287,113.55429536014938,-258.52184018584967,24.993037383790455,-56.06464324631447,-0.9369479862612639,1,0,120
19,201,-6.571275295579585,-6.571275295579585,-6.571275295579585,113.5714085044985,-258.535748742739,24.94641276359505,-56.01239452332314,-0.936074809639478,1,0,120
19,202,-6.5712916283510685,-6.5712916283510685,-6.5712916283510685,113.66711435256167,-258.6470688655619,24.97645762168075,-56.04639011101138,-0.9366429412743539,1,0,120
19,203,-6.571336820707814,-6.571336820707814,-6.571336820707814,113.68222884204526,-258.67247126944045,24.95060584915923,-56.015912392368115,-0.9361335999951597,1,0,120
19,204,-6.571298869914633,-6.571298869914633,-6.571298869914633,113.61723438313749,-258.59706299562305,24.96951207550666,-56.033037241347905,-0.9364197891482084,1,0,120
19,205,-6.57133446557957,-6.57133446557957,-6.57133446557957,113.73360101000026,-258.7305327658731,24.9282868365442,-55.99045304135221,-0.9357081252880244,1,0,120
19,206,-6.571291375390331,-6.571291375390331,-6.571291375390331,113.75968379535587,-258.7512184220787,24.9185189828002,-55.98150082725727,-0.9355585165777365,1,0,120
19,207,-6.571331346069906,-6.571331346069906,-6.571331346069906,113.57545748394514,-258.5510566554091,24.957048923032982,-56.022575654456034,-0.9362449559163555,1,0,120
19,208,-6.571306688925902,-6.571306688925902,-6.571306688925902,113.69977030997742,-258.6898163089244,24.965637583202582,-56.03079322609004,-0.9363822873385963,1,0,120
19,209,-6.571344280928856,-6.571344280928856,-6.571344280928856,113.66133919652887,-258.649465119549,24.932759319330287,-55.99612471113369,-0.9358029097952074,1,0,120
19,210,-6.571340946364232,-6.571340946364232,-6.571340946364232,113.69595134927938,-258.68806902218586,24.926516298453937,-55.98919725454572,-0.9356871386759391,1,0,120
19,211,-6.57134364351296,-6.57134364351296,-6.57134364351296,113.65578940552952,-258.6430868799135,24.93545949287255,-55.999167959090464,-0.9358537683199334,1,0,120
19,212,-6.571342545119775,-6.571342545119775,-6.571342545119775,113.66359751828341,-258.6519260864738,24.932601834526313,-55.99577538114579,-0.9357970718194396,1,0,120
19,213,-6.571344963880979,-6.571344963880979,-6.571344963880979,113.66037088110802,-258.64842849751074,24.932006534327588,-55.99531509176157,-0.9357893794988135,1,0,120
19,214,-6.571344940902682,-6.571344940902682,-6.571344940902682,113.67311875176323,-258.6625665657044,24.926627413083008,-55.98953786591557,-0.9356928309468356,1,0,120
19,215,-6.57134427943194,-6.57134427943194,-6.57134427943194,113.66283119503846,-258.65124922687755,24.931120759993245,-55.99417400216712,-0.9357703096976739,1,0,120
19,216,-6.571346685536819,-6.571346685536819,-6.571346685536819,113.65302977946699,-258.64026939120515,24.93178514586111,-55.99516043620798,-0.9357867949071509,1,0,120
19,217,-6.571348753306055,-6.571348753306055,-6.571348753306055,113.62973399472904,-258.6141083104674,24.93202765900946,-55.99547625111176,-0.9357920727814223,1,0,120
19,218,-6.571350031074844,-6.571350031074844,-6.571350031074844,113.61718613150545,-258.6000187106357,24.930439392184304,-55.993718128542675,-0.935762691172884,1,0,120
19,219,-6.571350769898237,-6.571350769898237,-6.571350769898237,113.59830976648206,-258.57863423032717,24.931631407435518,-55.995140654499465,-0.9357864643167666,1,0,120
19,220,-6.571350738561037,-6.571350738561037,-6.571350738561037,113.590600061353,-258.5699079559707,24.93017549470657,-55.993455185945464,-0.9357582968965149,1,0,120
19,221,-6.571350565197338,-6.571350565197338,-6.571350565197338,113.59486162334238,-258.5746972550219,24.93381855362533,-55.99761369406105,-0.9358277935628476,1,0,120
19,222,-6.571351298541266,-6.571351298541266,-6.571351298541266,113.59792407141961,-258.5782311799395,24.92855379938602,-55.99169459373896,-0.9357288740155869,1,0,120
19,223,-6.571351739185431,-6.571351739185431,-6.571351739185431,113.591955360582,-258.571475603865,24.930587310976705,-55.99405136176793,-0.9357682601407982,1,0,120
19,224,-6.571350266881484,-6.571350266881484,-6.571350266881484,113.57180163529083,-258.5483675059129,24.936181106291308,-56.00039567635445,-0.9358742858359932,1,0,120
19,225,-6.571351972638019,-6.571351972638019,-6.571351972638019,113.58648605423565,-258.56546186008524,24.93199866049403,-55.99549426010744,-0.9357923737463667,1,0,120
19,226,-6.571352979145473,-6.571352979145473,-6.571352979145473,113.57848144824058,-258.55672431123276,24.930208339408654,-55.99326828452481,-0.9357551734144133,1,0,120
19,227,-6.571352334369141,-6.571352334369141,-6.571352334369141,113.58227244198451,-258.5607862767994,24.92467705473051,-55.98712882621984,-0.935652571261568,1,0,120
19,228,-6.571353177268536,-6.571353177268536,-6.571353177268536,113.5722550381402,-258.5496511257895,24.931052028952703,-55.99426055358736,-0.9357717561383219,1,0,120
19,229,-6.571354088489705,-6.571354088489705,-6.571354088489705,113.58063507158396,-258.5594976993463,24.929458893018044,-55.992263791909764,-0.9357383864114398,1,0,120
19,230,-6.571354570652088,-6.571354570652088,-6.571354570652088,113.56315205681584,-258.5400082088407,24.932476063557452,-55.99540295940492,-0.9357908479360803,1,0,120
19,231,-6.571354879065349,-6.571354879065349,-6.571354879065349,113.55455789552784,-258.53039153378205,24.936367947364072,-55.999728454691244,-0.9358631352791086,1,0,120
19,232,-6.571355265263499,-6.571355265263499,-6.571355265263499,113.55636973219855,-258.53259484239845,24.932115268711954,-55.99481414092535,-0.935781007647143,1,0,120
19,233,-6.571354497630857,-6.571354497630857,-6.571354497630857,113.56007657653181,-258.53681441138554,24.93522260861885,-55.99821175276519,-0.9358377882737038,1,0,120
19,234,-6.571355359231759,-6.571355359231759,-6.571355359231759,113.56085060052719,-258.5375490810908,24.931091333464096,-55.993800253592596,-0.9357640636403731,1,0,120
19,235,-6.571355160476327,-6.571355160476327,-6.571355160476327,113.55731996752107,-258.5334998505517,24.930314725949184,-55.99292706644191,-0.935749471004175,1,0,120
19,236,-6.571355487716567,-6.571355487716567,-6.571355487716567,113.56338104417496,-258.54044303179194,24.92916619549534,-55.9916138683254,-0.9357275249387125,1,0,120
19,237,-6.571355951808268,-6.571355951808268,-6.571355951808268,113.56910009915416,-258.54703269246124,24.92678066874251,-55.98888257925212,-0.9356818798467449,1,0,120
19,238,-6.571356335045063,-6.571356335045063,-6.571356335045063,113.54403640239272,-258.5187599934779,24.928830506170453,-55.99108124318463,-0.9357186237485117,1,0,120
19,239,-6.5713556085265825,-6.5713556085265825,-6.5713556085265825,113.55400838384634,-258.53014842003745,24.926249895226032,-55.98797236731753,-0.9356666684552188,1,0,120
19,240,-6.571356489568092,-6.571356489568092,-6.571356489568092,113.54081134337235,-258.5151114027359,24.930586286335195,-55.99308556134694,-0.9357521197587823,1,0,120
19,241,-6.571356579738998,-6.571356579738998,-6.571356579738998,113.53623261066832,-258.50967718075407,24.92724900259629,-55.98954406409041,-0.9356929345302546,1,0,120
19,242,-6.57135715830906,-6.57135715830906,-6.57135715830906,113.52607052953988,-258.4983304801736,24.931268561313395,-55.99400575181046,-0.9357674979107129,1,0,120
19,243,-6.571357657710708,-6.571357657710708,-6.571357657710708,113.52145274347959,-258.49330741954884,24.931994968612234,-55.99468786570008,-0.9357788973453346,1,0,120
19,244,-6.571357216578099,-6.571357216578099,-6.571357216578099,113.50985017121607,-258.4801044720244,24.937029934294888,-56.000362415516626,-0.9358737299834412,1,0,120
19,245,-6.5713574017646605,-6.5713574017646605,-6.5713574017646605,113.52487237554276,-258.49712802440035,24.93150777869148,-55.99415742254551,-0.9357700326203187,1,0,120
19,246,-6.571358127210876,-6.571358127210876,-6.571358127210876,113.5195332757401,-258.4912192596602,24.927721763874693,-55.98981664514235,-0.9356974898837345,1,0,120
19,247,-6.571357720905254,-6.571357720905254,-6.571357720905254,113.50814421821174,-258.4785657529792,24.929720261216136,-55.99174082127088,-0.9357296465665287,1,0,120
19,248,-6.571358009352685,-6.571358009352685,-6.571358009352685,113.51864215689423,-258.4901980607309,24.928905851471924,-55.99115204903857,-0.935719807050472,1,0,120
19,249,-6.571358022910782,-6.571358022910782,-6.571358022910782,113.50924779976782,-258.47951967425087,24.930086046651898,-55.99250326142965,-0.9357423884075542,1,0,120
19,250,-6.571358100850323,-6.571358100850323,-6.571358100850323,113.52285295060403,-258.4948482903218,24.926555972163257,-55.98862971796786,-0.9356776540484989,1,0,120
19,251,-6.571358089893541,-6.571358089893541,-6.571358089893541,113.5450100898784,-258.52015577932815,24.924911682456933,-55.98661678942331,-0.9356440141421853,1,0,120
19,252,-6.571357836798618,-6.571357836798618,-6.571357836798618,113.52724750295218,-258.49991229812997,24.921454711832265,-55.9827215568164,-0.9355789173158126,1,0,120
19,253,-6.571358190685187,-6.571358190685187,-6.571358190685187,113.51961455897732,-258.49125199586575,24.92612991218164,-55.98807826719923,-0.9356684382458598,1,0,120
19,254,-6.571358121595356,-6.571358121595356,-6.571358121595356,113.51964454491826,-258.49124099748013,24.926028594327814,-55.98799738674158,-0.9356670865779005,1,0,120
19,255,-6.571358174173607,-6.571358174173607,-6.571358174173607,113.52030763189532,-258.4920333935379,24.925876067563816,-55.987793126111356,-0.9356636729900298,1,0,120
19,256,-6.571358234137864,-6.571358234137864,-6.571358234137864,113.51946494515508,-258.4910755351927,24.926094093164558,-55.988050955053936,-0.9356679818073979,1,0,120
19,257,-6.571358260570925,-6.571358260570925,-6.571358260570925,113.51950833737546,-258.4911127330592,24.926313604336908,-55.988316505938,-0.9356724196732553,1,0,120
19,258,-6.571358298669825,-6.571358298669825,-6.571358298669825,113.51821792467501,-258.4896714018652,24.92656360924332,-55.98858218335702,-0.9356768596537551,1,0,120
19,259,-6.571358328574958,-6.571358328574958,-6.571358328574958,113.51835607826487,-258.48982864378087,24.926400840587206,-55.98840168705244,-0.9356738432134585,1,0,120
19,260,-6.571358356546348,-6.571358356546348,-6.571358356546348,113.51799299493513,-258.48942228765856,24.926135283956466,-55.98809846052478,-0.9356687757151563,1,0,120
19,261,-6.571358379048129,-6.571358379048129,-6.571358379048129,113.51734798637457,-258.48869761594716,24.926404866104047,-55.988400277263636,-0.935673819653177,1,0,120
19,262,-6.571358404056007,-6.571358404056007,-6.571358404056007,113.51662001363087,-258.4878646952437,24.926507802610757,-55.98852723968275,-0.9356759414393159,1,0,120
19,263,-6.571358417596705,-6.571358417596705,-6.571358417596705,113.51581889017385,-258.4869713305644,24.92629763841452,-55.98827415109374,-0.9356717118423704,1,0,120
19,264,-6.571358431890622,-6.571358431890622,-6.571358431890622,113.51656893907497,-258.48779706600175,24.925927007700114,-55.987881592562324,-0.9356651514345233,1,0,120
19,265,-6.571358438671483,-6.571358438671483,-6.571358438671483,113.51551423405962,-258.48661357346504,24.92627476290543,-55.9882632229706,-0.9356715292124209,1,0,120
19,266,-6.571358416923499,-6.571358416923499,-6.571358416923499,113.51444646489072,-258.48540007984934,24.92643397890857,-55.98844139176533,-0.9356745067555526,1,0,120
19,267,-6.571358410887134,-6.571358410887134,-6.571358410887134,113.51608367309187,-258.4872523138005,24.926220643875705,-55.988205396137225,-0.9356705628148493,1,0,120
19,268,-6.571358495052515,-6.571358495052515,-6.571358495052515,113.5140794588761,-258.4849954821693,24.92667095911873,-55.98871059483611,-0.9356790056564723,1,0,120
19,269,-6.571358530547092,-6.571358530547092,-6.571358530547092,113.51272161957263,-258.4834537763265,24.926910347052726,-55.98898757561902,-0.9356836345379163,1,0,120
19,270,-6.5713585743517795,-6.5713585743517795,-6.5713585743517795,113.51210342118864,-258.4827761828018,24.92674084003317,-55.98877739972832,-0.9356801220946696,1,0,120
19,271,-6.571358612576758,-6.571358612576758,-6.571358612576758,113.51098798967969,-258.48152075491276,24.92697392784217,-55.98903668988016,-0.9356844553316537,1,0,120
19,272,-6.571358641276818,-6.571358641276818,-6.571358641276818,113.51002907403084,-258.48043964813536,24.92690383810303,-55.98895358182795,-0.9356830664363063,1,0,120
19,273,-6.571358677358004,-6.571358677358004,-6.571358677358004,113.50824924487455,-258.478433497037,24.92721541375302,-55.989297780269084,-0.9356888186540611,1,0,120
19,274,-6.57135871440063,-6.57135871440063,-6.57135871440063,113.50681746530628,-258.47683359800817,24.927464751263912,-55.98956049276738,-0.9356932090850348,1,0,120
19,275,-6.571358747578417,-6.571358747578417,-6.571358747578417,113.50717409276984,-258.4772306486054,24.927128512582048,-55.98919181632949,-0.9356870477928895,1,0,120
19,276,-6.571358777964568,-6.571358777964568,-6.571358777964568,113.50562068876746,-258.4754744263986,24.927500616809507,-55.98961109708941,-0.9356940547805548,1,0,120
19,277,-6.571358804414541,-6.571358804414541,-6.571358804414541,113.50486128579043,-258.4746349928246,24.9272693392136,-55.9893294709803,-0.9356893482667784,1,0,120
19,278,-6.5713588343401454,-6.5713588343401454,-6.5713588343401454,113.50366443847486,-258.4732852231466,24.927226641767483,-55.98927606092807,-0.9356884556821121,1,0,120
19,279,-6.571358852968037,-6.571358852968037,-6.571358852968037,113.50354488159776,-258.47316640013855,24.927430323147583,-55.98949336231648,-0.9356920872061261,1,0,120
19,280,-6.571358839377989,-6.571358839377989,-6.571358839377989,113.50206756842029,-258.4715007085771,24.92738380319225,-55.9894261269511,-0.9356909635738946,1,0,120
19,281,-6.571358834351267,-6.571358834351267,-6.571358834351267,113.50278638431867,-258.47229503643746,24.927501369905833,-55.98958098452173,-0.9356935515416503,1,0,120
19,282,-6.571358918037465,-6.571358918037465,-6.571358918037465,113.50437540156913,-258.4741291262302,24.92753095147402,-55.989598473277326,-0.9356938438123826,1,0,120
19,283,-6.571359031040144,-6.571359031040144,-6.571359031040144,113.50689647145899,-258.47702367499363,24.927334551864988,-55.98936205689581,-0.9356898928400808,1,0,120
19,284,-6.571359129499748,-6.571359129499748,-6.571359129499748,113.50897559840774,-258.4793985422026,24.927236714907252,-55.989253006214724,-0.935688070393524,1,0,120
19,285,-6.57135921661127,-6.57135921661127,-6.57135921661127,113.50948413506006,-258.4800166295859,24.927583287990494,-55.989619838518486,-0.9356942008666421,1,0,120
19,286,-6.571359296331904,-6.571359296331904,-6.571359296331904,113.51163375050564,-258.4824780762336,24.927286664746884,-55.98927552150524,-0.9356884466673194,1,0,120
19,287,-6.571359292900078,-6.571359292900078,-6.571359292900078,113.50892826020349,-258.47947133443535,24.92851359068356,-55.99060239837429,-0.9357106213310378,1,0,120
19,288,-6.5713592853480485,-6.5713592853480485,-6.5713592853480485,113.51191977756562,-258.48280921804655,24.927018850679268,-55.98896333855084,-0.9356832294899055,1,0,120
19,289,-6.571359304850385,-6.571359304850385,-6.571359304850385,113.51348695634582,-258.48457914407163,24.927095660483904,-55.98906367936201,-0.9356849063777892,1,0,120
19,290,-6.571359295303365,-6.571359295303365,-6.571359295303365,113.51518595511007,-258.48651146762336,24.927175355327172,-55.989150037074495,-0.935686349581208,1,0,120
19,291,-6.571359304046295,-6.571359304046295,-6.571359304046295,113.51320465180422,-258.484258936376,24.927228979886575,-55.989214547555,-0.935687427675374,1,0,120
19,292,-6.571359345975581,-6.571359345975581,-6.571359345975581,113.51381786955582,-258.48493768574446,24.92717992247765,-55.98918314776412,-0.9356869029244949,1,0,120
19,293,-6.571359397074002,-6.571359397074002,-6.571359397074002,113.51318939903348,-258.48422126998497,24.92725234688709,-55.989276057233205,-0.9356884556203638,1,0,120
19,294,-6.5713594439675775,-6.5713594439675775,-6.5713594439675775,113.5126942140277,-258.48365772830437,24.92737961386157,-55.98942910109783,-0.935691013277605,1,0,120
19,295,-6.571359535066188,-6.571359535066188,-6.571359535066188,113.51273591224879,-258.4837049756135,24.927317751048236,-55.98937327541181,-0.9356900803230533,1,0,120
19,296,-6.57135969221749,-6.57135969221749,-6.57135969221749,113.51275863162911,-258.4836735693134,24.927164377894247,-55.989280998503915,-0.9356885381984982,1,0,120
19,297,-6.571359803920297,-6.571359803920297,-6.571359803920297,113.51203062729337,-258.48284636748764,24.92757848716071,-55.98976924997795,-0.9356966978194088,1,0,120
19,298,-6.571359932545104,-6.571359932545104,-6.571359932545104,113.51424922043793,-258.48535620826715,24.926947002299038,-55.98908222724523,-0.9356852163485804,1,0,120
19,299,-6.571359867545989,-6.571359867545989,-6.571359867545989,113.50891169416546,-258.4792235131913,24.928639844452693,-55.991065155687686,-0.9357183548955056,1,0,120
19,300,-6.571359938686035,-6.571359938686035,-6.571359938686035,113.51445956322326,-258.48560045690533,24.926914653653913,-55.98904110435263,-0.9356845291059765,1,0,120
