seed,method_key,method_label,backend_name,status,objective_eval,batch_loss,L_tilde,full_L_tilde,a_hat,c_hat,d_hat,e_hat,h_hat,epoch,batch_position,batch_size
0,vqbr_sim,VQBR (sim),statevector_simulator,success,1,-3.092167455685991,-3.092167455685991,-3.092167455685991,111.15202020221501,-50.89890871157884,24.045959192787635,-3.6694299705418367,-0.06985542598508258,0,0,120
0,vqbr_sim,VQBR (sim),statevector_simulator,success,2,-4.737652565978204,-4.737652565978204,-4.737652565978204,117.02563934038918,-113.40638074374036,22.00142729231442,-12.578335767495993,-0.23945544955912798,0,0,120
0,vqbr_sim,VQBR (sim),statevector_simulator,success,3,-4.880463204565337,-4.880463204565337,-4.880463204565337,115.158347812299,-121.57747558700221,21.174826524682665,-12.414840122279145,-0.23634296123396115,0,0,120
0,vqbr_sim,VQBR (sim),statevector_simulator,success,4,-4.629404528734036,-4.629404528734036,-4.629404528734036,97.26086322088005,-99.56905502423004,23.49800545420641,-11.660945306476169,-0.22199096543934296,0,0,120
0,vqbr_sim,VQBR (sim),statevector_simulator,success,5,-5.415068962828796,-5.415068962828796,-5.415068962828796,122.64243064897542,-158.65200393229924,21.54453570123185,-21.371946291325116,-0.40686058169693584,0,0,120
0,vqbr_sim,VQBR (sim),statevector_simulator,success,6,-4.650874572047809,-4.650874572047809,-4.650874572047809,131.11145185088708,-117.56715816513184,23.398260740936188,-9.608054831809469,-0.18290981666151657,0,0,120
0,vqbr_sim,VQBR (sim),statevector_simulator,success,7,-4.848435193011068,-4.848435193011068,-4.848435193011068,134.6594527727709,-131.387265299526,24.146781405252845,-10.930166729057012,-0.20807903654678808,0,0,120
0,vqbr_sim,VQBR (sim),statevector_simulator,success,8,-5.264349203838,-5.264349203838,-5.264349203838,113.4245393052272,-144.17364140134617,20.741081768948327,-16.875913071176118,-0.3212689998005755,0,0,120
0,vqbr_sim,VQBR (sim),statevector_simulator,success,9,-4.625124697597182,-4.625124697597182,-4.625124697597182,113.25873225022653,-104.80739946587842,23.806067646543323,-13.441208077798866,-0.2558820643987182,0,0,120
0,vqbr_sim,VQBR (sim),statevector_simulator,success,10,-4.781829589792694,-4.781829589792694,-4.781829589792694,142.21474261899905,-126.20156601385696,24.141769536797558,-14.688705247222593,-0.2796308337947482,0,0,120
0,vqbr_sim,VQBR (sim),statevector_simulator,success,11,-5.748222302243963,-5.748222302243963,-5.748222302243963,114.10002301594305,-177.77723560501713,20.38307653042576,-27.596294607924925,-0.5253543277627334,0,0,120
0,vqbr_sim,VQBR (sim),statevector_simulator,success,12,-5.57830024846516,-5.57830024846516,-5.57830024846516,102.71396971777543,-152.99944703956547,24.597959926022344,-30.547454899937968,-0.5815359584257627,0,0,120
0,vqbr_sim,VQBR (sim),statevector_simulator,success,13,-5.722282327228063,-5.722282327228063,-5.722282327228063,112.57633877728799,-174.44708019807354,19.65200621378417,-26.573304794521217,-0.5058795347383651,0,0,120
0,vqbr_sim,VQBR (sim),statevector_simulator,success,14,-5.616755416494842,-5.616755416494842,-5.616755416494842,112.39525644775352,-165.71162481993832,20.66099254995276,-25.57322742259676,-0.4868409289073049,0,0,120
0,vqbr_sim,VQBR (sim),statevector_simulator,success,15,-5.880028569475619,-5.880028569475619,-5.880028569475619,110.90163963710083,-187.5360518151552,20.680073038806295,-29.448965958840468,-0.560623878474299,0,0,120
0,vqbr_sim,VQBR (sim),statevector_simulator,success,16,-6.047080017741473,-6.047080017741473,-6.047080017741473,109.84021657220099,-202.44757577982693,21.40863297297748,-33.14114516960094,-0.6309123847686032,0,0,120
0,vqbr_sim,VQBR (sim),statevector_simulator,success,17,-6.113686207529943,-6.113686207529943,-6.113686207529943,111.3580028882032,-210.04037667053444,20.906308552299013,-34.46669799466373,-0.6561471100539635,0,0,120
0,vqbr_sim,VQBR (sim),statevector_simulator,success,18,-6.176610345268355,-6.176610345268355,-6.176610345268355,108.33286327904088,-214.14628787584314,21.545300483599814,-35.88937950891364,-0.6832308871029515,0,0,120
0,vqbr_sim,VQBR (sim),statevector_simulator,success,19,-6.229927253430219,-6.229927253430219,-6.229927253430219,110.48744395113621,-220.73258221267935,21.325786149160123,-37.96419339655782,-0.7227293948070643,0,0,120
0,vqbr_sim,VQBR (sim),statevector_simulator,success,20,-6.259163494854333,-6.259163494854333,-6.259163494854333,111.01790290804684,-224.40651700165415,21.069609482660507,-38.3726696956286,-0.7305056123954835,0,0,120
0,vqbr_sim,VQBR (sim),statevector_simulator,success,21,-6.303336229864995,-6.303336229864995,-6.303336229864995,110.68498741623696,-228.99998944820288,21.09182007257744,-39.331450999878825,-0.7487580594983348,0,0,120
0,vqbr_sim,VQBR (sim),statevector_simulator,success,22,-6.3003680155063355,-6.3003680155063355,-6.3003680155063355,110.32667115129281,-228.21927346899145,21.387707587347627,-39.65075597950812,-0.7548367108284402,0,0,120
0,vqbr_sim,VQBR (sim),statevector_simulator,success,23,-6.313682110147973,-6.313682110147973,-6.313682110147973,111.41638367104026,-230.9370614704113,20.83789074251974,-39.27423988353939,-0.7476689238737126,0,0,120
0,vqbr_sim,VQBR (sim),statevector_simulator,success,24,-6.386636488807294,-6.386636488807294,-6.386636488807294,111.83628031890811,-239.77947285832454,20.705771201730133,-40.775090248154925,-0.7762408117150832,0,0,120
0,vqbr_sim,VQBR (sim),statevector_simulator,success,25,-6.4308694019601,-6.4308694019601,-6.4308694019601,112.301620890117,-245.47334575252358,20.479965575076836,-41.61428036046878,-0.7922165854043948,0,0,120
0,vqbr_sim,VQBR (sim),statevector_simulator,success,26,-6.501667142951733,-6.501667142951733,-6.501667142951733,112.85900016232753,-254.65859328815407,20.058169744853753,-42.92543920288839,-0.8171772905293395,0,0,120
0,vqbr_sim,VQBR (sim),statevector_simulator,success,27,-6.534176793029017,-6.534176793029017,-6.534176793029017,113.95402269326482,-259.9666549942708,19.805791512389707,-43.45130977918332,-0.8271883585739707,0,0,120
0,vqbr_sim,VQBR (sim),statevector_simulator,success,28,-6.587803324797156,-6.587803324797156,-6.587803324797156,114.3775282659712,-267.2465795965145,19.382847087578455,-44.4177182660566,-0.8455860053660047,0,0,120
0,vqbr_sim,VQBR (sim),statevector_simulator,success,29,-6.626326169198704,-6.626326169198704,-6.626326169198704,113.60937036163462,-271.4991378675104,19.626609570778605,-45.60302592774953,-0.8681508648389094,0,0,120
0,vqbr_sim,VQBR (sim),statevector_simulator,success,30,-6.657143804411321,-6.657143804411321,-6.657143804411321,114.05985427660308,-276.1625469654967,19.469080416352107,-46.217461110537066,-0.8798479490668195,0,0,120
0,vqbr_sim,VQBR (sim),statevector_simulator,success,31,-6.660618844698949,-6.660618844698949,-6.660618844698949,114.13727467458793,-276.53713857614076,19.560062146841407,-46.60707484943,-0.8872650775904598,0,0,120
0,vqbr_sim,VQBR (sim),statevector_simulator,success,32,-6.668169130450598,-6.668169130450598,-6.668169130450598,113.66427942829736,-277.1274932383016,19.577538050242122,-46.68589646537412,-0.8887656151679071,0,0,120
0,vqbr_sim,VQBR (sim),statevector_simulator,success,33,-6.672625914536897,-6.672625914536897,-6.672625914536897,113.83692377814363,-277.7704067115243,19.37708589011223,-46.731503384449574,-0.8896338401471162,0,0,120
0,vqbr_sim,VQBR (sim),statevector_simulator,success,34,-6.704957441279223,-6.704957441279223,-6.704957441279223,113.2289565141817,-281.3642712813596,19.399724901093908,-47.70076107013458,-0.9080857275155632,0,0,120
0,vqbr_sim,VQBR (sim),statevector_simulator,success,35,-6.721993512832701,-6.721993512832701,-6.721993512832701,113.73735957310853,-284.31639936710474,19.163977344174643,-47.904553764918695,-0.9119653561284755,0,0,120
0,vqbr_sim,VQBR (sim),statevector_simulator,success,36,-6.741482144913657,-6.741482144913657,-6.741482144913657,113.13755937553145,-286.3703460372993,19.011481590600507,-48.15286399015052,-0.9166924708845201,0,0,120
0,vqbr_sim,VQBR (sim),statevector_simulator,success,37,-6.780922783374808,-6.780922783374808,-6.780922783374808,113.21426131561736,-292.17663945638,18.811629714343987,-48.84993849303999,-0.92996277083127,0,0,120
0,vqbr_sim,VQBR (sim),statevector_simulator,success,38,-6.811248121037466,-6.811248121037466,-6.811248121037466,112.37735274434449,-295.4523567391494,18.680960438882256,-49.513429571113306,-0.9425937386568446,0,0,120
0,vqbr_sim,VQBR (sim),statevector_simulator,success,39,-6.837662638407523,-6.837662638407523,-6.837662638407523,111.77052898557999,-298.5911725781315,18.703311907873932,-50.180577175729915,-0.955294316264145,0,0,120
0,vqbr_sim,VQBR (sim),statevector_simulator,success,40,-6.861194319242621,-6.861194319242621,-6.861194319242621,111.50877320688315,-301.6769981607347,18.409664876767128,-50.47066551866906,-0.9608167665989387,0,0,120
0,vqbr_sim,VQBR (sim),statevector_simulator,success,41,-6.86651169203789,-6.86651169203789,-6.86651169203789,111.89632517450892,-303.00382791288393,18.169007973153747,-50.280886927770574,-0.9572039263440516,0,0,120
0,vqbr_sim,VQBR (sim),statevector_simulator,success,42,-6.868966492465106,-6.868966492465106,-6.868966492465106,111.06212728833451,-302.2146661758919,18.079753891545398,-50.24601500051071,-0.9565400648306246,0,0,120
0,vqbr_sim,VQBR (sim),statevector_simulator,success,43,-6.869620858375873,-6.869620858375873,-6.869620858375873,111.42299437373556,-302.8116319743963,18.056996899522204,-50.2256302309591,-0.9561519972637089,0,0,120
0,vqbr_sim,VQBR (sim),statevector_simulator,success,44,-6.8766795514440044,-6.8766795514440044,-6.8766795514440044,111.39777564579325,-303.8660431875864,18.142395926321967,-50.50173484859298,-0.9614082375615487,0,0,120
0,vqbr_sim,VQBR (sim),statevector_simulator,success,45,-6.874689829969905,-6.874689829969905,-6.874689829969905,111.34499653124902,-303.57660463450554,18.07039054160621,-50.26825163445346,-0.9569633865860513,0,0,120
0,vqbr_sim,VQBR (sim),statevector_simulator,success,46,-6.8800093600197725,-6.8800093600197725,-6.8800093600197725,111.23314402605632,-304.1245436632412,18.23735653112191,-50.73824719637426,-0.9659107545567304,0,0,120
0,vqbr_sim,VQBR (sim),statevector_simulator,success,47,-6.881676676378437,-6.881676676378437,-6.881676676378437,109.83510653677041,-302.40272712445784,18.342904796406994,-50.97882020893093,-0.9704905749668686,0,0,120
0,vqbr_sim,VQBR (sim),statevector_simulator,success,48,-6.89293476350703,-6.89293476350703,-6.89293476350703,109.35176974745885,-303.40744743222456,18.341056321941362,-51.29567809301496,-0.9765226406138807,0,0,120
0,vqbr_sim,VQBR (sim),statevector_simulator,success,49,-6.899547393901253,-6.899547393901253,-6.899547393901253,109.18829766245334,-304.14356134210584,18.191366440757452,-51.2976088783495,-0.9765593972308793,0,0,120
0,vqbr_sim,VQBR (sim),statevector_simulator,success,50,-6.896494208508859,-6.896494208508859,-6.896494208508859,108.75295621708821,-303.0450669490984,18.289903399338446,-51.3843987139044,-0.9782116268639651,0,0,120
0,vqbr_sim,VQBR (sim),statevector_simulator,success,51,-6.89813097745912,-6.89813097745912,-6.89813097745912,108.74883422627477,-303.31312071774806,18.182190624914192,-51.250360499475725,-0.9756599235633534,0,0,120
0,vqbr_sim,VQBR (sim),statevector_simulator,success,52,-6.901030135851027,-6.901030135851027,-6.901030135851027,109.0906917417829,-304.19902563840975,18.38023419667377,-51.63315652644124,-0.9829472623990159,0,0,120
0,vqbr_sim,VQBR (sim),statevector_simulator,success,53,-6.899231148646354,-6.899231148646354,-6.899231148646354,108.53720839743389,-303.1501414045732,18.23431598521196,-51.38547032918388,-0.9782320273464491,0,0,120
0,vqbr_sim,VQBR (sim),statevector_simulator,success,54,-6.900321042457806,-6.900321042457806,-6.900321042457806,109.22716348030599,-304.2930781796678,18.370026495934404,-51.58909273821124,-0.9821084142067806,0,0,120
0,vqbr_sim,VQBR (sim),statevector_simulator,success,55,-6.902158650738988,-6.902158650738988,-6.902158650738988,108.56530023740663,-303.6330189168855,18.32665948822629,-51.59053909770379,-0.982135948744649,0,0,120
0,vqbr_sim,VQBR (sim),statevector_simulator,success,56,-6.899794804945418,-6.899794804945418,-6.899794804945418,107.77997468478858,-302.1642122645029,18.467000943746985,-51.73687468679587,-0.984921758800944,0,0,120
0,vqbr_sim,VQBR (sim),statevector_simulator,success,57,-6.897049172142246,-6.897049172142246,-6.897049172142246,108.60857812867289,-302.88013298101896,18.35121928670984,-51.5317777596976,-0.9810173013441457,0,0,120
0,vqbr_sim,VQBR (sim),statevector_simulator,success,58,-6.904990130749402,-6.904990130749402,-6.904990130749402,109.46826966693865,-305.37097836866195,18.103980307292073,-51.3081225820589,-0.9767595480055764,0,0,120
0,vqbr_sim,VQBR (sim),statevector_simulator,success,59,-6.906854517304582,-6.906854517304582,-6.906854517304582,108.59881563009134,-304.44305399451616,18.237337299038753,-51.537219649156455,-0.9811208993169546,0,0,120
0,vqbr_sim,VQBR (sim),statevector_simulator,success,60,-6.904557580293793,-6.904557580293793,-6.904557580293793,109.16071669321474,-304.88179675671984,18.140422813909222,-51.341053397250874,-0.9773864563106098,0,0,120
0,vqbr_sim,VQBR (sim),statevector_simulator,success,61,-6.907053896194936,-6.907053896194936,-6.907053896194936,108.31216558670974,-304.07770033424003,18.13548919058759,-51.392407640645615,-0.9783640938666556,0,0,120
0,vqbr_sim,VQBR (sim),statevector_simulator,success,62,-6.906176324394535,-6.906176324394535,-6.906176324394535,108.92678641110038,-304.8156549976454,18.055039332130445,-51.24822327800424,-0.9756192369941823,0,0,120
0,vqbr_sim,VQBR (sim),statevector_simulator,success,63,-6.906385035899414,-6.906385035899414,-6.906385035899414,108.28925523487796,-303.9555493757133,18.111045758558678,-51.32915401528191,-0.9771599261947406,0,0,120
0,vqbr_sim,VQBR (sim),statevector_simulator,success,64,-6.899798768129882,-6.899798768129882,-6.899798768129882,108.2465310836517,-302.8843632486933,18.198440008434567,-51.2948316234482,-0.9765065262602497,0,0,120
0,vqbr_sim,VQBR (sim),statevector_simulator,success,65,-6.906571880411913,-6.906571880411913,-6.906571880411913,108.49785241095906,-304.2662491176722,18.139952752387124,-51.38530901843449,-0.9782289564522761,0,0,120
0,vqbr_sim,VQBR (sim),statevector_simulator,success,66,-6.904689645455389,-6.904689645455389,-6.904689645455389,107.65138240485042,-302.85371774293276,17.956489780891694,-51.01545881401136,-0.9711880689607423,0,0,120
0,vqbr_sim,VQBR (sim),statevector_simulator,success,67,-6.905915028199774,-6.905915028199774,-6.905915028199774,107.87821144601085,-303.2946762487002,18.150963755888704,-51.384704577332755,-0.9782174496266973,0,0,120
0,vqbr_sim,VQBR (sim),statevector_simulator,success,68,-6.90752125448677,-6.90752125448677,-6.90752125448677,107.60612120128103,-303.1406845099225,18.37493165589122,-51.755883033939305,-0.9852836232315604,0,0,120
0,vqbr_sim,VQBR (sim),statevector_simulator,success,69,-6.904604352746289,-6.904604352746289,-6.904604352746289,107.2045495078816,-302.1689510284908,18.581255850933914,-51.93567663284532,-0.9887063778669667,0,0,120
0,vqbr_sim,VQBR (sim),statevector_simulator,success,70,-6.904995150795095,-6.904995150795095,-6.904995150795095,107.54652742225393,-302.66026887675184,18.44896282980814,-51.80863814179328,-0.9862879292304795,0,0,120
0,vqbr_sim,VQBR (sim),statevector_simulator,success,71,-6.9072999681089104,-6.9072999681089104,-6.9072999681089104,107.52674999258181,-302.99799328318306,18.363651417472056,-51.73161527595725,-0.9848216346978784,0,0,120
0,vqbr_sim,VQBR (sim),statevector_simulator,success,72,-6.907897833611676,-6.907897833611676,-6.907897833611676,107.73250487769394,-303.37438680765524,18.334202193930025,-51.70965922280527,-0.9844036543962523,0,0,120
0,vqbr_sim,VQBR (sim),statevector_simulator,success,73,-6.908096568125132,-6.908096568125132,-6.908096568125132,107.62059543226341,-303.25194407251234,18.28580702323118,-51.641533293868804,-0.9831067320337352,0,0,120
0,vqbr_sim,VQBR (sim),statevector_simulator,success,74,-6.907885559539809,-6.907885559539809,-6.907885559539809,107.64637784820499,-303.25344554927005,18.28317521019508,-51.635213468667594,-0.9829864206815291,0,0,120
0,vqbr_sim,VQBR (sim),statevector_simulator,success,75,-6.908107517807649,-6.908107517807649,-6.908107517807649,107.56769512521313,-303.1802687375382,18.28990816629221,-51.64636926263027,-0.9831987950137062,0,0,120
0,vqbr_sim,VQBR (sim),statevector_simulator,success,76,-6.908284352188791,-6.908284352188791,-6.908284352188791,107.59572503311782,-303.24798521866234,18.296480512043402,-51.65880446128525,-0.9834355255430326,0,0,120
0,vqbr_sim,VQBR (sim),statevector_simulator,success,77,-6.908142352095308,-6.908142352095308,-6.908142352095308,107.55830350244494,-303.17666378925594,18.28658883807778,-51.63823576174658,-0.9830439564765105,0,0,120
0,vqbr_sim,VQBR (sim),statevector_simulator,success,78,-6.908189197118446,-6.908189197118446,-6.908189197118446,107.56011659049113,-303.18264357258204,18.301239775722536,-51.66377636429126,-0.9835301763212814,0,0,120
0,vqbr_sim,VQBR (sim),statevector_simulator,success,79,-6.908516475485052,-6.908516475485052,-6.908516475485052,107.56649646146417,-303.24229284450223,18.29570076006297,-51.66338414404721,-0.9835227095723726,0,0,120
0,vqbr_sim,VQBR (sim),statevector_simulator,success,80,-6.908752489964488,-6.908752489964488,-6.908752489964488,107.58012929271176,-303.29858830079274,18.284432328867723,-51.65230653856077,-0.9833118237246083,0,0,120
0,vqbr_sim,VQBR (sim),statevector_simulator,success,81,-6.908996799345413,-6.908996799345413,-6.908996799345413,107.63314168221709,-303.4105105910793,18.28150215299766,-51.65436588989288,-0.9833510278695878,0,0,120
0,vqbr_sim,VQBR (sim),statevector_simulator,success,82,-6.909139581749394,-6.909139581749394,-6.909139581749394,107.58420123356782,-303.36385508496045,18.274456357919366,-51.64741899833408,-0.9832187789718005,0,0,120
0,vqbr_sim,VQBR (sim),statevector_simulator,success,83,-6.909125314653907,-6.909125314653907,-6.909125314653907,107.53794052055999,-303.2990473915037,18.291226130040457,-51.66809931638594,-0.9836124729347913,0,0,120
0,vqbr_sim,VQBR (sim),statevector_simulator,success,84,-6.9091686219544775,-6.9091686219544775,-6.9091686219544775,107.58484180063527,-303.37016067073756,18.261497608801132,-51.62889453859318,-0.9828661263699706,0,0,120
0,vqbr_sim,VQBR (sim),statevector_simulator,success,85,-6.909453304993231,-6.909453304993231,-6.909453304993231,107.6920501137056,-303.5639667031146,18.249917889516812,-51.62049580523763,-0.9827062385669612,0,0,120
0,vqbr_sim,VQBR (sim),statevector_simulator,success,86,-6.909635101793823,-6.909635101793823,-6.909635101793823,107.80338913618819,-303.74728692829865,18.241007337064516,-51.613882093184365,-0.9825803324516973,0,0,120
0,vqbr_sim,VQBR (sim),statevector_simulator,success,87,-6.909695889552162,-6.909695889552162,-6.909695889552162,107.847483567451,-303.8208679106684,18.218280726053308,-51.58122322238126,-0.9819586011881338,0,0,120
0,vqbr_sim,VQBR (sim),statevector_simulator,success,88,-6.909740387652784,-6.909740387652784,-6.909740387652784,107.88657198587018,-303.8832050132031,18.218533327513928,-51.5822451845579,-0.9819780564179006,0,0,120
0,vqbr_sim,VQBR (sim),statevector_simulator,success,89,-6.909767802285902,-6.909767802285902,-6.909767802285902,107.81542070571078,-303.78866534093135,18.219501691909038,-51.582726337997656,-0.9819872161998744,0,0,120
0,vqbr_sim,VQBR (sim),statevector_simulator,success,90,-6.909828478339071,-6.909828478339071,-6.909828478339071,107.91859912849142,-303.94278214738097,18.19909683937997,-51.55607061896953,-0.9814797677344187,0,0,120
0,vqbr_sim,VQBR (sim),statevector_simulator,success,91,-6.909882764308056,-6.909882764308056,-6.909882764308056,107.9538734672897,-303.9994010429325,18.192845964543793,-51.55000538485176,-0.981364303066501,0,0,120
0,vqbr_sim,VQBR (sim),statevector_simulator,success,92,-6.909843424401237,-6.909843424401237,-6.909843424401237,107.94022673652692,-303.976945931156,18.167614790554612,-51.51067434189138,-0.9806155527749049,0,0,120
0,vqbr_sim,VQBR (sim),statevector_simulator,success,93,-6.909883489065978,-6.909883489065978,-6.909883489065978,107.97779280420889,-304.0323096331126,18.18503678518571,-51.539928472735404,-0.9811724675514064,0,0,120
0,vqbr_sim,VQBR (sim),statevector_simulator,success,94,-6.90982453807894,-6.90982453807894,-6.90982453807894,108.09403488758534,-304.18684494579236,18.186507737285886,-51.540747924277255,-0.9811880675593068,0,0,120
0,vqbr_sim,VQBR (sim),statevector_simulator,success,95,-6.90990493675943,-6.90990493675943,-6.90990493675943,108.00802904459573,-304.07711319117755,18.188302810008683,-51.54614612732212,-0.9812908338680468,0,0,120
0,vqbr_sim,VQBR (sim),statevector_simulator,success,96,-6.909932824503136,-6.909932824503136,-6.909932824503136,108.03340448029036,-304.11615372436916,18.181233439134232,-51.537857208290134,-0.9811330366149085,0,0,120
0,vqbr_sim,VQBR (sim),statevector_simulator,success,97,-6.909910602926412,-6.909910602926412,-6.909910602926412,108.02117038169267,-304.09295883380014,18.19860552067727,-51.564339404788996,-0.9816371817089149,0,0,120
0,vqbr_sim,VQBR (sim),statevector_simulator,success,98,-6.909932358209818,-6.909932358209818,-6.909932358209818,107.99201514039957,-304.05821538459895,18.181610384353135,-51.53792454382737,-0.9811343184904793,0,0,120
0,vqbr_sim,VQBR (sim),statevector_simulator,success,99,-6.909936630431384,-6.909936630431384,-6.909936630431384,108.06877993259408,-304.1647970778847,18.174920509339476,-51.53083529857931,-0.9809993595865918,0,0,120
0,vqbr_sim,VQBR (sim),statevector_simulator,success,100,-6.909951965452315,-6.909951965452315,-6.909951965452315,107.9874344965754,-304.0517657620901,18.191497367612595,-51.55533775746452,-0.9814658161525569,0,0,120
0,vqbr_sim,VQBR (sim),statevector_simulator,success,101,-6.909949064282217,-6.909949064282217,-6.909949064282217,107.94786620583882,-303.9963601136326,18.180941514462837,-51.539588809028885,-0.981166001328287,0,0,120
0,vqbr_sim,VQBR (sim),statevector_simulator,success,102,-6.909941563827279,-6.909941563827279,-6.909941563827279,108.01005315852552,-304.0817368385116,18.17887419766939,-51.537601917315676,-0.9811281766067017,0,0,120
0,vqbr_sim,VQBR (sim),statevector_simulator,success,103,-6.9099581504742575,-6.9099581504742575,-6.9099581504742575,107.94592751528387,-303.9946228179174,18.19564079744729,-51.56092595384292,-0.981572199389636,0,0,120
0,vqbr_sim,VQBR (sim),statevector_simulator,success,104,-6.9098710762468665,-6.9098710762468665,-6.9098710762468665,108.04878228018373,-304.12500602375565,18.204911335791785,-51.57304517771012,-0.9818029146649372,0,0,120
0,vqbr_sim,VQBR (sim),statevector_simulator,success,105,-6.909979231402363,-6.909979231402363,-6.909979231402363,107.9495310844497,-304.0033831160173,18.187853122184162,-51.55001640984542,-0.9813645129507704,0,0,120
0,vqbr_sim,VQBR (sim),statevector_simulator,success,106,-6.909945685279682,-6.909945685279682,-6.909945685279682,107.82377685565399,-303.8242442696219,18.18288994338038,-51.53891518668702,-0.9811531774902463,0,0,120
0,vqbr_sim,VQBR (sim),statevector_simulator,success,107,-6.910007422730434,-6.910007422730434,-6.910007422730434,107.91460665927931,-303.9559750264029,18.205245336215537,-51.57772537547242,-0.9818920122116963,0,0,120
0,vqbr_sim,VQBR (sim),statevector_simulator,success,108,-6.910017335999984,-6.910017335999984,-6.910017335999984,107.93576716144739,-303.98748642681073,18.17761465474259,-51.53885630309606,-0.9811520565155001,0,0,120
0,vqbr_sim,VQBR (sim),statevector_simulator,success,109,-6.9099240620286375,-6.9099240620286375,-6.9099240620286375,107.83857945986382,-303.8352103174391,18.19578636692783,-51.56316284421235,-0.9816147833688624,0,0,120
0,vqbr_sim,VQBR (sim),statevector_simulator,success,110,-6.910022306733661,-6.910022306733661,-6.910022306733661,107.97853053543741,-304.0479678567408,18.177213802776475,-51.53896573350187,-0.9811541397566778,0,0,120
0,vqbr_sim,VQBR (sim),statevector_simulator,success,111,-6.910031248123984,-6.910031248123984,-6.910031248123984,108.07858767311892,-304.1891604104673,18.17116148558327,-51.531821440844524,-0.9810181329079446,0,0,120
0,vqbr_sim,VQBR (sim),statevector_simulator,success,112,-6.9100000704010744,-6.9100000704010744,-6.9100000704010744,108.06942491998542,-304.1684215793548,18.18931477585792,-51.55968046478933,-0.981548488849008,0,0,120
0,vqbr_sim,VQBR (sim),statevector_simulator,success,113,-6.910025801354867,-6.910025801354867,-6.910025801354867,108.09239629719671,-304.20717849481184,18.16702782997027,-51.52646437819249,-0.98091614979433,0,0,120
0,vqbr_sim,VQBR (sim),statevector_simulator,success,114,-6.910024206058317,-6.910024206058317,-6.910024206058317,107.99711540818299,-304.0766296206041,18.158222704192525,-51.510069155227825,-0.9806040317559666,0,0,120
0,vqbr_sim,VQBR (sim),statevector_simulator,success,115,-6.910047538368095,-6.910047538368095,-6.910047538368095,108.04488420088272,-304.1440258220006,18.1745295830566,-51.537114077759675,-0.9811188895402445,0,0,120
0,vqbr_sim,VQBR (sim),statevector_simulator,success,116,-6.910022649230647,-6.910022649230647,-6.910022649230647,108.04513835381368,-304.1419413698965,18.178134546276482,-51.540209565439156,-0.9811778187505625,0,0,120
0,vqbr_sim,VQBR (sim),statevector_simulator,success,117,-6.910022826905043,-6.910022826905043,-6.910022826905043,108.06878986403106,-304.17329772622287,18.17487917835011,-51.53762059866718,-0.981128532246073,0,0,120
0,vqbr_sim,VQBR (sim),statevector_simulator,success,118,-6.910026252779677,-6.910026252779677,-6.910026252779677,108.06370245611484,-304.16792866069625,18.159356368333576,-51.514561513748276,-0.9806895533821165,0,0,120
0,vqbr_sim,VQBR (sim),statevector_simulator,success,119,-6.910022879809373,-6.910022879809373,-6.910022879809373,108.0779822620423,-304.1863455819522,18.171003527956017,-51.532072449914054,-0.9810229114009581,0,0,120
0,vqbr_sim,VQBR (sim),statevector_simulator,success,120,-6.91005031075676,-6.91005031075676,-6.91005031075676,108.0451896415208,-304.14483605708983,18.171980963440554,-51.53363627451309,-0.9810526821376689,0,0,120
0,vqbr_sim,VQBR (sim),statevector_simulator,success,121,-6.910056954772169,-6.910056954772169,-6.910056954772169,108.02591053651203,-304.1181811784021,18.178261602537454,-51.54315742889677,-0.9812339376189511,0,0,120
0,vqbr_sim,VQBR (sim),statevector_simulator,success,122,-6.910062796022791,-6.910062796022791,-6.910062796022791,108.02001956669281,-304.11084375653644,18.176297040521888,-51.54046439722468,-0.9811826700171287,0,0,120
0,vqbr_sim,VQBR (sim),statevector_simulator,success,123,-6.910064674392063,-6.910064674392063,-6.910064674392063,108.01997914673065,-304.1105370586818,18.17649064413027,-51.5413209716364,-0.981198976738036,0,0,120
0,vqbr_sim,VQBR (sim),statevector_simulator,success,124,-6.910070101712996,-6.910070101712996,-6.910070101712996,108.01015569491985,-304.0975772002281,18.17835291434557,-51.544027484755134,-0.9812505009879497,0,0,120
0,vqbr_sim,VQBR (sim),statevector_simulator,success,125,-6.9100670335302,-6.9100670335302,-6.9100670335302,107.99921273520124,-304.08166566070713,18.18477667191587,-51.553025075880015,-0.981421789325897,0,0,120
0,vqbr_sim,VQBR (sim),statevector_simulator,success,126,-6.910070067815878,-6.910070067815878,-6.910070067815878,108.0110799325324,-304.09885920564824,18.17813940066941,-51.54374097968967,-0.9812450467529444,0,0,120
0,vqbr_sim,VQBR (sim),statevector_simulator,success,127,-6.910071518184398,-6.910071518184398,-6.910071518184398,107.9949832323336,-304.0765450999214,18.178825473966725,-51.54459621308817,-0.9812613279448048,0,0,120
0,vqbr_sim,VQBR (sim),statevector_simulator,success,128,-6.910069226255511,-6.910069226255511,-6.910069226255511,107.99665475157839,-304.0784861440654,18.179938274902703,-51.54617141995075,-0.9812913153671794,0,0,120
0,vqbr_sim,VQBR (sim),statevector_simulator,success,129,-6.910069957951973,-6.910069957951973,-6.910069957951973,107.99917502749884,-304.0820552228088,18.17919704539696,-51.545239530430976,-0.9812735748625512,0,0,120
0,vqbr_sim,VQBR (sim),statevector_simulator,success,130,-6.910075170829736,-6.910075170829736,-6.910075170829736,107.98564576973811,-304.0641029326808,18.17763100461621,-51.54284538702183,-0.98122799723631,0,0,120
0,vqbr_sim,VQBR (sim),statevector_simulator,success,131,-6.910077835851657,-6.910077835851657,-6.910077835851657,107.9806346353798,-304.05775601950614,18.174807598830082,-51.53862464972967,-0.9811476464995794,0,0,120
0,vqbr_sim,VQBR (sim),statevector_simulator,success,132,-6.910080113618554,-6.910080113618554,-6.910080113618554,107.97124914741094,-304.0450002331854,18.17478449101724,-51.5385250763966,-0.9811457509088053,0,0,120
0,vqbr_sim,VQBR (sim),statevector_simulator,success,133,-6.910082326387862,-6.910082326387862,-6.910082326387862,107.96622457456232,-304.0383465682641,18.17328714101999,-51.536379946880935,-0.9811049137931461,0,0,120
0,vqbr_sim,VQBR (sim),statevector_simulator,success,134,-6.910083309537522,-6.910083309537522,-6.910083309537522,107.96458414716213,-304.03643364078835,18.17055879416435,-51.53231003978058,-0.981027434430821,0,0,120
0,vqbr_sim,VQBR (sim),statevector_simulator,success,135,-6.91008416751367,-6.91008416751367,-6.91008416751367,107.9556427102147,-304.0240706276811,18.17034149399262,-51.53191633379653,-0.9810199393976824,0,0,120
0,vqbr_sim,VQBR (sim),statevector_simulator,success,136,-6.910083642310021,-6.910083642310021,-6.910083642310021,107.94659727483554,-304.01146173772236,18.170459080685333,-51.53184759000239,-0.9810186307129378,0,0,120
0,vqbr_sim,VQBR (sim),statevector_simulator,success,137,-6.910084596643113,-6.910084596643113,-6.910084596643113,107.95633449979505,-304.024976219168,18.170496179435098,-51.53228015983228,-0.9810268656022744,0,0,120
0,vqbr_sim,VQBR (sim),statevector_simulator,success,138,-6.910084387461032,-6.910084387461032,-6.910084387461032,107.94717848150964,-304.0120065507496,18.170928911770293,-51.53291675945057,-0.9810389846338063,0,0,120
0,vqbr_sim,VQBR (sim),statevector_simulator,success,139,-6.910083908721624,-6.910083908721624,-6.910083908721624,107.95882545289169,-304.0283908995358,18.169281076456393,-51.530541516256,-0.9809937668134618,0,0,120
0,vqbr_sim,VQBR (sim),statevector_simulator,success,140,-6.910085596414254,-6.910085596414254,-6.910085596414254,107.94707952803614,-304.01221922963407,18.170439637951525,-51.53208984945798,-0.9810232426383881,0,0,120
0,vqbr_sim,VQBR (sim),statevector_simulator,success,141,-6.910088139447739,-6.910088139447739,-6.910088139447739,107.94872389671968,-304.01481080112774,18.17048967589113,-51.53233874772884,-0.981027980947847,0,0,120
0,vqbr_sim,VQBR (sim),statevector_simulator,success,142,-6.9100901320266175,-6.9100901320266175,-6.9100901320266175,107.95118262941139,-304.01850369111366,18.169614719307862,-51.53123252071431,-0.9810069215571633,0,0,120
0,vqbr_sim,VQBR (sim),statevector_simulator,success,143,-6.9100919624253025,-6.9100919624253025,-6.9100919624253025,107.95068375896489,-304.01801136805653,18.169811325665872,-51.53162418270254,-0.9810143776784817,0,0,120
0,vqbr_sim,VQBR (sim),statevector_simulator,success,144,-6.910093447978959,-6.910093447978959,-6.910093447978959,107.94761150214899,-304.0139838695743,18.168579662010828,-51.529849070826366,-0.9809805846377977,0,0,120
0,vqbr_sim,VQBR (sim),statevector_simulator,success,145,-6.910094255062867,-6.910094255062867,-6.910094255062867,107.94170850470891,-304.00587899017216,18.167918507851475,-51.52884455121485,-0.9809614614644613,0,0,120
0,vqbr_sim,VQBR (sim),statevector_simulator,success,146,-6.910094878781358,-6.910094878781358,-6.910094878781358,107.95056848840599,-304.01829921606645,18.165690769814265,-51.52588406556096,-0.9809051023056449,0,0,120
0,vqbr_sim,VQBR (sim),statevector_simulator,success,147,-6.910096601528841,-6.910096601528841,-6.910096601528841,107.95043549109762,-304.0180910650299,18.1681067745202,-51.52961656347336,-0.9809761583644203,0,0,120
0,vqbr_sim,VQBR (sim),statevector_simulator,success,148,-6.910097388063325,-6.910097388063325,-6.910097388063325,107.94841946880265,-304.0152671275307,18.169621590162166,-51.531873835688344,-0.9810191303555491,0,0,120
0,vqbr_sim,VQBR (sim),statevector_simulator,success,149,-6.910098695231199,-6.910098695231199,-6.910098695231199,107.95564589623518,-304.025475604221,18.169935013500147,-51.53252561603558,-0.9810315383846355,0,0,120
0,vqbr_sim,VQBR (sim),statevector_simulator,success,150,-6.910097325968505,-6.910097325968505,-6.910097325968505,107.96856931454111,-304.0433293207428,18.16962582152466,-51.53220826823888,-0.981025496992457,0,0,120
0,vqbr_sim,VQBR (sim),statevector_simulator,success,151,-6.910098706666459,-6.910098706666459,-6.910098706666459,107.95557295512752,-304.02548568107864,18.169773188568925,-51.53218665994279,-0.9810250856324526,0,0,120
0,vqbr_sim,VQBR (sim),statevector_simulator,success,152,-6.910100973164171,-6.910100973164171,-6.910100973164171,107.94921407371794,-304.01682434220663,18.17014862423853,-51.532816913181016,-0.9810370838471041,0,0,120
0,vqbr_sim,VQBR (sim),statevector_simulator,success,153,-6.910102443020455,-6.910102443020455,-6.910102443020455,107.9406838955554,-304.0049592204632,18.171063422578428,-51.5342087122643,-0.9810635797112108,0,0,120
0,vqbr_sim,VQBR (sim),statevector_simulator,success,154,-6.910103124884852,-6.910103124884852,-6.910103124884852,107.9397031101604,-304.00347942916295,18.172812083706834,-51.536892129699204,-0.9811146642855223,0,0,120
0,vqbr_sim,VQBR (sim),statevector_simulator,success,155,-6.910104536598131,-6.910104536598131,-6.910104536598131,107.94283828699372,-304.00813260586403,18.170147082432038,-51.53315268033402,-0.9810434758910164,0,0,120
0,vqbr_sim,VQBR (sim),statevector_simulator,success,156,-6.910105172299598,-6.910105172299598,-6.910105172299598,107.9400038594639,-304.00434765934006,18.169439443552026,-51.53205765252614,-0.981022629701118,0,0,120
0,vqbr_sim,VQBR (sim),statevector_simulator,success,157,-6.910105603322919,-6.910105603322919,-6.910105603322919,107.93572509135377,-303.9983140823673,18.169433806782163,-51.53212835487848,-0.9810239756711951,0,0,120
0,vqbr_sim,VQBR (sim),statevector_simulator,success,158,-6.9101073534278035,-6.9101073534278035,-6.9101073534278035,107.9400009564381,-304.0043846818322,18.169162692375274,-51.53201415466892,-0.9810218016266297,0,0,120
0,vqbr_sim,VQBR (sim),statevector_simulator,success,159,-6.91010817650091,-6.91010817650091,-6.91010817650091,107.93276376334403,-303.9944016882061,18.17046465882993,-51.533776844938934,-0.9810553581955463,0,0,120
0,vqbr_sim,VQBR (sim),statevector_simulator,success,160,-6.910109806824179,-6.910109806824179,-6.910109806824179,107.9384393419329,-304.0024052597648,18.17089929427612,-51.534676381862305,-0.9810724827994972,0,0,120
0,vqbr_sim,VQBR (sim),statevector_simulator,success,161,-6.9101090577062,-6.9101090577062,-6.9101090577062,107.94508373411128,-304.01142303748065,18.171763835259117,-51.53611015204548,-0.9810997776730103,0,0,120
0,vqbr_sim,VQBR (sim),statevector_simulator,success,162,-6.910109689369081,-6.910109689369081,-6.910109689369081,107.94016098501012,-304.0048761694568,18.17067679965189,-51.534297842868284,-0.9810652765023635,0,0,120
0,vqbr_sim,VQBR (sim),statevector_simulator,success,163,-6.910111387276512,-6.910111387276512,-6.910111387276512,107.93074447381554,-303.9918405958142,18.170226560825554,-51.533726504848346,-0.981054399864552,0,0,120
0,vqbr_sim,VQBR (sim),statevector_simulator,success,164,-6.910113265116477,-6.910113265116477,-6.910113265116477,107.93421907293596,-303.9969630665529,18.168895170672965,-51.531959086174034,-0.9810207532803743,0,0,120
0,vqbr_sim,VQBR (sim),statevector_simulator,success,165,-6.910115266039653,-6.910115266039653,-6.910115266039653,107.92776833274064,-303.9878838765663,18.172137212766373,-51.53687071321114,-0.9811142565769928,0,0,120
0,vqbr_sim,VQBR (sim),statevector_simulator,success,166,-6.91011818671814,-6.91011818671814,-6.91011818671814,107.92555729872822,-303.98536030538423,18.16831643716352,-51.531410346955525,-0.9810103068589487,0,0,120
0,vqbr_sim,VQBR (sim),statevector_simulator,success,167,-6.910119774137198,-6.910119774137198,-6.910119774137198,107.92016317764018,-303.9780258088567,18.16645878228706,-51.528803815458815,-0.9809606859724601,0,0,120
0,vqbr_sim,VQBR (sim),statevector_simulator,success,168,-6.9101219375115965,-6.9101219375115965,-6.9101219375115965,107.93534257698457,-303.99928466975064,18.16515121435373,-51.52748510758824,-0.9809355815554831,0,0,120
0,vqbr_sim,VQBR (sim),statevector_simulator,success,169,-6.910124423954418,-6.910124423954418,-6.910124423954418,107.92376120298763,-303.9831384829776,18.166980453466024,-51.530325462898546,-0.9809896537769842,0,0,120
0,vqbr_sim,VQBR (sim),statevector_simulator,success,170,-6.910126418909661,-6.910126418909661,-6.910126418909661,107.9309033047661,-303.9933133373212,18.16694860892726,-51.53052879671332,-0.9809935246698375,0,0,120
0,vqbr_sim,VQBR (sim),statevector_simulator,success,171,-6.910126328453541,-6.910126328453541,-6.910126328453541,107.92572336167208,-303.98633418308464,18.165526519106987,-51.528184770941195,-0.9809489011397126,0,0,120
0,vqbr_sim,VQBR (sim),statevector_simulator,success,172,-6.91012548050461,-6.91012548050461,-6.91012548050461,107.92785860125548,-303.9889542278429,18.167702679309745,-51.53149194255507,-0.9810118602052207,0,0,120
0,vqbr_sim,VQBR (sim),statevector_simulator,success,173,-6.910126960456097,-6.910126960456097,-6.910126960456097,107.93743716452127,-304.0024187725756,18.16562548344819,-51.528865199543,-0.9809618545494282,0,0,120
0,vqbr_sim,VQBR (sim),statevector_simulator,success,174,-6.910128498269981,-6.910128498269981,-6.910128498269981,107.93080262851274,-303.99331810244917,18.16457880525403,-51.52741097177283,-0.980934170222113,0,0,120
0,vqbr_sim,VQBR (sim),statevector_simulator,success,175,-6.910130067247501,-6.910130067247501,-6.910130067247501,107.93501083393201,-303.99941406700214,18.163085116936273,-51.52542062627687,-0.9808962797504065,0,0,120
0,vqbr_sim,VQBR (sim),statevector_simulator,success,176,-6.91013072386993,-6.91013072386993,-6.91013072386993,107.93653076882833,-304.0013548097801,18.16457711319012,-51.52784254782533,-0.9809423861927773,0,0,120
0,vqbr_sim,VQBR (sim),statevector_simulator,success,177,-6.9101317052635,-6.9101317052635,-6.9101317052635,107.93546629454592,-303.9999680024056,18.16259648431859,-51.52511110555318,-0.980890387363257,0,0,120
0,vqbr_sim,VQBR (sim),statevector_simulator,success,178,-6.910132511450318,-6.910132511450318,-6.910132511450318,107.9455626261009,-304.0143012266475,18.160791173389132,-51.5226089936324,-0.9808427543261119,0,0,120
0,vqbr_sim,VQBR (sim),statevector_simulator,success,179,-6.910132369449091,-6.910132369449091,-6.910132369449091,107.94922972111254,-304.0193476713428,18.16137426261255,-51.52352861565654,-0.9808602612927952,0,0,120
0,vqbr_sim,VQBR (sim),statevector_simulator,success,180,-6.910132804006293,-6.910132804006293,-6.910132804006293,107.94070462553871,-304.0075603699602,18.161471698837858,-51.52351294288371,-0.9808599629281363,0,0,120
0,vqbr_sim,VQBR (sim),statevector_simulator,success,181,-6.910132266186398,-6.910132266186398,-6.910132266186398,107.93806551553392,-304.00390362718946,18.159836741330388,-51.521048901189154,-0.9808130546389469,0,0,120
0,vqbr_sim,VQBR (sim),statevector_simulator,success,182,-6.910132344029908,-6.910132344029908,-6.910132344029908,107.94256167726027,-304.0100078743908,18.16171449992586,-51.52394380833757,-0.9808681653710396,0,0,120
0,vqbr_sim,VQBR (sim),statevector_simulator,success,183,-6.910133030864809,-6.910133030864809,-6.910133030864809,107.93446898017639,-303.9989108878076,18.1619879104401,-51.52414000636314,-0.9808719004189255,0,0,120
0,vqbr_sim,VQBR (sim),statevector_simulator,success,184,-6.9101341870700965,-6.9101341870700965,-6.9101341870700965,107.94296670113536,-304.01095403263326,18.16133494942982,-51.523361191331624,-0.9808570740136726,0,0,120
0,vqbr_sim,VQBR (sim),statevector_simulator,success,185,-6.910135521079295,-6.910135521079295,-6.910135521079295,107.94254678193474,-304.01051857478,18.16091885949519,-51.52285528123549,-0.9808474429359415,0,0,120
0,vqbr_sim,VQBR (sim),statevector_simulator,success,186,-6.9101367849017725,-6.9101367849017725,-6.9101367849017725,107.94786246372257,-304.0180785869994,18.159841238047765,-51.52149423586857,-0.9808215325344201,0,0,120
0,vqbr_sim,VQBR (sim),statevector_simulator,success,187,-6.910138407444054,-6.910138407444054,-6.910138407444054,107.94105945833016,-304.0086003235233,18.161224369889105,-51.523620636798384,-0.9808620131115013,0,0,120
0,vqbr_sim,VQBR (sim),statevector_simulator,success,188,-6.9101406254830415,-6.9101406254830415,-6.9101406254830415,107.95762704942328,-304.0319990060359,18.15827129740205,-51.51980810671235,-0.9807894334696009,0,0,120
0,vqbr_sim,VQBR (sim),statevector_simulator,success,189,-6.910138892686171,-6.910138892686171,-6.910138892686171,107.96646699230394,-304.0437226719548,18.162670727859663,-51.526438414050126,-0.9809156555115014,0,0,120
0,vqbr_sim,VQBR (sim),statevector_simulator,success,190,-6.910140443333327,-6.910140443333327,-6.910140443333327,107.96064554266101,-304.0362710289119,18.15793224626516,-51.51928068550729,-0.9807793928820304,0,0,120
0,vqbr_sim,VQBR (sim),statevector_simulator,success,191,-6.910141183393315,-6.910141183393315,-6.910141183393315,107.95689600566007,-304.0312294515701,18.156008685085805,-51.516456890737835,-0.9807256359257461,0,0,120
0,vqbr_sim,VQBR (sim),statevector_simulator,success,192,-6.910141658650966,-6.910141658650966,-6.910141658650966,107.94682165023747,-304.01720785781083,18.15584718390622,-51.51613379985552,-0.9807194852016834,0,0,120
0,vqbr_sim,VQBR (sim),statevector_simulator,success,193,-6.910141978024583,-6.910141978024583,-6.910141978024583,107.94674316351524,-304.01707974384857,18.155198140132992,-51.5152930879328,-0.9807034804570872,0,0,120
0,vqbr_sim,VQBR (sim),statevector_simulator,success,194,-6.910142257873289,-6.910142257873289,-6.910142257873289,107.94780670479997,-304.01845257272515,18.155813995056388,-51.51633744770644,-0.9807233620728845,0,0,120
0,vqbr_sim,VQBR (sim),statevector_simulator,success,195,-6.9101422247109285,-6.9101422247109285,-6.9101422247109285,107.9464512277317,-304.01673759090824,18.15463137478513,-51.51446857826635,-0.9806877841569968,0,0,120
0,vqbr_sim,VQBR (sim),statevector_simulator,success,196,-6.910142179440103,-6.910142179440103,-6.910142179440103,107.9442682411786,-304.01354901948844,18.15534125751153,-51.51557245101392,-0.9807087987291874,0,0,120
0,vqbr_sim,VQBR (sim),statevector_simulator,success,197,-6.910142682832311,-6.910142682832311,-6.910142682832311,107.9516026294888,-304.0237883208439,18.15373835130822,-51.51350230374837,-0.9806693890605882,0,0,120
0,vqbr_sim,VQBR (sim),statevector_simulator,success,198,-6.910141928773921,-6.910141928773921,-6.910141928773921,107.96097186778198,-304.03687495187086,18.150877993961185,-51.50945696641506,-0.9805923774361833,0,0,120
0,vqbr_sim,VQBR (sim),statevector_simulator,success,199,-6.910142101402802,-6.910142101402802,-6.910142101402802,107.94788190266,-304.0185837704022,18.153345531882632,-51.512804649507,-0.980656107724083,0,0,120
0,vqbr_sim,VQBR (sim),statevector_simulator,success,200,-6.910143588399134,-6.910143588399134,-6.910143588399134,107.94684579825935,-304.01702308009277,18.155422951658238,-51.516097623750696,-0.9807187965123685,0,0,120
0,vqbr_sim,VQBR (sim),statevector_simulator,success,201,-6.910143655205555,-6.910143655205555,-6.910143655205555,107.94917622665282,-304.02006613333447,18.15714733219213,-51.518782471020224,-0.9807699083066317,0,0,120
0,vqbr_sim,VQBR (sim),statevector_simulator,success,202,-6.91014388099961,-6.91014388099961,-6.91014388099961,107.9403905836935,-304.00761362956985,18.158713393836496,-51.521097675757076,-0.9808139831668781,0,0,120
0,vqbr_sim,VQBR (sim),statevector_simulator,success,203,-6.910144006202335,-6.910144006202335,-6.910144006202335,107.95092824387915,-304.0222814990187,18.1587618811556,-51.52137524834203,-0.9808192673530649,0,0,120
0,vqbr_sim,VQBR (sim),statevector_simulator,success,204,-6.9101449201456155,-6.9101449201456155,-6.9101449201456155,107.94523721232564,-304.0146284146319,18.15674710299003,-51.51832806089695,-0.9807612576407276,0,0,120
0,vqbr_sim,VQBR (sim),statevector_simulator,success,205,-6.910145282417221,-6.910145282417221,-6.910145282417221,107.9409955809476,-304.0087125149428,18.15651060769721,-51.51799546983707,-0.9807549260605223,0,0,120
0,vqbr_sim,VQBR (sim),statevector_simulator,success,206,-6.910145356493906,-6.910145356493906,-6.910145356493906,107.94056250037166,-304.0081397388654,18.156906938022612,-51.51852960612254,-0.980765094483971,0,0,120
0,vqbr_sim,VQBR (sim),statevector_simulator,success,207,-6.910145449290533,-6.910145449290533,-6.910145449290533,107.93009661653267,-303.9935445450309,18.156377124754368,-51.51763999749761,-0.9807481588863567,0,0,120
0,vqbr_sim,VQBR (sim),statevector_simulator,success,208,-6.910145216497311,-6.910145216497311,-6.910145216497311,107.93754215980547,-304.00370848027114,18.157589985503595,-51.51964101218084,-0.9807862524687991,0,0,120
0,vqbr_sim,VQBR (sim),statevector_simulator,success,209,-6.910145618572035,-6.910145618572035,-6.910145618572035,107.92839433910461,-303.9911637351863,18.156364385578385,-51.51763307445505,-0.9807480270914755,0,0,120
0,vqbr_sim,VQBR (sim),statevector_simulator,success,210,-6.910145736207882,-6.910145736207882,-6.910145736207882,107.91915644211593,-303.9782349702904,18.156528164016823,-51.51778981878367,-0.9807510110540893,0,0,120
0,vqbr_sim,VQBR (sim),statevector_simulator,success,211,-6.910146502049381,-6.910146502049381,-6.910146502049381,107.93010138168944,-303.99365173580617,18.154184924850924,-51.514636099442775,-0.9806909732798945,0,0,120
0,vqbr_sim,VQBR (sim),statevector_simulator,success,212,-6.910145896203909,-6.910145896203909,-6.910145896203909,107.93458224012116,-303.9998815534667,18.15139741548109,-51.51068587196884,-0.9806157722745217,0,0,120
0,vqbr_sim,VQBR (sim),statevector_simulator,success,213,-6.910146020004658,-6.910146020004658,-6.910146020004658,107.92908318968885,-303.9920873362977,18.154544299928517,-51.515186009725205,-0.9807014419950195,0,0,120
0,vqbr_sim,VQBR (sim),statevector_simulator,success,214,-6.910146854320602,-6.910146854320602,-6.910146854320602,107.93284092633448,-303.99778050102157,18.152443817419353,-51.51197755024187,-0.9806403621254585,0,0,120
0,vqbr_sim,VQBR (sim),statevector_simulator,success,215,-6.910147179563284,-6.910147179563284,-6.910147179563284,107.933965522466,-303.99932237597926,18.153097701150863,-51.51300077904722,-0.9806598414682041,0,0,120
0,vqbr_sim,VQBR (sim),statevector_simulator,success,216,-6.910146573560922,-6.910146573560922,-6.910146573560922,107.93386499222063,-303.9992707305476,18.151625534979104,-51.51072752740562,-0.9806165652746073,0,0,120
0,vqbr_sim,VQBR (sim),statevector_simulator,success,217,-6.9101468835346,-6.9101468835346,-6.9101468835346,107.9336955712635,-303.9989162156356,18.15328891046836,-51.51324330902383,-0.9806644585435991,0,0,120
0,vqbr_sim,VQBR (sim),statevector_simulator,success,218,-6.9101475951470945,-6.9101475951470945,-6.9101475951470945,107.93425178598773,-303.9998102864166,18.152746681634362,-51.51249544887719,-0.9806502214306032,0,0,120
0,vqbr_sim,VQBR (sim),statevector_simulator,success,219,-6.910148458096045,-6.910148458096045,-6.910148458096045,107.94262502125342,-304.01145237473014,18.153629157862905,-51.51405512806864,-0.980679913250639,0,0,120
0,vqbr_sim,VQBR (sim),statevector_simulator,success,220,-6.910149119920428,-6.910149119920428,-6.910149119920428,107.94873718579686,-304.0200510786748,18.15322523859322,-51.51362111702317,-0.98067165092469,0,0,120
0,vqbr_sim,VQBR (sim),statevector_simulator,success,221,-6.910149162208382,-6.910149162208382,-6.910149162208382,107.95414319605422,-304.02759154315356,18.153339271490392,-51.51386972916472,-0.980676383787067,0,0,120
0,vqbr_sim,VQBR (sim),statevector_simulator,success,222,-6.9101493421916365,-6.9101493421916365,-6.9101493421916365,107.95570264491812,-304.0295279550146,18.155035505882324,-51.51655474341272,-0.9807274987601217,0,0,120
0,vqbr_sim,VQBR (sim),statevector_simulator,success,223,-6.91014987438929,-6.91014987438929,-6.91014987438929,107.95846830027378,-304.03351298127205,18.154025472013405,-51.51513914590647,-0.9807005498422743,0,0,120
0,vqbr_sim,VQBR (sim),statevector_simulator,success,224,-6.91015003686903,-6.91015003686903,-6.91015003686903,107.96220523645945,-304.03878789653027,18.15342090469156,-51.51430862834042,-0.9806847391690009,0,0,120
0,vqbr_sim,VQBR (sim),statevector_simulator,success,225,-6.910150574680061,-6.910150574680061,-6.910150574680061,107.96948221850698,-304.04912813613714,18.15058404278636,-51.51032287835923,-0.9806088619169369,0,0,120
0,vqbr_sim,VQBR (sim),statevector_simulator,success,226,-6.910150848327192,-6.910150848327192,-6.910150848327192,107.95786551107054,-304.0329220239844,18.151872263596587,-51.51201823252295,-0.9806411365994496,0,0,120
0,vqbr_sim,VQBR (sim),statevector_simulator,success,227,-6.910151128831079,-6.910151128831079,-6.910151128831079,107.95771291976581,-304.03259352084524,18.15121845440747,-51.511259845091324,-0.9806266990771305,0,0,120
0,vqbr_sim,VQBR (sim),statevector_simulator,success,228,-6.910151631848243,-6.910151631848243,-6.910151631848243,107.94960529400576,-304.0213213121052,18.150828335416367,-51.510642258921,-0.9806149420071342,0,0,120
0,vqbr_sim,VQBR (sim),statevector_simulator,success,229,-6.910151570812078,-6.910151570812078,-6.910151570812078,107.95431816077884,-304.02780955615344,18.15061636122652,-51.51048809472581,-0.9806120071628631,0,0,120
0,vqbr_sim,VQBR (sim),statevector_simulator,success,230,-6.910151838346562,-6.910151838346562,-6.910151838346562,107.95198322480333,-304.0246344908877,18.151074540499263,-51.51106505979637,-0.9806229909235853,0,0,120
0,vqbr_sim,VQBR (sim),statevector_simulator,success,231,-6.910151840601838,-6.910151840601838,-6.910151840601838,107.946212421117,-304.0166341490402,18.149323122109493,-51.50846154591885,-0.9805734274839141,0,0,120
0,vqbr_sim,VQBR (sim),statevector_simulator,success,232,-6.910152370137795,-6.910152370137795,-6.910152370137795,107.94686039047748,-304.01760074658625,18.14892689640672,-51.507943974320014,-0.9805635744046062,0,0,120
0,vqbr_sim,VQBR (sim),statevector_simulator,success,233,-6.9101525107615185,-6.9101525107615185,-6.9101525107615185,107.94164081539796,-304.01025453978554,18.150453615005492,-51.51010915824616,-0.9806047932987427,0,0,120
0,vqbr_sim,VQBR (sim),statevector_simulator,success,234,-6.910152295208632,-6.910152295208632,-6.910152295208632,107.93319690797544,-303.99851601509425,18.148828696275586,-51.50761440883189,-0.9805573004226124,0,0,120
0,vqbr_sim,VQBR (sim),statevector_simulator,success,235,-6.910152497695345,-6.910152497695345,-6.910152497695345,107.94236087443178,-304.0111174350728,18.15151300527606,-51.51175253623561,-0.9806360785039188,0,0,120
0,vqbr_sim,VQBR (sim),statevector_simulator,success,236,-6.910152798659469,-6.910152798659469,-6.910152798659469,107.94968859133205,-304.0214948890326,18.149856709557042,-51.509423806226636,-0.9805917461612697,0,0,120
0,vqbr_sim,VQBR (sim),statevector_simulator,success,237,-6.9101526824201285,-6.9101526824201285,-6.9101526824201285,107.9428048859384,-304.0117061527719,18.15142439986739,-51.511697690600975,-0.9806350344002837,0,0,120
0,vqbr_sim,VQBR (sim),statevector_simulator,success,238,-6.910152922691449,-6.910152922691449,-6.910152922691449,107.9539640867539,-304.02743624200525,18.149137872233503,-51.508518370385275,-0.9805745092588329,0,0,120
0,vqbr_sim,VQBR (sim),statevector_simulator,success,239,-6.9101526364648205,-6.9101526364648205,-6.9101526364648205,107.96357972624305,-304.0409049478937,18.14807580272483,-51.50705657345139,-0.9805466808363423,0,0,120
0,vqbr_sim,VQBR (sim),statevector_simulator,success,240,-6.910152476896916,-6.910152476896916,-6.910152476896916,107.95262493199185,-304.0255356317161,18.148932670936883,-51.50816264245386,-0.9805677372189294,0,0,120
0,vqbr_sim,VQBR (sim),statevector_simulator,success,241,-6.910152882173759,-6.910152882173759,-6.910152882173759,107.96237263265448,-304.0390968790365,18.149852277214006,-51.509710953041804,-0.9805972126133493,0,0,120
0,vqbr_sim,VQBR (sim),statevector_simulator,success,242,-6.910153118184526,-6.910153118184526,-6.910153118184526,107.95496327420327,-304.02877303218304,18.149009701244278,-51.508444205522586,-0.980573097372486,0,0,120
0,vqbr_sim,VQBR (sim),statevector_simulator,success,243,-6.910152999182421,-6.910152999182421,-6.910152999182421,107.95899769373113,-304.0343625607401,18.149832541137194,-51.50968072814826,-0.9805966372180343,0,0,120
0,vqbr_sim,VQBR (sim),statevector_simulator,success,244,-6.910152842435314,-6.910152842435314,-6.910152842435314,107.95755578059388,-304.0322977724646,18.14988889100643,-51.509764456936814,-0.9805982311741088,0,0,120
0,vqbr_sim,VQBR (sim),statevector_simulator,success,245,-6.910153150905049,-6.910153150905049,-6.910153150905049,107.95129400800019,-304.02358324754584,18.147784711614932,-51.50674031362736,-0.980540660156044,0,0,120
0,vqbr_sim,VQBR (sim),statevector_simulator,success,246,-6.91015292638346,-6.91015292638346,-6.91015292638346,107.95051020243501,-304.02251000215506,18.14624651797424,-51.5045002493297,-0.980498015754324,0,0,120
0,vqbr_sim,VQBR (sim),statevector_simulator,success,247,-6.910153176855085,-6.910153176855085,-6.910153176855085,107.94836115759826,-304.0194518175895,18.14866224800705,-51.50797891495964,-0.980564239574206,0,0,120
0,vqbr_sim,VQBR (sim),statevector_simulator,success,248,-6.9101525425589925,-6.9101525425589925,-6.9101525425589925,107.95115189880335,-304.02311588407696,18.14903967596639,-51.50866835139022,-0.9805773644671553,0,0,120
0,vqbr_sim,VQBR (sim),statevector_simulator,success,249,-6.910152994900869,-6.910152994900869,-6.910152994900869,107.94697005951613,-304.0176315105285,18.147633712627858,-51.50635581283866,-0.9805333403634326,0,0,120
0,vqbr_sim,VQBR (sim),statevector_simulator,success,250,-6.9101524239308185,-6.9101524239308185,-6.9101524239308185,107.93861209728844,-304.0057687715084,18.149396277187716,-51.5088190677161,-0.9805802336738799,0,0,120
0,vqbr_sim,VQBR (sim),statevector_simulator,success,251,-6.910153250452732,-6.910153250452732,-6.910153250452732,107.95520381705191,-304.02907321633734,18.14762040710771,-51.50654813749492,-0.980537001673472,0,0,120
0,vqbr_sim,VQBR (sim),statevector_simulator,success,252,-6.910153847855335,-6.910153847855335,-6.910153847855335,107.955103132809,-304.0290843640123,18.14707972345782,-51.50573904769693,-0.9805215989234666,0,0,120
0,vqbr_sim,VQBR (sim),statevector_simulator,success,253,-6.910153910420811,-6.910153910420811,-6.910153910420811,107.96408320036593,-304.04148337104994,18.147104743722167,-51.506045491996524,-0.9805274327443219,0,0,120
0,vqbr_sim,VQBR (sim),statevector_simulator,success,254,-6.910153255773416,-6.910153255773416,-6.910153255773416,107.97330491254549,-304.05453488612284,18.143766338522127,-51.50117095469561,-0.98043463552994,0,0,120
0,vqbr_sim,VQBR (sim),statevector_simulator,success,255,-6.910153882750105,-6.910153882750105,-6.910153882750105,107.96616328640343,-304.04440760181893,18.147231499973575,-51.5062272234276,-0.9805308923897258,0,0,120
0,vqbr_sim,VQBR (sim),statevector_simulator,success,256,-6.9101541580920305,-6.9101541580920305,-6.9101541580920305,107.95354353289429,-304.02666022784234,18.14938644175972,-51.50927155213892,-0.9805888476799685,0,0,120
0,vqbr_sim,VQBR (sim),statevector_simulator,success,257,-6.910153967018889,-6.910153967018889,-6.910153967018889,107.94212181347673,-304.0107649412185,18.14998199312412,-51.50987083972367,-0.9806002563973596,0,0,120
0,vqbr_sim,VQBR (sim),statevector_simulator,success,258,-6.910154158057259,-6.910154158057259,-6.910154158057259,107.95152804543491,-304.0238282250033,18.148940991806516,-51.508634335413,-0.9805767169004764,0,0,120
0,vqbr_sim,VQBR (sim),statevector_simulator,success,259,-6.9101532023143415,-6.9101532023143415,-6.9101532023143415,107.95654570643495,-304.03065033867585,18.151121413508065,-51.51178944749847,-0.980636781188535,0,0,120
0,vqbr_sim,VQBR (sim),statevector_simulator,success,260,-6.910154018054136,-6.910154018054136,-6.910154018054136,107.95526175924817,-304.0290079224122,18.150058231461813,-51.51026816536556,-0.9806078203384054,0,0,120
0,vqbr_sim,VQBR (sim),statevector_simulator,success,261,-6.910154488221762,-6.910154488221762,-6.910154488221762,107.95489810709637,-304.0285445754985,18.148767332506868,-51.50848267845817,-0.9805738297868736,0,0,120
0,vqbr_sim,VQBR (sim),statevector_simulator,success,262,-6.910154163163582,-6.910154163163582,-6.910154163163582,107.94919440909189,-304.020331106338,18.14955287395842,-51.5097051638648,-0.9805971024040174,0,0,120
0,vqbr_sim,VQBR (sim),statevector_simulator,success,263,-6.910154785660528,-6.910154785660528,-6.910154785660528,107.95613952957278,-304.03054472088763,18.145967112225,-51.50433796175484,-0.9804949262641949,0,0,120
0,vqbr_sim,VQBR (sim),statevector_simulator,success,264,-6.91015465231666,-6.91015465231666,-6.91015465231666,107.95683935088476,-304.0315341455223,18.144752797512798,-51.50259954557464,-0.9804618318043516,0,0,120
0,vqbr_sim,VQBR (sim),statevector_simulator,success,265,-6.91015488985763,-6.91015488985763,-6.91015488985763,107.961051469941,-304.037346029997,18.14598334713786,-51.50450240754652,-0.9804980568405844,0,0,120
0,vqbr_sim,VQBR (sim),statevector_simulator,success,266,-6.910154508133094,-6.910154508133094,-6.910154508133094,107.96565343001174,-304.0437312737655,18.145452968789943,-51.50378889576409,-0.9804844736219627,0,0,120
0,vqbr_sim,VQBR (sim),statevector_simulator,success,267,-6.910154773756309,-6.910154773756309,-6.910154773756309,107.95901584102052,-304.03445716047906,18.145860231923535,-51.504327480195336,-0.9804947267253535,0,0,120
0,vqbr_sim,VQBR (sim),statevector_simulator,success,268,-6.91015511357766,-6.91015511357766,-6.91015511357766,107.95854802742656,-304.0337757911501,18.14571979646674,-51.50421181264019,-0.9804925247467351,0,0,120
0,vqbr_sim,VQBR (sim),statevector_simulator,success,269,-6.91015462550742,-6.91015462550742,-6.91015462550742,107.94914917521731,-304.0205581468692,18.145157032596142,-51.50329954428563,-0.9804751577728367,0,0,120
0,vqbr_sim,VQBR (sim),statevector_simulator,success,270,-6.910155086815253,-6.910155086815253,-6.910155086815253,107.9570087594094,-304.03154718410076,18.147046130374026,-51.506135489151156,-0.9805291460321145,0,0,120
0,vqbr_sim,VQBR (sim),statevector_simulator,success,271,-6.910154704971,-6.910154704971,-6.910154704971,107.97351104269714,-304.054695759723,18.144579551823707,-51.50270460719371,-0.9804638318763557,0,0,120
0,vqbr_sim,VQBR (sim),statevector_simulator,success,272,-6.91015517689099,-6.91015517689099,-6.91015517689099,107.95583199420557,-304.0300197261676,18.146062612374436,-51.50463359610082,-0.9805005542945264,0,0,120
0,vqbr_sim,VQBR (sim),statevector_simulator,success,273,-6.9101548153905,-6.9101548153905,-6.9101548153905,107.94819467790273,-304.0194018331926,18.145914933306667,-51.50421245899998,-0.9804925370515722,0,0,120
0,vqbr_sim,VQBR (sim),statevector_simulator,success,274,-6.9101551449192975,-6.9101551449192975,-6.9101551449192975,107.95560831078134,-304.02956699061974,18.147391605074112,-51.506638812196485,-0.9805387278598157,0,0,120
0,vqbr_sim,VQBR (sim),statevector_simulator,success,275,-6.910155197834566,-6.910155197834566,-6.910155197834566,107.95607166073523,-304.03035603333694,18.14617693361543,-51.504800032401484,-0.9805037227645002,0,0,120
0,vqbr_sim,VQBR (sim),statevector_simulator,success,276,-6.910155307389507,-6.910155307389507,-6.910155307389507,107.95751453964537,-304.0323849130858,18.14599764776049,-51.504571923141974,-0.9804993802182131,0,0,120
0,vqbr_sim,VQBR (sim),statevector_simulator,success,277,-6.910155347440405,-6.910155347440405,-6.910155347440405,107.95609560707089,-304.0303945053365,18.14589690888576,-51.504427159033675,-0.9804966243246455,0,0,120
0,vqbr_sim,VQBR (sim),statevector_simulator,success,278,-6.910155402942626,-6.910155402942626,-6.910155402942626,107.95984602642044,-304.0356443525106,18.145628577845724,-51.50409588402768,-0.9804903177983327,0,0,120
0,vqbr_sim,VQBR (sim),statevector_simulator,success,279,-6.910155482350742,-6.910155482350742,-6.910155482350742,107.96008066296113,-304.0359942960418,18.145472195783377,-51.50387037156101,-0.980486024687536,0,0,120
0,vqbr_sim,VQBR (sim),statevector_simulator,success,280,-6.910155544066705,-6.910155544066705,-6.910155544066705,107.95977438793906,-304.0355751998708,18.14527625861474,-51.50359247396655,-0.9804807343141001,0,0,120
0,vqbr_sim,VQBR (sim),statevector_simulator,success,281,-6.910155585821712,-6.910155585821712,-6.910155585821712,107.9595342879693,-304.03526981706267,18.14483035220048,-51.50293821885094,-0.9804682791725194,0,0,120
0,vqbr_sim,VQBR (sim),statevector_simulator,success,282,-6.9101556291303545,-6.9101556291303545,-6.9101556291303545,107.96088546174003,-304.0371398433107,18.144673790601058,-51.50275993029465,-0.9804648850695803,0,0,120
0,vqbr_sim,VQBR (sim),statevector_simulator,success,283,-6.910155640244376,-6.910155640244376,-6.910155640244376,107.96175283915616,-304.038377656981,18.144414784308914,-51.502381707007984,-0.9804576847826093,0,0,120
0,vqbr_sim,VQBR (sim),statevector_simulator,success,284,-6.910155661471339,-6.910155661471339,-6.910155661471339,107.9615186630679,-304.0380472867424,18.144331005748615,-51.502267633560386,-0.980455513151228,0,0,120
0,vqbr_sim,VQBR (sim),statevector_simulator,success,285,-6.910155654816759,-6.910155654816759,-6.910155654816759,107.96149783172399,-304.0380360549382,18.144230466747178,-51.50210658777369,-0.9804524473011851,0,0,120
0,vqbr_sim,VQBR (sim),statevector_simulator,success,286,-6.910155648730648,-6.910155648730648,-6.910155648730648,107.96171805883007,-304.0383319666412,18.144185879804322,-51.50205719235875,-0.9804515069541067,0,0,120
0,vqbr_sim,VQBR (sim),statevector_simulator,success,287,-6.910155685013977,-6.910155685013977,-6.910155685013977,107.96201081514928,-304.0387285776096,18.144283988561398,-51.50221802954188,-0.9804545688329358,0,0,120
0,vqbr_sim,VQBR (sim),statevector_simulator,success,288,-6.910155726342043,-6.910155726342043,-6.910155726342043,107.96213773690555,-304.0388859982346,18.144468964722208,-51.5025076341738,-0.9804600820747997,0,0,120
0,vqbr_sim,VQBR (sim),statevector_simulator,success,289,-6.910155760847509,-6.910155760847509,-6.910155760847509,107.96096622046056,-304.03723592352344,18.144626531042483,-51.502734488922265,-0.9804644007387932,0,0,120
0,vqbr_sim,VQBR (sim),statevector_simulator,success,290,-6.9101557979755945,-6.9101557979755945,-6.9101557979755945,107.96085455593334,-304.0370583526359,18.14479720988978,-51.503001852047795,-0.9804694905661442,0,0,120
0,vqbr_sim,VQBR (sim),statevector_simulator,success,291,-6.910155856207248,-6.910155856207248,-6.910155856207248,107.96126428611393,-304.03760957980415,18.14483109279371,-51.50308633366098,-0.9804710988538413,0,0,120
0,vqbr_sim,VQBR (sim),statevector_simulator,success,292,-6.910155904334894,-6.910155904334894,-6.910155904334894,107.96071106391439,-304.0368104398836,18.144932457480447,-51.503257050197455,-0.9804743488072329,0,0,120
0,vqbr_sim,VQBR (sim),statevector_simulator,success,293,-6.910155930520588,-6.910155930520588,-6.910155930520588,107.96165533408387,-304.038080957744,18.145271200129994,-51.50379983485373,-0.9804846818708659,0,0,120
0,vqbr_sim,VQBR (sim),statevector_simulator,success,294,-6.910155948346963,-6.910155948346963,-6.910155948346963,107.960612003163,-304.0366043698639,18.145085898910892,-51.50354760421016,-0.9804798801225849,0,0,120
0,vqbr_sim,VQBR (sim),statevector_simulator,success,295,-6.9101559592499,-6.9101559592499,-6.9101559592499,107.96018916877813,-304.0360046856538,18.145221392324597,-51.50374416440249,-0.9804836220650874,0,0,120
0,vqbr_sim,VQBR (sim),statevector_simulator,success,296,-6.910155989581261,-6.910155989581261,-6.910155989581261,107.9591644498029,-304.03457738981757,18.145281318341972,-51.503816788046585,-0.9804850046110511,0,0,120
0,vqbr_sim,VQBR (sim),statevector_simulator,success,297,-6.910156022348287,-6.910156022348287,-6.910156022348287,107.95921603038062,-304.0346548669801,18.145207263003936,-51.50371345322368,-0.9804830374122953,0,0,120
0,vqbr_sim,VQBR (sim),statevector_simulator,success,298,-6.9101560718599595,-6.9101560718599595,-6.9101560718599595,107.95910027340526,-304.0344914647504,18.145077051105687,-51.50353891503598,-0.9804797147056213,0,0,120
0,vqbr_sim,VQBR (sim),statevector_simulator,success,299,-6.910156102014355,-6.910156102014355,-6.910156102014355,107.9580741767417,-304.0330844089125,18.144827703330517,-51.50315333323317,-0.9804723743336008,0,0,120
0,vqbr_sim,VQBR (sim),statevector_simulator,success,300,-6.9101561442109425,-6.9101561442109425,-6.9101561442109425,107.95706609440886,-304.0316625537561,18.14501999218605,-51.50343265809727,-0.9804776918781585,0,0,120
0,vqbr_ibm_no_zne,"VQBR (aer_noise, w/o ZNE)",aer_noise,success,1,-2.34017806122954,-2.34017806122954,-2.34017806122954,15.999625844167458,-19.05605124854043,24.05959756365821,-1.3385149545710415,-0.025481487067365062,0,0,120
0,vqbr_ibm_no_zne,"VQBR (aer_noise, w/o ZNE)",aer_noise,success,2,-4.044472841791121,-4.044472841791121,-4.044472841791121,16.776693155881617,-42.383349115992935,22.126282613241187,-4.740149879449844,-0.09023886318048795,0,0,120
0,vqbr_ibm_no_zne,"VQBR (aer_noise, w/o ZNE)",aer_noise,success,3,-4.206772390808112,-4.206772390808112,-4.206772390808112,16.433325451613342,-45.622436294663345,21.288292348156325,-4.702608854670236,-0.08952418970287725,0,0,120
0,vqbr_ibm_no_zne,"VQBR (aer_noise, w/o ZNE)",aer_noise,success,4,-3.871774981025499,-3.871774981025499,-3.871774981025499,13.995950648909222,-37.94916903552651,23.535713943381847,-4.507328886744587,-0.08580661900243815,0,0,120
0,vqbr_ibm_no_zne,"VQBR (aer_noise, w/o ZNE)",aer_noise,success,5,-4.772684082092258,-4.772684082092258,-4.772684082092258,17.565508509714068,-59.96267730262935,21.65578183348407,-8.135598976783424,-0.15487847887258882,0,0,120
0,vqbr_ibm_no_zne,"VQBR (aer_noise, w/o ZNE)",aer_noise,success,6,-4.0069934670994165,-4.0069934670994165,-4.0069934670994165,18.68883209095619,-44.437387719874344,23.34608642183702,-3.6368803481253695,-0.0692357744975737,0,0,120
0,vqbr_ibm_no_zne,"VQBR (aer_noise, w/o ZNE)",aer_noise,success,7,-4.233060503421505,-4.233060503421505,-4.233060503421505,19.122379757655754,-50.278172509407504,24.082129113030135,-4.2928316651995635,-0.08172320689103826,0,0,120
0,vqbr_ibm_no_zne,"VQBR (aer_noise, w/o ZNE)",aer_noise,success,8,-4.629162758029239,-4.629162758029239,-4.629162758029239,16.347604648902305,-55.225180796968715,20.897690281702012,-6.540272013529774,-0.12450802746781216,0,0,120
0,vqbr_ibm_no_zne,"VQBR (aer_noise, w/o ZNE)",aer_noise,success,9,-3.9451149960138023,-3.9451149960138023,-3.9451149960138023,16.292838451687405,-40.291390277018365,23.79053960493212,-5.223446965595188,-0.0994394540354885,0,0,120
0,vqbr_ibm_no_zne,"VQBR (aer_noise, w/o ZNE)",aer_noise,success,10,-4.16678012290078,-4.16678012290078,-4.16678012290078,20.181076508222162,-47.833968688701155,24.09955524042169,-5.611601100046341,-0.10682879587540171,0,0,120
0,vqbr_ibm_no_zne,"VQBR (aer_noise, w/o ZNE)",aer_noise,success,11,-5.086284377390168,-5.086284377390168,-5.086284377390168,16.465487610333224,-66.81870865554905,20.38328016591518,-10.393167258203793,-0.19785610625751582,0,0,120
0,vqbr_ibm_no_zne,"VQBR (aer_noise, w/o ZNE)",aer_noise,success,12,-4.8603183451191185,-4.8603183451191185,-4.8603183451191185,14.760965524955239,-58.927089258331804,23.877209570479625,-11.690521847607943,-0.22255401798333807,0,0,120
0,vqbr_ibm_no_zne,"VQBR (aer_noise, w/o ZNE)",aer_noise,success,13,-5.062420241509328,-5.062420241509328,-5.062420241509328,16.4097903824061,-65.45752685317308,19.538853673646972,-9.90090367563685,-0.18848481901856654,0,0,120
0,vqbr_ibm_no_zne,"VQBR (aer_noise, w/o ZNE)",aer_noise,success,14,-4.942491740893952,-4.942491740893952,-4.942491740893952,16.24551312740884,-62.243423332241036,20.60927134300406,-9.617928514581713,-0.18309778327257983,0,0,120
0,vqbr_ibm_no_zne,"VQBR (aer_noise, w/o ZNE)",aer_noise,success,15,-5.216340737490949,-5.216340737490949,-5.216340737490949,16.027669064093047,-70.9408079531324,20.570376858143007,-11.178058883626232,-0.21279819243607073,0,0,120
0,vqbr_ibm_no_zne,"VQBR (aer_noise, w/o ZNE)",aer_noise,success,16,-5.382044098946444,-5.382044098946444,-5.382044098946444,15.907117045398333,-77.12121648385663,21.14292088113472,-12.64033596455499,-0.24063575554983635,0,0,120
0,vqbr_ibm_no_zne,"VQBR (aer_noise, w/o ZNE)",aer_noise,success,17,-5.45874907234755,-5.45874907234755,-5.45874907234755,16.16650523675238,-79.83270911675793,20.589642276407666,-13.06762865185376,-0.24877018322148875,0,0,120
0,vqbr_ibm_no_zne,"VQBR (aer_noise, w/o ZNE)",aer_noise,success,18,-5.53853331867696,-5.53853331867696,-5.53853331867696,15.778212277804947,-82.76809050710119,20.901408232487825,-13.81245319945,-0.2629495071148942,0,0,120
0,vqbr_ibm_no_zne,"VQBR (aer_noise, w/o ZNE)",aer_noise,success,19,-5.591227448847308,-5.591227448847308,-5.591227448847308,16.110450620092806,-84.85194313065678,20.728362164877897,-14.521978036186944,-0.2764568257216413,0,0,120
0,vqbr_ibm_no_zne,"VQBR (aer_noise, w/o ZNE)",aer_noise,success,20,-5.619291300800837,-5.619291300800837,-5.619291300800837,16.022090360760007,-85.95100388940568,20.800633434225812,-14.80514447525353,-0.2818475028525512,0,0,120
0,vqbr_ibm_no_zne,"VQBR (aer_noise, w/o ZNE)",aer_noise,success,21,-5.666303888484051,-5.666303888484051,-5.666303888484051,16.08732454948988,-87.8349035117037,20.558691575086346,-15.06989815465364,-0.28688765383079207,0,0,120
0,vqbr_ibm_no_zne,"VQBR (aer_noise, w/o ZNE)",aer_noise,success,22,-5.667058304967247,-5.667058304967247,-5.667058304967247,16.056569083020968,-87.91544259654847,20.728307816863126,-15.223037885224075,-0.28980299523262265,0,0,120
0,vqbr_ibm_no_zne,"VQBR (aer_noise, w/o ZNE)",aer_noise,success,23,-5.747123741192411,-5.747123741192411,-5.747123741192411,16.199815901900006,-91.44456607474001,20.442688478135974,-15.698640070255601,-0.29885709723253284,0,0,120
0,vqbr_ibm_no_zne,"VQBR (aer_noise, w/o ZNE)",aer_noise,success,24,-5.784837298229329,-5.784837298229329,-5.784837298229329,16.322769935115296,-93.04015146990622,20.101909877732083,-15.8175926447946,-0.30112161320181213,0,0,120
0,vqbr_ibm_no_zne,"VQBR (aer_noise, w/o ZNE)",aer_noise,success,25,-5.860212718094878,-5.860212718094878,-5.860212718094878,16.436695540136597,-96.2994155535739,19.65590886380487,-16.22276347618182,-0.30883490416267084,0,0,120
0,vqbr_ibm_no_zne,"VQBR (aer_noise, w/o ZNE)",aer_noise,success,26,-5.923796054919177,-5.923796054919177,-5.923796054919177,16.407171192369955,-99.23237473267662,19.591656328603847,-16.773543840988946,-0.3193201831615066,0,0,120
0,vqbr_ibm_no_zne,"VQBR (aer_noise, w/o ZNE)",aer_noise,success,27,-5.987851883924435,-5.987851883924435,-5.987851883924435,16.45477071792527,-102.17271996668032,19.297955499080114,-17.198627833360025,-0.32741256361430393,0,0,120
0,vqbr_ibm_no_zne,"VQBR (aer_noise, w/o ZNE)",aer_noise,success,28,-6.065935688269752,-6.065935688269752,-6.065935688269752,16.501566576486066,-105.9046200618439,18.95887680571172,-17.710979398118912,-0.3371662684397624,0,0,120
0,vqbr_ibm_no_zne,"VQBR (aer_noise, w/o ZNE)",aer_noise,success,29,-6.133834180764808,-6.133834180764808,-6.133834180764808,16.569290000114414,-109.12503941701495,18.5094475931134,-18.069113288816634,-0.3439841109099077,0,0,120
0,vqbr_ibm_no_zne,"VQBR (aer_noise, w/o ZNE)",aer_noise,success,30,-6.1386793364639125,-6.1386793364639125,-6.1386793364639125,16.432380337848585,-109.9066475501037,19.153552667030283,-18.514474279856362,-0.35246250728099987,0,0,120
0,vqbr_ibm_no_zne,"VQBR (aer_noise, w/o ZNE)",aer_noise,success,31,-6.151619420881179,-6.151619420881179,-6.151619420881179,16.28291152453881,-110.1929059295455,19.082155900379735,-18.660063047954345,-0.355234100006784,0,0,120
0,vqbr_ibm_no_zne,"VQBR (aer_noise, w/o ZNE)",aer_noise,success,32,-6.160818640722797,-6.160818640722797,-6.160818640722797,16.306668549670533,-110.58142310463838,18.935306618191404,-18.640110293030613,-0.35485425675975035,0,0,120
0,vqbr_ibm_no_zne,"VQBR (aer_noise, w/o ZNE)",aer_noise,success,33,-6.177915973226548,-6.177915973226548,-6.177915973226548,16.161814861462208,-111.24420731901611,18.96975607169689,-18.88242591251798,-0.35946725140960595,0,0,120
0,vqbr_ibm_no_zne,"VQBR (aer_noise, w/o ZNE)",aer_noise,success,34,-6.179023285700354,-6.179023285700354,-6.179023285700354,16.084442374128848,-111.12380707452728,19.003905103622564,-18.994773138810412,-0.361606020486521,0,0,120
0,vqbr_ibm_no_zne,"VQBR (aer_noise, w/o ZNE)",aer_noise,success,35,-6.190315439065776,-6.190315439065776,-6.190315439065776,16.019750884182038,-111.45983836848032,18.853419710780404,-18.993631556846783,-0.3615842880389729,0,0,120
0,vqbr_ibm_no_zne,"VQBR (aer_noise, w/o ZNE)",aer_noise,success,36,-6.198868425863706,-6.198868425863706,-6.198868425863706,16.077317799076372,-111.94778879167788,18.77638273191294,-19.02818117202604,-0.362242013654489,0,0,120
0,vqbr_ibm_no_zne,"VQBR (aer_noise, w/o ZNE)",aer_noise,success,37,-6.22795320467326,-6.22795320467326,-6.22795320467326,16.050598887799303,-113.42937199117296,18.634535236520225,-19.14346323467691,-0.36443665360117433,0,0,120
0,vqbr_ibm_no_zne,"VQBR (aer_noise, w/o ZNE)",aer_noise,success,38,-6.249303288424008,-6.249303288424008,-6.249303288424008,15.985280328599355,-114.2961508693042,18.445108633936226,-19.20651296476092,-0.36563693969155375,0,0,120
0,vqbr_ibm_no_zne,"VQBR (aer_noise, w/o ZNE)",aer_noise,success,39,-6.263216394373112,-6.263216394373112,-6.263216394373112,15.89749570097514,-114.81889708656867,18.34274215860633,-19.24398326345726,-0.3663502667473184,0,0,120
0,vqbr_ibm_no_zne,"VQBR (aer_noise, w/o ZNE)",aer_noise,success,40,-6.264086038513111,-6.264086038513111,-6.264086038513111,15.904501207567774,-114.75124083312076,18.235254873854405,-19.173004345154798,-0.36499903164710296,0,0,120
0,vqbr_ibm_no_zne,"VQBR (aer_noise, w/o ZNE)",aer_noise,success,41,-6.261075068073989,-6.261075068073989,-6.261075068073989,15.858459600865938,-114.40887694835587,18.186531342947195,-19.12817613299513,-0.3641456310149331,0,0,120
0,vqbr_ibm_no_zne,"VQBR (aer_noise, w/o ZNE)",aer_noise,success,42,-6.26150570904194,-6.26150570904194,-6.26150570904194,15.912169867581751,-114.7432189949733,18.335442107512975,-19.219463722384724,-0.3658834849854831,0,0,120
0,vqbr_ibm_no_zne,"VQBR (aer_noise, w/o ZNE)",aer_noise,success,43,-6.265813115297272,-6.265813115297272,-6.265813115297272,16.031018663287632,-115.14052739335563,18.20045352149103,-19.079344162599806,-0.36321601030516587,0,0,120
0,vqbr_ibm_no_zne,"VQBR (aer_noise, w/o ZNE)",aer_noise,success,44,-6.273172781430038,-6.273172781430038,-6.273172781430038,15.957960108514193,-115.3693681580271,18.193603741983907,-19.187992306709422,-0.36528435946299026,0,0,120
0,vqbr_ibm_no_zne,"VQBR (aer_noise, w/o ZNE)",aer_noise,success,45,-6.27481855268108,-6.27481855268108,-6.27481855268108,16.070746692704944,-115.52985111532901,18.00345358960982,-18.98566183682994,-0.36143256741990465,0,0,120
0,vqbr_ibm_no_zne,"VQBR (aer_noise, w/o ZNE)",aer_noise,success,46,-6.277560192123256,-6.277560192123256,-6.277560192123256,16.097167109764282,-115.79740171241167,18.053137253210124,-19.05297529237894,-0.3627140226185738,0,0,120
0,vqbr_ibm_no_zne,"VQBR (aer_noise, w/o ZNE)",aer_noise,success,47,-6.283683635207218,-6.283683635207218,-6.283683635207218,15.952251081647344,-115.65717662944758,17.91760617017728,-19.050159373061373,-0.36266041558831363,0,0,120
0,vqbr_ibm_no_zne,"VQBR (aer_noise, w/o ZNE)",aer_noise,success,48,-6.283368166603788,-6.283368166603788,-6.283368166603788,15.90957273421376,-115.47786992264197,17.856102348306056,-19.000916050452904,-0.3617229639117996,0,0,120
0,vqbr_ibm_no_zne,"VQBR (aer_noise, w/o ZNE)",aer_noise,success,49,-6.283565805504862,-6.283565805504862,-6.283565805504862,15.985613976927269,-115.75939828746209,17.94469947737245,-19.06016433504591,-0.36285088137918725,0,0,120
0,vqbr_ibm_no_zne,"VQBR (aer_noise, w/o ZNE)",aer_noise,success,50,-6.286333682905957,-6.286333682905957,-6.286333682905957,15.877014068634061,-115.49942204091795,17.80851856828699,-19.018987655383512,-0.3620669954564254,0,0,120
0,vqbr_ibm_no_zne,"VQBR (aer_noise, w/o ZNE)",aer_noise,success,51,-6.283240902372901,-6.283240902372901,-6.283240902372901,15.87996807162945,-115.41836754855481,17.89816560979789,-19.076667134294958,-0.3631650473615723,0,0,120
0,vqbr_ibm_no_zne,"VQBR (aer_noise, w/o ZNE)",aer_noise,success,52,-6.285484620421642,-6.285484620421642,-6.285484620421642,15.876688975628886,-115.4004437960223,17.766399682757758,-18.97613300985414,-0.36125116587446665,0,0,120
0,vqbr_ibm_no_zne,"VQBR (aer_noise, w/o ZNE)",aer_noise,success,53,-6.283063370658602,-6.283063370658602,-6.283063370658602,15.985292861028263,-115.51084039405109,17.73236122980193,-18.851806633116833,-0.3588843481186058,0,0,120
0,vqbr_ibm_no_zne,"VQBR (aer_noise, w/o ZNE)",aer_noise,success,54,-6.284642717679409,-6.284642717679409,-6.284642717679409,15.928393328044908,-115.42290112687184,17.713824425351223,-18.89538302362501,-0.35971391765563976,0,0,120
0,vqbr_ibm_no_zne,"VQBR (aer_noise, w/o ZNE)",aer_noise,success,55,-6.28682190348386,-6.28682190348386,-6.28682190348386,15.659455020021849,-115.0321575446668,17.826992428238366,-19.12089795320525,-0.3640070753390653,0,0,120
0,vqbr_ibm_no_zne,"VQBR (aer_noise, w/o ZNE)",aer_noise,success,56,-6.287089469940983,-6.287089469940983,-6.287089469940983,15.653662029705371,-115.06508753601426,17.861108110591775,-19.16264522538429,-0.3648018237073933,0,0,120
0,vqbr_ibm_no_zne,"VQBR (aer_noise, w/o ZNE)",aer_noise,success,57,-6.287505928103077,-6.287505928103077,-6.287505928103077,15.606542122584369,-114.84232040618443,17.742958124598815,-19.081931740386473,-0.3632652703673576,0,0,120
0,vqbr_ibm_no_zne,"VQBR (aer_noise, w/o ZNE)",aer_noise,success,58,-6.279282009426166,-6.279282009426166,-6.279282009426166,15.444471938721438,-113.9459164961718,17.673170021623328,-18.964331028509527,-0.3610264899872268,0,0,120
0,vqbr_ibm_no_zne,"VQBR (aer_noise, w/o ZNE)",aer_noise,success,59,-6.283548228596318,-6.283548228596318,-6.283548228596318,15.554930734875295,-114.4460523922478,17.689836694630465,-19.003404538881107,-0.3617703375967061,0,0,120
0,vqbr_ibm_no_zne,"VQBR (aer_noise, w/o ZNE)",aer_noise,success,60,-6.286454071201186,-6.286454071201186,-6.286454071201186,15.70262153445115,-115.17717096980557,17.910777239991393,-19.20522214069444,-0.36561236610226067,0,0,120
0,vqbr_ibm_no_zne,"VQBR (aer_noise, w/o ZNE)",aer_noise,success,61,-6.286309255963584,-6.286309255963584,-6.286309255963584,15.609139374158902,-114.7426533305503,17.711774885245628,-19.044115591156686,-0.36254535930902715,0,0,120
0,vqbr_ibm_no_zne,"VQBR (aer_noise, w/o ZNE)",aer_noise,success,62,-6.2898768676944385,-6.2898768676944385,-6.2898768676944385,15.659345243901292,-115.14076835871221,17.77808269331707,-19.11898327250357,-0.3639706253081027,0,0,120
0,vqbr_ibm_no_zne,"VQBR (aer_noise, w/o ZNE)",aer_noise,success,63,-6.284933297094739,-6.284933297094739,-6.284933297094739,15.670371120144448,-115.01071372228779,17.884185547016017,-19.151951624901137,-0.3645982482139074,0,0,120
0,vqbr_ibm_no_zne,"VQBR (aer_noise, w/o ZNE)",aer_noise,success,64,-6.290030367735827,-6.290030367735827,-6.290030367735827,15.702119223203372,-115.14710199505866,17.691148201496663,-19.034260543974845,-0.36235774746617494,0,0,120
0,vqbr_ibm_no_zne,"VQBR (aer_noise, w/o ZNE)",aer_noise,success,65,-6.291485588809415,-6.291485588809415,-6.291485588809415,15.770751265239495,-115.51941499629632,17.803142854374517,-19.122287759245662,-0.36403353326134996,0,0,120
0,vqbr_ibm_no_zne,"VQBR (aer_noise, w/o ZNE)",aer_noise,success,66,-6.291197732443161,-6.291197732443161,-6.291197732443161,15.769427564106437,-115.54891346622324,17.84229091320377,-19.149223375001277,-0.3645463101580027,0,0,120
0,vqbr_ibm_no_zne,"VQBR (aer_noise, w/o ZNE)",aer_noise,success,67,-6.291328332836213,-6.291328332836213,-6.291328332836213,15.646990780508073,-115.27263021374768,17.846464746095872,-19.197110494466155,-0.3654579436150444,0,0,120
0,vqbr_ibm_no_zne,"VQBR (aer_noise, w/o ZNE)",aer_noise,success,68,-6.284441247443361,-6.284441247443361,-6.284441247443361,15.813054942845687,-115.13938018026357,17.731629942707322,-18.970549893830658,-0.3611448793527792,0,0,120
0,vqbr_ibm_no_zne,"VQBR (aer_noise, w/o ZNE)",aer_noise,success,69,-6.291847932688487,-6.291847932688487,-6.291847932688487,15.77335190751724,-115.56182972483549,17.82096313185209,-19.145216835563772,-0.36447003713429604,0,0,120
0,vqbr_ibm_no_zne,"VQBR (aer_noise, w/o ZNE)",aer_noise,success,70,-6.287924172961398,-6.287924172961398,-6.287924172961398,15.820024185877948,-115.57941920003267,17.94569106474865,-19.206139236668882,-0.3656298249802004,0,0,120
0,vqbr_ibm_no_zne,"VQBR (aer_noise, w/o ZNE)",aer_noise,success,71,-6.29260386743359,-6.29260386743359,-6.29260386743359,15.73479823320833,-115.40474114735873,17.72609580583356,-19.085365678161747,-0.3633306426971265,0,0,120
0,vqbr_ibm_no_zne,"VQBR (aer_noise, w/o ZNE)",aer_noise,success,72,-6.2919547373549625,-6.2919547373549625,-6.2919547373549625,15.737916653889929,-115.33184858826812,17.687993050703042,-19.04431231608434,-0.362549104387618,0,0,120
0,vqbr_ibm_no_zne,"VQBR (aer_noise, w/o ZNE)",aer_noise,success,73,-6.292579668130397,-6.292579668130397,-6.292579668130397,15.736394544659781,-115.40683954880706,17.726496336921386,-19.085652871251764,-0.36333611003014665,0,0,120
0,vqbr_ibm_no_zne,"VQBR (aer_noise, w/o ZNE)",aer_noise,success,74,-6.2928018337075375,-6.2928018337075375,-6.2928018337075375,15.73492652171859,-115.42455755693149,17.7327394194253,-19.092472066181863,-0.36346592795024363,0,0,120
0,vqbr_ibm_no_zne,"VQBR (aer_noise, w/o ZNE)",aer_noise,success,75,-6.292878005974648,-6.292878005974648,-6.292878005974648,15.737607156412572,-115.44403228633297,17.740893460985603,-19.099893713507818,-0.36360721483666136,0,0,120
0,vqbr_ibm_no_zne,"VQBR (aer_noise, w/o ZNE)",aer_noise,success,76,-6.2927059582761835,-6.2927059582761835,-6.2927059582761835,15.74250452045696,-115.4214961134173,17.720176843277745,-19.079068043584115,-0.3632107537907703,0,0,120
0,vqbr_ibm_no_zne,"VQBR (aer_noise, w/o ZNE)",aer_noise,success,77,-6.292820424920825,-6.292820424920825,-6.292820424920825,15.736892536829407,-115.4361694193304,17.738637979164665,-19.097914940031743,-0.3635695446630352,0,0,120
0,vqbr_ibm_no_zne,"VQBR (aer_noise, w/o ZNE)",aer_noise,success,78,-6.2931114421990415,-6.2931114421990415,-6.2931114421990415,15.726325592587964,-115.43695885964446,17.74577467926778,-19.10980874896052,-0.36379596868419795,0,0,120
0,vqbr_ibm_no_zne,"VQBR (aer_noise, w/o ZNE)",aer_noise,success,79,-6.293297310285418,-6.293297310285418,-6.293297310285418,15.719587555185328,-115.44064308457808,17.752707875145305,-19.119021352308025,-0.3639713502384006,0,0,120
0,vqbr_ibm_no_zne,"VQBR (aer_noise, w/o ZNE)",aer_noise,success,80,-6.293323081528797,-6.293323081528797,-6.293323081528797,15.715034367943689,-115.44400242871782,17.76389808514027,-19.130735933451316,-0.3641943622763931,0,0,120
0,vqbr_ibm_no_zne,"VQBR (aer_noise, w/o ZNE)",aer_noise,success,81,-6.293301556808363,-6.293301556808363,-6.293301556808363,15.704661992666164,-115.40912899552177,17.755580923103707,-19.126593173486135,-0.3641154960043986,0,0,120
0,vqbr_ibm_no_zne,"VQBR (aer_noise, w/o ZNE)",aer_noise,success,82,-6.293286795205239,-6.293286795205239,-6.293286795205239,15.72838764891436,-115.46742865587123,17.759052076506286,-19.12196499536036,-0.36402738876237295,0,0,120
0,vqbr_ibm_no_zne,"VQBR (aer_noise, w/o ZNE)",aer_noise,success,83,-6.293425382500542,-6.293425382500542,-6.293425382500542,15.706828529254729,-115.43973222307918,17.77088704089732,-19.139443988471676,-0.3643601386770418,0,0,120
0,vqbr_ibm_no_zne,"VQBR (aer_noise, w/o ZNE)",aer_noise,success,84,-6.293421971189089,-6.293421971189089,-6.293421971189089,15.705415252823133,-115.42654644514882,17.762084144274905,-19.131864370483424,-0.364215844482133,0,0,120
0,vqbr_ibm_no_zne,"VQBR (aer_noise, w/o ZNE)",aer_noise,success,85,-6.293449527212196,-6.293449527212196,-6.293449527212196,15.708253625014843,-115.44558224315665,17.77255188951036,-19.141429328523767,-0.3643979338594482,0,0,120
0,vqbr_ibm_no_zne,"VQBR (aer_noise, w/o ZNE)",aer_noise,success,86,-6.29356088417858,-6.29356088417858,-6.29356088417858,15.706071687603005,-115.45020739226493,17.775352571462673,-19.14554167488298,-0.3644762211435842,0,0,120
0,vqbr_ibm_no_zne,"VQBR (aer_noise, w/o ZNE)",aer_noise,success,87,-6.2935855662208535,-6.2935855662208535,-6.2935855662208535,15.707930062336967,-115.48776165723774,17.80279298382107,-19.168527065300097,-0.36491379707551674,0,0,120
0,vqbr_ibm_no_zne,"VQBR (aer_noise, w/o ZNE)",aer_noise,success,88,-6.293590246632249,-6.293590246632249,-6.293590246632249,15.698031292724538,-115.4823904206062,17.818127721511456,-19.18513469584566,-0.3652299587452248,0,0,120
0,vqbr_ibm_no_zne,"VQBR (aer_noise, w/o ZNE)",aer_noise,success,89,-6.2936513119620825,-6.2936513119620825,-6.2936513119620825,15.707675722447572,-115.50211236401674,17.81233326774008,-19.177259166286877,-0.36508003124242366,0,0,120
0,vqbr_ibm_no_zne,"VQBR (aer_noise, w/o ZNE)",aer_noise,success,90,-6.293640974482431,-6.293640974482431,-6.293640974482431,15.699373278405115,-115.48149525710063,17.811329773727028,-19.17848388038675,-0.36510334628749697,0,0,120
0,vqbr_ibm_no_zne,"VQBR (aer_noise, w/o ZNE)",aer_noise,success,91,-6.293597219960566,-6.293597219960566,-6.293597219960566,15.716331601281318,-115.52248630850869,17.81501828896216,-19.176023377175945,-0.36505650536089307,0,0,120
0,vqbr_ibm_no_zne,"VQBR (aer_noise, w/o ZNE)",aer_noise,success,92,-6.293692713988839,-6.293692713988839,-6.293692713988839,15.691840078643498,-115.46801391363968,17.812398057099923,-19.182458561752124,-0.3651790128248508,0,0,120
0,vqbr_ibm_no_zne,"VQBR (aer_noise, w/o ZNE)",aer_noise,success,93,-6.29373881177634,-6.29373881177634,-6.29373881177634,15.698965092162497,-115.47925814352561,17.806310346501327,-19.17640235681706,-0.36506372004668414,0,0,120
0,vqbr_ibm_no_zne,"VQBR (aer_noise, w/o ZNE)",aer_noise,success,94,-6.293691600565506,-6.293691600565506,-6.293691600565506,15.694279687527796,-115.46883312657334,17.808255639093144,-19.178142628621956,-0.3650968498323012,0,0,120
0,vqbr_ibm_no_zne,"VQBR (aer_noise, w/o ZNE)",aer_noise,success,95,-6.293681956989395,-6.293681956989395,-6.293681956989395,15.700248977346892,-115.48373836637862,17.810736422709372,-19.17956745742665,-0.3651239744876037,0,0,120
0,vqbr_ibm_no_zne,"VQBR (aer_noise, w/o ZNE)",aer_noise,success,96,-6.293776234068565,-6.293776234068565,-6.293776234068565,15.692569076943986,-115.45945119960277,17.800215861787326,-19.173626797637844,-0.3650108813577413,0,0,120
0,vqbr_ibm_no_zne,"VQBR (aer_noise, w/o ZNE)",aer_noise,success,97,-6.293821607198971,-6.293821607198971,-6.293821607198971,15.687095292378602,-115.44574172483762,17.796800721286953,-19.172523389529008,-0.3649898756309399,0,0,120
0,vqbr_ibm_no_zne,"VQBR (aer_noise, w/o ZNE)",aer_noise,success,98,-6.293752439421012,-6.293752439421012,-6.293752439421012,15.669992453468414,-115.40342348420342,17.797510264612523,-19.177229485688706,-0.365079466208932,0,0,120
0,vqbr_ibm_no_zne,"VQBR (aer_noise, w/o ZNE)",aer_noise,success,99,-6.293821324557872,-6.293821324557872,-6.293821324557872,15.693308843854727,-115.47455330616613,17.809198057087293,-19.18109907865736,-0.3651531321645121,0,0,120
0,vqbr_ibm_no_zne,"VQBR (aer_noise, w/o ZNE)",aer_noise,success,100,-6.293913581322771,-6.293913581322771,-6.293913581322771,15.707832000951313,-115.48323309357681,17.782772268380956,-19.15470770284255,-0.3646507160359373,0,0,120
0,vqbr_ibm_no_zne,"VQBR (aer_noise, w/o ZNE)",aer_noise,success,101,-6.293914223810141,-6.293914223810141,-6.293914223810141,15.70512044471492,-115.48643330955366,17.791579707070646,-19.163803428411217,-0.3648238725723322,0,0,120
0,vqbr_ibm_no_zne,"VQBR (aer_noise, w/o ZNE)",aer_noise,success,102,-6.2939673241727245,-6.2939673241727245,-6.2939673241727245,15.714363090851496,-115.49605615778623,17.77805193287149,-19.149142419908927,-0.36454476900515137,0,0,120
0,vqbr_ibm_no_zne,"VQBR (aer_noise, w/o ZNE)",aer_noise,success,103,-6.293996276537749,-6.293996276537749,-6.293996276537749,15.72940390816568,-115.52676788218665,17.7740127958843,-19.142492674468873,-0.36441817691751477,0,0,120
0,vqbr_ibm_no_zne,"VQBR (aer_noise, w/o ZNE)",aer_noise,success,104,-6.293999169041422,-6.293999169041422,-6.293999169041422,15.713476150267994,-115.466157223067,17.75344425648616,-19.129928333129502,-0.3641789878817436,0,0,120
0,vqbr_ibm_no_zne,"VQBR (aer_noise, w/o ZNE)",aer_noise,success,105,-6.294041671166529,-6.294041671166529,-6.294041671166529,15.714784301684535,-115.48003751371266,17.76123413596252,-19.13720259887955,-0.364317469045515,0,0,120
0,vqbr_ibm_no_zne,"VQBR (aer_noise, w/o ZNE)",aer_noise,success,106,-6.294005332859076,-6.294005332859076,-6.294005332859076,15.73029759159474,-115.49998699125942,17.749518111305328,-19.12244188559902,-0.3640364673852209,0,0,120
0,vqbr_ibm_no_zne,"VQBR (aer_noise, w/o ZNE)",aer_noise,success,107,-6.294057627546142,-6.294057627546142,-6.294057627546142,15.716120596046075,-115.48253229972127,17.759904327202396,-19.135794859438285,-0.3642906697226951,0,0,120
0,vqbr_ibm_no_zne,"VQBR (aer_noise, w/o ZNE)",aer_noise,success,108,-6.294105387067165,-6.294105387067165,-6.294105387067165,15.723738349751539,-115.5022632299146,17.758803472316416,-19.13238161453867,-0.36422569132595,0,0,120
0,vqbr_ibm_no_zne,"VQBR (aer_noise, w/o ZNE)",aer_noise,success,109,-6.294086270371661,-6.294086270371661,-6.294086270371661,15.727782973482494,-115.51877793826023,17.764981500169796,-19.13513110883798,-0.3642780338143103,0,0,120
0,vqbr_ibm_no_zne,"VQBR (aer_noise, w/o ZNE)",aer_noise,success,110,-6.294095448234945,-6.294095448234945,-6.294095448234945,15.72566308131007,-115.49843918496003,17.752328966878714,-19.126388928560345,-0.36411160776660395,0,0,120
0,vqbr_ibm_no_zne,"VQBR (aer_noise, w/o ZNE)",aer_noise,success,111,-6.2941091230932695,-6.2941091230932695,-6.2941091230932695,15.722254689646192,-115.4975643842209,17.757797663426587,-19.132326729967986,-0.3642246464810842,0,0,120
0,vqbr_ibm_no_zne,"VQBR (aer_noise, w/o ZNE)",aer_noise,success,112,-6.2940808289810715,-6.2940808289810715,-6.2940808289810715,15.71378538408616,-115.49313511616518,17.77354414133778,-19.149481865272453,-0.3645512310716462,0,0,120
0,vqbr_ibm_no_zne,"VQBR (aer_noise, w/o ZNE)",aer_noise,success,113,-6.294116669778621,-6.294116669778621,-6.294116669778621,15.732575467222272,-115.51667070629527,17.753655307074485,-19.12615021229462,-0.3641070632933299,0,0,120
0,vqbr_ibm_no_zne,"VQBR (aer_noise, w/o ZNE)",aer_noise,success,114,-6.294116727386107,-6.294116727386107,-6.294116727386107,15.74723299133204,-115.5374209797197,17.741598047724302,-19.110631341774663,-0.3638116284929163,0,0,120
0,vqbr_ibm_no_zne,"VQBR (aer_noise, w/o ZNE)",aer_noise,success,115,-6.29408798475443,-6.29408798475443,-6.29408798475443,15.753884644657887,-115.53839744145412,17.73075791947459,-19.099299412091305,-0.36359590104161765,0,0,120
0,vqbr_ibm_no_zne,"VQBR (aer_noise, w/o ZNE)",aer_noise,success,116,-6.294116272279654,-6.294116272279654,-6.294116272279654,15.738918729295996,-115.50603749245971,17.731120855922963,-19.10420163553134,-0.36368922532070913,0,0,120
0,vqbr_ibm_no_zne,"VQBR (aer_noise, w/o ZNE)",aer_noise,success,117,-6.29406439037726,-6.29406439037726,-6.29406439037726,15.754274660327615,-115.53968519532509,17.731145662034297,-19.09798692963749,-0.36357091513872664,0,0,120
0,vqbr_ibm_no_zne,"VQBR (aer_noise, w/o ZNE)",aer_noise,success,118,-6.294114758558052,-6.294114758558052,-6.294114758558052,15.749238025167038,-115.54140326968188,17.74099830211793,-19.109341580924603,-0.36378707514421554,0,0,120
0,vqbr_ibm_no_zne,"VQBR (aer_noise, w/o ZNE)",aer_noise,success,119,-6.294101673123751,-6.294101673123751,-6.294101673123751,15.744975383774658,-115.5366966357634,17.746621094230342,-19.115901499311494,-0.36391195718230385,0,0,120
0,vqbr_ibm_no_zne,"VQBR (aer_noise, w/o ZNE)",aer_noise,success,120,-6.294126414027122,-6.294126414027122,-6.294126414027122,15.74486032209657,-115.53970555184978,17.74860151260068,-19.118308124274755,-0.3639577724215493,0,0,120
0,vqbr_ibm_no_zne,"VQBR (aer_noise, w/o ZNE)",aer_noise,success,121,-6.294123474561209,-6.294123474561209,-6.294123474561209,15.74643817538546,-115.54399681925645,17.749475644121915,-19.118747861039935,-0.36396614374878533,0,0,120
0,vqbr_ibm_no_zne,"VQBR (aer_noise, w/o ZNE)",aer_noise,success,122,-6.29411845654607,-6.29411845654607,-6.29411845654607,15.743746570730847,-115.535548075228,17.747670493693498,-19.117819361617318,-0.36394846778188733,0,0,120
0,vqbr_ibm_no_zne,"VQBR (aer_noise, w/o ZNE)",aer_noise,success,123,-6.294138724867319,-6.294138724867319,-6.294138724867319,15.74458886342899,-115.54400292747324,17.75201083010084,-19.12114728491294,-0.36401182189991865,0,0,120
0,vqbr_ibm_no_zne,"VQBR (aer_noise, w/o ZNE)",aer_noise,success,124,-6.294147376506294,-6.294147376506294,-6.294147376506294,15.746509486235645,-115.55155876244044,17.75425676902397,-19.122549101726747,-0.36403850847289254,0,0,120
0,vqbr_ibm_no_zne,"VQBR (aer_noise, w/o ZNE)",aer_noise,success,125,-6.294152239624351,-6.294152239624351,-6.294152239624351,15.745905783356633,-115.55433659909579,17.75746893556557,-19.125341696169762,-0.3640916714644162,0,0,120
0,vqbr_ibm_no_zne,"VQBR (aer_noise, w/o ZNE)",aer_noise,success,126,-6.294151911387798,-6.294151911387798,-6.294151911387798,15.746046274658745,-115.55470561501407,17.757857118486797,-19.126013177002836,-0.36410445453426943,0,0,120
0,vqbr_ibm_no_zne,"VQBR (aer_noise, w/o ZNE)",aer_noise,success,127,-6.294151279218995,-6.294151279218995,-6.294151279218995,15.746944145392494,-115.55585178347148,17.756732237247366,-19.124368163179756,-0.3640731381875112,0,0,120
0,vqbr_ibm_no_zne,"VQBR (aer_noise, w/o ZNE)",aer_noise,success,128,-6.294152966434314,-6.294152966434314,-6.294152966434314,15.745029582636414,-115.55392992358352,17.7588559586839,-19.126824034796126,-0.3641198909418364,0,0,120
0,vqbr_ibm_no_zne,"VQBR (aer_noise, w/o ZNE)",aer_noise,success,129,-6.294154867205457,-6.294154867205457,-6.294154867205457,15.74507294925267,-115.55553313515458,17.760111470356367,-19.12795945014978,-0.36414150599481093,0,0,120
0,vqbr_ibm_no_zne,"VQBR (aer_noise, w/o ZNE)",aer_noise,success,130,-6.294151183582388,-6.294151183582388,-6.294151183582388,15.746016227110118,-115.55856669527913,17.760977448179588,-19.12831417836019,-0.36414825900289277,0,0,120
0,vqbr_ibm_no_zne,"VQBR (aer_noise, w/o ZNE)",aer_noise,success,131,-6.29415562418181,-6.29415562418181,-6.29415562418181,15.744669097674612,-115.55486786647279,17.7603361247626,-19.128315527669372,-0.36414828468987104,0,0,120
0,vqbr_ibm_no_zne,"VQBR (aer_noise, w/o ZNE)",aer_noise,success,132,-6.294155739087046,-6.294155739087046,-6.294155739087046,15.744826139774213,-115.55712457403565,17.761968264354707,-19.12966258017307,-0.3641739287073956,0,0,120
0,vqbr_ibm_no_zne,"VQBR (aer_noise, w/o ZNE)",aer_noise,success,133,-6.2941614389525675,-6.2941614389525675,-6.2941614389525675,15.743319088127286,-115.55218344438916,17.760401507402097,-19.128809526897786,-0.3641576890188306,0,0,120
0,vqbr_ibm_no_zne,"VQBR (aer_noise, w/o ZNE)",aer_noise,success,134,-6.294166340875865,-6.294166340875865,-6.294166340875865,15.740982377674042,-115.54625079808845,17.759724225504073,-19.12901417412074,-0.3641615849152099,0,0,120
0,vqbr_ibm_no_zne,"VQBR (aer_noise, w/o ZNE)",aer_noise,success,135,-6.294173296191493,-6.294173296191493,-6.294173296191493,15.740269322156134,-115.54205167151792,17.75724864085455,-19.12727219906853,-0.3641284227046473,0,0,120
0,vqbr_ibm_no_zne,"VQBR (aer_noise, w/o ZNE)",aer_noise,success,136,-6.294179272076114,-6.294179272076114,-6.294179272076114,15.73683059853905,-115.53255574742428,17.755559825371336,-19.126863017170056,-0.3641206330544693,0,0,120
0,vqbr_ibm_no_zne,"VQBR (aer_noise, w/o ZNE)",aer_noise,success,137,-6.294182022539443,-6.294182022539443,-6.294182022539443,15.73333639267333,-115.52538675266355,17.756319488509643,-19.12871983245512,-0.3641559814938059,0,0,120
0,vqbr_ibm_no_zne,"VQBR (aer_noise, w/o ZNE)",aer_noise,success,138,-6.294182594474462,-6.294182594474462,-6.294182594474462,15.735292379105276,-115.52904637837781,17.75553730901545,-19.12745849560235,-0.3641319692565189,0,0,120
0,vqbr_ibm_no_zne,"VQBR (aer_noise, w/o ZNE)",aer_noise,success,139,-6.2941828165167895,-6.2941828165167895,-6.2941828165167895,15.73360095817232,-115.52508065962192,17.75541118367289,-19.127785211954123,-0.3641381889991254,0,0,120
0,vqbr_ibm_no_zne,"VQBR (aer_noise, w/o ZNE)",aer_noise,success,140,-6.29418496989161,-6.29418496989161,-6.29418496989161,15.7327964482525,-115.52180668975518,17.75412381115125,-19.126998562600917,-0.3641232134508494,0,0,120
0,vqbr_ibm_no_zne,"VQBR (aer_noise, w/o ZNE)",aer_noise,success,141,-6.294185148725564,-6.294185148725564,-6.294185148725564,15.733357615670727,-115.52264035181935,17.753695949390384,-19.12644494702578,-0.3641126741975748,0,0,120
0,vqbr_ibm_no_zne,"VQBR (aer_noise, w/o ZNE)",aer_noise,success,142,-6.294184393728544,-6.294184393728544,-6.294184393728544,15.732165754692376,-115.52002721121407,17.753802260105964,-19.12682478034944,-0.36411990513503395,0,0,120
0,vqbr_ibm_no_zne,"VQBR (aer_noise, w/o ZNE)",aer_noise,success,143,-6.294186240335061,-6.294186240335061,-6.294186240335061,15.733647902859982,-115.52411495134868,17.754290250314906,-19.12682226212329,-0.36411985719522805,0,0,120
0,vqbr_ibm_no_zne,"VQBR (aer_noise, w/o ZNE)",aer_noise,success,144,-6.294188055845741,-6.294188055845741,-6.294188055845741,15.732299487069278,-115.52180744214003,17.75495638753209,-19.127880313571204,-0.364139999461248,0,0,120
0,vqbr_ibm_no_zne,"VQBR (aer_noise, w/o ZNE)",aer_noise,success,145,-6.294188153789086,-6.294188153789086,-6.294188153789086,15.732656421101971,-115.52007034495426,17.75262101538952,-19.125646371874517,-0.36409747161629635,0,0,120
0,vqbr_ibm_no_zne,"VQBR (aer_noise, w/o ZNE)",aer_noise,success,146,-6.294185733636867,-6.294185733636867,-6.294185733636867,15.732764237720364,-115.52151867447701,17.753694837748416,-19.126410797202745,-0.3641120240828554,0,0,120
0,vqbr_ibm_no_zne,"VQBR (aer_noise, w/o ZNE)",aer_noise,success,147,-6.2941879973029184,-6.2941879973029184,-6.2941879973029184,15.733225879943767,-115.52115421806096,17.752426139379107,-19.12530506821048,-0.3640909741730878,0,0,120
0,vqbr_ibm_no_zne,"VQBR (aer_noise, w/o ZNE)",aer_noise,success,148,-6.294192302833099,-6.294192302833099,-6.294192302833099,15.7325054149836,-115.51932735824238,17.752131617265405,-19.12538112927995,-0.36409242215777515,0,0,120
0,vqbr_ibm_no_zne,"VQBR (aer_noise, w/o ZNE)",aer_noise,success,149,-6.294198773585198,-6.294198773585198,-6.294198773585198,15.731523587185837,-115.51680088682889,17.751666744450837,-19.12543453081399,-0.36409343876987527,0,0,120
0,vqbr_ibm_no_zne,"VQBR (aer_noise, w/o ZNE)",aer_noise,success,150,-6.294203051259722,-6.294203051259722,-6.294203051259722,15.732306062715782,-115.51181438496596,17.74609762669835,-19.121084649813962,-0.36401062950721574,0,0,120
0,vqbr_ibm_no_zne,"VQBR (aer_noise, w/o ZNE)",aer_noise,success,151,-6.294205643044018,-6.294205643044018,-6.294205643044018,15.728138330296177,-115.50264872025272,17.746445748974367,-19.122744302834608,-0.3640422245423235,0,0,120
0,vqbr_ibm_no_zne,"VQBR (aer_noise, w/o ZNE)",aer_noise,success,152,-6.2942104508129155,-6.2942104508129155,-6.2942104508129155,15.729292967122586,-115.50841057991286,17.74870524792688,-19.12417125740996,-0.36406938966620445,0,0,120
0,vqbr_ibm_no_zne,"VQBR (aer_noise, w/o ZNE)",aer_noise,success,153,-6.29418741978666,-6.29418741978666,-6.29418741978666,15.72579164706245,-115.49646887278489,17.746288135994334,-19.122661662332867,-0.36404065130410956,0,0,120
0,vqbr_ibm_no_zne,"VQBR (aer_noise, w/o ZNE)",aer_noise,success,154,-6.2942117164690305,-6.2942117164690305,-6.2942117164690305,15.728564168255902,-115.50530978610215,17.747334017470642,-19.12313452219861,-0.3640496532002128,0,0,120
0,vqbr_ibm_no_zne,"VQBR (aer_noise, w/o ZNE)",aer_noise,success,155,-6.294218463702375,-6.294218463702375,-6.294218463702375,15.73126061101442,-115.50877516623453,17.744522630356162,-19.119892193465088,-0.36398792855723494,0,0,120
0,vqbr_ibm_no_zne,"VQBR (aer_noise, w/o ZNE)",aer_noise,success,156,-6.294225434420399,-6.294225434420399,-6.294225434420399,15.732783848142885,-115.51299669400103,17.74497034338448,-19.120103110153778,-0.36399194380626654,0,0,120
0,vqbr_ibm_no_zne,"VQBR (aer_noise, w/o ZNE)",aer_noise,success,157,-6.294224772074221,-6.294224772074221,-6.294224772074221,15.729896044426706,-115.50469818495372,17.743634818037698,-19.119864562610793,-0.36398740254498985,0,0,120
0,vqbr_ibm_no_zne,"VQBR (aer_noise, w/o ZNE)",aer_noise,success,158,-6.294225615857639,-6.294225615857639,-6.294225615857639,15.733609663264282,-115.51461219917725,17.74466830729766,-19.119553021457904,-0.3639814716946611,0,0,120
0,vqbr_ibm_no_zne,"VQBR (aer_noise, w/o ZNE)",aer_noise,success,159,-6.294224525427508,-6.294224525427508,-6.294224525427508,15.734510223581808,-115.5151461876762,17.743416602713932,-19.118239556941845,-0.3639564670961207,0,0,120
0,vqbr_ibm_no_zne,"VQBR (aer_noise, w/o ZNE)",aer_noise,success,160,-6.294226216788399,-6.294226216788399,-6.294226216788399,15.733047077516234,-115.51361364520253,17.744896287269462,-19.119919211548055,-0.36398844290407084,0,0,120
0,vqbr_ibm_no_zne,"VQBR (aer_noise, w/o ZNE)",aer_noise,success,161,-6.29422813684646,-6.29422813684646,-6.29422813684646,15.733783973285043,-115.51734845773427,17.74647108997773,-19.120961891598817,-0.3640082925427605,0,0,120
0,vqbr_ibm_no_zne,"VQBR (aer_noise, w/o ZNE)",aer_noise,success,162,-6.294231061834539,-6.294231061834539,-6.294231061834539,15.734617882457844,-115.51909722874183,17.746169375591755,-19.120480116290913,-0.3639991209222001,0,0,120
0,vqbr_ibm_no_zne,"VQBR (aer_noise, w/o ZNE)",aer_noise,success,163,-6.294231851671844,-6.294231851671844,-6.294231851671844,15.735761465620591,-115.52338347275355,17.74762470647783,-19.12147257875746,-0.3640180145620655,0,0,120
0,vqbr_ibm_no_zne,"VQBR (aer_noise, w/o ZNE)",aer_noise,success,164,-6.294233418658563,-6.294233418658563,-6.294233418658563,15.735604937946515,-115.52493052215368,17.74923451193936,-19.12295298541469,-0.36404619726033255,0,0,120
0,vqbr_ibm_no_zne,"VQBR (aer_noise, w/o ZNE)",aer_noise,success,165,-6.294234236190249,-6.294234236190249,-6.294234236190249,15.736169721785288,-115.5263268749777,17.749141399297738,-19.122560001686182,-0.3640387159768688,0,0,120
0,vqbr_ibm_no_zne,"VQBR (aer_noise, w/o ZNE)",aer_noise,success,166,-6.294236504046426,-6.294236504046426,-6.294236504046426,15.73681449493314,-115.52872375878795,17.74984597152615,-19.123028724419882,-0.3640476391138395,0,0,120
0,vqbr_ibm_no_zne,"VQBR (aer_noise, w/o ZNE)",aer_noise,success,167,-6.294235182131235,-6.294235182131235,-6.294235182131235,15.737086840872276,-115.53206754941502,17.75219431359951,-19.124864795391662,-0.3640825926409274,0,0,120
0,vqbr_ibm_no_zne,"VQBR (aer_noise, w/o ZNE)",aer_noise,success,168,-6.294236047813229,-6.294236047813229,-6.294236047813229,15.737628413621813,-115.53074895069597,17.74998835647521,-19.122895477511694,-0.364045102474741,0,0,120
0,vqbr_ibm_no_zne,"VQBR (aer_noise, w/o ZNE)",aer_noise,success,169,-6.294238060768521,-6.294238060768521,-6.294238060768521,15.737563971363276,-115.52887996581791,17.748461485730513,-19.121700613806926,-0.36402235569560615,0,0,120
0,vqbr_ibm_no_zne,"VQBR (aer_noise, w/o ZNE)",aer_noise,success,170,-6.29423674485335,-6.29423674485335,-6.29423674485335,15.739688586927954,-115.53286618342473,17.747685968457095,-19.120338200785177,-0.36399641925785803,0,0,120
0,vqbr_ibm_no_zne,"VQBR (aer_noise, w/o ZNE)",aer_noise,success,171,-6.294238119638633,-6.294238119638633,-6.294238119638633,15.73757105758347,-115.52869306299358,17.748262748514424,-19.12150615582477,-0.36401865377315795,0,0,120
0,vqbr_ibm_no_zne,"VQBR (aer_noise, w/o ZNE)",aer_noise,success,172,-6.29424120261111,-6.29424120261111,-6.29424120261111,15.736554395005927,-115.52575890285169,17.747721833053028,-19.121516240507912,-0.36401884575661114,0,0,120
0,vqbr_ibm_no_zne,"VQBR (aer_noise, w/o ZNE)",aer_noise,success,173,-6.294243629783656,-6.294243629783656,-6.294243629783656,15.736243600869571,-115.52461801349138,17.747346593523442,-19.1214411849145,-0.3640174169133051,0,0,120
0,vqbr_ibm_no_zne,"VQBR (aer_noise, w/o ZNE)",aer_noise,success,174,-6.294245955700345,-6.294245955700345,-6.294245955700345,15.73488812424506,-115.52214179039336,17.747871674682827,-19.12240436755172,-0.36403575314916864,0,0,120
0,vqbr_ibm_no_zne,"VQBR (aer_noise, w/o ZNE)",aer_noise,success,175,-6.29424758837647,-6.29424758837647,-6.29424758837647,15.734644645907576,-115.52115382091438,17.74747349208733,-19.122212086647874,-0.3640320926720496,0,0,120
0,vqbr_ibm_no_zne,"VQBR (aer_noise, w/o ZNE)",aer_noise,success,176,-6.294249646152433,-6.294249646152433,-6.294249646152433,15.734235042636165,-115.52034336522647,17.747583158113017,-19.122557996830803,-0.3640386778101705,0,0,120
0,vqbr_ibm_no_zne,"VQBR (aer_noise, w/o ZNE)",aer_noise,success,177,-6.294250529855431,-6.294250529855431,-6.294250529855431,15.733145855668704,-115.51724425644237,17.746984387283046,-19.122322599017515,-0.3640341965107166,0,0,120
0,vqbr_ibm_no_zne,"VQBR (aer_noise, w/o ZNE)",aer_noise,success,178,-6.294252800320285,-6.294252800320285,-6.294252800320285,15.733743769280283,-115.51752675018342,17.746015004623537,-19.121446022567593,-0.36401750900834995,0,0,120
0,vqbr_ibm_no_zne,"VQBR (aer_noise, w/o ZNE)",aer_noise,success,179,-6.294254824074736,-6.294254824074736,-6.294254824074736,15.734370289514292,-115.51836259734205,17.745374702329613,-19.120718701255,-0.36400366289586733,0,0,120
0,vqbr_ibm_no_zne,"VQBR (aer_noise, w/o ZNE)",aer_noise,success,180,-6.294257242596826,-6.294257242596826,-6.294257242596826,15.735244997852085,-115.52053658872909,17.74536017421104,-19.120437125804944,-0.36399830250660564,0,0,120
0,vqbr_ibm_no_zne,"VQBR (aer_noise, w/o ZNE)",aer_noise,success,181,-6.294259131947472,-6.294259131947472,-6.294259131947472,15.735150656330008,-115.52189724108398,17.746679004524108,-19.121665762760014,-0.36402169223159464,0,0,120
0,vqbr_ibm_no_zne,"VQBR (aer_noise, w/o ZNE)",aer_noise,success,182,-6.2942609281662,-6.2942609281662,-6.2942609281662,15.735949964919175,-115.5244236085571,17.74725609756848,-19.122027819310272,-0.3640285847502561,0,0,120
0,vqbr_ibm_no_zne,"VQBR (aer_noise, w/o ZNE)",aer_noise,success,183,-6.294263129214409,-6.294263129214409,-6.294263129214409,15.73579138846615,-115.52322199940312,17.746461525310767,-19.12146113981798,-0.36401779679745455,0,0,120
0,vqbr_ibm_no_zne,"VQBR (aer_noise, w/o ZNE)",aer_noise,success,184,-6.294266001537441,-6.294266001537441,-6.294266001537441,15.739551626354286,-115.52985441669435,17.744537307807857,-19.11871371179069,-0.3639654936449893,0,0,120
0,vqbr_ibm_no_zne,"VQBR (aer_noise, w/o ZNE)",aer_noise,success,185,-6.294269755244597,-6.294269755244597,-6.294269755244597,15.738620330283256,-115.52873667024576,17.745099710611974,-19.119342460942587,-0.3639774632261493,0,0,120
0,vqbr_ibm_no_zne,"VQBR (aer_noise, w/o ZNE)",aer_noise,success,186,-6.29427368483565,-6.29427368483565,-6.29427368483565,15.737236983792727,-115.5270942280755,17.746403771731217,-19.121090043782,-0.3640107321929021,0,0,120
0,vqbr_ibm_no_zne,"VQBR (aer_noise, w/o ZNE)",aer_noise,success,187,-6.294277831109987,-6.294277831109987,-6.294277831109987,15.737580019761257,-115.52760124634622,17.746092056250724,-19.120925144807565,-0.3640075929892121,0,0,120
0,vqbr_ibm_no_zne,"VQBR (aer_noise, w/o ZNE)",aer_noise,success,188,-6.29428401387093,-6.29428401387093,-6.29428401387093,15.735204740130945,-115.51717020943397,17.741605719781134,-19.117975309096735,-0.3639514365747771,0,0,120
0,vqbr_ibm_no_zne,"VQBR (aer_noise, w/o ZNE)",aer_noise,success,189,-6.294283187711926,-6.294283187711926,-6.294283187711926,15.73678605365048,-115.51956945264503,17.74043313545434,-19.11634235002112,-0.3639203497158483,0,0,120
0,vqbr_ibm_no_zne,"VQBR (aer_noise, w/o ZNE)",aer_noise,success,190,-6.294284046616523,-6.294284046616523,-6.294284046616523,15.735255008030574,-115.51636697486524,17.740760094835522,-19.117181377470747,-0.3639363223929064,0,0,120
0,vqbr_ibm_no_zne,"VQBR (aer_noise, w/o ZNE)",aer_noise,success,191,-6.294285009292086,-6.294285009292086,-6.294285009292086,15.736567500295646,-115.52218511807389,17.743148851706056,-19.11887066225726,-0.3639684815318788,0,0,120
0,vqbr_ibm_no_zne,"VQBR (aer_noise, w/o ZNE)",aer_noise,success,192,-6.294290008498513,-6.294290008498513,-6.294290008498513,15.734772602744567,-115.51938528570442,17.744237604168514,-19.120587126927788,-0.36400115809791506,0,0,120
0,vqbr_ibm_no_zne,"VQBR (aer_noise, w/o ZNE)",aer_noise,success,193,-6.2942939356674685,-6.2942939356674685,-6.2942939356674685,15.732456225369518,-115.51230448218443,17.742698208642867,-19.12017883584427,-0.3639933854062998,0,0,120
0,vqbr_ibm_no_zne,"VQBR (aer_noise, w/o ZNE)",aer_noise,success,194,-6.294290480814796,-6.294290480814796,-6.294290480814796,15.727157257955453,-115.50228782407441,17.744921183096615,-19.123777183980867,-0.3640618876379659,0,0,120
0,vqbr_ibm_no_zne,"VQBR (aer_noise, w/o ZNE)",aer_noise,success,195,-6.294293812778502,-6.294293812778502,-6.294293812778502,15.732353612419947,-115.51218556788145,17.742890406155233,-19.120469626009477,-0.36399892121731836,0,0,120
0,vqbr_ibm_no_zne,"VQBR (aer_noise, w/o ZNE)",aer_noise,success,196,-6.294294932579293,-6.294294932579293,-6.294294932579293,15.733851605754205,-115.51374091486096,17.741176761235206,-19.118555999032367,-0.3639624912462504,0,0,120
0,vqbr_ibm_no_zne,"VQBR (aer_noise, w/o ZNE)",aer_noise,success,197,-6.294296277678375,-6.294296277678375,-6.294296277678375,15.733732973248744,-115.51331479177367,17.740933778688778,-19.118345481765424,-0.36395848360106364,0,0,120
0,vqbr_ibm_no_zne,"VQBR (aer_noise, w/o ZNE)",aer_noise,success,198,-6.294297616015338,-6.294297616015338,-6.294297616015338,15.734974777196829,-115.51617027010266,17.7408388089251,-19.117886300978082,-0.3639497421153939,0,0,120
0,vqbr_ibm_no_zne,"VQBR (aer_noise, w/o ZNE)",aer_noise,success,199,-6.294298458648874,-6.294298458648874,-6.294298458648874,15.735817869998147,-115.51759404099869,17.74049563359494,-19.11752454207986,-0.3639428552631737,0,0,120
0,vqbr_ibm_no_zne,"VQBR (aer_noise, w/o ZNE)",aer_noise,success,200,-6.29429813819212,-6.29429813819212,-6.29429813819212,15.735854170865746,-115.515508053438,17.73858402617232,-19.115817848847485,-0.3639103647173041,0,0,120
0,vqbr_ibm_no_zne,"VQBR (aer_noise, w/o ZNE)",aer_noise,success,201,-6.29429750591296,-6.29429750591296,-6.29429750591296,15.735668373467027,-115.51741855172048,17.740706219815593,-19.11775874073281,-0.363947313734053,0,0,120
0,vqbr_ibm_no_zne,"VQBR (aer_noise, w/o ZNE)",aer_noise,success,202,-6.294298912023909,-6.294298912023909,-6.294298912023909,15.736756842130212,-115.52103459693907,17.741582605548157,-19.118188418941248,-0.3639554935752075,0,0,120
0,vqbr_ibm_no_zne,"VQBR (aer_noise, w/o ZNE)",aer_noise,success,203,-6.294299273456058,-6.294299273456058,-6.294299273456058,15.737143810340477,-115.51993591137474,17.73984444549821,-19.116594376367825,-0.36392514757490263,0,0,120
0,vqbr_ibm_no_zne,"VQBR (aer_noise, w/o ZNE)",aer_noise,success,204,-6.294300750220436,-6.294300750220436,-6.294300750220436,15.739074634372981,-115.52494539671916,17.740155040850706,-19.116191461525492,-0.3639174772315052,0,0,120
0,vqbr_ibm_no_zne,"VQBR (aer_noise, w/o ZNE)",aer_noise,success,205,-6.29430024720828,-6.29430024720828,-6.29430024720828,15.74125522532841,-115.53026347938724,17.74036199602355,-19.11564034479323,-0.36390698554903445,0,0,120
0,vqbr_ibm_no_zne,"VQBR (aer_noise, w/o ZNE)",aer_noise,success,206,-6.294301296237408,-6.294301296237408,-6.294301296237408,15.738971291227346,-115.52424532537655,17.739731368214336,-19.115868554855187,-0.3639113300143111,0,0,120
0,vqbr_ibm_no_zne,"VQBR (aer_noise, w/o ZNE)",aer_noise,success,207,-6.294303710539543,-6.294303710539543,-6.294303710539543,15.737771824233985,-115.522624609941,17.740626478081957,-19.117039788074706,-0.36393362693675796,0,0,120
0,vqbr_ibm_no_zne,"VQBR (aer_noise, w/o ZNE)",aer_noise,success,208,-6.294305117433901,-6.294305117433901,-6.294305117433901,15.738259985486533,-115.5241523971022,17.740948675974476,-19.117236209848706,-0.3639373662441724,0,0,120
0,vqbr_ibm_no_zne,"VQBR (aer_noise, w/o ZNE)",aer_noise,success,209,-6.294306916236884,-6.294306916236884,-6.294306916236884,15.737481055455866,-115.52264839337155,17.74113777896385,-19.11767526743504,-0.3639457246417904,0,0,120
0,vqbr_ibm_no_zne,"VQBR (aer_noise, w/o ZNE)",aer_noise,success,210,-6.294308333855351,-6.294308333855351,-6.294308333855351,15.736090227706029,-115.51901877597243,17.740767502481688,-19.117858970417746,-0.36394922181988476,0,0,120
0,vqbr_ibm_no_zne,"VQBR (aer_noise, w/o ZNE)",aer_noise,success,211,-6.294310432318733,-6.294310432318733,-6.294310432318733,15.736193716951108,-115.52061264600489,17.741799725635264,-19.11869014691315,-0.363965045037284,0,0,120
0,vqbr_ibm_no_zne,"VQBR (aer_noise, w/o ZNE)",aer_noise,success,212,-6.2943123528581895,-6.2943123528581895,-6.2943123528581895,15.736504922546873,-115.52203913072054,17.742324555661455,-19.11907409635078,-0.36397235433375175,0,0,120
0,vqbr_ibm_no_zne,"VQBR (aer_noise, w/o ZNE)",aer_noise,success,213,-6.294312808256435,-6.294312808256435,-6.294312808256435,15.736596579296243,-115.52453063464104,17.744203590625926,-19.120575937654806,-0.36400094508623837,0,0,120
0,vqbr_ibm_no_zne,"VQBR (aer_noise, w/o ZNE)",aer_noise,success,214,-6.29431437249915,-6.29431437249915,-6.29431437249915,15.73699668974709,-115.52542899812263,17.744145585800727,-19.12047078126441,-0.36399894321006,0,0,120
0,vqbr_ibm_no_zne,"VQBR (aer_noise, w/o ZNE)",aer_noise,success,215,-6.294316013117157,-6.294316013117157,-6.294316013117157,15.736326693977826,-115.52390993805162,17.744112648159646,-19.120686845090997,-0.3640030564458398,0,0,120
0,vqbr_ibm_no_zne,"VQBR (aer_noise, w/o ZNE)",aer_noise,success,216,-6.294317036999256,-6.294317036999256,-6.294317036999256,15.737329477482149,-115.52487554695213,17.74281514109585,-19.119197536051253,-0.36397470427173373,0,0,120
0,vqbr_ibm_no_zne,"VQBR (aer_noise, w/o ZNE)",aer_noise,success,217,-6.294317675776625,-6.294317675776625,-6.294317675776625,15.737310034146379,-115.52640303420341,17.74416729652104,-19.12039285069617,-0.36399745963547614,0,0,120
0,vqbr_ibm_no_zne,"VQBR (aer_noise, w/o ZNE)",aer_noise,success,218,-6.294317689342353,-6.294317689342353,-6.294317689342353,15.737363814464626,-115.52755606221746,17.745212348103944,-19.121450211085673,-0.36401758874572526,0,0,120
0,vqbr_ibm_no_zne,"VQBR (aer_noise, w/o ZNE)",aer_noise,success,219,-6.294316754843591,-6.294316754843591,-6.294316754843591,15.736169499324006,-115.5263485770903,17.746529527468347,-19.122841828305194,-0.3640440811476673,0,0,120
0,vqbr_ibm_no_zne,"VQBR (aer_noise, w/o ZNE)",aer_noise,success,220,-6.29431809547606,-6.29431809547606,-6.29431809547606,15.73613248378848,-115.5241574198551,17.744737107557768,-19.1214446936059,-0.36401748370872955,0,0,120
0,vqbr_ibm_no_zne,"VQBR (aer_noise, w/o ZNE)",aer_noise,success,221,-6.294320591577815,-6.294320591577815,-6.294320591577815,15.736373967289493,-115.52370896683826,17.743749254778912,-19.120560393557348,-0.3640006491711894,0,0,120
0,vqbr_ibm_no_zne,"VQBR (aer_noise, w/o ZNE)",aer_noise,success,222,-6.294322901054088,-6.294322901054088,-6.294322901054088,15.73651597258476,-115.52224188495194,17.742131234072684,-19.119214933123857,-0.36397503546211685,0,0,120
0,vqbr_ibm_no_zne,"VQBR (aer_noise, w/o ZNE)",aer_noise,success,223,-6.294326271377507,-6.294326271377507,-6.294326271377507,15.736239504670847,-115.5198461125069,17.74042068057105,-19.117841919035413,-0.36394889721045326,0,0,120
0,vqbr_ibm_no_zne,"VQBR (aer_noise, w/o ZNE)",aer_noise,success,224,-6.294329545714417,-6.294329545714417,-6.294329545714417,15.737786045060822,-115.52153150342282,17.738642517683573,-19.115911177281745,-0.3639121414231096,0,0,120
0,vqbr_ibm_no_zne,"VQBR (aer_noise, w/o ZNE)",aer_noise,success,225,-6.294331705353244,-6.294331705353244,-6.294331705353244,15.737804322574252,-115.51721804173167,17.734926925444125,-19.112934772403623,-0.36385547920790606,0,0,120
0,vqbr_ibm_no_zne,"VQBR (aer_noise, w/o ZNE)",aer_noise,success,226,-6.294333916949779,-6.294333916949779,-6.294333916949779,15.738051857451435,-115.51639412234168,17.73355892234682,-19.111654235398213,-0.3638311014547616,0,0,120
0,vqbr_ibm_no_zne,"VQBR (aer_noise, w/o ZNE)",aer_noise,success,227,-6.294336616595899,-6.294336616595899,-6.294336616595899,15.736475166579366,-115.51300373590075,17.733573513800078,-19.11208480114455,-0.3638392981920932,0,0,120
0,vqbr_ibm_no_zne,"VQBR (aer_noise, w/o ZNE)",aer_noise,success,228,-6.294336664415901,-6.294336664415901,-6.294336664415901,15.74094500041982,-115.52440066886541,17.734566148382694,-19.111676361057697,-0.3638315226638815,0,0,120
0,vqbr_ibm_no_zne,"VQBR (aer_noise, w/o ZNE)",aer_noise,success,229,-6.2943379698970165,-6.2943379698970165,-6.2943379698970165,15.739878824138316,-115.52227766440761,17.734929786431323,-19.112474460737435,-0.36384671619354536,0,0,120
0,vqbr_ibm_no_zne,"VQBR (aer_noise, w/o ZNE)",aer_noise,success,230,-6.294340170134545,-6.294340170134545,-6.294340170134545,15.73952870102024,-115.52290867502114,17.73609839288559,-19.113637514814805,-0.36386885740857616,0,0,120
0,vqbr_ibm_no_zne,"VQBR (aer_noise, w/o ZNE)",aer_noise,success,231,-6.294340293191114,-6.294340293191114,-6.294340293191114,15.739147410486922,-115.5212238891267,17.735446520461313,-19.113252915235417,-0.3638615357352734,0,0,120
0,vqbr_ibm_no_zne,"VQBR (aer_noise, w/o ZNE)",aer_noise,success,232,-6.294341329577891,-6.294341329577891,-6.294341329577891,15.737860444861822,-115.51994646706407,17.736969430446475,-19.11507458633155,-0.36389621513001497,0,0,120
0,vqbr_ibm_no_zne,"VQBR (aer_noise, w/o ZNE)",aer_noise,success,233,-6.294343883166656,-6.294343883166656,-6.294343883166656,15.737570064745679,-115.52054534850615,17.7379317638423,-19.115998891752984,-0.3639138112551551,0,0,120
0,vqbr_ibm_no_zne,"VQBR (aer_noise, w/o ZNE)",aer_noise,success,234,-6.2943463878029995,-6.2943463878029995,-6.2943463878029995,15.735104623835305,-115.517954794488,17.740547059459963,-19.11905940721736,-0.3639720746947668,0,0,120
0,vqbr_ibm_no_zne,"VQBR (aer_noise, w/o ZNE)",aer_noise,success,235,-6.294350287961558,-6.294350287961558,-6.294350287961558,15.734581094277802,-115.51808798472632,17.741523964783386,-19.120100493514474,-0.3639918939929564,0,0,120
0,vqbr_ibm_no_zne,"VQBR (aer_noise, w/o ZNE)",aer_noise,success,236,-6.294352904889421,-6.294352904889421,-6.294352904889421,15.729457601369681,-115.5099815509846,17.74493066594852,-19.12493064899707,-0.3640838463047649,0,0,120
0,vqbr_ibm_no_zne,"VQBR (aer_noise, w/o ZNE)",aer_noise,success,237,-6.294356997437063,-6.294356997437063,-6.294356997437063,15.731234741457875,-115.51192038914947,17.74270219320399,-19.122359669902142,-0.36403490223407364,0,0,120
0,vqbr_ibm_no_zne,"VQBR (aer_noise, w/o ZNE)",aer_noise,success,238,-6.294360153232709,-6.294360153232709,-6.294360153232709,15.737498613863805,-115.52931683437355,17.74467153665564,-19.121731928179322,-0.3640229518314748,0,0,120
0,vqbr_ibm_no_zne,"VQBR (aer_noise, w/o ZNE)",aer_noise,success,239,-6.294362319309766,-6.294362319309766,-6.294362319309766,15.740659145858283,-115.53729407555815,17.745118822449523,-19.12115488617945,-0.3640119666062393,0,0,120
0,vqbr_ibm_no_zne,"VQBR (aer_noise, w/o ZNE)",aer_noise,success,240,-6.294363112726148,-6.294363112726148,-6.294363112726148,15.741694694502975,-115.54077965952563,17.74610833512949,-19.121794415138957,-0.3640241414040294,0,0,120
0,vqbr_ibm_no_zne,"VQBR (aer_noise, w/o ZNE)",aer_noise,success,241,-6.294365802473179,-6.294365802473179,-6.294365802473179,15.743769682572074,-115.54411546330404,17.74469615253488,-19.119972361554844,-0.3639894547278133,0,0,120
0,vqbr_ibm_no_zne,"VQBR (aer_noise, w/o ZNE)",aer_noise,success,242,-6.294369205845973,-6.294369205845973,-6.294369205845973,15.742777142636388,-115.54114610926547,17.743772314495757,-19.119317732900186,-0.36397699247512,0,0,120
0,vqbr_ibm_no_zne,"VQBR (aer_noise, w/o ZNE)",aer_noise,success,243,-6.294363663439492,-6.294363663439492,-6.294363663439492,15.742838494973409,-115.5459202890413,17.74784129865886,-19.122474825957816,-0.36403709447520877,0,0,120
0,vqbr_ibm_no_zne,"VQBR (aer_noise, w/o ZNE)",aer_noise,success,244,-6.294368759456508,-6.294368759456508,-6.294368759456508,15.742410226037627,-115.54065434681095,17.744099598312474,-19.119699751599565,-0.3639842650158671,0,0,120
0,vqbr_ibm_no_zne,"VQBR (aer_noise, w/o ZNE)",aer_noise,success,245,-6.29437110881578,-6.29437110881578,-6.29437110881578,15.743391914688354,-115.54149365362403,17.74285344544542,-19.118486876849385,-0.36396117535806727,0,0,120
0,vqbr_ibm_no_zne,"VQBR (aer_noise, w/o ZNE)",aer_noise,success,246,-6.294372271712433,-6.294372271712433,-6.294372271712433,15.744265893212644,-115.54017575939662,17.73985664775944,-19.1156146972244,-0.36390649729285834,0,0,120
0,vqbr_ibm_no_zne,"VQBR (aer_noise, w/o ZNE)",aer_noise,success,247,-6.294373334559676,-6.294373334559676,-6.294373334559676,15.743676909875555,-115.53891925870647,17.739968802099796,-19.115983973704797,-0.3639135272582893,0,0,120
0,vqbr_ibm_no_zne,"VQBR (aer_noise, w/o ZNE)",aer_noise,success,248,-6.294374137840058,-6.294374137840058,-6.294374137840058,15.744154474442036,-115.53945552300345,17.739532242391,-19.115584243023648,-0.3639059175321915,0,0,120
0,vqbr_ibm_no_zne,"VQBR (aer_noise, w/o ZNE)",aer_noise,success,249,-6.29437531393205,-6.29437531393205,-6.29437531393205,15.744906354591206,-115.54033872699753,17.73873724664914,-19.114693527399524,-0.36388896086048655,0,0,120
0,vqbr_ibm_no_zne,"VQBR (aer_noise, w/o ZNE)",aer_noise,success,250,-6.294377477258298,-6.294377477258298,-6.294377477258298,15.743471183957567,-115.53654518545413,17.738297197071105,-19.114862048823884,-0.36389216902523713,0,0,120
0,vqbr_ibm_no_zne,"VQBR (aer_noise, w/o ZNE)",aer_noise,success,251,-6.2943792709157655,-6.2943792709157655,-6.2943792709157655,15.742088372204083,-115.53274943590512,17.73765577410257,-19.114708127241997,-0.36388923879962787,0,0,120
0,vqbr_ibm_no_zne,"VQBR (aer_noise, w/o ZNE)",aer_noise,success,252,-6.294380061552296,-6.294380061552296,-6.294380061552296,15.742854409676315,-115.53358636231368,17.736855523802504,-19.113855631526743,-0.3638730097254072,0,0,120
0,vqbr_ibm_no_zne,"VQBR (aer_noise, w/o ZNE)",aer_noise,success,253,-6.2943817232682715,-6.2943817232682715,-6.2943817232682715,15.742544510283647,-115.53240299321523,17.736441902978026,-19.113695951265672,-0.363869969871057,0,0,120
0,vqbr_ibm_no_zne,"VQBR (aer_noise, w/o ZNE)",aer_noise,success,254,-6.294381420985621,-6.294381420985621,-6.294381420985621,15.742456100574428,-115.53177097551787,17.736048657287135,-19.113339051953375,-0.36386317553141995,0,0,120
0,vqbr_ibm_no_zne,"VQBR (aer_noise, w/o ZNE)",aer_noise,success,255,-6.294381438289767,-6.294381438289767,-6.294381438289767,15.742479709155328,-115.53049868931069,17.734930201807803,-19.112410836876172,-0.3638455049776434,0,0,120
0,vqbr_ibm_no_zne,"VQBR (aer_noise, w/o ZNE)",aer_noise,success,256,-6.294383776276365,-6.294383776276365,-6.294383776276365,15.74059902974492,-115.52816658786145,17.736708040114298,-19.114693526181824,-0.36388896083730504,0,0,120
0,vqbr_ibm_no_zne,"VQBR (aer_noise, w/o ZNE)",aer_noise,success,257,-6.294385750438835,-6.294385750438835,-6.294385750438835,15.740756150327613,-115.52833182287657,17.736446121076952,-19.114450449098165,-0.3638843333465605,0,0,120
0,vqbr_ibm_no_zne,"VQBR (aer_noise, w/o ZNE)",aer_noise,success,258,-6.294386805081334,-6.294386805081334,-6.294386805081334,15.740272439044114,-115.527265137415,17.73653658253505,-19.1147973212723,-0.36389093679823586,0,0,120
0,vqbr_ibm_no_zne,"VQBR (aer_noise, w/o ZNE)",aer_noise,success,259,-6.294387736894917,-6.294387736894917,-6.294387736894917,15.738596414714637,-115.52210422984,17.73544514746064,-19.114455549792496,-0.3638844304491563,0,0,120
0,vqbr_ibm_no_zne,"VQBR (aer_noise, w/o ZNE)",aer_noise,success,260,-6.294388229109703,-6.294388229109703,-6.294388229109703,15.737751348345235,-115.52108007615925,17.736247544771842,-19.115427028478706,-0.36390292461800694,0,0,120
0,vqbr_ibm_no_zne,"VQBR (aer_noise, w/o ZNE)",aer_noise,success,261,-6.294389275656302,-6.294389275656302,-6.294389275656302,15.737119194047668,-115.52028506702919,17.736750737944007,-19.116033140241772,-0.3639144632481875,0,0,120
0,vqbr_ibm_no_zne,"VQBR (aer_noise, w/o ZNE)",aer_noise,success,262,-6.29439058833559,-6.29439058833559,-6.29439058833559,15.738055584005945,-115.5230679098778,17.73736565531946,-19.116458411791772,-0.3639225591991998,0,0,120
0,vqbr_ibm_no_zne,"VQBR (aer_noise, w/o ZNE)",aer_noise,success,263,-6.294390525621736,-6.294390525621736,-6.294390525621736,15.736997850888434,-115.52100287359875,17.737873529802183,-19.117413444617306,-0.3639407402860152,0,0,120
0,vqbr_ibm_no_zne,"VQBR (aer_noise, w/o ZNE)",aer_noise,success,264,-6.294390703289338,-6.294390703289338,-6.294390703289338,15.738810917226292,-115.52416608097263,17.736796718530872,-19.11574282592809,-0.36390893649601763,0,0,120
0,vqbr_ibm_no_zne,"VQBR (aer_noise, w/o ZNE)",aer_noise,success,265,-6.294391877417209,-6.294391877417209,-6.294391877417209,15.7400321049901,-115.52635576663471,17.73612640628716,-19.114739997639145,-0.36388984552061365,0,0,120
0,vqbr_ibm_no_zne,"VQBR (aer_noise, w/o ZNE)",aer_noise,success,266,-6.294391663807858,-6.294391663807858,-6.294391663807858,15.740174402019418,-115.52884096064547,17.737993446557834,-19.11628113916321,-0.3639191844366118,0,0,120
0,vqbr_ibm_no_zne,"VQBR (aer_noise, w/o ZNE)",aer_noise,success,267,-6.29439097768652,-6.29439097768652,-6.29439097768652,15.740045267006568,-115.52574094769943,17.7356259790396,-19.114314352820692,-0.36388174246364025,0,0,120
0,vqbr_ibm_no_zne,"VQBR (aer_noise, w/o ZNE)",aer_noise,success,268,-6.2943937656873885,-6.2943937656873885,-6.2943937656873885,15.740536343638821,-115.52712855365452,17.735671134918395,-19.11419280330931,-0.3638794285094392,0,0,120
0,vqbr_ibm_no_zne,"VQBR (aer_noise, w/o ZNE)",aer_noise,success,269,-6.294393909532532,-6.294393909532532,-6.294393909532532,15.742402843306039,-115.53285091224447,17.7368368367023,-19.11457774862629,-0.3638867567645944,0,0,120
0,vqbr_ibm_no_zne,"VQBR (aer_noise, w/o ZNE)",aer_noise,success,270,-6.294395212539581,-6.294395212539581,-6.294395212539581,15.742205397322362,-115.53162084463499,17.736113347003222,-19.114043607469974,-0.36387658824841884,0,0,120
0,vqbr_ibm_no_zne,"VQBR (aer_noise, w/o ZNE)",aer_noise,success,271,-6.294396353854115,-6.294396353854115,-6.294396353854115,15.742256094216499,-115.53042336438094,17.734917401088666,-19.113014878183723,-0.36385700419228717,0,0,120
0,vqbr_ibm_no_zne,"VQBR (aer_noise, w/o ZNE)",aer_noise,success,272,-6.2943978429540435,-6.2943978429540435,-6.2943978429540435,15.74133563795805,-115.52790642515367,17.734476685296805,-19.112894755008952,-0.36385471739144576,0,0,120
0,vqbr_ibm_no_zne,"VQBR (aer_noise, w/o ZNE)",aer_noise,success,273,-6.2943994000672525,-6.2943994000672525,-6.2943994000672525,15.741393268358358,-115.52774560833468,17.73411995723085,-19.11255890529361,-0.3638483237757832,0,0,120
0,vqbr_ibm_no_zne,"VQBR (aer_noise, w/o ZNE)",aer_noise,success,274,-6.294399020345198,-6.294399020345198,-6.294399020345198,15.741316346611496,-115.52760450208856,17.734273389185397,-19.11282831255208,-0.3638534525175646,0,0,120
0,vqbr_ibm_no_zne,"VQBR (aer_noise, w/o ZNE)",aer_noise,success,275,-6.294399491356623,-6.294399491356623,-6.294399491356623,15.742148641338282,-115.52910031933533,17.73384279788723,-19.1121720369272,-0.3638409589112803,0,0,120
0,vqbr_ibm_no_zne,"VQBR (aer_noise, w/o ZNE)",aer_noise,success,276,-6.294399424876473,-6.294399424876473,-6.294399424876473,15.742194587336616,-115.52829163031453,17.732969721111466,-19.111312869935983,-0.3638246028350926,0,0,120
0,vqbr_ibm_no_zne,"VQBR (aer_noise, w/o ZNE)",aer_noise,success,277,-6.294398712528471,-6.294398712528471,-6.294398712528471,15.743003577138557,-115.5299804967308,17.73286687566262,-19.110996123002245,-0.36381857288162206,0,0,120
0,vqbr_ibm_no_zne,"VQBR (aer_noise, w/o ZNE)",aer_noise,success,278,-6.294400708944847,-6.294400708944847,-6.294400708944847,15.740498702490095,-115.52412958887236,17.732901016376704,-19.11201265021748,-0.3638379246453063,0,0,120
0,vqbr_ibm_no_zne,"VQBR (aer_noise, w/o ZNE)",aer_noise,success,279,-6.294402626564738,-6.294402626564738,-6.294402626564738,15.740669926310476,-115.52639746031537,17.73448312019294,-19.113399928900204,-0.3638643344539468,0,0,120
0,vqbr_ibm_no_zne,"VQBR (aer_noise, w/o ZNE)",aer_noise,success,280,-6.2944043499829245,-6.2944043499829245,-6.2944043499829245,15.739758398790736,-115.52453255202593,17.734614178520086,-19.113811291683675,-0.3638721656219223,0,0,120
0,vqbr_ibm_no_zne,"VQBR (aer_noise, w/o ZNE)",aer_noise,success,281,-6.2944057989071505,-6.2944057989071505,-6.2944057989071505,15.739986322446434,-115.52496379086304,17.73458681450456,-19.11388093161859,-0.36387349136661784,0,0,120
0,vqbr_ibm_no_zne,"VQBR (aer_noise, w/o ZNE)",aer_noise,success,282,-6.29440589268278,-6.29440589268278,-6.29440589268278,15.740443342412915,-115.52671381078795,17.73518131152234,-19.11425187334024,-0.3638805530334679,0,0,120
0,vqbr_ibm_no_zne,"VQBR (aer_noise, w/o ZNE)",aer_noise,success,283,-6.294407522595987,-6.294407522595987,-6.294407522595987,15.73884342149474,-115.52412597509772,17.736128816018596,-19.115637399211064,-0.3639069294735953,0,0,120
0,vqbr_ibm_no_zne,"VQBR (aer_noise, w/o ZNE)",aer_noise,success,284,-6.294407919294951,-6.294407919294951,-6.294407919294951,15.737766998905213,-115.5233638009503,17.737658238170457,-19.11733728148156,-0.36393929035827854,0,0,120
0,vqbr_ibm_no_zne,"VQBR (aer_noise, w/o ZNE)",aer_noise,success,285,-6.29440930426623,-6.29440930426623,-6.29440930426623,15.736340753922812,-115.5190027484811,17.736662061931874,-19.116919898220356,-0.36393134457766835,0,0,120
0,vqbr_ibm_no_zne,"VQBR (aer_noise, w/o ZNE)",aer_noise,success,286,-6.294410231335108,-6.294410231335108,-6.294410231335108,15.736317013811075,-115.51814209528665,17.736074027142,-19.116612605710742,-0.36392549460932627,0,0,120
0,vqbr_ibm_no_zne,"VQBR (aer_noise, w/o ZNE)",aer_noise,success,287,-6.294410013048848,-6.294410013048848,-6.294410013048848,15.735284324759025,-115.5178010135438,17.737905295576038,-19.118545031328647,-0.3639622824526172,0,0,120
0,vqbr_ibm_no_zne,"VQBR (aer_noise, w/o ZNE)",aer_noise,success,288,-6.294410199852679,-6.294410199852679,-6.294410199852679,15.736624772441056,-115.51848222692728,17.735738774781343,-19.11621506123943,-0.36391792650239563,0,0,120
0,vqbr_ibm_no_zne,"VQBR (aer_noise, w/o ZNE)",aer_noise,success,289,-6.294411710045077,-6.294411710045077,-6.294411710045077,15.737536732277581,-115.52127188052044,17.736229445813493,-19.11634791853779,-0.36392045572444015,0,0,120
0,vqbr_ibm_no_zne,"VQBR (aer_noise, w/o ZNE)",aer_noise,success,290,-6.294410188994924,-6.294410188994924,-6.294410188994924,15.736236551793198,-115.51740672336783,17.73565371085764,-19.11633799267538,-0.36392026676447836,0,0,120
0,vqbr_ibm_no_zne,"VQBR (aer_noise, w/o ZNE)",aer_noise,success,291,-6.294411821070666,-6.294411821070666,-6.294411821070666,15.737783060301986,-115.5221865540797,17.736519138917913,-19.11651870242187,-0.3639237069599371,0,0,120
0,vqbr_ibm_no_zne,"VQBR (aer_noise, w/o ZNE)",aer_noise,success,292,-6.294413689592864,-6.294413689592864,-6.294413689592864,15.738377039375006,-115.52374584763336,17.736486190152117,-19.116213467324297,-0.3639178961588215,0,0,120
0,vqbr_ibm_no_zne,"VQBR (aer_noise, w/o ZNE)",aer_noise,success,293,-6.294415106738077,-6.294415106738077,-6.294415106738077,15.739971570391612,-115.5266986550784,17.73572100852643,-19.115023924862964,-0.363895250680905,0,0,120
0,vqbr_ibm_no_zne,"VQBR (aer_noise, w/o ZNE)",aer_noise,success,294,-6.294415532431966,-6.294415532431966,-6.294415532431966,15.741121900803982,-115.5313971002841,17.737496270497836,-19.116237485411606,-0.36391835339434137,0,0,120
0,vqbr_ibm_no_zne,"VQBR (aer_noise, w/o ZNE)",aer_noise,success,295,-6.294416959971565,-6.294416959971565,-6.294416959971565,15.741532361035304,-115.53148437018166,17.73660795077824,-19.115285367452216,-0.3639002277982201,0,0,120
0,vqbr_ibm_no_zne,"VQBR (aer_noise, w/o ZNE)",aer_noise,success,296,-6.294416071688057,-6.294416071688057,-6.294416071688057,15.743911243462472,-115.53638241974026,17.736083487772152,-19.114056635819644,-0.3638768362708429,0,0,120
0,vqbr_ibm_no_zne,"VQBR (aer_noise, w/o ZNE)",aer_noise,success,297,-6.2944173212975825,-6.2944173212975825,-6.2944173212975825,15.741649964170815,-115.53139671346258,17.736361825776847,-19.115138896532127,-0.3638974394118496,0,0,120
0,vqbr_ibm_no_zne,"VQBR (aer_noise, w/o ZNE)",aer_noise,success,298,-6.294417356668827,-6.294417356668827,-6.294417356668827,15.741802175457046,-115.53243263305514,17.736869853316858,-19.115433072008482,-0.3639030396694864,0,0,120
0,vqbr_ibm_no_zne,"VQBR (aer_noise, w/o ZNE)",aer_noise,success,299,-6.2944177647354564,-6.2944177647354564,-6.2944177647354564,15.74118504210672,-115.53035917128517,17.736309523568192,-19.115166165803487,-0.36389795854059237,0,0,120
0,vqbr_ibm_no_zne,"VQBR (aer_noise, w/o ZNE)",aer_noise,success,300,-6.294418311792191,-6.294418311792191,-6.294418311792191,15.74137177319769,-115.52875645532346,17.734494739632886,-19.11353167945954,-0.3638668426068534,0,0,120
0,vqbr_ibm_zne,"VQBR (aer_noise, w/ ZNE)",aer_noise,success,1,-2.6220859603695423,-2.6220859603695423,-2.6220859603695423,20.1823742182094,-22.92412939712998,24.061426837075818,-1.7535857699435768,-0.03338324533897545,0,0,120
0,vqbr_ibm_zne,"VQBR (aer_noise, w/ ZNE)",aer_noise,success,2,-4.237309856581383,-4.237309856581383,-4.237309856581383,21.15910546034337,-49.11425282732003,22.010068153396144,-5.550452572517263,-0.10566470323071403,0,0,120
0,vqbr_ibm_zne,"VQBR (aer_noise, w/ ZNE)",aer_noise,success,3,-4.3560002744430975,-4.3560002744430975,-4.3560002744430975,20.757167079255396,-51.80887020798114,21.1694890890005,-5.357228471091694,-0.10198627033404403,0,0,120
0,vqbr_ibm_zne,"VQBR (aer_noise, w/ ZNE)",aer_noise,success,4,-4.009010114636494,-4.009010114636494,-4.009010114636494,17.626624105931143,-42.56549883983111,23.462334097807478,-5.012705844840578,-0.0954275473139894,0,0,120
0,vqbr_ibm_zne,"VQBR (aer_noise, w/ ZNE)",aer_noise,success,5,-4.897861805947068,-4.897861805947068,-4.897861805947068,22.15917281383055,-67.38676007186841,21.528101692051678,-9.126138255100843,-0.17373550674812072,0,0,120
0,vqbr_ibm_zne,"VQBR (aer_noise, w/ ZNE)",aer_noise,success,6,-4.130257647327955,-4.130257647327955,-4.130257647327955,23.638651745712828,-50.02172049500316,23.417125081043636,-4.0761943880181875,-0.07759905425609402,0,0,120
0,vqbr_ibm_zne,"VQBR (aer_noise, w/ ZNE)",aer_noise,success,7,-4.343005613080045,-4.343005613080045,-4.343005613080045,24.096851643657693,-56.15014861953702,24.126215688146555,-4.761324363722598,-0.09064196465149633,0,0,120
0,vqbr_ibm_zne,"VQBR (aer_noise, w/ ZNE)",aer_noise,success,8,-4.750369628983191,-4.750369628983191,-4.750369628983191,20.57790009368881,-61.80371664698478,20.736729760049656,-7.312760084660261,-0.13921398553498485,0,0,120
0,vqbr_ibm_zne,"VQBR (aer_noise, w/ ZNE)",aer_noise,success,9,-4.048570920714483,-4.048570920714483,-4.048570920714483,20.43555466384694,-44.62081630905496,23.80590951790393,-5.735128750197465,-0.10918040816709747,0,0,120
0,vqbr_ibm_zne,"VQBR (aer_noise, w/ ZNE)",aer_noise,success,10,-4.291971275675621,-4.291971275675621,-4.291971275675621,25.447786764608814,-53.851823504310644,24.127042096633474,-6.351481365569432,-0.12091399481392777,0,0,120
0,vqbr_ibm_zne,"VQBR (aer_noise, w/ ZNE)",aer_noise,success,11,-5.232957227407505,-5.232957227407505,-5.232957227407505,20.746185971488593,-75.75288416924889,20.222467395559185,-11.855983755361343,-0.22570393830971275,0,0,120
0,vqbr_ibm_zne,"VQBR (aer_noise, w/ ZNE)",aer_noise,success,12,-5.0548478079353405,-5.0548478079353405,-5.0548478079353405,18.57202720325654,-68.10778608724716,23.854465781108637,-13.449886148938146,-0.25604726999223815,0,0,120
0,vqbr_ibm_zne,"VQBR (aer_noise, w/ ZNE)",aer_noise,success,13,-5.225696835632042,-5.225696835632042,-5.225696835632042,20.588328437521046,-74.74518596661873,19.415627575592605,-11.512364402519072,-0.21916241102557962,0,0,120
0,vqbr_ibm_zne,"VQBR (aer_noise, w/ ZNE)",aer_noise,success,14,-5.086954894567088,-5.086954894567088,-5.086954894567088,20.516991711794375,-70.45638136528322,20.429504002363494,-10.962773512080604,-0.20869977620837094,0,0,120
0,vqbr_ibm_zne,"VQBR (aer_noise, w/ ZNE)",aer_noise,success,15,-5.337562593105519,-5.337562593105519,-5.337562593105519,20.11920698948419,-79.37453811827142,20.5213770938765,-12.56810002967654,-0.239260590458017,0,0,120
0,vqbr_ibm_zne,"VQBR (aer_noise, w/ ZNE)",aer_noise,success,16,-5.505134893164962,-5.505134893164962,-5.505134893164962,19.938139149602407,-86.29662777793418,21.13802716860629,-14.215809692276435,-0.27062825827146114,0,0,120
0,vqbr_ibm_zne,"VQBR (aer_noise, w/ ZNE)",aer_noise,success,17,-5.582215800720386,-5.582215800720386,-5.582215800720386,20.276632324640627,-89.43223137503662,20.547816461377508,-14.70905174924755,-0.2800181728576735,0,0,120
0,vqbr_ibm_zne,"VQBR (aer_noise, w/ ZNE)",aer_noise,success,18,-5.659540704724,-5.659540704724,-5.659540704724,19.765769238717198,-92.56163609343606,20.968420251762687,-15.565123690741851,-0.296315328172544,0,0,120
0,vqbr_ibm_zne,"VQBR (aer_noise, w/ ZNE)",aer_noise,success,19,-5.711985470826601,-5.711985470826601,-5.711985470826601,20.14718709665027,-94.92770870723484,20.814519736956267,-16.381451930692666,-0.31185587735953296,0,0,120
0,vqbr_ibm_zne,"VQBR (aer_noise, w/ ZNE)",aer_noise,success,20,-5.748534494649029,-5.748534494649029,-5.748534494649029,20.28286671738652,-96.58930584872687,20.52552021266446,-16.560319217271065,-0.31526099766405946,0,0,120
0,vqbr_ibm_zne,"VQBR (aer_noise, w/ ZNE)",aer_noise,success,21,-5.791531475669261,-5.791531475669261,-5.791531475669261,20.207102598961455,-98.51368742276955,20.49870484434378,-16.949427019831337,-0.3226684946105003,0,0,120
0,vqbr_ibm_zne,"VQBR (aer_noise, w/ ZNE)",aer_noise,success,22,-5.7946050102710425,-5.7946050102710425,-5.7946050102710425,20.169393760261578,-98.69020846965276,20.670947027443482,-17.14142185504719,-0.32632352580297697,0,0,120
0,vqbr_ibm_zne,"VQBR (aer_noise, w/ ZNE)",aer_noise,success,23,-5.758804595556681,-5.758804595556681,-5.758804595556681,20.162906081329716,-96.82487899290673,20.550201126688865,-16.77442055216616,-0.3193368732286947,0,0,120
0,vqbr_ibm_zne,"VQBR (aer_noise, w/ ZNE)",aer_noise,success,24,-5.813553460062107,-5.813553460062107,-5.813553460062107,20.300612669936392,-99.65900225609991,20.45074312413684,-17.147797420383867,-0.3264448982875494,0,0,120
0,vqbr_ibm_zne,"VQBR (aer_noise, w/ ZNE)",aer_noise,success,25,-5.893907775495331,-5.893907775495331,-5.893907775495331,20.405477234534374,-103.68223969313098,20.2519304255417,-17.772831815650225,-0.33834376113196357,0,0,120
0,vqbr_ibm_zne,"VQBR (aer_noise, w/ ZNE)",aer_noise,success,26,-5.972484723450728,-5.972484723450728,-5.972484723450728,20.536534117072364,-107.52615003215165,19.785043669394213,-18.272893232568677,-0.34786349677972805,0,0,120
0,vqbr_ibm_zne,"VQBR (aer_noise, w/ ZNE)",aer_noise,success,27,-6.040281271377719,-6.040281271377719,-6.040281271377719,20.67258046807865,-111.13744072833654,19.5146422253809,-18.78207988117972,-0.3575569506758896,0,0,120
0,vqbr_ibm_zne,"VQBR (aer_noise, w/ ZNE)",aer_noise,success,28,-6.132451393391925,-6.132451393391925,-6.132451393391925,20.82969027364193,-115.74240246133553,18.717397970005575,-19.21669238264963,-0.3658307266226588,0,0,120
0,vqbr_ibm_zne,"VQBR (aer_noise, w/ ZNE)",aer_noise,success,29,-6.202077599381461,-6.202077599381461,-6.202077599381461,21.007040592886057,-120.07726289038303,18.621826573898236,-19.80732500693272,-0.37707467838116315,0,0,120
0,vqbr_ibm_zne,"VQBR (aer_noise, w/ ZNE)",aer_noise,success,30,-6.2568281137635084,-6.2568281137635084,-6.2568281137635084,21.052724989163835,-122.77469141126032,18.067752175590563,-20.06701631302003,-0.3820184562859021,0,0,120
0,vqbr_ibm_zne,"VQBR (aer_noise, w/ ZNE)",aer_noise,success,31,-6.310486708629177,-6.310486708629177,-6.310486708629177,20.486591144741432,-125.15200262807126,18.280249979535135,-20.909237958836915,-0.3980519416813757,0,0,120
0,vqbr_ibm_zne,"VQBR (aer_noise, w/ ZNE)",aer_noise,success,32,-6.325820620407777,-6.325820620407777,-6.325820620407777,20.380379684760495,-125.8731953212453,18.26509125269621,-21.081611595327164,-0.40133344150622347,0,0,120
0,vqbr_ibm_zne,"VQBR (aer_noise, w/ ZNE)",aer_noise,success,33,-6.323809175074144,-6.323809175074144,-6.323809175074144,20.33458160240449,-125.48235382971481,18.128230859965154,-20.977377580613123,-0.3993491247163027,0,0,120
0,vqbr_ibm_zne,"VQBR (aer_noise, w/ ZNE)",aer_noise,success,34,-6.320685857532105,-6.320685857532105,-6.320685857532105,20.407664635033257,-125.58538973289734,18.27328691583659,-21.05988363478736,-0.400919803433967,0,0,120
0,vqbr_ibm_zne,"VQBR (aer_noise, w/ ZNE)",aer_noise,success,35,-6.329435162023183,-6.329435162023183,-6.329435162023183,20.254441842432822,-125.86079054426976,18.328093684401065,-21.239917994198564,-0.40434714145910555,0,0,120
0,vqbr_ibm_zne,"VQBR (aer_noise, w/ ZNE)",aer_noise,success,36,-6.337705296808833,-6.337705296808833,-6.337705296808833,20.140187333466887,-125.9959818741109,18.1780075652755,-21.20738390927673,-0.40372778576094676,0,0,120
0,vqbr_ibm_zne,"VQBR (aer_noise, w/ ZNE)",aer_noise,success,37,-6.364589419202148,-6.364589419202148,-6.364589419202148,20.158163211082126,-127.58836436707298,17.995132386600176,-21.285705398663453,-0.4052188023626583,0,0,120
0,vqbr_ibm_zne,"VQBR (aer_noise, w/ ZNE)",aer_noise,success,38,-6.379985299326732,-6.379985299326732,-6.379985299326732,20.07807645034043,-128.5220296203883,18.07183537377525,-21.49583326070288,-0.40921903439649965,0,0,120
0,vqbr_ibm_zne,"VQBR (aer_noise, w/ ZNE)",aer_noise,success,39,-6.3928992673904474,-6.3928992673904474,-6.3928992673904474,19.8811764222013,-128.7847348995917,17.935077834316523,-21.543200264111892,-0.4101207663350669,0,0,120
0,vqbr_ibm_zne,"VQBR (aer_noise, w/ ZNE)",aer_noise,success,40,-6.40058602076857,-6.40058602076857,-6.40058602076857,19.854476933966556,-129.29750623858774,17.961302172396802,-21.608359465579753,-0.4113612107125114,0,0,120
0,vqbr_ibm_zne,"VQBR (aer_noise, w/ ZNE)",aer_noise,success,41,-6.399870677106103,-6.399870677106103,-6.399870677106103,19.77791599358858,-129.04432354997454,17.923288934718002,-21.578878263551328,-0.4107999731516966,0,0,120
0,vqbr_ibm_zne,"VQBR (aer_noise, w/ ZNE)",aer_noise,success,42,-6.399710459906839,-6.399710459906839,-6.399710459906839,19.851849305966276,-129.2307694670269,17.957518974015525,-21.596260746663926,-0.4111308857926945,0,0,120
0,vqbr_ibm_zne,"VQBR (aer_noise, w/ ZNE)",aer_noise,success,43,-6.403269256620567,-6.403269256620567,-6.403269256620567,20.008726437631942,-129.62848427031363,17.770443526136795,-21.406814184679178,-0.40752436641636214,0,0,120
0,vqbr_ibm_zne,"VQBR (aer_noise, w/ ZNE)",aer_noise,success,44,-6.403290168668457,-6.403290168668457,-6.403290168668457,19.818661395958557,-129.14257382054092,17.71196070313116,-21.39665078856568,-0.407330884493921,0,0,120
0,vqbr_ibm_zne,"VQBR (aer_noise, w/ ZNE)",aer_noise,success,45,-6.40133415398712,-6.40133415398712,-6.40133415398712,19.678163921450796,-128.89486555019522,17.884429084479475,-21.56124556396214,-0.4104642971063821,0,0,120
0,vqbr_ibm_zne,"VQBR (aer_noise, w/ ZNE)",aer_noise,success,46,-6.404607381666942,-6.404607381666942,-6.404607381666942,19.846892559868962,-129.3856375016628,17.789852863978833,-21.465591594767094,-0.40864331978322116,0,0,120
0,vqbr_ibm_zne,"VQBR (aer_noise, w/ ZNE)",aer_noise,success,47,-6.406600385335716,-6.406600385335716,-6.406600385335716,19.82501846047143,-129.5107205543997,17.831350200496836,-21.53026685954147,-0.4098745513935208,0,0,120
0,vqbr_ibm_zne,"VQBR (aer_noise, w/ ZNE)",aer_noise,success,48,-6.405689630386675,-6.405689630386675,-6.405689630386675,19.79089287139108,-129.25318448488025,17.707754535578776,-21.402537492502052,-0.4074429504590503,0,0,120
0,vqbr_ibm_zne,"VQBR (aer_noise, w/ ZNE)",aer_noise,success,49,-6.403800802551844,-6.403800802551844,-6.403800802551844,19.87484850142225,-129.50888917456456,17.88164673185327,-21.52121182297127,-0.409702169458997,0,0,120
0,vqbr_ibm_zne,"VQBR (aer_noise, w/ ZNE)",aer_noise,success,50,-6.405265758586609,-6.405265758586609,-6.405265758586609,19.893465982192165,-129.4998573291187,17.764070718919108,-21.442712979877438,-0.40820777655119445,0,0,120
0,vqbr_ibm_zne,"VQBR (aer_noise, w/ ZNE)",aer_noise,success,51,-6.407023461531182,-6.407023461531182,-6.407023461531182,19.851238217518365,-129.61777590334685,17.8487815396942,-21.542701996282766,-0.41011128074418823,0,0,120
0,vqbr_ibm_zne,"VQBR (aer_noise, w/ ZNE)",aer_noise,success,52,-6.404956314232663,-6.404956314232663,-6.404956314232663,19.823843962125157,-129.37408035590965,17.800932001672855,-21.479476097201545,-0.4089076409011975,0,0,120
0,vqbr_ibm_zne,"VQBR (aer_noise, w/ ZNE)",aer_noise,success,53,-6.405805833288159,-6.405805833288159,-6.405805833288159,19.926354418507326,-129.70724582546256,17.839702840007448,-21.493483632744162,-0.40917430421680406,0,0,120
0,vqbr_ibm_zne,"VQBR (aer_noise, w/ ZNE)",aer_noise,success,54,-6.406924557405488,-6.406924557405488,-6.406924557405488,19.849574508288157,-129.6069436682796,17.847681331816524,-21.540518345926863,-0.4100697103021745,0,0,120
0,vqbr_ibm_zne,"VQBR (aer_noise, w/ ZNE)",aer_noise,success,55,-6.407439830305915,-6.407439830305915,-6.407439830305915,19.79738307489615,-129.58354972942902,17.9061478534174,-21.61544112426213,-0.4114960251899398,0,0,120
0,vqbr_ibm_zne,"VQBR (aer_noise, w/ ZNE)",aer_noise,success,56,-6.408071676958459,-6.408071676958459,-6.408071676958459,19.74893450109978,-129.4694303263944,17.867810584934748,-21.603165466597886,-0.4112623318636556,0,0,120
0,vqbr_ibm_zne,"VQBR (aer_noise, w/ ZNE)",aer_noise,success,57,-6.407498133802093,-6.407498133802093,-6.407498133802093,19.713877464078944,-129.3918333993527,17.901819587910612,-21.635341362483775,-0.41187486866953676,0,0,120
0,vqbr_ibm_zne,"VQBR (aer_noise, w/ ZNE)",aer_noise,success,58,-6.408119952692235,-6.408119952692235,-6.408119952692235,19.75545298806187,-129.48646359072723,17.867505303515205,-21.60225502870592,-0.4112449997365168,0,0,120
0,vqbr_ibm_zne,"VQBR (aer_noise, w/ ZNE)",aer_noise,success,59,-6.408217562781898,-6.408217562781898,-6.408217562781898,19.753088673812485,-129.48293770050134,17.864867670154815,-21.603110593528783,-0.4112612872377469,0,0,120
0,vqbr_ibm_zne,"VQBR (aer_noise, w/ ZNE)",aer_noise,success,60,-6.408319022728238,-6.408319022728238,-6.408319022728238,19.741442540728585,-129.45485069760707,17.858462834414205,-21.602606888200985,-0.41125169813248347,0,0,120
0,vqbr_ibm_zne,"VQBR (aer_noise, w/ ZNE)",aer_noise,success,61,-6.408473103445344,-6.408473103445344,-6.408473103445344,19.741828646068605,-129.45963683740524,17.853238540112844,-21.599738954306453,-0.4111971008938094,0,0,120
0,vqbr_ibm_zne,"VQBR (aer_noise, w/ ZNE)",aer_noise,success,62,-6.408603224737426,-6.408603224737426,-6.408603224737426,19.737568738361034,-129.4479955105187,17.845242698514944,-21.596582821505294,-0.4111370171742506,0,0,120
0,vqbr_ibm_zne,"VQBR (aer_noise, w/ ZNE)",aer_noise,success,63,-6.408639413991191,-6.408639413991191,-6.408639413991191,19.72169395992614,-129.41573462637803,17.84762213333081,-21.604455140008547,-0.4112868835477609,0,0,120
0,vqbr_ibm_zne,"VQBR (aer_noise, w/ ZNE)",aer_noise,success,64,-6.408376866908986,-6.408376866908986,-6.408376866908986,19.71613532369649,-129.38483880254844,17.846222786598304,-21.601543735908916,-0.41123145876101547,0,0,120
0,vqbr_ibm_zne,"VQBR (aer_noise, w/ ZNE)",aer_noise,success,65,-6.408559514680906,-6.408559514680906,-6.408559514680906,19.730830551889333,-129.42937513070189,17.84613049539664,-21.6001456530369,-0.4112048432715877,0,0,120
0,vqbr_ibm_zne,"VQBR (aer_noise, w/ ZNE)",aer_noise,success,66,-6.40889769647806,-6.40889769647806,-6.40889769647806,19.723636665977747,-129.40305780708192,17.817550363778356,-21.580082014099446,-0.41082288911084924,0,0,120
0,vqbr_ibm_zne,"VQBR (aer_noise, w/ ZNE)",aer_noise,success,67,-6.409215143296531,-6.409215143296531,-6.409215143296531,19.728075304523244,-129.42494221296306,17.810600291388923,-21.577112940632087,-0.41076636646468667,0,0,120
0,vqbr_ibm_zne,"VQBR (aer_noise, w/ ZNE)",aer_noise,success,68,-6.40942772374339,-6.40942772374339,-6.40942772374339,19.702412916677556,-129.36076582929027,17.79277891108626,-21.569847266986166,-0.4106280488699433,0,0,120
0,vqbr_ibm_zne,"VQBR (aer_noise, w/ ZNE)",aer_noise,success,69,-6.409827101918555,-6.409827101918555,-6.409827101918555,19.700552406575092,-129.37076425698143,17.78396947664353,-21.568510190976614,-0.41060259477626354,0,0,120
0,vqbr_ibm_zne,"VQBR (aer_noise, w/ ZNE)",aer_noise,success,70,-6.40996996710536,-6.40996996710536,-6.40996996710536,19.739334733913424,-129.40809806469423,17.731556117447116,-21.51451019444561,-0.40957458966616483,0,0,120
0,vqbr_ibm_zne,"VQBR (aer_noise, w/ ZNE)",aer_noise,success,71,-6.4103189983855895,-6.4103189983855895,-6.4103189983855895,19.720302963948576,-129.38591915359507,17.731105672340952,-21.523783264752744,-0.4097511223379135,0,0,120
0,vqbr_ibm_zne,"VQBR (aer_noise, w/ ZNE)",aer_noise,success,72,-6.410242925965939,-6.410242925965939,-6.410242925965939,19.681147522716564,-129.25538367804958,17.698302551421115,-21.50353683295512,-0.4093656883252044,0,0,120
0,vqbr_ibm_zne,"VQBR (aer_noise, w/ ZNE)",aer_noise,success,73,-6.410299724532422,-6.410299724532422,-6.410299724532422,19.72051773346044,-129.3869073876338,17.733481144895247,-21.52655925578891,-0.4098039692481745,0,0,120
0,vqbr_ibm_zne,"VQBR (aer_noise, w/ ZNE)",aer_noise,success,74,-6.410516606894605,-6.410516606894605,-6.410516606894605,19.723310967389068,-129.41807150606718,17.74346219102,-21.537497571061202,-0.41001220340962174,0,0,120
0,vqbr_ibm_zne,"VQBR (aer_noise, w/ ZNE)",aer_noise,success,75,-6.410534318379469,-6.410534318379469,-6.410534318379469,19.734911818730527,-129.4468801417372,17.74470012537279,-21.53588784481332,-0.40998155883712195,0,0,120
0,vqbr_ibm_zne,"VQBR (aer_noise, w/ ZNE)",aer_noise,success,76,-6.410651897540349,-6.410651897540349,-6.410651897540349,19.730056446692245,-129.44341157323223,17.744555896199675,-21.538161769871977,-0.41002484785064874,0,0,120
0,vqbr_ibm_zne,"VQBR (aer_noise, w/ ZNE)",aer_noise,success,77,-6.410636642769515,-6.410636642769515,-6.410636642769515,19.739019047923847,-129.4780723153595,17.75796980697982,-21.547418763594845,-0.4102010744703264,0,0,120
0,vqbr_ibm_zne,"VQBR (aer_noise, w/ ZNE)",aer_noise,success,78,-6.410673632721931,-6.410673632721931,-6.410673632721931,19.7337381762521,-129.45525066654452,17.74676787477104,-21.53983574249595,-0.410056715489948,0,0,120
0,vqbr_ibm_zne,"VQBR (aer_noise, w/ ZNE)",aer_noise,success,79,-6.410759548973413,-6.410759548973413,-6.410759548973413,19.736978082525066,-129.46740856798135,17.74692016269995,-21.540997532676673,-0.4100788326440104,0,0,120
0,vqbr_ibm_zne,"VQBR (aer_noise, w/ ZNE)",aer_noise,success,80,-6.4108254455309215,-6.4108254455309215,-6.4108254455309215,19.75474993256038,-129.49194196885594,17.729445167463403,-21.522037657030612,-0.40971789097173095,0,0,120
0,vqbr_ibm_zne,"VQBR (aer_noise, w/ ZNE)",aer_noise,success,81,-6.410933512796765,-6.410933512796765,-6.410933512796765,19.744226771805813,-129.4928825417551,17.7460502274301,-21.541508491074616,-0.41008855982693404,0,0,120
0,vqbr_ibm_zne,"VQBR (aer_noise, w/ ZNE)",aer_noise,success,82,-6.41080779114867,-6.41080779114867,-6.41080779114867,19.74868437529878,-129.49385304601736,17.74381716398198,-21.535524713294844,-0.4099746458541476,0,0,120
0,vqbr_ibm_zne,"VQBR (aer_noise, w/ ZNE)",aer_noise,success,83,-6.410869754804667,-6.410869754804667,-6.410869754804667,19.75362622213691,-129.51887570631283,17.75396917895162,-21.54558014074006,-0.4101660723627026,0,0,120
0,vqbr_ibm_zne,"VQBR (aer_noise, w/ ZNE)",aer_noise,success,84,-6.411110738689618,-6.411110738689618,-6.411110738689618,19.73055844171639,-129.4661396774352,17.740983754740615,-21.54388971200219,-0.4101338914461762,0,0,120
0,vqbr_ibm_zne,"VQBR (aer_noise, w/ ZNE)",aer_noise,success,85,-6.41119381433275,-6.41119381433275,-6.41119381433275,19.7338165764407,-129.4793939298191,17.742575504456255,-21.546680805945428,-0.4101870258724861,0,0,120
0,vqbr_ibm_zne,"VQBR (aer_noise, w/ ZNE)",aer_noise,success,86,-6.411333994900263,-6.411333994900263,-6.411333994900263,19.725285552415464,-129.46142133673925,17.73708687059533,-21.546985705179765,-0.4101928302797287,0,0,120
0,vqbr_ibm_zne,"VQBR (aer_noise, w/ ZNE)",aer_noise,success,87,-6.411406427679962,-6.411406427679962,-6.411406427679962,19.712208847300964,-129.43559622414426,17.73747187917291,-21.552697097691542,-0.41030155881797065,0,0,120
0,vqbr_ibm_zne,"VQBR (aer_noise, w/ ZNE)",aer_noise,success,88,-6.411500270797399,-6.411500270797399,-6.411500270797399,19.69700086939858,-129.39808780089717,17.729368357242812,-21.55028753377907,-0.4102556876295585,0,0,120
0,vqbr_ibm_zne,"VQBR (aer_noise, w/ ZNE)",aer_noise,success,89,-6.4115690338025315,-6.4115690338025315,-6.4115690338025315,19.692714567591487,-129.40401201767347,17.740543404905736,-21.563444953060937,-0.41050616716893595,0,0,120
0,vqbr_ibm_zne,"VQBR (aer_noise, w/ ZNE)",aer_noise,success,90,-6.411669630659433,-6.411669630659433,-6.411669630659433,19.709840980413027,-129.4198318858345,17.715113399781384,-21.538472833656265,-0.41003076961324797,0,0,120
0,vqbr_ibm_zne,"VQBR (aer_noise, w/ ZNE)",aer_noise,success,91,-6.411704011599834,-6.411704011599834,-6.411704011599834,19.71307162092001,-129.42429147248282,17.711148187459578,-21.53512678647843,-0.4099670704684625,0,0,120
0,vqbr_ibm_zne,"VQBR (aer_noise, w/ ZNE)",aer_noise,success,92,-6.411709327553492,-6.411709327553492,-6.411709327553492,19.71982966502812,-129.44014204443187,17.711971504514906,-21.534967332304028,-0.4099640349181543,0,0,120
0,vqbr_ibm_zne,"VQBR (aer_noise, w/ ZNE)",aer_noise,success,93,-6.4115696061515175,-6.4115696061515175,-6.4115696061515175,19.70780725149109,-129.38140789325718,17.69241095288413,-21.519453246381126,-0.4096686912027506,0,0,120
0,vqbr_ibm_zne,"VQBR (aer_noise, w/ ZNE)",aer_noise,success,94,-6.411705869507755,-6.411705869507755,-6.411705869507755,19.722752395736045,-129.44885518705308,17.714330715771407,-21.536644685185493,-0.4099959669078646,0,0,120
0,vqbr_ibm_zne,"VQBR (aer_noise, w/ ZNE)",aer_noise,success,95,-6.411872919752341,-6.411872919752341,-6.411872919752341,19.72179586207444,-129.4564788892386,17.713373733074572,-21.537773570108165,-0.4100174576401567,0,0,120
0,vqbr_ibm_zne,"VQBR (aer_noise, w/ ZNE)",aer_noise,success,96,-6.411942697559909,-6.411942697559909,-6.411942697559909,19.733932948958106,-129.4925737134276,17.716903448382997,-21.53854057678089,-0.410032059248114,0,0,120
0,vqbr_ibm_zne,"VQBR (aer_noise, w/ ZNE)",aer_noise,success,97,-6.412061725972885,-6.412061725972885,-6.412061725972885,19.72844719875971,-129.47701264526745,17.707683666927238,-21.53343362045299,-0.40993483744182885,0,0,120
0,vqbr_ibm_zne,"VQBR (aer_noise, w/ ZNE)",aer_noise,success,98,-6.412105633006611,-6.412105633006611,-6.412105633006611,19.724384378939057,-129.45837191946245,17.69671923250208,-21.52507729960218,-0.4097757570513084,0,0,120
0,vqbr_ibm_zne,"VQBR (aer_noise, w/ ZNE)",aer_noise,success,99,-6.4121927684933535,-6.4121927684933535,-6.4121927684933535,19.728239071408666,-129.46320440210437,17.689313603529918,-21.51965897982428,-0.40967260777764813,0,0,120
0,vqbr_ibm_zne,"VQBR (aer_noise, w/ ZNE)",aer_noise,success,100,-6.412262211787887,-6.412262211787887,-6.412262211787887,19.718391156426126,-129.47402432499752,17.715458353685843,-21.546958610511027,-0.4101923144749193,0,0,120
0,vqbr_ibm_zne,"VQBR (aer_noise, w/ ZNE)",aer_noise,success,101,-6.412342199283099,-6.412342199283099,-6.412342199283099,19.715292347026608,-129.4670181009614,17.711414718365166,-21.5455960514641,-0.41016637525727045,0,0,120
0,vqbr_ibm_zne,"VQBR (aer_noise, w/ ZNE)",aer_noise,success,102,-6.412321826148791,-6.412321826148791,-6.412321826148791,19.730065151299954,-129.49493515198805,17.70708397354969,-21.53720530058165,-0.41000663941766224,0,0,120
0,vqbr_ibm_zne,"VQBR (aer_noise, w/ ZNE)",aer_noise,success,103,-6.412356864489803,-6.412356864489803,-6.412356864489803,19.727532394436885,-129.49494291577975,17.711325224939667,-21.543289816024956,-0.41012247114673656,0,0,120
0,vqbr_ibm_zne,"VQBR (aer_noise, w/ ZNE)",aer_noise,success,104,-6.412389740425523,-6.412389740425523,-6.412389740425523,19.726167761156535,-129.50133986803945,17.718455447056098,-21.55100534276154,-0.41026935265454845,0,0,120
0,vqbr_ibm_zne,"VQBR (aer_noise, w/ ZNE)",aer_noise,success,105,-6.412459275206249,-6.412459275206249,-6.412459275206249,19.727074588385655,-129.5070496282912,17.718904106376655,-21.553281469647022,-0.4103126835845452,0,0,120
0,vqbr_ibm_zne,"VQBR (aer_noise, w/ ZNE)",aer_noise,success,106,-6.412535267199397,-6.412535267199397,-6.412535267199397,19.717239869716117,-129.4855565615753,17.71560570589684,-21.554020931756483,-0.4103267608229912,0,0,120
0,vqbr_ibm_zne,"VQBR (aer_noise, w/ ZNE)",aer_noise,success,107,-6.412550094950745,-6.412550094950745,-6.412550094950745,19.701081571338513,-129.44007650629084,17.70814451794988,-21.55296121021428,-0.41030658676316434,0,0,120
0,vqbr_ibm_zne,"VQBR (aer_noise, w/ ZNE)",aer_noise,success,108,-6.412545078340553,-6.412545078340553,-6.412545078340553,19.70587305242168,-129.46115806967754,17.718945725949695,-21.562965559229983,-0.41049704088486877,0,0,120
0,vqbr_ibm_zne,"VQBR (aer_noise, w/ ZNE)",aer_noise,success,109,-6.412509808891832,-6.412509808891832,-6.412509808891832,19.695147560704985,-129.44082311673952,17.722896200178514,-21.56696693552525,-0.41057321561715043,0,0,120
0,vqbr_ibm_zne,"VQBR (aer_noise, w/ ZNE)",aer_noise,success,110,-6.412590786961212,-6.412590786961212,-6.412590786961212,19.70253114314299,-129.4184187372947,17.683716551708077,-21.531309761320077,-0.4098944052532729,0,0,120
0,vqbr_ibm_zne,"VQBR (aer_noise, w/ ZNE)",aer_noise,success,111,-6.4126181766326535,-6.4126181766326535,-6.4126181766326535,19.705364991429185,-129.41923967493756,17.677613224731644,-21.525955454361554,-0.4097924746001619,0,0,120
0,vqbr_ibm_zne,"VQBR (aer_noise, w/ ZNE)",aer_noise,success,112,-6.41267214758039,-6.41267214758039,-6.41267214758039,19.70787995310601,-129.4269604653103,17.676394457302145,-21.52492498463493,-0.4097728574110355,0,0,120
0,vqbr_ibm_zne,"VQBR (aer_noise, w/ ZNE)",aer_noise,success,113,-6.412705199291759,-6.412705199291759,-6.412705199291759,19.709586668565038,-129.41661683232212,17.663115213117308,-21.514397017244715,-0.4095724350967511,0,0,120
0,vqbr_ibm_zne,"VQBR (aer_noise, w/ ZNE)",aer_noise,success,114,-6.4127072072123426,-6.4127072072123426,-6.4127072072123426,19.707456060370276,-129.4084415988806,17.659956091629564,-21.51204200807818,-0.4095276024742872,0,0,120
0,vqbr_ibm_zne,"VQBR (aer_noise, w/ ZNE)",aer_noise,success,115,-6.4126625296680295,-6.4126625296680295,-6.4126625296680295,19.678838558099248,-129.3421757244879,17.660520009123303,-21.518275394016527,-0.40964626827075923,0,0,120
0,vqbr_ibm_zne,"VQBR (aer_noise, w/ ZNE)",aer_noise,success,116,-6.412657690444993,-6.412657690444993,-6.412657690444993,19.706777369305073,-129.40421245335358,17.660788809943362,-21.51284568924566,-0.4095429022594748,0,0,120
0,vqbr_ibm_zne,"VQBR (aer_noise, w/ ZNE)",aer_noise,success,117,-6.4127480581408705,-6.4127480581408705,-6.4127480581408705,19.719012158758034,-129.421119469045,17.645130679631148,-21.495844416323024,-0.4092192467675228,0,0,120
0,vqbr_ibm_zne,"VQBR (aer_noise, w/ ZNE)",aer_noise,success,118,-6.412761538282806,-6.412761538282806,-6.412761538282806,19.70692514672934,-129.41260503945074,17.66084833322366,-21.51270814737239,-0.4095402838565553,0,0,120
0,vqbr_ibm_zne,"VQBR (aer_noise, w/ ZNE)",aer_noise,success,119,-6.412801260747786,-6.412801260747786,-6.412801260747786,19.728758541365245,-129.46963008736128,17.664610035577518,-21.510361098954704,-0.4094956027839251,0,0,120
0,vqbr_ibm_zne,"VQBR (aer_noise, w/ ZNE)",aer_noise,success,120,-6.412777093943113,-6.412777093943113,-6.412777093943113,19.742226010490352,-129.48802297269768,17.654560658619857,-21.49704410011764,-0.4092420853073486,0,0,120
0,vqbr_ibm_zne,"VQBR (aer_noise, w/ ZNE)",aer_noise,success,121,-6.412778781256895,-6.412778781256895,-6.412778781256895,19.726818741777308,-129.44999389089656,17.652065031819,-21.499055801708643,-0.4092803823378745,0,0,120
0,vqbr_ibm_zne,"VQBR (aer_noise, w/ ZNE)",aer_noise,success,122,-6.412880604446029,-6.412880604446029,-6.412880604446029,19.736291315673547,-129.49191415826738,17.66662575462534,-21.513342902144526,-0.4095523677675059,0,0,120
0,vqbr_ibm_zne,"VQBR (aer_noise, w/ ZNE)",aer_noise,success,123,-6.412855789406874,-6.412855789406874,-6.412855789406874,19.74513324559976,-129.51600179069302,17.671740024553504,-21.51555109915335,-0.4095944055074134,0,0,120
0,vqbr_ibm_zne,"VQBR (aer_noise, w/ ZNE)",aer_noise,success,124,-6.412889316471971,-6.412889316471971,-6.412889316471971,19.73523441224598,-129.48839216123008,17.66522034239923,-21.512552075211005,-0.4095373126900783,0,0,120
0,vqbr_ibm_zne,"VQBR (aer_noise, w/ ZNE)",aer_noise,success,125,-6.412862118618042,-6.412862118618042,-6.412862118618042,19.73942057195924,-129.50692283067724,17.67471410009599,-21.519580781584985,-0.4096711191073748,0,0,120
0,vqbr_ibm_zne,"VQBR (aer_noise, w/ ZNE)",aer_noise,success,126,-6.412863953755111,-6.412863953755111,-6.412863953755111,19.748235164957872,-129.5156211356576,17.66507880383827,-21.509364611180306,-0.4094766325137392,0,0,120
0,vqbr_ibm_zne,"VQBR (aer_noise, w/ ZNE)",aer_noise,success,127,-6.412912536953945,-6.412912536953945,-6.412912536953945,19.729536332946605,-129.4911281803681,17.679240491205167,-21.528368284658033,-0.40983840797116045,0,0,120
0,vqbr_ibm_zne,"VQBR (aer_noise, w/ ZNE)",aer_noise,success,128,-6.41292693305118,-6.41292693305118,-6.41292693305118,19.724853608233914,-129.45413532066993,17.6560493388513,-21.510173784890767,-0.40949203686119756,0,0,120
0,vqbr_ibm_zne,"VQBR (aer_noise, w/ ZNE)",aer_noise,success,129,-6.412908226591446,-6.412908226591446,-6.412908226591446,19.738820197089783,-129.49542068943623,17.667173535060755,-21.518132528132004,-0.40964354851392987,0,0,120
0,vqbr_ibm_zne,"VQBR (aer_noise, w/ ZNE)",aer_noise,success,130,-6.41292918278214,-6.41292918278214,-6.41292918278214,19.71771670245016,-129.4467873142131,17.663608337970672,-21.518543925156376,-0.409651380333754,0,0,120
0,vqbr_ibm_zne,"VQBR (aer_noise, w/ ZNE)",aer_noise,success,131,-6.412902493486415,-6.412902493486415,-6.412902493486415,19.72038053559953,-129.45241046110223,17.665906271480246,-21.520924850123897,-0.4096967063187653,0,0,120
0,vqbr_ibm_zne,"VQBR (aer_noise, w/ ZNE)",aer_noise,success,132,-6.4128745219390915,-6.4128745219390915,-6.4128745219390915,19.708607650353777,-129.423790299301,17.665030621408793,-21.52189308151292,-0.4097151386683878,0,0,120
0,vqbr_ibm_zne,"VQBR (aer_noise, w/ ZNE)",aer_noise,success,133,-6.412944194563746,-6.412944194563746,-6.412944194563746,19.71179147968496,-129.44258971520392,17.671258246310952,-21.52735723463787,-0.40981916047756667,0,0,120
0,vqbr_ibm_zne,"VQBR (aer_noise, w/ ZNE)",aer_noise,success,134,-6.412963101511779,-6.412963101511779,-6.412963101511779,19.711113257698422,-129.43404721577113,17.662664425419145,-21.518603206581712,-0.4096525088821261,0,0,120
0,vqbr_ibm_zne,"VQBR (aer_noise, w/ ZNE)",aer_noise,success,135,-6.412965650201318,-6.412965650201318,-6.412965650201318,19.711995722972624,-129.42522038380244,17.65340811701312,-21.51071046349376,-0.4095022536830827,0,0,120
0,vqbr_ibm_zne,"VQBR (aer_noise, w/ ZNE)",aer_noise,success,136,-6.412953364094086,-6.412953364094086,-6.412953364094086,19.712620860127167,-129.45611413807853,17.680622689830262,-21.53510734104854,-0.4099667002832295,0,0,120
0,vqbr_ibm_zne,"VQBR (aer_noise, w/ ZNE)",aer_noise,success,137,-6.412917340319708,-6.412917340319708,-6.412917340319708,19.70670834897496,-129.40857818321064,17.652060685610824,-21.51030608386286,-0.4094945554543107,0,0,120
0,vqbr_ibm_zne,"VQBR (aer_noise, w/ ZNE)",aer_noise,success,138,-6.4129646039934975,-6.4129646039934975,-6.4129646039934975,19.69541758928569,-129.3898284347919,17.65493031581069,-21.51561151089339,-0.4095955555737367,0,0,120
0,vqbr_ibm_zne,"VQBR (aer_noise, w/ ZNE)",aer_noise,success,139,-6.4129648957076615,-6.4129648957076615,-6.4129648957076615,19.71617521066586,-129.42936801778717,17.648978640767854,-21.50600097979899,-0.40941259861613527,0,0,120
0,vqbr_ibm_zne,"VQBR (aer_noise, w/ ZNE)",aer_noise,success,140,-6.412988110819791,-6.412988110819791,-6.412988110819791,19.737644619127764,-129.47594286660302,17.645079011082686,-21.496660658787633,-0.4092347856837932,0,0,120
0,vqbr_ibm_zne,"VQBR (aer_noise, w/ ZNE)",aer_noise,success,141,-6.412938716400586,-6.412938716400586,-6.412938716400586,19.748810399811653,-129.49610756689546,17.642761396989965,-21.49063285735231,-0.40912003362682564,0,0,120
0,vqbr_ibm_zne,"VQBR (aer_noise, w/ ZNE)",aer_noise,success,142,-6.4129524367572905,-6.4129524367572905,-6.4129524367572905,19.735411571881457,-129.46837885212796,17.64464020449097,-21.496136564781644,-0.40922480843655357,0,0,120
0,vqbr_ibm_zne,"VQBR (aer_noise, w/ ZNE)",aer_noise,success,143,-6.4129708926034095,-6.4129708926034095,-6.4129708926034095,19.73228285541029,-129.44881191427623,17.632543011975233,-21.4863472117384,-0.40903844722174804,0,0,120
0,vqbr_ibm_zne,"VQBR (aer_noise, w/ ZNE)",aer_noise,success,144,-6.412986251892294,-6.412986251892294,-6.412986251892294,19.739799459154696,-129.47498631680668,17.64085868583225,-21.493306031961765,-0.40917092320710796,0,0,120
0,vqbr_ibm_zne,"VQBR (aer_noise, w/ ZNE)",aer_noise,success,145,-6.412950279758827,-6.412950279758827,-6.412950279758827,19.759772046301578,-129.52643227176065,17.647644738177558,-21.493168848205563,-0.4091683116217106,0,0,120
0,vqbr_ibm_zne,"VQBR (aer_noise, w/ ZNE)",aer_noise,success,146,-6.412949868384168,-6.412949868384168,-6.412949868384168,19.734295349072113,-129.46083618010047,17.640184662279285,-21.49223379318016,-0.40915051085493115,0,0,120
0,vqbr_ibm_zne,"VQBR (aer_noise, w/ ZNE)",aer_noise,success,147,-6.4129884132485255,-6.4129884132485255,-6.4129884132485255,19.73798688446046,-129.4743720222238,17.64302620049873,-21.49480021725544,-0.4091993682111081,0,0,120
0,vqbr_ibm_zne,"VQBR (aer_noise, w/ ZNE)",aer_noise,success,148,-6.4129997603295985,-6.4129997603295985,-6.4129997603295985,19.737952250147494,-129.481209108188,17.648858797182406,-21.50052727292956,-0.40930839493105303,0,0,120
0,vqbr_ibm_zne,"VQBR (aer_noise, w/ ZNE)",aer_noise,success,149,-6.413009236807339,-6.413009236807339,-6.413009236807339,19.739241584483946,-129.48713606818689,17.65106618243509,-21.502376092414494,-0.40934359115328006,0,0,120
0,vqbr_ibm_zne,"VQBR (aer_noise, w/ ZNE)",aer_noise,success,150,-6.413010470904096,-6.413010470904096,-6.413010470904096,19.73902215544194,-129.49046171573684,17.65449695613729,-21.505627502282753,-0.4094054886750267,0,0,120
0,vqbr_ibm_zne,"VQBR (aer_noise, w/ ZNE)",aer_noise,success,151,-6.413011107306435,-6.413011107306435,-6.413011107306435,19.741352562856743,-129.4974499491153,17.656052581532425,-21.506533069980797,-0.4094227280876365,0,0,120
0,vqbr_ibm_zne,"VQBR (aer_noise, w/ ZNE)",aer_noise,success,152,-6.413010881250104,-6.413010881250104,-6.413010881250104,19.74211499841561,-129.49693402345918,17.654071957196834,-21.504572494801714,-0.4093854043574086,0,0,120
0,vqbr_ibm_zne,"VQBR (aer_noise, w/ ZNE)",aer_noise,success,153,-6.413009963115038,-6.413009963115038,-6.413009963115038,19.741686517445117,-129.49740951619054,17.655405666009262,-21.50585527331086,-0.40940982478235755,0,0,120
0,vqbr_ibm_zne,"VQBR (aer_noise, w/ ZNE)",aer_noise,success,154,-6.413007488152511,-6.413007488152511,-6.413007488152511,19.742227367707162,-129.5002538075605,17.65679474362216,-21.506720427824835,-0.4094262948438117,0,0,120
0,vqbr_ibm_zne,"VQBR (aer_noise, w/ ZNE)",aer_noise,success,155,-6.413010325965367,-6.413010325965367,-6.413010325965367,19.742390731612527,-129.49926325538058,17.655639675950205,-21.505923115162396,-0.40941111629670085,0,0,120
0,vqbr_ibm_zne,"VQBR (aer_noise, w/ ZNE)",aer_noise,success,156,-6.413017371863729,-6.413017371863729,-6.413017371863729,19.740166981429972,-129.49500320441894,17.65591903467976,-21.506789568998535,-0.4094276110935237,0,0,120
0,vqbr_ibm_zne,"VQBR (aer_noise, w/ ZNE)",aer_noise,success,157,-6.413022988917777,-6.413022988917777,-6.413022988917777,19.737980454066765,-129.49128409185093,17.656772582575023,-21.508241521897357,-0.40945525211381073,0,0,120
0,vqbr_ibm_zne,"VQBR (aer_noise, w/ ZNE)",aer_noise,success,158,-6.413027088990559,-6.413027088990559,-6.413027088990559,19.736146817700423,-129.48823825658678,17.657555653914947,-21.5094758088101,-0.40947874939779483,0,0,120
0,vqbr_ibm_zne,"VQBR (aer_noise, w/ ZNE)",aer_noise,success,159,-6.413032199918581,-6.413032199918581,-6.413032199918581,19.734988830344342,-129.48576744967613,17.657524745484086,-21.50993204873406,-0.40948743489785766,0,0,120
0,vqbr_ibm_zne,"VQBR (aer_noise, w/ ZNE)",aer_noise,success,160,-6.413035993526133,-6.413035993526133,-6.413035993526133,19.73398445693706,-129.48296424225907,17.656874553103584,-21.50968094937689,-0.40948265468602624,0,0,120
0,vqbr_ibm_zne,"VQBR (aer_noise, w/ ZNE)",aer_noise,success,161,-6.413040141371992,-6.413040141371992,-6.413040141371992,19.73264907248545,-129.48110891927996,17.657613183687072,-21.510644499739143,-0.40950099792232003,0,0,120
0,vqbr_ibm_zne,"VQBR (aer_noise, w/ ZNE)",aer_noise,success,162,-6.413042592114524,-6.413042592114524,-6.413042592114524,19.730905371090536,-129.4795703321599,17.659669274853297,-21.51299886358196,-0.40954581825967057,0,0,120
0,vqbr_ibm_zne,"VQBR (aer_noise, w/ ZNE)",aer_noise,success,163,-6.413045888112976,-6.413045888112976,-6.413045888112976,19.730517440707267,-129.47976610453287,17.660561033129724,-21.514069217342165,-0.40956619472644445,0,0,120
0,vqbr_ibm_zne,"VQBR (aer_noise, w/ ZNE)",aer_noise,success,164,-6.413048569977326,-6.413048569977326,-6.413048569977326,19.729201307735636,-129.47660626454962,17.660262330436584,-21.514170950156668,-0.40956813142755355,0,0,120
0,vqbr_ibm_zne,"VQBR (aer_noise, w/ ZNE)",aer_noise,success,165,-6.41304852369468,-6.41304852369468,-6.41304852369468,19.726152442009436,-129.47001208890978,17.66055399549831,-21.51519429402496,-0.4095876129607679,0,0,120
0,vqbr_ibm_zne,"VQBR (aer_noise, w/ ZNE)",aer_noise,success,166,-6.413048798809617,-6.413048798809617,-6.413048798809617,19.729756039192672,-129.47831139755164,17.66067733335668,-21.51444113138593,-0.4095732749035198,0,0,120
0,vqbr_ibm_zne,"VQBR (aer_noise, w/ ZNE)",aer_noise,success,167,-6.4130517473986615,-6.4130517473986615,-6.4130517473986615,19.729054364700733,-129.47541051790154,17.659405303957247,-21.513579383613607,-0.40955686969665916,0,0,120
0,vqbr_ibm_zne,"VQBR (aer_noise, w/ ZNE)",aer_noise,success,168,-6.413056107690988,-6.413056107690988,-6.413056107690988,19.72955730585498,-129.47611749443823,17.65882523932458,-21.5130458579387,-0.40954671289748495,0,0,120
0,vqbr_ibm_zne,"VQBR (aer_noise, w/ ZNE)",aer_noise,success,169,-6.413060223273593,-6.413060223273593,-6.413060223273593,19.72941760147546,-129.4760371029376,17.658811771626883,-21.513127668099898,-0.4095482703283956,0,0,120
0,vqbr_ibm_zne,"VQBR (aer_noise, w/ ZNE)",aer_noise,success,170,-6.413066879833103,-6.413066879833103,-6.413066879833103,19.729384715691268,-129.47735513616692,17.65978262031375,-21.514206105769965,-0.4095688006896358,0,0,120
0,vqbr_ibm_zne,"VQBR (aer_noise, w/ ZNE)",aer_noise,success,171,-6.413073876613488,-6.413073876613488,-6.413073876613488,19.729741133954654,-129.47681618367693,17.658477266925846,-21.513357188730062,-0.40955263974313333,0,0,120
0,vqbr_ibm_zne,"VQBR (aer_noise, w/ ZNE)",aer_noise,success,172,-6.413079394856349,-6.413079394856349,-6.413079394856349,19.728875679466697,-129.475833063816,17.659009827178156,-21.514084718909224,-0.4095664898318366,0,0,120
0,vqbr_ibm_zne,"VQBR (aer_noise, w/ ZNE)",aer_noise,success,173,-6.4130826834235215,-6.4130826834235215,-6.4130826834235215,19.728440132884046,-129.47587155279467,17.660004590675896,-21.515423688857165,-0.4095919799806732,0,0,120
0,vqbr_ibm_zne,"VQBR (aer_noise, w/ ZNE)",aer_noise,success,174,-6.41308542128178,-6.41308542128178,-6.41308542128178,19.731069192683826,-129.47654747636457,17.655164939913185,-21.51049071123288,-0.4094980702300891,0,0,120
0,vqbr_ibm_zne,"VQBR (aer_noise, w/ ZNE)",aer_noise,success,175,-6.413091160003832,-6.413091160003832,-6.413091160003832,19.730327009123965,-129.4721938541852,17.65232975690359,-21.508053648680217,-0.4094516755464093,0,0,120
0,vqbr_ibm_zne,"VQBR (aer_noise, w/ ZNE)",aer_noise,success,176,-6.413095379939751,-6.413095379939751,-6.413095379939751,19.731907916258667,-129.47550907818888,17.65193395725915,-21.5074501675426,-0.40944018699579504,0,0,120
0,vqbr_ibm_zne,"VQBR (aer_noise, w/ ZNE)",aer_noise,success,177,-6.413095646177729,-6.413095646177729,-6.413095646177729,19.734724455564272,-129.48446244310975,17.654280617091782,-21.50894290671543,-0.40946860446980043,0,0,120
0,vqbr_ibm_zne,"VQBR (aer_noise, w/ ZNE)",aer_noise,success,178,-6.413096130440321,-6.413096130440321,-6.413096130440321,19.736814128322568,-129.4891345176714,17.654161956355697,-21.508287251794602,-0.4094561226799417,0,0,120
0,vqbr_ibm_zne,"VQBR (aer_noise, w/ ZNE)",aer_noise,success,179,-6.413093834145791,-6.413093834145791,-6.413093834145791,19.738293366583505,-129.49054330167397,17.652621385676888,-21.506581260171046,-0.4094236454906924,0,0,120
0,vqbr_ibm_zne,"VQBR (aer_noise, w/ ZNE)",aer_noise,success,180,-6.413097026208087,-6.413097026208087,-6.413097026208087,19.736471868443665,-129.48787857322225,17.653761881092105,-21.508111917132027,-0.40945278481066977,0,0,120
0,vqbr_ibm_zne,"VQBR (aer_noise, w/ ZNE)",aer_noise,success,181,-6.413101449170325,-6.413101449170325,-6.413101449170325,19.734419270226716,-129.48323927559443,17.65349508174314,-21.508401751983357,-0.4094583024352511,0,0,120
0,vqbr_ibm_zne,"VQBR (aer_noise, w/ ZNE)",aer_noise,success,182,-6.413107998958835,-6.413107998958835,-6.413107998958835,19.73211440347857,-129.4765833135519,17.651940127417742,-21.507757997763864,-0.4094460472006252,0,0,120
0,vqbr_ibm_zne,"VQBR (aer_noise, w/ ZNE)",aer_noise,success,183,-6.413114411756721,-6.413114411756721,-6.413114411756721,19.728575192061854,-129.4672095369903,17.650364499699684,-21.507286761236717,-0.4094370762082346,0,0,120
0,vqbr_ibm_zne,"VQBR (aer_noise, w/ ZNE)",aer_noise,success,184,-6.413118214899438,-6.413118214899438,-6.413118214899438,19.72719416520429,-129.4607546587819,17.647356653709373,-21.505165066440586,-0.40939668522244554,0,0,120
0,vqbr_ibm_zne,"VQBR (aer_noise, w/ ZNE)",aer_noise,success,185,-6.41312240713652,-6.41312240713652,-6.41312240713652,19.726478532027226,-129.46108422447347,17.6485571074417,-21.50613110309885,-0.4094150757906869,0,0,120
0,vqbr_ibm_zne,"VQBR (aer_noise, w/ ZNE)",aer_noise,success,186,-6.413126521479738,-6.413126521479738,-6.413126521479738,19.729020444747157,-129.46588449721025,17.64746242443962,-21.504564237175302,-0.40938524715587726,0,0,120
0,vqbr_ibm_zne,"VQBR (aer_noise, w/ ZNE)",aer_noise,success,187,-6.413130868756763,-6.413130868756763,-6.413130868756763,19.729073741775274,-129.46667147436932,17.647740614915882,-21.504774884847386,-0.409389257283604,0,0,120
0,vqbr_ibm_zne,"VQBR (aer_noise, w/ ZNE)",aer_noise,success,188,-6.413134110840616,-6.413134110840616,-6.413134110840616,19.73040322569311,-129.46830044212243,17.646433545319972,-21.503435916073492,-0.40936376715711786,0,0,120
0,vqbr_ibm_zne,"VQBR (aer_noise, w/ ZNE)",aer_noise,success,189,-6.413138083283172,-6.413138083283172,-6.413138083283172,19.73321549840363,-129.47261173322383,17.644467424956662,-21.50113336268832,-0.4093199331423347,0,0,120
0,vqbr_ibm_zne,"VQBR (aer_noise, w/ ZNE)",aer_noise,success,190,-6.413134499260169,-6.413134499260169,-6.413134499260169,19.733128173007245,-129.4701244965223,17.64238045181242,-21.498958847368364,-0.4092785366052142,0,0,120
0,vqbr_ibm_zne,"VQBR (aer_noise, w/ ZNE)",aer_noise,success,191,-6.413138404720135,-6.413138404720135,-6.413138404720135,19.73337009079536,-129.4738688730202,17.645290871682995,-21.501875693688948,-0.4093340649962431,0,0,120
0,vqbr_ibm_zne,"VQBR (aer_noise, w/ ZNE)",aer_noise,success,192,-6.413141567341062,-6.413141567341062,-6.413141567341062,19.732049652863687,-129.47283065253745,17.64694375321621,-21.50382403812868,-0.4093711558882606,0,0,120
0,vqbr_ibm_zne,"VQBR (aer_noise, w/ ZNE)",aer_noise,success,193,-6.4131445979218675,-6.4131445979218675,-6.4131445979218675,19.731217457049706,-129.4709856710161,17.646860115169865,-21.504048217155567,-0.40937542361418694,0,0,120
0,vqbr_ibm_zne,"VQBR (aer_noise, w/ ZNE)",aer_noise,success,194,-6.41314661624416,-6.41314661624416,-6.41314661624416,19.73206644203145,-129.47467469623936,17.64837178123187,-21.505278971683232,-0.4093988536516868,0,0,120
0,vqbr_ibm_zne,"VQBR (aer_noise, w/ ZNE)",aer_noise,success,195,-6.413148808824248,-6.413148808824248,-6.413148808824248,19.73196488797529,-129.47370375005244,17.647808311209886,-21.505072408974353,-0.4093949212899475,0,0,120
0,vqbr_ibm_zne,"VQBR (aer_noise, w/ ZNE)",aer_noise,success,196,-6.413150580078403,-6.413150580078403,-6.413150580078403,19.730263320327943,-129.47046934523829,17.64834768664114,-21.506093428132342,-0.4094143585673428,0,0,120
0,vqbr_ibm_zne,"VQBR (aer_noise, w/ ZNE)",aer_noise,success,197,-6.413151659993859,-6.413151659993859,-6.413151659993859,19.72970960097746,-129.46889099340748,17.648149258875286,-21.506234287588175,-0.40941704012752256,0,0,120
0,vqbr_ibm_zne,"VQBR (aer_noise, w/ ZNE)",aer_noise,success,198,-6.413154014629878,-6.413154014629878,-6.413154014629878,19.728016950345854,-129.46544312206953,17.648348845540074,-21.506844509517123,-0.40942865700347725,0,0,120
0,vqbr_ibm_zne,"VQBR (aer_noise, w/ ZNE)",aer_noise,success,199,-6.413155828827671,-6.413155828827671,-6.413155828827671,19.728649860938816,-129.4673212258754,17.64871480270503,-21.507120676571933,-0.4094339144323999,0,0,120
0,vqbr_ibm_zne,"VQBR (aer_noise, w/ ZNE)",aer_noise,success,200,-6.413157657662646,-6.413157657662646,-6.413157657662646,19.729124507852195,-129.4701466868439,17.650280160920637,-21.508553205532273,-0.40946118567658873,0,0,120
0,vqbr_ibm_zne,"VQBR (aer_noise, w/ ZNE)",aer_noise,success,201,-6.413160308690836,-6.413160308690836,-6.413160308690836,19.729724768301697,-129.46949950915428,17.648372631145758,-21.50676039333064,-0.40942705567245685,0,0,120
0,vqbr_ibm_zne,"VQBR (aer_noise, w/ ZNE)",aer_noise,success,202,-6.4131609591009475,-6.4131609591009475,-6.4131609591009475,19.72932482262918,-129.46754989881907,17.647454477738528,-21.506097068503742,-0.40941442786957694,0,0,120
0,vqbr_ibm_zne,"VQBR (aer_noise, w/ ZNE)",aer_noise,success,203,-6.413162833874776,-6.413162833874776,-6.413162833874776,19.72829585023719,-129.46535157464493,17.64751272854603,-21.50647641192568,-0.40942164948071186,0,0,120
0,vqbr_ibm_zne,"VQBR (aer_noise, w/ ZNE)",aer_noise,success,204,-6.413164915079344,-6.413164915079344,-6.413164915079344,19.728099190107457,-129.4635960779933,17.646315242079925,-21.505573298068555,-0.4094044567821977,0,0,120
0,vqbr_ibm_zne,"VQBR (aer_noise, w/ ZNE)",aer_noise,success,205,-6.413167308930621,-6.413167308930621,-6.413167308930621,19.72803555981085,-129.46391577845017,17.646491279936907,-21.50566132467565,-0.40940613255641495,0,0,120
0,vqbr_ibm_zne,"VQBR (aer_noise, w/ ZNE)",aer_noise,success,206,-6.413169216561062,-6.413169216561062,-6.413169216561062,19.729292443711657,-129.46614317843662,17.645948249463757,-21.505019675719886,-0.40939391739997444,0,0,120
0,vqbr_ibm_zne,"VQBR (aer_noise, w/ ZNE)",aer_noise,success,207,-6.413171541797483,-6.413171541797483,-6.413171541797483,19.728601530642727,-129.46468001255897,17.645924262182398,-21.505214493506124,-0.40939762617206066,0,0,120
0,vqbr_ibm_zne,"VQBR (aer_noise, w/ ZNE)",aer_noise,success,208,-6.413175830131902,-6.413175830131902,-6.413175830131902,19.731597337733703,-129.47010441883322,17.644407954279718,-21.503101898481447,-0.40935740841983004,0,0,120
0,vqbr_ibm_zne,"VQBR (aer_noise, w/ ZNE)",aer_noise,success,209,-6.413177755029688,-6.413177755029688,-6.413177755029688,19.73481253924649,-129.47650842838496,17.643457323225846,-21.501416777183103,-0.40932532854173526,0,0,120
0,vqbr_ibm_zne,"VQBR (aer_noise, w/ ZNE)",aer_noise,success,210,-6.413182596760716,-6.413182596760716,-6.413182596760716,19.731076253074598,-129.46870663622164,17.64373653395964,-21.502601996824495,-0.40934789172555397,0,0,120
0,vqbr_ibm_zne,"VQBR (aer_noise, w/ ZNE)",aer_noise,success,211,-6.413187249142005,-6.413187249142005,-6.413187249142005,19.731463771483966,-129.46803393963467,17.642415368541325,-21.5017401852105,-0.409331485303331,0,0,120
0,vqbr_ibm_zne,"VQBR (aer_noise, w/ ZNE)",aer_noise,success,212,-6.413189952187004,-6.413189952187004,-6.413189952187004,19.72976973541859,-129.46300901104115,17.641174313758253,-21.501040957794746,-0.40931817401809595,0,0,120
0,vqbr_ibm_zne,"VQBR (aer_noise, w/ ZNE)",aer_noise,success,213,-6.413189260448938,-6.413189260448938,-6.413189260448938,19.72804684156158,-129.4536556764599,17.636214255243562,-21.496843218175037,-0.40923826109111183,0,0,120
0,vqbr_ibm_zne,"VQBR (aer_noise, w/ ZNE)",aer_noise,success,214,-6.413189564899441,-6.413189564899441,-6.413189564899441,19.729806399818038,-129.46219315210755,17.640406813453232,-21.500351430429927,-0.40930504739401957,0,0,120
0,vqbr_ibm_zne,"VQBR (aer_noise, w/ ZNE)",aer_noise,success,215,-6.413192361852499,-6.413192361852499,-6.413192361852499,19.729279279654456,-129.46342183432307,17.642485450887268,-21.50246763039171,-0.4093453337739169,0,0,120
0,vqbr_ibm_zne,"VQBR (aer_noise, w/ ZNE)",aer_noise,success,216,-6.413192517798003,-6.413192517798003,-6.413192517798003,19.73062499618635,-129.4661044737846,17.64214672628417,-21.501830656208796,-0.40933320761174835,0,0,120
0,vqbr_ibm_zne,"VQBR (aer_noise, w/ ZNE)",aer_noise,success,217,-6.4131925759164154,-6.4131925759164154,-6.4131925759164154,19.7309715370804,-129.46872425551976,17.643714240878698,-21.503081141643044,-0.409357013269139,0,0,120
0,vqbr_ibm_zne,"VQBR (aer_noise, w/ ZNE)",aer_noise,success,218,-6.413193328207366,-6.413193328207366,-6.413193328207366,19.730692306405707,-129.46815791411427,17.643815344607418,-21.503344505673205,-0.4093620269651799,0,0,120
0,vqbr_ibm_zne,"VQBR (aer_noise, w/ ZNE)",aer_noise,success,219,-6.413195584467406,-6.413195584467406,-6.413195584467406,19.729929596507045,-129.46685265969714,17.644166737365516,-21.50398933017727,-0.4093743025749555,0,0,120
0,vqbr_ibm_zne,"VQBR (aer_noise, w/ ZNE)",aer_noise,success,220,-6.413196937397975,-6.413196937397975,-6.413196937397975,19.73234775905852,-129.4719937006013,17.643908272093245,-21.503312351768365,-0.40936141484702054,0,0,120
0,vqbr_ibm_zne,"VQBR (aer_noise, w/ ZNE)",aer_noise,success,221,-6.413197456443905,-6.413197456443905,-6.413197456443905,19.731370255551155,-129.4704617124474,17.644687640228234,-21.504483353049807,-0.4093837073540314,0,0,120
0,vqbr_ibm_zne,"VQBR (aer_noise, w/ ZNE)",aer_noise,success,222,-6.413199348191636,-6.413199348191636,-6.413199348191636,19.73085166827021,-129.47067642419805,17.645743104292276,-21.50549575812325,-0.40940298064395453,0,0,120
0,vqbr_ibm_zne,"VQBR (aer_noise, w/ ZNE)",aer_noise,success,223,-6.413201096456309,-6.413201096456309,-6.413201096456309,19.73173593741977,-129.47211650246396,17.64516225473309,-21.50480045736113,-0.4093897441109466,0,0,120
0,vqbr_ibm_zne,"VQBR (aer_noise, w/ ZNE)",aer_noise,success,224,-6.413202116056352,-6.413202116056352,-6.413202116056352,19.732429764959978,-129.4740677778916,17.64545639240347,-21.504921487204353,-0.4093920481721558,0,0,120
0,vqbr_ibm_zne,"VQBR (aer_noise, w/ ZNE)",aer_noise,success,225,-6.413202177687448,-6.413202177687448,-6.413202177687448,19.733268572610406,-129.47753061126306,17.646763136911783,-21.505796465470656,-0.40940870524968853,0,0,120
0,vqbr_ibm_zne,"VQBR (aer_noise, w/ ZNE)",aer_noise,success,226,-6.413203234088333,-6.413203234088333,-6.413203234088333,19.73055451192811,-129.47204936607582,17.647362481989816,-21.507086577160813,-0.40943326527737883,0,0,120
0,vqbr_ibm_zne,"VQBR (aer_noise, w/ ZNE)",aer_noise,success,227,-6.413204693305069,-6.413204693305069,-6.413204693305069,19.731186330688264,-129.47458989098033,17.648318858656467,-21.507863743568233,-0.4094480602975557,0,0,120
0,vqbr_ibm_zne,"VQBR (aer_noise, w/ ZNE)",aer_noise,success,228,-6.413204779196034,-6.413204779196034,-6.413204779196034,19.731227937842974,-129.47527321126086,17.64890821182485,-21.508461182327125,-0.4094594338186032,0,0,120
0,vqbr_ibm_zne,"VQBR (aer_noise, w/ ZNE)",aer_noise,success,229,-6.413205683757816,-6.413205683757816,-6.413205683757816,19.73240917037365,-129.4771717475569,17.648384999660216,-21.507959847203093,-0.4094498898352239,0,0,120
0,vqbr_ibm_zne,"VQBR (aer_noise, w/ ZNE)",aer_noise,success,230,-6.413205948797069,-6.413205948797069,-6.413205948797069,19.731974507996064,-129.4778535795799,17.649907698296282,-21.509495356927026,-0.4094791215378945,0,0,120
0,vqbr_ibm_zne,"VQBR (aer_noise, w/ ZNE)",aer_noise,success,231,-6.41320428496368,-6.41320428496368,-6.41320428496368,19.733300160112925,-129.48135896634406,17.650478934420995,-21.509695124223796,-0.4094829245344705,0,0,120
0,vqbr_ibm_zne,"VQBR (aer_noise, w/ ZNE)",aer_noise,success,232,-6.413206967246675,-6.413206967246675,-6.413206967246675,19.731922050864615,-129.47691813060052,17.64913152419922,-21.508834240182743,-0.40946653577057684,0,0,120
0,vqbr_ibm_zne,"VQBR (aer_noise, w/ ZNE)",aer_noise,success,233,-6.413209962672257,-6.413209962672257,-6.413209962672257,19.73122229235961,-129.4731953631412,17.647012441121856,-21.50709023603966,-0.4094333349319417,0,0,120
0,vqbr_ibm_zne,"VQBR (aer_noise, w/ ZNE)",aer_noise,success,234,-6.4132119000650984,-6.4132119000650984,-6.4132119000650984,19.729897925090278,-129.46891659072685,17.645779794092224,-21.50635095067431,-0.4094192610581968,0,0,120
0,vqbr_ibm_zne,"VQBR (aer_noise, w/ ZNE)",aer_noise,success,235,-6.413213824839914,-6.413213824839914,-6.413213824839914,19.729630111208344,-129.46608907683566,17.643725570320207,-21.504633865924333,-0.4093865726876256,0,0,120
0,vqbr_ibm_zne,"VQBR (aer_noise, w/ ZNE)",aer_noise,success,236,-6.413215197063957,-6.413215197063957,-6.413215197063957,19.732097923390295,-129.47138883580166,17.643312693779023,-21.50358812081881,-0.40936666469908123,0,0,120
0,vqbr_ibm_zne,"VQBR (aer_noise, w/ ZNE)",aer_noise,success,237,-6.413216977438681,-6.413216977438681,-6.413216977438681,19.731636293239,-129.4691394480193,17.642188411272844,-21.502768784282736,-0.40935106688056117,0,0,120
0,vqbr_ibm_zne,"VQBR (aer_noise, w/ ZNE)",aer_noise,success,238,-6.413218155562642,-6.413218155562642,-6.413218155562642,19.73117437482891,-129.46655032631386,17.64067505309958,-21.501457208807757,-0.4093260982439468,0,0,120
0,vqbr_ibm_zne,"VQBR (aer_noise, w/ ZNE)",aer_noise,success,239,-6.413218465693252,-6.413218465693252,-6.413218465693252,19.732013722899197,-129.46655860997933,17.638968410651046,-21.49972055548021,-0.4092930373437639,0,0,120
0,vqbr_ibm_zne,"VQBR (aer_noise, w/ ZNE)",aer_noise,success,240,-6.413219985188192,-6.413219985188192,-6.413219985188192,19.73175661104849,-129.46648739437438,17.63935905134881,-21.500176173300993,-0.40930171100076584,0,0,120
0,vqbr_ibm_zne,"VQBR (aer_noise, w/ ZNE)",aer_noise,success,241,-6.41322113272262,-6.41322113272262,-6.41322113272262,19.733341428187092,-129.4690401780345,17.638571871832465,-21.49932109478067,-0.40928543275734186,0,0,120
0,vqbr_ibm_zne,"VQBR (aer_noise, w/ ZNE)",aer_noise,success,242,-6.413221100720668,-6.413221100720668,-6.413221100720668,19.7339763902924,-129.471138289618,17.639201346285258,-21.49977446807385,-0.40929406368497356,0,0,120
0,vqbr_ibm_zne,"VQBR (aer_noise, w/ ZNE)",aer_noise,success,243,-6.413222063436167,-6.413222063436167,-6.413222063436167,19.732677351671605,-129.46849607819055,17.63934821405295,-21.500162204168788,-0.4093014450685397,0,0,120
0,vqbr_ibm_zne,"VQBR (aer_noise, w/ ZNE)",aer_noise,success,244,-6.413224203406583,-6.413224203406583,-6.413224203406583,19.73191564571711,-129.46607908351598,17.638568997129084,-21.499628328857614,-0.4092912816132934,0,0,120
0,vqbr_ibm_zne,"VQBR (aer_noise, w/ ZNE)",aer_noise,success,245,-6.413226169624902,-6.413226169624902,-6.413226169624902,19.73120726435711,-129.465554762745,17.639424515160957,-21.500598259793904,-0.4093097463174231,0,0,120
0,vqbr_ibm_zne,"VQBR (aer_noise, w/ ZNE)",aer_noise,success,246,-6.413226873727616,-6.413226873727616,-6.413226873727616,19.72830524975226,-129.45864579995265,17.639177256483226,-21.50119917403774,-0.4093211860017394,0,0,120
0,vqbr_ibm_zne,"VQBR (aer_noise, w/ ZNE)",aer_noise,success,247,-6.413228432114691,-6.413228432114691,-6.413228432114691,19.72875146956501,-129.4602392819243,17.639552829372608,-21.501383279863504,-0.4093246908488105,0,0,120
0,vqbr_ibm_zne,"VQBR (aer_noise, w/ ZNE)",aer_noise,success,248,-6.413229739280979,-6.413229739280979,-6.413229739280979,19.728877408072968,-129.45921306216172,17.638273718228234,-21.50017883503307,-0.4093017616725131,0,0,120
0,vqbr_ibm_zne,"VQBR (aer_noise, w/ ZNE)",aer_noise,success,249,-6.413230643046923,-6.413230643046923,-6.413230643046923,19.72948163907977,-129.45956745061886,17.637313307771045,-21.499173196621378,-0.409282617200429,0,0,120
0,vqbr_ibm_zne,"VQBR (aer_noise, w/ ZNE)",aer_noise,success,250,-6.413231221675243,-6.413231221675243,-6.413231221675243,19.72997954697105,-129.4623721763515,17.638861523033444,-21.50054517361051,-0.40930873570869514,0,0,120
0,vqbr_ibm_zne,"VQBR (aer_noise, w/ ZNE)",aer_noise,success,251,-6.413230548173148,-6.413230548173148,-6.413230548173148,19.72943040648371,-129.4623666483356,17.639998984080393,-21.501688210485863,-0.40933049585359105,0,0,120
0,vqbr_ibm_zne,"VQBR (aer_noise, w/ ZNE)",aer_noise,success,252,-6.413230427836385,-6.413230427836385,-6.413230427836385,19.72964370783393,-129.46124830935946,17.638560730652845,-21.500323181203004,-0.4093045096097326,0,0,120
0,vqbr_ibm_zne,"VQBR (aer_noise, w/ ZNE)",aer_noise,success,253,-6.413232209856773,-6.413232209856773,-6.413232209856773,19.728527469465295,-129.46036500105438,17.639756141329425,-21.50150091965791,-0.40932693037321,0,0,120
0,vqbr_ibm_zne,"VQBR (aer_noise, w/ ZNE)",aer_noise,success,254,-6.4132344307210465,-6.4132344307210465,-6.4132344307210465,19.72949632905934,-129.46238943571734,17.639535138043424,-21.50115472181904,-0.4093203397589447,0,0,120
0,vqbr_ibm_zne,"VQBR (aer_noise, w/ ZNE)",aer_noise,success,255,-6.4132360397334764,-6.4132360397334764,-6.4132360397334764,19.730418284039086,-129.46334626244035,17.638453848051014,-21.4999975045814,-0.4092983096606075,0,0,120
0,vqbr_ibm_zne,"VQBR (aer_noise, w/ ZNE)",aer_noise,success,256,-6.41323753600687,-6.41323753600687,-6.41323753600687,19.73027374104345,-129.46297228850116,17.638263225440035,-21.49980741417213,-0.40929469088422477,0,0,120
0,vqbr_ibm_zne,"VQBR (aer_noise, w/ ZNE)",aer_noise,success,257,-6.413238745563948,-6.413238745563948,-6.413238745563948,19.728482461499958,-129.45812878224604,17.63762521158115,-21.499835162702755,-0.4092952191366898,0,0,120
0,vqbr_ibm_zne,"VQBR (aer_noise, w/ ZNE)",aer_noise,success,258,-6.413239701433258,-6.413239701433258,-6.413239701433258,19.73049255823462,-129.46229359076227,17.637252617581986,-21.49905019876971,-0.40928027567398145,0,0,120
0,vqbr_ibm_zne,"VQBR (aer_noise, w/ ZNE)",aer_noise,success,259,-6.413240965672786,-6.413240965672786,-6.413240965672786,19.730173654490216,-129.46015138331347,17.63590718212291,-21.497925923947133,-0.4092588727047775,0,0,120
0,vqbr_ibm_zne,"VQBR (aer_noise, w/ ZNE)",aer_noise,success,260,-6.413241549281524,-6.413241549281524,-6.413241549281524,19.73033496598716,-129.46178873077386,17.637100108820242,-21.49906814777023,-0.40928061737148963,0,0,120
0,vqbr_ibm_zne,"VQBR (aer_noise, w/ ZNE)",aer_noise,success,261,-6.413242190454684,-6.413242190454684,-6.413242190454684,19.728997587006297,-129.458670651261,17.6369000285338,-21.49912899632045,-0.40928177575342645,0,0,120
0,vqbr_ibm_zne,"VQBR (aer_noise, w/ ZNE)",aer_noise,success,262,-6.413242620172802,-6.413242620172802,-6.413242620172802,19.72867656710115,-129.45890579980374,17.637782521567924,-21.500060450929507,-0.4092995079786014,0,0,120
0,vqbr_ibm_zne,"VQBR (aer_noise, w/ ZNE)",aer_noise,success,263,-6.413243023122119,-6.413243023122119,-6.413243023122119,19.72957493479246,-129.45958233226116,17.63666502422059,-21.49897169471976,-0.40927878118195005,0,0,120
0,vqbr_ibm_zne,"VQBR (aer_noise, w/ ZNE)",aer_noise,success,264,-6.413242305662158,-6.413242305662158,-6.413242305662158,19.728272922839707,-129.45790023835642,17.637723688993947,-21.5001080767855,-0.409300414638351,0,0,120
0,vqbr_ibm_zne,"VQBR (aer_noise, w/ ZNE)",aer_noise,success,265,-6.413244118132312,-6.413244118132312,-6.413244118132312,19.729560453974265,-129.46058581707047,17.63755033726622,-21.49980992002616,-0.4092947385885009,0,0,120
0,vqbr_ibm_zne,"VQBR (aer_noise, w/ ZNE)",aer_noise,success,266,-6.413246419248155,-6.413246419248155,-6.413246419248155,19.72985246336941,-129.46153118287714,17.63779995346491,-21.50013230419368,-0.40930087585874014,0,0,120
0,vqbr_ibm_zne,"VQBR (aer_noise, w/ ZNE)",aer_noise,success,267,-6.413248798824414,-6.413248798824414,-6.413248798824414,19.733262260953776,-129.47084376715054,17.639070841994446,-21.500453804820477,-0.40930699630889716,0,0,120
0,vqbr_ibm_zne,"VQBR (aer_noise, w/ ZNE)",aer_noise,success,268,-6.4132519851259655,-6.4132519851259655,-6.4132519851259655,19.73269399566293,-129.46873140397997,17.638494040348686,-21.500493829665285,-0.40930775826718674,0,0,120
0,vqbr_ibm_zne,"VQBR (aer_noise, w/ ZNE)",aer_noise,success,269,-6.413254232884954,-6.413254232884954,-6.413254232884954,19.735155760460078,-129.47340334369898,17.63773768183526,-21.499436209809797,-0.4092876242174492,0,0,120
0,vqbr_ibm_zne,"VQBR (aer_noise, w/ ZNE)",aer_noise,success,270,-6.413253424537726,-6.413253424537726,-6.413253424537726,19.735968868002956,-129.4804981104198,17.642723516900727,-21.503992769887446,-0.40937436805717525,0,0,120
0,vqbr_ibm_zne,"VQBR (aer_noise, w/ ZNE)",aer_noise,success,271,-6.4132544190888785,-6.4132544190888785,-6.4132544190888785,19.734126234359167,-129.47123713573535,17.637882614341645,-21.49982974538474,-0.4092951160064869,0,0,120
0,vqbr_ibm_zne,"VQBR (aer_noise, w/ ZNE)",aer_noise,success,272,-6.413253786828106,-6.413253786828106,-6.413253786828106,19.732667190587776,-129.4680006857035,17.637982867536646,-21.500273903242093,-0.40930357149864205,0,0,120
0,vqbr_ibm_zne,"VQBR (aer_noise, w/ ZNE)",aer_noise,success,273,-6.413255441465359,-6.413255441465359,-6.413255441465359,19.733199106094673,-129.46954709883966,17.638115318682022,-21.50019432345887,-0.4093020565277334,0,0,120
0,vqbr_ibm_zne,"VQBR (aer_noise, w/ ZNE)",aer_noise,success,274,-6.413255149719053,-6.413255149719053,-6.413255149719053,19.732966055817403,-129.46992466711868,17.638931242363636,-21.500972051403153,-0.4093168622379621,0,0,120
0,vqbr_ibm_zne,"VQBR (aer_noise, w/ ZNE)",aer_noise,success,275,-6.413255367226105,-6.413255367226105,-6.413255367226105,19.73307488953877,-129.46926175725392,17.63815482292582,-21.500302953895172,-0.4093041245397853,0,0,120
0,vqbr_ibm_zne,"VQBR (aer_noise, w/ ZNE)",aer_noise,success,276,-6.41325621164711,-6.41325621164711,-6.41325621164711,19.733504065358524,-129.4679693038996,17.63612293803876,-21.498421858597585,-0.40926831387862367,0,0,120
0,vqbr_ibm_zne,"VQBR (aer_noise, w/ ZNE)",aer_noise,success,277,-6.413257778641384,-6.413257778641384,-6.413257778641384,19.732033173949947,-129.46330465778286,17.634838476769776,-21.497639121580324,-0.409253412810007,0,0,120
0,vqbr_ibm_zne,"VQBR (aer_noise, w/ ZNE)",aer_noise,success,278,-6.413259154036332,-6.413259154036332,-6.413259154036332,19.732389363511604,-129.46367030369885,17.634212780102647,-21.49683288984201,-0.4092380644692634,0,0,120
0,vqbr_ibm_zne,"VQBR (aer_noise, w/ ZNE)",aer_noise,success,279,-6.4132597141544085,-6.4132597141544085,-6.4132597141544085,19.732514505677987,-129.4618535939054,17.63236255242393,-21.495207176709442,-0.40920711555231537,0,0,120
0,vqbr_ibm_zne,"VQBR (aer_noise, w/ ZNE)",aer_noise,success,280,-6.413259149343926,-6.413259149343926,-6.413259149343926,19.73025343452752,-129.45658487813205,17.6321097168357,-21.495354986338846,-0.4092099294238729,0,0,120
0,vqbr_ibm_zne,"VQBR (aer_noise, w/ ZNE)",aer_noise,success,281,-6.413259058577612,-6.413259058577612,-6.413259058577612,19.732665805455493,-129.46081620088657,17.63111843818027,-21.493987543875395,-0.40918389723997484,0,0,120
0,vqbr_ibm_zne,"VQBR (aer_noise, w/ ZNE)",aer_noise,success,282,-6.413260927791752,-6.413260927791752,-6.413260927791752,19.73350924975965,-129.4645214893265,17.632733149541494,-21.495388904614355,-0.4092105751305912,0,0,120
0,vqbr_ibm_zne,"VQBR (aer_noise, w/ ZNE)",aer_noise,success,283,-6.413260963418185,-6.413260963418185,-6.413260963418185,19.735374724434067,-129.46838289253077,17.632387168834107,-21.494599543075154,-0.40919554795007007,0,0,120
0,vqbr_ibm_zne,"VQBR (aer_noise, w/ ZNE)",aer_noise,success,284,-6.413259357791343,-6.413259357791343,-6.413259357791343,19.737031083841757,-129.4721514454369,17.632519362795033,-21.4943225603587,-0.4091902749932883,0,0,120
0,vqbr_ibm_zne,"VQBR (aer_noise, w/ ZNE)",aer_noise,success,285,-6.413260812899733,-6.413260812899733,-6.413260812899733,19.73544090768223,-129.467635673847,17.63162806218026,-21.493935714473846,-0.40918291055676986,0,0,120
0,vqbr_ibm_zne,"VQBR (aer_noise, w/ ZNE)",aer_noise,success,286,-6.4132631642872004,-6.4132631642872004,-6.4132631642872004,19.73413574674943,-129.46671455823213,17.633257278343823,-21.49568889966779,-0.4092162861762903,0,0,120
0,vqbr_ibm_zne,"VQBR (aer_noise, w/ ZNE)",aer_noise,success,287,-6.4132647303405985,-6.4132647303405985,-6.4132647303405985,19.73428922584793,-129.46856905028616,17.634493464828985,-21.49675968116441,-0.4092366707859391,0,0,120
0,vqbr_ibm_zne,"VQBR (aer_noise, w/ ZNE)",aer_noise,success,288,-6.4132661866380944,-6.4132661866380944,-6.4132661866380944,19.732714050115263,-129.46578229610162,17.635244949808932,-21.49799254508635,-0.4092601409802582,0,0,120
0,vqbr_ibm_zne,"VQBR (aer_noise, w/ ZNE)",aer_noise,success,289,-6.413266927766417,-6.413266927766417,-6.413266927766417,19.731868645723782,-129.4639726896076,17.635193678677005,-21.49804683060951,-0.4092611744209767,0,0,120
0,vqbr_ibm_zne,"VQBR (aer_noise, w/ ZNE)",aer_noise,success,290,-6.413268281583414,-6.413268281583414,-6.413268281583414,19.73181668927382,-129.4653982100201,17.636532321397336,-21.499322567650957,-0.40928546079656924,0,0,120
0,vqbr_ibm_zne,"VQBR (aer_noise, w/ ZNE)",aer_noise,success,291,-6.413268807166622,-6.413268807166622,-6.413268807166622,19.73251940688389,-129.46885424872664,17.63816787057229,-21.5006293208099,-0.4093103376301124,0,0,120
0,vqbr_ibm_zne,"VQBR (aer_noise, w/ ZNE)",aer_noise,success,292,-6.413270222969226,-6.413270222969226,-6.413270222969226,19.733096091048015,-129.47040860261228,17.638405874079872,-21.500827411534598,-0.40931410870956303,0,0,120
0,vqbr_ibm_zne,"VQBR (aer_noise, w/ ZNE)",aer_noise,success,293,-6.413270750554117,-6.413270750554117,-6.413270750554117,19.73371276013568,-129.4700931754395,17.63690244198804,-21.499391505692657,-0.40928677317923035,0,0,120
0,vqbr_ibm_zne,"VQBR (aer_noise, w/ ZNE)",aer_noise,success,294,-6.413272694852497,-6.413272694852497,-6.413272694852497,19.73146911734799,-129.46534779652464,17.63701260982199,-21.499974187108595,-0.409297865762779,0,0,120
0,vqbr_ibm_zne,"VQBR (aer_noise, w/ ZNE)",aer_noise,success,295,-6.413273380131134,-6.413273380131134,-6.413273380131134,19.729431340461304,-129.4623982827544,17.638404128215175,-21.501670008211946,-0.4093301493344836,0,0,120
0,vqbr_ibm_zne,"VQBR (aer_noise, w/ ZNE)",aer_noise,success,296,-6.41327471067441,-6.41327471067441,-6.41327471067441,19.728525235313036,-129.45994887942948,17.63804019600044,-21.501654378471375,-0.40932985178903525,0,0,120
0,vqbr_ibm_zne,"VQBR (aer_noise, w/ ZNE)",aer_noise,success,297,-6.413276229859479,-6.413276229859479,-6.413276229859479,19.728056543909048,-129.4575291873905,17.636790338803138,-21.500717213521195,-0.40931201085533747,0,0,120
0,vqbr_ibm_zne,"VQBR (aer_noise, w/ ZNE)",aer_noise,success,298,-6.413277725706875,-6.413277725706875,-6.413277725706875,19.729602812682046,-129.46047648507482,17.636077269500483,-21.499565923487733,-0.40929009359397384,0,0,120
0,vqbr_ibm_zne,"VQBR (aer_noise, w/ ZNE)",aer_noise,success,299,-6.413279284603997,-6.413279284603997,-6.413279284603997,19.72942589994566,-129.45979770460218,17.635726076361554,-21.49929557208102,-0.4092849468783169,0,0,120
0,vqbr_ibm_zne,"VQBR (aer_noise, w/ ZNE)",aer_noise,success,300,-6.413278649500412,-6.413278649500412,-6.413278649500412,19.72801658796749,-129.45769210725967,17.636511798442637,-21.500093543281707,-0.4093001379621079,0,0,120
